<?xml version="1.0" encoding="UTF-8"?>
<gpx xmlns="http://www.topografix.com/GPX/1/1" xmlns:gpxtpx="http://www.garmin.com/xmlschemas/TrackPointExtension/v1" xmlns:xsi="http://www.w3.org/2001/XMLSchema-instance" xsi:schemaLocation="http://www.topografix.com/GPX/1/1 http://www.topografix.com/GPX/1/1/gpx.xsd" version="1.1" creator="gpx.py -- https://github.com/tkrajina/gpxpy">
  <trk>
    <name>gpx from keep</name>
    <type>Run</type>
    <trkseg>
      <trkpt lat="38.835547872388894" lon="121.50715637043464">
        <ele>43.590704317617245</ele>
        <time>2024-10-11T23:43:45Z</time>
        <extensions>
          <gpxtpx:TrackPointExtension>
            <gpxtpx:hr>164</gpxtpx:hr>
          </gpxtpx:TrackPointExtension>
        </extensions>
      </trkpt>
      <trkpt lat="38.83565992370349" lon="121.50730874813907">
        <ele>9.840377448968322</ele>
        <time>2024-10-11T23:43:47Z</time>
        <extensions>
          <gpxtpx:TrackPointExtension>
            <gpxtpx:hr>164</gpxtpx:hr>
          </gpxtpx:TrackPointExtension>
        </extensions>
      </trkpt>
      <trkpt lat="38.83567512864745" lon="121.50745667446658">
        <ele>9.806018699746296</ele>
        <time>2024-10-11T23:43:51Z</time>
        <extensions>
          <gpxtpx:TrackPointExtension>
            <gpxtpx:hr>164</gpxtpx:hr>
          </gpxtpx:TrackPointExtension>
        </extensions>
      </trkpt>
      <trkpt lat="38.83564532088158" lon="121.50760227592782">
        <ele>9.820684100614859</ele>
        <time>2024-10-11T23:43:55Z</time>
        <extensions>
          <gpxtpx:TrackPointExtension>
            <gpxtpx:hr>164</gpxtpx:hr>
          </gpxtpx:TrackPointExtension>
        </extensions>
      </trkpt>
      <trkpt lat="38.8355963152827" lon="121.50773658410526">
        <ele>9.796159536577761</ele>
        <time>2024-10-11T23:43:59Z</time>
        <extensions>
          <gpxtpx:TrackPointExtension>
            <gpxtpx:hr>164</gpxtpx:hr>
          </gpxtpx:TrackPointExtension>
        </extensions>
      </trkpt>
      <trkpt lat="38.83555139045572" lon="121.50785073189677">
        <ele>9.765362263657153</ele>
        <time>2024-10-11T23:44:03Z</time>
        <extensions>
          <gpxtpx:TrackPointExtension>
            <gpxtpx:hr>164</gpxtpx:hr>
          </gpxtpx:TrackPointExtension>
        </extensions>
      </trkpt>
      <trkpt lat="38.83550024052276" lon="121.50798533365749">
        <ele>9.825688142329454</ele>
        <time>2024-10-11T23:44:07Z</time>
      </trkpt>
      <trkpt lat="38.835459624363914" lon="121.50811413870275">
        <ele>9.844034009613097</ele>
        <time>2024-10-11T23:44:11Z</time>
      </trkpt>
      <trkpt lat="38.83541003015206" lon="121.50823646670524">
        <ele>9.879988074302673</ele>
        <time>2024-10-11T23:44:15Z</time>
        <extensions>
          <gpxtpx:TrackPointExtension>
            <gpxtpx:hr>157</gpxtpx:hr>
          </gpxtpx:TrackPointExtension>
        </extensions>
      </trkpt>
      <trkpt lat="38.83538990330971" lon="121.50833766320773">
        <ele>10.143136218190193</ele>
        <time>2024-10-11T23:44:19Z</time>
        <extensions>
          <gpxtpx:TrackPointExtension>
            <gpxtpx:hr>157</gpxtpx:hr>
          </gpxtpx:TrackPointExtension>
        </extensions>
      </trkpt>
      <trkpt lat="38.83533996401671" lon="121.50845899984424">
        <ele>10.002397182397544</ele>
        <time>2024-10-11T23:44:23Z</time>
        <extensions>
          <gpxtpx:TrackPointExtension>
            <gpxtpx:hr>157</gpxtpx:hr>
          </gpxtpx:TrackPointExtension>
        </extensions>
      </trkpt>
      <trkpt lat="38.83530570125151" lon="121.5085731987577">
        <ele>9.984143152832985</ele>
        <time>2024-10-11T23:44:27Z</time>
        <extensions>
          <gpxtpx:TrackPointExtension>
            <gpxtpx:hr>157</gpxtpx:hr>
          </gpxtpx:TrackPointExtension>
        </extensions>
      </trkpt>
      <trkpt lat="38.83525721693302" lon="121.50870134705488">
        <ele>9.716430795378983</ele>
        <time>2024-10-11T23:44:31Z</time>
        <extensions>
          <gpxtpx:TrackPointExtension>
            <gpxtpx:hr>120</gpxtpx:hr>
          </gpxtpx:TrackPointExtension>
        </extensions>
      </trkpt>
      <trkpt lat="38.835200277219656" lon="121.50880999906873">
        <ele>9.990618291310966</ele>
        <time>2024-10-11T23:44:35Z</time>
        <extensions>
          <gpxtpx:TrackPointExtension>
            <gpxtpx:hr>120</gpxtpx:hr>
          </gpxtpx:TrackPointExtension>
        </extensions>
      </trkpt>
      <trkpt lat="38.83515589783691" lon="121.50893983137354">
        <ele>9.746427551843226</ele>
        <time>2024-10-11T23:44:39Z</time>
        <extensions>
          <gpxtpx:TrackPointExtension>
            <gpxtpx:hr>120</gpxtpx:hr>
          </gpxtpx:TrackPointExtension>
        </extensions>
      </trkpt>
      <trkpt lat="38.83512784424831" lon="121.50906475237213">
        <ele>9.235989508219063</ele>
        <time>2024-10-11T23:44:43Z</time>
        <extensions>
          <gpxtpx:TrackPointExtension>
            <gpxtpx:hr>122</gpxtpx:hr>
          </gpxtpx:TrackPointExtension>
        </extensions>
      </trkpt>
      <trkpt lat="38.83508081795396" lon="121.50914880914867">
        <ele>8.817696616984904</ele>
        <time>2024-10-11T23:44:47Z</time>
        <extensions>
          <gpxtpx:TrackPointExtension>
            <gpxtpx:hr>122</gpxtpx:hr>
          </gpxtpx:TrackPointExtension>
        </extensions>
      </trkpt>
      <trkpt lat="38.83497344773111" lon="121.50914850474445">
        <ele>8.678493128158152</ele>
        <time>2024-10-11T23:44:51Z</time>
        <extensions>
          <gpxtpx:TrackPointExtension>
            <gpxtpx:hr>122</gpxtpx:hr>
          </gpxtpx:TrackPointExtension>
        </extensions>
      </trkpt>
      <trkpt lat="38.83487576004767" lon="121.50910548546621">
        <ele>7.5376491993665695</ele>
        <time>2024-10-11T23:44:55Z</time>
        <extensions>
          <gpxtpx:TrackPointExtension>
            <gpxtpx:hr>122</gpxtpx:hr>
          </gpxtpx:TrackPointExtension>
        </extensions>
      </trkpt>
      <trkpt lat="38.83476995684031" lon="121.50906581979307">
        <ele>8.30011332128197</ele>
        <time>2024-10-11T23:44:59Z</time>
        <extensions>
          <gpxtpx:TrackPointExtension>
            <gpxtpx:hr>127</gpxtpx:hr>
          </gpxtpx:TrackPointExtension>
        </extensions>
      </trkpt>
      <trkpt lat="38.83468180358995" lon="121.50900895822294">
        <ele>8.778710686601698</ele>
        <time>2024-10-11T23:45:03Z</time>
        <extensions>
          <gpxtpx:TrackPointExtension>
            <gpxtpx:hr>127</gpxtpx:hr>
          </gpxtpx:TrackPointExtension>
        </extensions>
      </trkpt>
      <trkpt lat="38.83459267537609" lon="121.50895561286073">
        <ele>8.853847062215209</ele>
        <time>2024-10-11T23:45:07Z</time>
        <extensions>
          <gpxtpx:TrackPointExtension>
            <gpxtpx:hr>127</gpxtpx:hr>
          </gpxtpx:TrackPointExtension>
        </extensions>
      </trkpt>
      <trkpt lat="38.834494137492065" lon="121.50890946969282">
        <ele>9.29941893182695</ele>
        <time>2024-10-11T23:45:11Z</time>
        <extensions>
          <gpxtpx:TrackPointExtension>
            <gpxtpx:hr>127</gpxtpx:hr>
          </gpxtpx:TrackPointExtension>
        </extensions>
      </trkpt>
      <trkpt lat="38.834410219781" lon="121.50886196121351">
        <ele>8.619606710970402</ele>
        <time>2024-10-11T23:45:15Z</time>
        <extensions>
          <gpxtpx:TrackPointExtension>
            <gpxtpx:hr>131</gpxtpx:hr>
          </gpxtpx:TrackPointExtension>
        </extensions>
      </trkpt>
      <trkpt lat="38.83432389891224" lon="121.50879385449525">
        <ele>9.707608657889068</ele>
        <time>2024-10-11T23:45:19Z</time>
        <extensions>
          <gpxtpx:TrackPointExtension>
            <gpxtpx:hr>133</gpxtpx:hr>
          </gpxtpx:TrackPointExtension>
        </extensions>
      </trkpt>
      <trkpt lat="38.834242508054956" lon="121.50873895604805">
        <ele>9.158577590249479</ele>
        <time>2024-10-11T23:45:23Z</time>
        <extensions>
          <gpxtpx:TrackPointExtension>
            <gpxtpx:hr>135</gpxtpx:hr>
          </gpxtpx:TrackPointExtension>
        </extensions>
      </trkpt>
      <trkpt lat="38.834144403289066" lon="121.50870107752168">
        <ele>8.514228424988687</ele>
        <time>2024-10-11T23:45:27Z</time>
        <extensions>
          <gpxtpx:TrackPointExtension>
            <gpxtpx:hr>135</gpxtpx:hr>
          </gpxtpx:TrackPointExtension>
        </extensions>
      </trkpt>
      <trkpt lat="38.83406514567545" lon="121.50863678218205">
        <ele>7.473258891142905</ele>
        <time>2024-10-11T23:45:31Z</time>
        <extensions>
          <gpxtpx:TrackPointExtension>
            <gpxtpx:hr>137</gpxtpx:hr>
          </gpxtpx:TrackPointExtension>
        </extensions>
      </trkpt>
      <trkpt lat="38.8340001153584" lon="121.50855767006709">
        <ele>7.779044786468148</ele>
        <time>2024-10-11T23:45:35Z</time>
        <extensions>
          <gpxtpx:TrackPointExtension>
            <gpxtpx:hr>136</gpxtpx:hr>
          </gpxtpx:TrackPointExtension>
        </extensions>
      </trkpt>
      <trkpt lat="38.83391786987139" lon="121.50849252316742">
        <ele>7.32192521635443</ele>
        <time>2024-10-11T23:45:39Z</time>
        <extensions>
          <gpxtpx:TrackPointExtension>
            <gpxtpx:hr>135</gpxtpx:hr>
          </gpxtpx:TrackPointExtension>
        </extensions>
      </trkpt>
      <trkpt lat="38.83384252590437" lon="121.5084296456043">
        <ele>6.578516659326851</ele>
        <time>2024-10-11T23:45:43Z</time>
        <extensions>
          <gpxtpx:TrackPointExtension>
            <gpxtpx:hr>135</gpxtpx:hr>
          </gpxtpx:TrackPointExtension>
        </extensions>
      </trkpt>
      <trkpt lat="38.833764587365444" lon="121.50836287820388">
        <ele>7.659870116971433</ele>
        <time>2024-10-11T23:45:47Z</time>
        <extensions>
          <gpxtpx:TrackPointExtension>
            <gpxtpx:hr>136</gpxtpx:hr>
          </gpxtpx:TrackPointExtension>
        </extensions>
      </trkpt>
      <trkpt lat="38.833690939157854" lon="121.50830031666023">
        <ele>6.797223506495357</ele>
        <time>2024-10-11T23:45:51Z</time>
        <extensions>
          <gpxtpx:TrackPointExtension>
            <gpxtpx:hr>136</gpxtpx:hr>
          </gpxtpx:TrackPointExtension>
        </extensions>
      </trkpt>
      <trkpt lat="38.83361549711176" lon="121.50823544177248">
        <ele>6.3506077118217945</ele>
        <time>2024-10-11T23:45:55Z</time>
        <extensions>
          <gpxtpx:TrackPointExtension>
            <gpxtpx:hr>136</gpxtpx:hr>
          </gpxtpx:TrackPointExtension>
        </extensions>
      </trkpt>
      <trkpt lat="38.83349467557981" lon="121.50819744399331">
        <ele>7.16190125348745</ele>
        <time>2024-10-11T23:46:00Z</time>
        <extensions>
          <gpxtpx:TrackPointExtension>
            <gpxtpx:hr>136</gpxtpx:hr>
          </gpxtpx:TrackPointExtension>
        </extensions>
      </trkpt>
      <trkpt lat="38.83348088265346" lon="121.50812549119044">
        <ele>4.838078314438462</ele>
        <time>2024-10-11T23:46:02Z</time>
        <extensions>
          <gpxtpx:TrackPointExtension>
            <gpxtpx:hr>136</gpxtpx:hr>
          </gpxtpx:TrackPointExtension>
        </extensions>
      </trkpt>
      <trkpt lat="38.833413584496114" lon="121.50807017830152">
        <ele>5.2044027000665665</ele>
        <time>2024-10-11T23:46:05Z</time>
        <extensions>
          <gpxtpx:TrackPointExtension>
            <gpxtpx:hr>136</gpxtpx:hr>
          </gpxtpx:TrackPointExtension>
        </extensions>
      </trkpt>
      <trkpt lat="38.83333324384586" lon="121.50800420755081">
        <ele>4.546888840384781</ele>
        <time>2024-10-11T23:46:09Z</time>
        <extensions>
          <gpxtpx:TrackPointExtension>
            <gpxtpx:hr>135</gpxtpx:hr>
          </gpxtpx:TrackPointExtension>
        </extensions>
      </trkpt>
      <trkpt lat="38.833269962009716" lon="121.50796719654042">
        <ele>4.1898991195485</ele>
        <time>2024-10-11T23:46:12Z</time>
        <extensions>
          <gpxtpx:TrackPointExtension>
            <gpxtpx:hr>135</gpxtpx:hr>
          </gpxtpx:TrackPointExtension>
        </extensions>
      </trkpt>
      <trkpt lat="38.83319354493478" lon="121.50794843717723">
        <ele>3.246932854875922</ele>
        <time>2024-10-11T23:46:15Z</time>
        <extensions>
          <gpxtpx:TrackPointExtension>
            <gpxtpx:hr>135</gpxtpx:hr>
          </gpxtpx:TrackPointExtension>
        </extensions>
      </trkpt>
      <trkpt lat="38.83312900561397" lon="121.50798512828044">
        <ele>3.180777370929718</ele>
        <time>2024-10-11T23:46:18Z</time>
        <extensions>
          <gpxtpx:TrackPointExtension>
            <gpxtpx:hr>134</gpxtpx:hr>
          </gpxtpx:TrackPointExtension>
        </extensions>
      </trkpt>
      <trkpt lat="38.83309811130317" lon="121.5080720198473">
        <ele>2.3589054197072983</ele>
        <time>2024-10-11T23:46:21Z</time>
        <extensions>
          <gpxtpx:TrackPointExtension>
            <gpxtpx:hr>134</gpxtpx:hr>
          </gpxtpx:TrackPointExtension>
        </extensions>
      </trkpt>
      <trkpt lat="38.83306483963202" lon="121.50815537322296">
        <ele>2.9292248217388988</ele>
        <time>2024-10-11T23:46:24Z</time>
        <extensions>
          <gpxtpx:TrackPointExtension>
            <gpxtpx:hr>134</gpxtpx:hr>
          </gpxtpx:TrackPointExtension>
        </extensions>
      </trkpt>
      <trkpt lat="38.83302446913236" lon="121.50822749926894">
        <ele>2.697007454931736</ele>
        <time>2024-10-11T23:46:27Z</time>
        <extensions>
          <gpxtpx:TrackPointExtension>
            <gpxtpx:hr>134</gpxtpx:hr>
          </gpxtpx:TrackPointExtension>
        </extensions>
      </trkpt>
      <trkpt lat="38.83298745931612" lon="121.5083106187907">
        <ele>3.808320226147771</ele>
        <time>2024-10-11T23:46:30Z</time>
        <extensions>
          <gpxtpx:TrackPointExtension>
            <gpxtpx:hr>135</gpxtpx:hr>
          </gpxtpx:TrackPointExtension>
        </extensions>
      </trkpt>
      <trkpt lat="38.83294713245703" lon="121.50836935013957">
        <ele>3.6364314816892147</ele>
        <time>2024-10-11T23:46:33Z</time>
        <extensions>
          <gpxtpx:TrackPointExtension>
            <gpxtpx:hr>135</gpxtpx:hr>
          </gpxtpx:TrackPointExtension>
        </extensions>
      </trkpt>
      <trkpt lat="38.83287173506744" lon="121.50845525656929">
        <ele>3.539585566148162</ele>
        <time>2024-10-11T23:46:37Z</time>
        <extensions>
          <gpxtpx:TrackPointExtension>
            <gpxtpx:hr>136</gpxtpx:hr>
          </gpxtpx:TrackPointExtension>
        </extensions>
      </trkpt>
      <trkpt lat="38.83280835137152" lon="121.50850791364782">
        <ele>3.492744511924684</ele>
        <time>2024-10-11T23:46:40Z</time>
        <extensions>
          <gpxtpx:TrackPointExtension>
            <gpxtpx:hr>136</gpxtpx:hr>
          </gpxtpx:TrackPointExtension>
        </extensions>
      </trkpt>
      <trkpt lat="38.8327122218086" lon="121.50856940544736">
        <ele>2.235990585759282</ele>
        <time>2024-10-11T23:46:44Z</time>
        <extensions>
          <gpxtpx:TrackPointExtension>
            <gpxtpx:hr>136</gpxtpx:hr>
          </gpxtpx:TrackPointExtension>
        </extensions>
      </trkpt>
      <trkpt lat="38.83262233981054" lon="121.50862346552435">
        <ele>2.1906225066632032</ele>
        <time>2024-10-11T23:46:48Z</time>
        <extensions>
          <gpxtpx:TrackPointExtension>
            <gpxtpx:hr>136</gpxtpx:hr>
          </gpxtpx:TrackPointExtension>
        </extensions>
      </trkpt>
      <trkpt lat="38.832532246949846" lon="121.50864896695713">
        <ele>1.912781922146678</ele>
        <time>2024-10-11T23:46:52Z</time>
        <extensions>
          <gpxtpx:TrackPointExtension>
            <gpxtpx:hr>137</gpxtpx:hr>
          </gpxtpx:TrackPointExtension>
        </extensions>
      </trkpt>
      <trkpt lat="38.83242694638579" lon="121.50865527569732">
        <ele>2.6735624335706234</ele>
        <time>2024-10-11T23:46:56Z</time>
        <extensions>
          <gpxtpx:TrackPointExtension>
            <gpxtpx:hr>137</gpxtpx:hr>
          </gpxtpx:TrackPointExtension>
        </extensions>
      </trkpt>
      <trkpt lat="38.83232461049336" lon="121.50863853735989">
        <ele>2.526527692563832</ele>
        <time>2024-10-11T23:47:00Z</time>
        <extensions>
          <gpxtpx:TrackPointExtension>
            <gpxtpx:hr>137</gpxtpx:hr>
          </gpxtpx:TrackPointExtension>
        </extensions>
      </trkpt>
      <trkpt lat="38.83223534355881" lon="121.50861194045005">
        <ele>2.100830608047545</ele>
        <time>2024-10-11T23:47:04Z</time>
        <extensions>
          <gpxtpx:TrackPointExtension>
            <gpxtpx:hr>138</gpxtpx:hr>
          </gpxtpx:TrackPointExtension>
        </extensions>
      </trkpt>
      <trkpt lat="38.832143282735615" lon="121.5085822627871">
        <ele>2.2246389305219054</ele>
        <time>2024-10-11T23:47:08Z</time>
        <extensions>
          <gpxtpx:TrackPointExtension>
            <gpxtpx:hr>138</gpxtpx:hr>
          </gpxtpx:TrackPointExtension>
        </extensions>
      </trkpt>
      <trkpt lat="38.8320539948899" lon="121.50853352713048">
        <ele>1.9340001763775945</ele>
        <time>2024-10-11T23:47:12Z</time>
        <extensions>
          <gpxtpx:TrackPointExtension>
            <gpxtpx:hr>140</gpxtpx:hr>
          </gpxtpx:TrackPointExtension>
        </extensions>
      </trkpt>
      <trkpt lat="38.831969388857345" lon="121.50846509441934">
        <ele>2.862133702263236</ele>
        <time>2024-10-11T23:47:16Z</time>
        <extensions>
          <gpxtpx:TrackPointExtension>
            <gpxtpx:hr>141</gpxtpx:hr>
          </gpxtpx:TrackPointExtension>
        </extensions>
      </trkpt>
      <trkpt lat="38.83189414105894" lon="121.50840336236192">
        <ele>2.433837910182774</ele>
        <time>2024-10-11T23:47:20Z</time>
        <extensions>
          <gpxtpx:TrackPointExtension>
            <gpxtpx:hr>142</gpxtpx:hr>
          </gpxtpx:TrackPointExtension>
        </extensions>
      </trkpt>
      <trkpt lat="38.83185095565868" lon="121.50828445249039">
        <ele>2.0174531349912286</ele>
        <time>2024-10-11T23:47:24Z</time>
        <extensions>
          <gpxtpx:TrackPointExtension>
            <gpxtpx:hr>142</gpxtpx:hr>
          </gpxtpx:TrackPointExtension>
        </extensions>
      </trkpt>
      <trkpt lat="38.831802900547075" lon="121.50818719401192">
        <ele>2.305508234538138</ele>
        <time>2024-10-11T23:47:28Z</time>
        <extensions>
          <gpxtpx:TrackPointExtension>
            <gpxtpx:hr>142</gpxtpx:hr>
          </gpxtpx:TrackPointExtension>
        </extensions>
      </trkpt>
      <trkpt lat="38.83176713901555" lon="121.5080839876894">
        <ele>2.2932849591597915</ele>
        <time>2024-10-11T23:47:32Z</time>
        <extensions>
          <gpxtpx:TrackPointExtension>
            <gpxtpx:hr>141</gpxtpx:hr>
          </gpxtpx:TrackPointExtension>
        </extensions>
      </trkpt>
      <trkpt lat="38.83169454346932" lon="121.50800808874578">
        <ele>2.156424411572516</ele>
        <time>2024-10-11T23:47:36Z</time>
        <extensions>
          <gpxtpx:TrackPointExtension>
            <gpxtpx:hr>141</gpxtpx:hr>
          </gpxtpx:TrackPointExtension>
        </extensions>
      </trkpt>
      <trkpt lat="38.83163142473932" lon="121.50791869163349">
        <ele>2.569789234548807</ele>
        <time>2024-10-11T23:47:40Z</time>
        <extensions>
          <gpxtpx:TrackPointExtension>
            <gpxtpx:hr>141</gpxtpx:hr>
          </gpxtpx:TrackPointExtension>
        </extensions>
      </trkpt>
      <trkpt lat="38.83154702864496" lon="121.5078528076152">
        <ele>2.5266937939450145</ele>
        <time>2024-10-11T23:47:44Z</time>
        <extensions>
          <gpxtpx:TrackPointExtension>
            <gpxtpx:hr>142</gpxtpx:hr>
          </gpxtpx:TrackPointExtension>
        </extensions>
      </trkpt>
      <trkpt lat="38.83145699543569" lon="121.50780775071816">
        <ele>2.271485837176442</ele>
        <time>2024-10-11T23:47:48Z</time>
        <extensions>
          <gpxtpx:TrackPointExtension>
            <gpxtpx:hr>142</gpxtpx:hr>
          </gpxtpx:TrackPointExtension>
        </extensions>
      </trkpt>
      <trkpt lat="38.83136427722529" lon="121.50776662304453">
        <ele>2.328963441774249</ele>
        <time>2024-10-11T23:47:52Z</time>
        <extensions>
          <gpxtpx:TrackPointExtension>
            <gpxtpx:hr>142</gpxtpx:hr>
          </gpxtpx:TrackPointExtension>
        </extensions>
      </trkpt>
      <trkpt lat="38.83127006460277" lon="121.50774639427394">
        <ele>1.4189623603597283</ele>
        <time>2024-10-11T23:47:56Z</time>
        <extensions>
          <gpxtpx:TrackPointExtension>
            <gpxtpx:hr>141</gpxtpx:hr>
          </gpxtpx:TrackPointExtension>
        </extensions>
      </trkpt>
      <trkpt lat="38.831175042054184" lon="121.50775503846035">
        <ele>1.3676727348938584</ele>
        <time>2024-10-11T23:48:00Z</time>
        <extensions>
          <gpxtpx:TrackPointExtension>
            <gpxtpx:hr>140</gpxtpx:hr>
          </gpxtpx:TrackPointExtension>
        </extensions>
      </trkpt>
      <trkpt lat="38.83107955391876" lon="121.50777729195863">
        <ele>2.1112663624808192</ele>
        <time>2024-10-11T23:48:04Z</time>
        <extensions>
          <gpxtpx:TrackPointExtension>
            <gpxtpx:hr>141</gpxtpx:hr>
          </gpxtpx:TrackPointExtension>
        </extensions>
      </trkpt>
      <trkpt lat="38.83098065695033" lon="121.50777428240188">
        <ele>1.6479599913582206</ele>
        <time>2024-10-11T23:48:08Z</time>
        <extensions>
          <gpxtpx:TrackPointExtension>
            <gpxtpx:hr>141</gpxtpx:hr>
          </gpxtpx:TrackPointExtension>
        </extensions>
      </trkpt>
      <trkpt lat="38.83091120553528" lon="121.5077577582549">
        <ele>2.268266857601702</ele>
        <time>2024-10-11T23:48:11Z</time>
        <extensions>
          <gpxtpx:TrackPointExtension>
            <gpxtpx:hr>141</gpxtpx:hr>
          </gpxtpx:TrackPointExtension>
        </extensions>
      </trkpt>
      <trkpt lat="38.830837913270415" lon="121.50773556350293">
        <ele>1.3403774006292224</ele>
        <time>2024-10-11T23:48:14Z</time>
        <extensions>
          <gpxtpx:TrackPointExtension>
            <gpxtpx:hr>142</gpxtpx:hr>
          </gpxtpx:TrackPointExtension>
        </extensions>
      </trkpt>
      <trkpt lat="38.83077194789529" lon="121.50770326735251">
        <ele>1.4603026947006583</ele>
        <time>2024-10-11T23:48:17Z</time>
        <extensions>
          <gpxtpx:TrackPointExtension>
            <gpxtpx:hr>142</gpxtpx:hr>
          </gpxtpx:TrackPointExtension>
        </extensions>
      </trkpt>
      <trkpt lat="38.83070107571513" lon="121.50767555718892">
        <ele>1.947880456224084</ele>
        <time>2024-10-11T23:48:20Z</time>
        <extensions>
          <gpxtpx:TrackPointExtension>
            <gpxtpx:hr>142</gpxtpx:hr>
          </gpxtpx:TrackPointExtension>
        </extensions>
      </trkpt>
      <trkpt lat="38.83063097335681" lon="121.50764447688852">
        <ele>2.5527776405215263</ele>
        <time>2024-10-11T23:48:23Z</time>
        <extensions>
          <gpxtpx:TrackPointExtension>
            <gpxtpx:hr>142</gpxtpx:hr>
          </gpxtpx:TrackPointExtension>
        </extensions>
      </trkpt>
      <trkpt lat="38.830571609707576" lon="121.50758707378921">
        <ele>2.5621807016432285</ele>
        <time>2024-10-11T23:48:26Z</time>
        <extensions>
          <gpxtpx:TrackPointExtension>
            <gpxtpx:hr>142</gpxtpx:hr>
          </gpxtpx:TrackPointExtension>
        </extensions>
      </trkpt>
      <trkpt lat="38.83051600894238" lon="121.50751922382351">
        <ele>3.532012816518545</ele>
        <time>2024-10-11T23:48:29Z</time>
        <extensions>
          <gpxtpx:TrackPointExtension>
            <gpxtpx:hr>143</gpxtpx:hr>
          </gpxtpx:TrackPointExtension>
        </extensions>
      </trkpt>
      <trkpt lat="38.83048170108293" lon="121.50744701323971">
        <ele>3.7456490313634276</ele>
        <time>2024-10-11T23:48:32Z</time>
        <extensions>
          <gpxtpx:TrackPointExtension>
            <gpxtpx:hr>143</gpxtpx:hr>
          </gpxtpx:TrackPointExtension>
        </extensions>
      </trkpt>
      <trkpt lat="38.83043712906139" lon="121.50737703528848">
        <ele>3.6393151376396418</ele>
        <time>2024-10-11T23:48:35Z</time>
        <extensions>
          <gpxtpx:TrackPointExtension>
            <gpxtpx:hr>143</gpxtpx:hr>
          </gpxtpx:TrackPointExtension>
        </extensions>
      </trkpt>
      <trkpt lat="38.830385158653925" lon="121.50731460982189">
        <ele>3.643974798731506</ele>
        <time>2024-10-11T23:48:38Z</time>
        <extensions>
          <gpxtpx:TrackPointExtension>
            <gpxtpx:hr>143</gpxtpx:hr>
          </gpxtpx:TrackPointExtension>
        </extensions>
      </trkpt>
      <trkpt lat="38.83035561334439" lon="121.50723761574686">
        <ele>3.359767207875848</ele>
        <time>2024-10-11T23:48:41Z</time>
        <extensions>
          <gpxtpx:TrackPointExtension>
            <gpxtpx:hr>142</gpxtpx:hr>
          </gpxtpx:TrackPointExtension>
        </extensions>
      </trkpt>
      <trkpt lat="38.830313317137225" lon="121.50716818337975">
        <ele>3.384450021199882</ele>
        <time>2024-10-11T23:48:44Z</time>
        <extensions>
          <gpxtpx:TrackPointExtension>
            <gpxtpx:hr>143</gpxtpx:hr>
          </gpxtpx:TrackPointExtension>
        </extensions>
      </trkpt>
      <trkpt lat="38.83028625050732" lon="121.50709060130198">
        <ele>2.861153063364327</ele>
        <time>2024-10-11T23:48:47Z</time>
        <extensions>
          <gpxtpx:TrackPointExtension>
            <gpxtpx:hr>143</gpxtpx:hr>
          </gpxtpx:TrackPointExtension>
        </extensions>
      </trkpt>
      <trkpt lat="38.830253486196" lon="121.50699906858551">
        <ele>4.2882593516260386</ele>
        <time>2024-10-11T23:48:50Z</time>
        <extensions>
          <gpxtpx:TrackPointExtension>
            <gpxtpx:hr>145</gpxtpx:hr>
          </gpxtpx:TrackPointExtension>
        </extensions>
      </trkpt>
      <trkpt lat="38.83022201002602" lon="121.50692223938296">
        <ele>3.6646621394902468</ele>
        <time>2024-10-11T23:48:53Z</time>
        <extensions>
          <gpxtpx:TrackPointExtension>
            <gpxtpx:hr>145</gpxtpx:hr>
          </gpxtpx:TrackPointExtension>
        </extensions>
      </trkpt>
      <trkpt lat="38.83018511857713" lon="121.50684354381245">
        <ele>3.9399247048422694</ele>
        <time>2024-10-11T23:48:56Z</time>
        <extensions>
          <gpxtpx:TrackPointExtension>
            <gpxtpx:hr>147</gpxtpx:hr>
          </gpxtpx:TrackPointExtension>
        </extensions>
      </trkpt>
      <trkpt lat="38.83015049870408" lon="121.50676795771257">
        <ele>2.9884180082008243</ele>
        <time>2024-10-11T23:48:59Z</time>
        <extensions>
          <gpxtpx:TrackPointExtension>
            <gpxtpx:hr>147</gpxtpx:hr>
          </gpxtpx:TrackPointExtension>
        </extensions>
      </trkpt>
      <trkpt lat="38.830080327795" lon="121.50671808269412">
        <ele>3.0933378087356687</ele>
        <time>2024-10-11T23:49:02Z</time>
        <extensions>
          <gpxtpx:TrackPointExtension>
            <gpxtpx:hr>147</gpxtpx:hr>
          </gpxtpx:TrackPointExtension>
        </extensions>
      </trkpt>
      <trkpt lat="38.83002631229376" lon="121.50668496458655">
        <ele>2.469097699970007</ele>
        <time>2024-10-11T23:49:05Z</time>
        <extensions>
          <gpxtpx:TrackPointExtension>
            <gpxtpx:hr>147</gpxtpx:hr>
          </gpxtpx:TrackPointExtension>
        </extensions>
      </trkpt>
      <trkpt lat="38.82996042311759" lon="121.50664600312555">
        <ele>2.485391008667648</ele>
        <time>2024-10-11T23:49:08Z</time>
        <extensions>
          <gpxtpx:TrackPointExtension>
            <gpxtpx:hr>147</gpxtpx:hr>
          </gpxtpx:TrackPointExtension>
        </extensions>
      </trkpt>
      <trkpt lat="38.82988791254274" lon="121.50659461518032">
        <ele>3.0376855162903666</ele>
        <time>2024-10-11T23:49:12Z</time>
        <extensions>
          <gpxtpx:TrackPointExtension>
            <gpxtpx:hr>147</gpxtpx:hr>
          </gpxtpx:TrackPointExtension>
        </extensions>
      </trkpt>
      <trkpt lat="38.82980466940524" lon="121.5065369441202">
        <ele>3.480708393268287</ele>
        <time>2024-10-11T23:49:16Z</time>
        <extensions>
          <gpxtpx:TrackPointExtension>
            <gpxtpx:hr>148</gpxtpx:hr>
          </gpxtpx:TrackPointExtension>
        </extensions>
      </trkpt>
      <trkpt lat="38.82971826604127" lon="121.5064699832189">
        <ele>3.6246634367853403</ele>
        <time>2024-10-11T23:49:20Z</time>
        <extensions>
          <gpxtpx:TrackPointExtension>
            <gpxtpx:hr>148</gpxtpx:hr>
          </gpxtpx:TrackPointExtension>
        </extensions>
      </trkpt>
      <trkpt lat="38.82964251484671" lon="121.50639523294821">
        <ele>3.3845118563622236</ele>
        <time>2024-10-11T23:49:24Z</time>
        <extensions>
          <gpxtpx:TrackPointExtension>
            <gpxtpx:hr>148</gpxtpx:hr>
          </gpxtpx:TrackPointExtension>
        </extensions>
      </trkpt>
      <trkpt lat="38.8295575967241" lon="121.50632534936227">
        <ele>2.863176646642387</ele>
        <time>2024-10-11T23:49:28Z</time>
        <extensions>
          <gpxtpx:TrackPointExtension>
            <gpxtpx:hr>148</gpxtpx:hr>
          </gpxtpx:TrackPointExtension>
        </extensions>
      </trkpt>
      <trkpt lat="38.829494376705014" lon="121.50624653488806">
        <ele>3.1065774112939835</ele>
        <time>2024-10-11T23:49:32Z</time>
        <extensions>
          <gpxtpx:TrackPointExtension>
            <gpxtpx:hr>147</gpxtpx:hr>
          </gpxtpx:TrackPointExtension>
        </extensions>
      </trkpt>
      <trkpt lat="38.829425989704106" lon="121.50616412004598">
        <ele>2.6226605977863073</ele>
        <time>2024-10-11T23:49:36Z</time>
        <extensions>
          <gpxtpx:TrackPointExtension>
            <gpxtpx:hr>144</gpxtpx:hr>
          </gpxtpx:TrackPointExtension>
        </extensions>
      </trkpt>
      <trkpt lat="38.82935538412165" lon="121.50609741693948">
        <ele>2.555007773451507</ele>
        <time>2024-10-11T23:49:40Z</time>
        <extensions>
          <gpxtpx:TrackPointExtension>
            <gpxtpx:hr>146</gpxtpx:hr>
          </gpxtpx:TrackPointExtension>
        </extensions>
      </trkpt>
      <trkpt lat="38.82927184516673" lon="121.50603463471691">
        <ele>2.3797923801466823</ele>
        <time>2024-10-11T23:49:44Z</time>
        <extensions>
          <gpxtpx:TrackPointExtension>
            <gpxtpx:hr>146</gpxtpx:hr>
          </gpxtpx:TrackPointExtension>
        </extensions>
      </trkpt>
      <trkpt lat="38.82919061827483" lon="121.50599577272713">
        <ele>2.081102527678013</ele>
        <time>2024-10-11T23:49:48Z</time>
        <extensions>
          <gpxtpx:TrackPointExtension>
            <gpxtpx:hr>147</gpxtpx:hr>
          </gpxtpx:TrackPointExtension>
        </extensions>
      </trkpt>
      <trkpt lat="38.82909889125026" lon="121.50597141531269">
        <ele>1.7514856355264783</ele>
        <time>2024-10-11T23:49:52Z</time>
        <extensions>
          <gpxtpx:TrackPointExtension>
            <gpxtpx:hr>147</gpxtpx:hr>
          </gpxtpx:TrackPointExtension>
        </extensions>
      </trkpt>
      <trkpt lat="38.82900334749154" lon="121.50597149746939">
        <ele>1.7089965157210827</ele>
        <time>2024-10-11T23:49:56Z</time>
        <extensions>
          <gpxtpx:TrackPointExtension>
            <gpxtpx:hr>149</gpxtpx:hr>
          </gpxtpx:TrackPointExtension>
        </extensions>
      </trkpt>
      <trkpt lat="38.82890396826998" lon="121.50599281046244">
        <ele>1.836469509638846</ele>
        <time>2024-10-11T23:50:00Z</time>
        <extensions>
          <gpxtpx:TrackPointExtension>
            <gpxtpx:hr>147</gpxtpx:hr>
          </gpxtpx:TrackPointExtension>
        </extensions>
      </trkpt>
      <trkpt lat="38.82881570448962" lon="121.50602231148663">
        <ele>1.7316110655665398</ele>
        <time>2024-10-11T23:50:04Z</time>
        <extensions>
          <gpxtpx:TrackPointExtension>
            <gpxtpx:hr>147</gpxtpx:hr>
          </gpxtpx:TrackPointExtension>
        </extensions>
      </trkpt>
      <trkpt lat="38.82872746540419" lon="121.50607926334347">
        <ele>2.508755107410252</ele>
        <time>2024-10-11T23:50:08Z</time>
        <extensions>
          <gpxtpx:TrackPointExtension>
            <gpxtpx:hr>148</gpxtpx:hr>
          </gpxtpx:TrackPointExtension>
        </extensions>
      </trkpt>
      <trkpt lat="38.82866867109881" lon="121.50612331335513">
        <ele>2.2771656531840563</ele>
        <time>2024-10-11T23:50:11Z</time>
        <extensions>
          <gpxtpx:TrackPointExtension>
            <gpxtpx:hr>148</gpxtpx:hr>
          </gpxtpx:TrackPointExtension>
        </extensions>
      </trkpt>
      <trkpt lat="38.82868979993203" lon="121.50618112935963">
        <ele>2.3371250377967954</ele>
        <time>2024-10-11T23:50:14Z</time>
        <extensions>
          <gpxtpx:TrackPointExtension>
            <gpxtpx:hr>148</gpxtpx:hr>
          </gpxtpx:TrackPointExtension>
        </extensions>
      </trkpt>
      <trkpt lat="38.82875377781862" lon="121.50610833338247">
        <ele>2.8627321012318134</ele>
        <time>2024-10-11T23:50:17Z</time>
        <extensions>
          <gpxtpx:TrackPointExtension>
            <gpxtpx:hr>148</gpxtpx:hr>
          </gpxtpx:TrackPointExtension>
        </extensions>
      </trkpt>
      <trkpt lat="38.8287946670641" lon="121.50602648380847">
        <ele>2.3738197153434157</ele>
        <time>2024-10-11T23:50:20Z</time>
        <extensions>
          <gpxtpx:TrackPointExtension>
            <gpxtpx:hr>146</gpxtpx:hr>
          </gpxtpx:TrackPointExtension>
        </extensions>
      </trkpt>
      <trkpt lat="38.82886892766306" lon="121.50598269204416">
        <ele>2.881581454537809</ele>
        <time>2024-10-11T23:50:23Z</time>
        <extensions>
          <gpxtpx:TrackPointExtension>
            <gpxtpx:hr>146</gpxtpx:hr>
          </gpxtpx:TrackPointExtension>
        </extensions>
      </trkpt>
      <trkpt lat="38.82894651047264" lon="121.50596017700197">
        <ele>2.825111554004252</ele>
        <time>2024-10-11T23:50:26Z</time>
        <extensions>
          <gpxtpx:TrackPointExtension>
            <gpxtpx:hr>145</gpxtpx:hr>
          </gpxtpx:TrackPointExtension>
        </extensions>
      </trkpt>
      <trkpt lat="38.8290248546885" lon="121.50596289236981">
        <ele>2.443525640293956</ele>
        <time>2024-10-11T23:50:29Z</time>
        <extensions>
          <gpxtpx:TrackPointExtension>
            <gpxtpx:hr>145</gpxtpx:hr>
          </gpxtpx:TrackPointExtension>
        </extensions>
      </trkpt>
      <trkpt lat="38.82910006380873" lon="121.50597798004749">
        <ele>1.535344671458006</ele>
        <time>2024-10-11T23:50:32Z</time>
        <extensions>
          <gpxtpx:TrackPointExtension>
            <gpxtpx:hr>146</gpxtpx:hr>
          </gpxtpx:TrackPointExtension>
        </extensions>
      </trkpt>
      <trkpt lat="38.829169877776444" lon="121.5059921720657">
        <ele>2.1592728663235903</ele>
        <time>2024-10-11T23:50:35Z</time>
        <extensions>
          <gpxtpx:TrackPointExtension>
            <gpxtpx:hr>145</gpxtpx:hr>
          </gpxtpx:TrackPointExtension>
        </extensions>
      </trkpt>
      <trkpt lat="38.829239218561085" lon="121.5060162877816">
        <ele>2.5317463018000126</ele>
        <time>2024-10-11T23:50:38Z</time>
        <extensions>
          <gpxtpx:TrackPointExtension>
            <gpxtpx:hr>145</gpxtpx:hr>
          </gpxtpx:TrackPointExtension>
        </extensions>
      </trkpt>
      <trkpt lat="38.82930871667302" lon="121.50604239606491">
        <ele>2.641092767007649</ele>
        <time>2024-10-11T23:50:41Z</time>
        <extensions>
          <gpxtpx:TrackPointExtension>
            <gpxtpx:hr>146</gpxtpx:hr>
          </gpxtpx:TrackPointExtension>
        </extensions>
      </trkpt>
      <trkpt lat="38.82937880862927" lon="121.50609470522862">
        <ele>2.7238296661525965</ele>
        <time>2024-10-11T23:50:44Z</time>
        <extensions>
          <gpxtpx:TrackPointExtension>
            <gpxtpx:hr>147</gpxtpx:hr>
          </gpxtpx:TrackPointExtension>
        </extensions>
      </trkpt>
      <trkpt lat="38.82944461003448" lon="121.50614795097792">
        <ele>3.0431994320824742</ele>
        <time>2024-10-11T23:50:47Z</time>
        <extensions>
          <gpxtpx:TrackPointExtension>
            <gpxtpx:hr>147</gpxtpx:hr>
          </gpxtpx:TrackPointExtension>
        </extensions>
      </trkpt>
      <trkpt lat="38.829502126471645" lon="121.50620893271963">
        <ele>2.799476104788482</ele>
        <time>2024-10-11T23:50:50Z</time>
        <extensions>
          <gpxtpx:TrackPointExtension>
            <gpxtpx:hr>147</gpxtpx:hr>
          </gpxtpx:TrackPointExtension>
        </extensions>
      </trkpt>
      <trkpt lat="38.829555359033236" lon="121.50627243812366">
        <ele>2.848531873896718</ele>
        <time>2024-10-11T23:50:53Z</time>
        <extensions>
          <gpxtpx:TrackPointExtension>
            <gpxtpx:hr>147</gpxtpx:hr>
          </gpxtpx:TrackPointExtension>
        </extensions>
      </trkpt>
      <trkpt lat="38.82962945617579" lon="121.50635545139404">
        <ele>1.925274514593184</ele>
        <time>2024-10-11T23:50:57Z</time>
        <extensions>
          <gpxtpx:TrackPointExtension>
            <gpxtpx:hr>149</gpxtpx:hr>
          </gpxtpx:TrackPointExtension>
        </extensions>
      </trkpt>
      <trkpt lat="38.82968545143439" lon="121.50640634404641">
        <ele>1.8313344968482852</ele>
        <time>2024-10-11T23:51:00Z</time>
        <extensions>
          <gpxtpx:TrackPointExtension>
            <gpxtpx:hr>150</gpxtpx:hr>
          </gpxtpx:TrackPointExtension>
        </extensions>
      </trkpt>
      <trkpt lat="38.82975631592267" lon="121.50647961153598">
        <ele>2.027654316276312</ele>
        <time>2024-10-11T23:51:04Z</time>
        <extensions>
          <gpxtpx:TrackPointExtension>
            <gpxtpx:hr>149</gpxtpx:hr>
          </gpxtpx:TrackPointExtension>
        </extensions>
      </trkpt>
      <trkpt lat="38.82982591184016" lon="121.50654570348956">
        <ele>2.5354683035984635</ele>
        <time>2024-10-11T23:51:08Z</time>
        <extensions>
          <gpxtpx:TrackPointExtension>
            <gpxtpx:hr>149</gpxtpx:hr>
          </gpxtpx:TrackPointExtension>
        </extensions>
      </trkpt>
      <trkpt lat="38.82991124017606" lon="121.5065875751765">
        <ele>2.7602029107511044</ele>
        <time>2024-10-11T23:51:12Z</time>
        <extensions>
          <gpxtpx:TrackPointExtension>
            <gpxtpx:hr>149</gpxtpx:hr>
          </gpxtpx:TrackPointExtension>
        </extensions>
      </trkpt>
      <trkpt lat="38.82999413058752" lon="121.50664167767431">
        <ele>2.5913575096055865</ele>
        <time>2024-10-11T23:51:16Z</time>
        <extensions>
          <gpxtpx:TrackPointExtension>
            <gpxtpx:hr>147</gpxtpx:hr>
          </gpxtpx:TrackPointExtension>
        </extensions>
      </trkpt>
      <trkpt lat="38.83007241777652" lon="121.50668388330445">
        <ele>3.026154350489378</ele>
        <time>2024-10-11T23:51:20Z</time>
        <extensions>
          <gpxtpx:TrackPointExtension>
            <gpxtpx:hr>148</gpxtpx:hr>
          </gpxtpx:TrackPointExtension>
        </extensions>
      </trkpt>
      <trkpt lat="38.830154606343065" lon="121.50673361624955">
        <ele>2.9746921537443995</ele>
        <time>2024-10-11T23:51:24Z</time>
        <extensions>
          <gpxtpx:TrackPointExtension>
            <gpxtpx:hr>148</gpxtpx:hr>
          </gpxtpx:TrackPointExtension>
        </extensions>
      </trkpt>
      <trkpt lat="38.83023376993201" lon="121.50681962002109">
        <ele>2.457759218290448</ele>
        <time>2024-10-11T23:51:28Z</time>
        <extensions>
          <gpxtpx:TrackPointExtension>
            <gpxtpx:hr>147</gpxtpx:hr>
          </gpxtpx:TrackPointExtension>
        </extensions>
      </trkpt>
      <trkpt lat="38.83027128498513" lon="121.50693174049684">
        <ele>3.16512365732342</ele>
        <time>2024-10-11T23:51:32Z</time>
        <extensions>
          <gpxtpx:TrackPointExtension>
            <gpxtpx:hr>147</gpxtpx:hr>
          </gpxtpx:TrackPointExtension>
        </extensions>
      </trkpt>
      <trkpt lat="38.8303013544413" lon="121.50705622713178">
        <ele>2.8307141475379467</ele>
        <time>2024-10-11T23:51:36Z</time>
        <extensions>
          <gpxtpx:TrackPointExtension>
            <gpxtpx:hr>147</gpxtpx:hr>
          </gpxtpx:TrackPointExtension>
        </extensions>
      </trkpt>
      <trkpt lat="38.830336404298215" lon="121.50716766778173">
        <ele>2.4577705189585686</ele>
        <time>2024-10-11T23:51:40Z</time>
        <extensions>
          <gpxtpx:TrackPointExtension>
            <gpxtpx:hr>147</gpxtpx:hr>
          </gpxtpx:TrackPointExtension>
        </extensions>
      </trkpt>
      <trkpt lat="38.830383754229345" lon="121.50728114407293">
        <ele>3.0632390351966023</ele>
        <time>2024-10-11T23:51:44Z</time>
        <extensions>
          <gpxtpx:TrackPointExtension>
            <gpxtpx:hr>147</gpxtpx:hr>
          </gpxtpx:TrackPointExtension>
        </extensions>
      </trkpt>
      <trkpt lat="38.830424046933004" lon="121.50739081087757">
        <ele>2.8434910839423537</ele>
        <time>2024-10-11T23:51:48Z</time>
        <extensions>
          <gpxtpx:TrackPointExtension>
            <gpxtpx:hr>147</gpxtpx:hr>
          </gpxtpx:TrackPointExtension>
        </extensions>
      </trkpt>
      <trkpt lat="38.830490516216116" lon="121.50750249332103">
        <ele>2.973059148527682</ele>
        <time>2024-10-11T23:51:52Z</time>
        <extensions>
          <gpxtpx:TrackPointExtension>
            <gpxtpx:hr>146</gpxtpx:hr>
          </gpxtpx:TrackPointExtension>
        </extensions>
      </trkpt>
      <trkpt lat="38.830572088379114" lon="121.50754679174189">
        <ele>3.4965041829273105</ele>
        <time>2024-10-11T23:51:56Z</time>
        <extensions>
          <gpxtpx:TrackPointExtension>
            <gpxtpx:hr>147</gpxtpx:hr>
          </gpxtpx:TrackPointExtension>
        </extensions>
      </trkpt>
      <trkpt lat="38.83065285090227" lon="121.50761840531484">
        <ele>2.3089539958164096</ele>
        <time>2024-10-11T23:52:00Z</time>
        <extensions>
          <gpxtpx:TrackPointExtension>
            <gpxtpx:hr>148</gpxtpx:hr>
          </gpxtpx:TrackPointExtension>
        </extensions>
      </trkpt>
      <trkpt lat="38.83074348892711" lon="121.50768904173337">
        <ele>2.3149563362821937</ele>
        <time>2024-10-11T23:52:04Z</time>
        <extensions>
          <gpxtpx:TrackPointExtension>
            <gpxtpx:hr>148</gpxtpx:hr>
          </gpxtpx:TrackPointExtension>
        </extensions>
      </trkpt>
      <trkpt lat="38.83084194872364" lon="121.50771578566793">
        <ele>2.2545783473178744</ele>
        <time>2024-10-11T23:52:08Z</time>
        <extensions>
          <gpxtpx:TrackPointExtension>
            <gpxtpx:hr>148</gpxtpx:hr>
          </gpxtpx:TrackPointExtension>
        </extensions>
      </trkpt>
      <trkpt lat="38.83093684802607" lon="121.50774340089359">
        <ele>1.912703481502831</ele>
        <time>2024-10-11T23:52:12Z</time>
        <extensions>
          <gpxtpx:TrackPointExtension>
            <gpxtpx:hr>148</gpxtpx:hr>
          </gpxtpx:TrackPointExtension>
        </extensions>
      </trkpt>
      <trkpt lat="38.83102884252987" lon="121.50774253653206">
        <ele>2.2883170107379556</ele>
        <time>2024-10-11T23:52:16Z</time>
        <extensions>
          <gpxtpx:TrackPointExtension>
            <gpxtpx:hr>148</gpxtpx:hr>
          </gpxtpx:TrackPointExtension>
        </extensions>
      </trkpt>
      <trkpt lat="38.83110687312532" lon="121.50774620715669">
        <ele>2.8539995178580284</ele>
        <time>2024-10-11T23:52:19Z</time>
        <extensions>
          <gpxtpx:TrackPointExtension>
            <gpxtpx:hr>148</gpxtpx:hr>
          </gpxtpx:TrackPointExtension>
        </extensions>
      </trkpt>
      <trkpt lat="38.83120905250321" lon="121.50773886145701">
        <ele>2.109725751914084</ele>
        <time>2024-10-11T23:52:23Z</time>
        <extensions>
          <gpxtpx:TrackPointExtension>
            <gpxtpx:hr>149</gpxtpx:hr>
          </gpxtpx:TrackPointExtension>
        </extensions>
      </trkpt>
      <trkpt lat="38.83128306845469" lon="121.50772143523002">
        <ele>2.329581454396248</ele>
        <time>2024-10-11T23:52:26Z</time>
        <extensions>
          <gpxtpx:TrackPointExtension>
            <gpxtpx:hr>149</gpxtpx:hr>
          </gpxtpx:TrackPointExtension>
        </extensions>
      </trkpt>
      <trkpt lat="38.8313895431659" lon="121.50773750862827">
        <ele>3.0463064881041646</ele>
        <time>2024-10-11T23:52:30Z</time>
        <extensions>
          <gpxtpx:TrackPointExtension>
            <gpxtpx:hr>150</gpxtpx:hr>
          </gpxtpx:TrackPointExtension>
        </extensions>
      </trkpt>
      <trkpt lat="38.831462038669024" lon="121.50775200297798">
        <ele>2.878336613997817</ele>
        <time>2024-10-11T23:52:33Z</time>
        <extensions>
          <gpxtpx:TrackPointExtension>
            <gpxtpx:hr>150</gpxtpx:hr>
          </gpxtpx:TrackPointExtension>
        </extensions>
      </trkpt>
      <trkpt lat="38.83153404272356" lon="121.50778907139888">
        <ele>2.022785071283579</ele>
        <time>2024-10-11T23:52:36Z</time>
        <extensions>
          <gpxtpx:TrackPointExtension>
            <gpxtpx:hr>150</gpxtpx:hr>
          </gpxtpx:TrackPointExtension>
        </extensions>
      </trkpt>
      <trkpt lat="38.83160652330749" lon="121.5078241247438">
        <ele>2.063245897181332</ele>
        <time>2024-10-11T23:52:39Z</time>
        <extensions>
          <gpxtpx:TrackPointExtension>
            <gpxtpx:hr>151</gpxtpx:hr>
          </gpxtpx:TrackPointExtension>
        </extensions>
      </trkpt>
      <trkpt lat="38.83167005253154" lon="121.50785853244004">
        <ele>2.273643283173442</ele>
        <time>2024-10-11T23:52:42Z</time>
        <extensions>
          <gpxtpx:TrackPointExtension>
            <gpxtpx:hr>151</gpxtpx:hr>
          </gpxtpx:TrackPointExtension>
        </extensions>
      </trkpt>
      <trkpt lat="38.83175076702352" lon="121.50795065506149">
        <ele>2.3494879603385925</ele>
        <time>2024-10-11T23:52:46Z</time>
        <extensions>
          <gpxtpx:TrackPointExtension>
            <gpxtpx:hr>152</gpxtpx:hr>
          </gpxtpx:TrackPointExtension>
        </extensions>
      </trkpt>
      <trkpt lat="38.83178886858023" lon="121.50803445261045">
        <ele>2.474879181943834</ele>
        <time>2024-10-11T23:52:49Z</time>
        <extensions>
          <gpxtpx:TrackPointExtension>
            <gpxtpx:hr>152</gpxtpx:hr>
          </gpxtpx:TrackPointExtension>
        </extensions>
      </trkpt>
      <trkpt lat="38.83183323695447" lon="121.50812969075336">
        <ele>2.452143279835582</ele>
        <time>2024-10-11T23:52:53Z</time>
        <extensions>
          <gpxtpx:TrackPointExtension>
            <gpxtpx:hr>152</gpxtpx:hr>
          </gpxtpx:TrackPointExtension>
        </extensions>
      </trkpt>
      <trkpt lat="38.83188284220422" lon="121.50824176927226">
        <ele>2.6320836693048477</ele>
        <time>2024-10-11T23:52:57Z</time>
        <extensions>
          <gpxtpx:TrackPointExtension>
            <gpxtpx:hr>153</gpxtpx:hr>
          </gpxtpx:TrackPointExtension>
        </extensions>
      </trkpt>
      <trkpt lat="38.83194483108903" lon="121.50832759814988">
        <ele>2.0252780709415674</ele>
        <time>2024-10-11T23:53:01Z</time>
        <extensions>
          <gpxtpx:TrackPointExtension>
            <gpxtpx:hr>153</gpxtpx:hr>
          </gpxtpx:TrackPointExtension>
        </extensions>
      </trkpt>
      <trkpt lat="38.832003910339076" lon="121.50840318001353">
        <ele>1.589110916480422</ele>
        <time>2024-10-11T23:53:05Z</time>
        <extensions>
          <gpxtpx:TrackPointExtension>
            <gpxtpx:hr>153</gpxtpx:hr>
          </gpxtpx:TrackPointExtension>
        </extensions>
      </trkpt>
      <trkpt lat="38.83207276251568" lon="121.50848546526656">
        <ele>2.2754405084997416</ele>
        <time>2024-10-11T23:53:09Z</time>
        <extensions>
          <gpxtpx:TrackPointExtension>
            <gpxtpx:hr>152</gpxtpx:hr>
          </gpxtpx:TrackPointExtension>
        </extensions>
      </trkpt>
      <trkpt lat="38.832152334847294" lon="121.50852603072994">
        <ele>3.138126037083566</ele>
        <time>2024-10-11T23:53:13Z</time>
        <extensions>
          <gpxtpx:TrackPointExtension>
            <gpxtpx:hr>152</gpxtpx:hr>
          </gpxtpx:TrackPointExtension>
        </extensions>
      </trkpt>
      <trkpt lat="38.832250312909224" lon="121.5085662466335">
        <ele>2.93490784522146</ele>
        <time>2024-10-11T23:53:17Z</time>
        <extensions>
          <gpxtpx:TrackPointExtension>
            <gpxtpx:hr>153</gpxtpx:hr>
          </gpxtpx:TrackPointExtension>
        </extensions>
      </trkpt>
      <trkpt lat="38.832324396531384" lon="121.50859639412491">
        <ele>2.394985556602478</ele>
        <time>2024-10-11T23:53:21Z</time>
        <extensions>
          <gpxtpx:TrackPointExtension>
            <gpxtpx:hr>149</gpxtpx:hr>
          </gpxtpx:TrackPointExtension>
        </extensions>
      </trkpt>
      <trkpt lat="38.83242221218436" lon="121.5086169252991">
        <ele>2.3454128401353955</ele>
        <time>2024-10-11T23:53:25Z</time>
        <extensions>
          <gpxtpx:TrackPointExtension>
            <gpxtpx:hr>149</gpxtpx:hr>
          </gpxtpx:TrackPointExtension>
        </extensions>
      </trkpt>
      <trkpt lat="38.832511848038834" lon="121.50861497964092">
        <ele>2.656473884359002</ele>
        <time>2024-10-11T23:53:29Z</time>
        <extensions>
          <gpxtpx:TrackPointExtension>
            <gpxtpx:hr>149</gpxtpx:hr>
          </gpxtpx:TrackPointExtension>
        </extensions>
      </trkpt>
      <trkpt lat="38.8325988960165" lon="121.50858677549353">
        <ele>2.3999175308272243</ele>
        <time>2024-10-11T23:53:33Z</time>
        <extensions>
          <gpxtpx:TrackPointExtension>
            <gpxtpx:hr>150</gpxtpx:hr>
          </gpxtpx:TrackPointExtension>
        </extensions>
      </trkpt>
      <trkpt lat="38.83268294739326" lon="121.50855081626668">
        <ele>2.0000611739233136</ele>
        <time>2024-10-11T23:53:37Z</time>
        <extensions>
          <gpxtpx:TrackPointExtension>
            <gpxtpx:hr>152</gpxtpx:hr>
          </gpxtpx:TrackPointExtension>
        </extensions>
      </trkpt>
      <trkpt lat="38.83277137634918" lon="121.50849609389299">
        <ele>1.587376268580556</ele>
        <time>2024-10-11T23:53:41Z</time>
        <extensions>
          <gpxtpx:TrackPointExtension>
            <gpxtpx:hr>153</gpxtpx:hr>
          </gpxtpx:TrackPointExtension>
        </extensions>
      </trkpt>
      <trkpt lat="38.832842048038756" lon="121.50841390285937">
        <ele>2.9630988482385874</ele>
        <time>2024-10-11T23:53:45Z</time>
        <extensions>
          <gpxtpx:TrackPointExtension>
            <gpxtpx:hr>153</gpxtpx:hr>
          </gpxtpx:TrackPointExtension>
        </extensions>
      </trkpt>
      <trkpt lat="38.832896904762414" lon="121.50834122132885">
        <ele>2.9453177070245147</ele>
        <time>2024-10-11T23:53:49Z</time>
        <extensions>
          <gpxtpx:TrackPointExtension>
            <gpxtpx:hr>153</gpxtpx:hr>
          </gpxtpx:TrackPointExtension>
        </extensions>
      </trkpt>
      <trkpt lat="38.83295740569218" lon="121.50825516741806">
        <ele>2.698231788352132</ele>
        <time>2024-10-11T23:53:53Z</time>
        <extensions>
          <gpxtpx:TrackPointExtension>
            <gpxtpx:hr>153</gpxtpx:hr>
          </gpxtpx:TrackPointExtension>
        </extensions>
      </trkpt>
      <trkpt lat="38.833019653807916" lon="121.50813791405014">
        <ele>3.7537254318594933</ele>
        <time>2024-10-11T23:53:57Z</time>
        <extensions>
          <gpxtpx:TrackPointExtension>
            <gpxtpx:hr>154</gpxtpx:hr>
          </gpxtpx:TrackPointExtension>
        </extensions>
      </trkpt>
      <trkpt lat="38.833084946072795" lon="121.50805189346461">
        <ele>3.27619850076735</ele>
        <time>2024-10-11T23:54:01Z</time>
        <extensions>
          <gpxtpx:TrackPointExtension>
            <gpxtpx:hr>153</gpxtpx:hr>
          </gpxtpx:TrackPointExtension>
        </extensions>
      </trkpt>
      <trkpt lat="38.83314355682058" lon="121.50794877081368">
        <ele>3.6811899645254016</ele>
        <time>2024-10-11T23:54:05Z</time>
        <extensions>
          <gpxtpx:TrackPointExtension>
            <gpxtpx:hr>153</gpxtpx:hr>
          </gpxtpx:TrackPointExtension>
        </extensions>
      </trkpt>
      <trkpt lat="38.83325803098544" lon="121.50794172262643">
        <ele>3.8744824305176735</ele>
        <time>2024-10-11T23:54:09Z</time>
        <extensions>
          <gpxtpx:TrackPointExtension>
            <gpxtpx:hr>153</gpxtpx:hr>
          </gpxtpx:TrackPointExtension>
        </extensions>
      </trkpt>
      <trkpt lat="38.83337950881465" lon="121.50801354596722">
        <ele>4.963012174703181</ele>
        <time>2024-10-11T23:54:13Z</time>
        <extensions>
          <gpxtpx:TrackPointExtension>
            <gpxtpx:hr>152</gpxtpx:hr>
          </gpxtpx:TrackPointExtension>
        </extensions>
      </trkpt>
      <trkpt lat="38.833450491243575" lon="121.50809227882019">
        <ele>5.166706304997206</ele>
        <time>2024-10-11T23:54:17Z</time>
        <extensions>
          <gpxtpx:TrackPointExtension>
            <gpxtpx:hr>152</gpxtpx:hr>
          </gpxtpx:TrackPointExtension>
        </extensions>
      </trkpt>
      <trkpt lat="38.833538419322466" lon="121.5081606034154">
        <ele>5.362313403747976</ele>
        <time>2024-10-11T23:54:21Z</time>
        <extensions>
          <gpxtpx:TrackPointExtension>
            <gpxtpx:hr>153</gpxtpx:hr>
          </gpxtpx:TrackPointExtension>
        </extensions>
      </trkpt>
      <trkpt lat="38.83362581226234" lon="121.5082225076189">
        <ele>6.486979806795716</ele>
        <time>2024-10-11T23:54:25Z</time>
        <extensions>
          <gpxtpx:TrackPointExtension>
            <gpxtpx:hr>154</gpxtpx:hr>
          </gpxtpx:TrackPointExtension>
        </extensions>
      </trkpt>
      <trkpt lat="38.83367982631628" lon="121.5082718805935">
        <ele>6.6830361895263195</ele>
        <time>2024-10-11T23:54:28Z</time>
        <extensions>
          <gpxtpx:TrackPointExtension>
            <gpxtpx:hr>154</gpxtpx:hr>
          </gpxtpx:TrackPointExtension>
        </extensions>
      </trkpt>
      <trkpt lat="38.833752325219116" lon="121.50831831273405">
        <ele>7.253004125319421</ele>
        <time>2024-10-11T23:54:31Z</time>
        <extensions>
          <gpxtpx:TrackPointExtension>
            <gpxtpx:hr>154</gpxtpx:hr>
          </gpxtpx:TrackPointExtension>
        </extensions>
      </trkpt>
      <trkpt lat="38.83383035620198" lon="121.5083881338131">
        <ele>7.876250118017197</ele>
        <time>2024-10-11T23:54:35Z</time>
        <extensions>
          <gpxtpx:TrackPointExtension>
            <gpxtpx:hr>157</gpxtpx:hr>
          </gpxtpx:TrackPointExtension>
        </extensions>
      </trkpt>
      <trkpt lat="38.83389035220513" lon="121.50843835120502">
        <ele>8.026133843697608</ele>
        <time>2024-10-11T23:54:38Z</time>
        <extensions>
          <gpxtpx:TrackPointExtension>
            <gpxtpx:hr>157</gpxtpx:hr>
          </gpxtpx:TrackPointExtension>
        </extensions>
      </trkpt>
      <trkpt lat="38.833986850158325" lon="121.50848448949503">
        <ele>7.526364664547145</ele>
        <time>2024-10-11T23:54:42Z</time>
        <extensions>
          <gpxtpx:TrackPointExtension>
            <gpxtpx:hr>158</gpxtpx:hr>
          </gpxtpx:TrackPointExtension>
        </extensions>
      </trkpt>
      <trkpt lat="38.834050137638776" lon="121.5085487859169">
        <ele>8.600872622802854</ele>
        <time>2024-10-11T23:54:45Z</time>
        <extensions>
          <gpxtpx:TrackPointExtension>
            <gpxtpx:hr>159</gpxtpx:hr>
          </gpxtpx:TrackPointExtension>
        </extensions>
      </trkpt>
      <trkpt lat="38.83410827732059" lon="121.50863346376809">
        <ele>8.716605491936207</ele>
        <time>2024-10-11T23:54:49Z</time>
        <extensions>
          <gpxtpx:TrackPointExtension>
            <gpxtpx:hr>160</gpxtpx:hr>
          </gpxtpx:TrackPointExtension>
        </extensions>
      </trkpt>
      <trkpt lat="38.83417467622778" lon="121.50856222930746">
        <ele>7.210798275656998</ele>
        <time>2024-10-11T23:54:53Z</time>
        <extensions>
          <gpxtpx:TrackPointExtension>
            <gpxtpx:hr>160</gpxtpx:hr>
          </gpxtpx:TrackPointExtension>
        </extensions>
      </trkpt>
      <trkpt lat="38.83418827618665" lon="121.50843952829715">
        <ele>7.590583626180887</ele>
        <time>2024-10-11T23:54:57Z</time>
        <extensions>
          <gpxtpx:TrackPointExtension>
            <gpxtpx:hr>160</gpxtpx:hr>
          </gpxtpx:TrackPointExtension>
        </extensions>
      </trkpt>
      <trkpt lat="38.83422424555442" lon="121.50833469919877">
        <ele>8.049946553073823</ele>
        <time>2024-10-11T23:55:01Z</time>
        <extensions>
          <gpxtpx:TrackPointExtension>
            <gpxtpx:hr>160</gpxtpx:hr>
          </gpxtpx:TrackPointExtension>
        </extensions>
      </trkpt>
      <trkpt lat="38.83430092155372" lon="121.5082498511972">
        <ele>8.868512524291873</ele>
        <time>2024-10-11T23:55:05Z</time>
        <extensions>
          <gpxtpx:TrackPointExtension>
            <gpxtpx:hr>159</gpxtpx:hr>
          </gpxtpx:TrackPointExtension>
        </extensions>
      </trkpt>
      <trkpt lat="38.834337119919404" lon="121.50813850704131">
        <ele>8.94061222858727</ele>
        <time>2024-10-11T23:55:09Z</time>
        <extensions>
          <gpxtpx:TrackPointExtension>
            <gpxtpx:hr>160</gpxtpx:hr>
          </gpxtpx:TrackPointExtension>
        </extensions>
      </trkpt>
      <trkpt lat="38.83438280971923" lon="121.50802311403244">
        <ele>8.04480725619942</ele>
        <time>2024-10-11T23:55:13Z</time>
        <extensions>
          <gpxtpx:TrackPointExtension>
            <gpxtpx:hr>160</gpxtpx:hr>
          </gpxtpx:TrackPointExtension>
        </extensions>
      </trkpt>
      <trkpt lat="38.834403415136116" lon="121.50790778215774">
        <ele>9.153711172752082</ele>
        <time>2024-10-11T23:55:17Z</time>
        <extensions>
          <gpxtpx:TrackPointExtension>
            <gpxtpx:hr>160</gpxtpx:hr>
          </gpxtpx:TrackPointExtension>
        </extensions>
      </trkpt>
      <trkpt lat="38.83445479848543" lon="121.50779679345405">
        <ele>8.493002440780401</ele>
        <time>2024-10-11T23:55:21Z</time>
        <extensions>
          <gpxtpx:TrackPointExtension>
            <gpxtpx:hr>160</gpxtpx:hr>
          </gpxtpx:TrackPointExtension>
        </extensions>
      </trkpt>
      <trkpt lat="38.834479466960914" lon="121.50767352345274">
        <ele>9.556836852803826</ele>
        <time>2024-10-11T23:55:25Z</time>
        <extensions>
          <gpxtpx:TrackPointExtension>
            <gpxtpx:hr>161</gpxtpx:hr>
          </gpxtpx:TrackPointExtension>
        </extensions>
      </trkpt>
      <trkpt lat="38.83453108537731" lon="121.50755167861342">
        <ele>8.521301322616637</ele>
        <time>2024-10-11T23:55:29Z</time>
        <extensions>
          <gpxtpx:TrackPointExtension>
            <gpxtpx:hr>161</gpxtpx:hr>
          </gpxtpx:TrackPointExtension>
        </extensions>
      </trkpt>
      <trkpt lat="38.83457048546402" lon="121.50743965264682">
        <ele>8.7477734265849</ele>
        <time>2024-10-11T23:55:33Z</time>
        <extensions>
          <gpxtpx:TrackPointExtension>
            <gpxtpx:hr>161</gpxtpx:hr>
          </gpxtpx:TrackPointExtension>
        </extensions>
      </trkpt>
      <trkpt lat="38.83461141949301" lon="121.50732836255074">
        <ele>9.14930968452245</ele>
        <time>2024-10-11T23:55:37Z</time>
        <extensions>
          <gpxtpx:TrackPointExtension>
            <gpxtpx:hr>160</gpxtpx:hr>
          </gpxtpx:TrackPointExtension>
        </extensions>
      </trkpt>
      <trkpt lat="38.834643824694645" lon="121.50721481991775">
        <ele>8.98410458676517</ele>
        <time>2024-10-11T23:55:41Z</time>
        <extensions>
          <gpxtpx:TrackPointExtension>
            <gpxtpx:hr>160</gpxtpx:hr>
          </gpxtpx:TrackPointExtension>
        </extensions>
      </trkpt>
      <trkpt lat="38.83469012353794" lon="121.50709839171357">
        <ele>8.276917993091047</ele>
        <time>2024-10-11T23:55:45Z</time>
        <extensions>
          <gpxtpx:TrackPointExtension>
            <gpxtpx:hr>161</gpxtpx:hr>
          </gpxtpx:TrackPointExtension>
        </extensions>
      </trkpt>
      <trkpt lat="38.83472253221086" lon="121.50697793580605">
        <ele>9.49852448143065</ele>
        <time>2024-10-11T23:55:49Z</time>
        <extensions>
          <gpxtpx:TrackPointExtension>
            <gpxtpx:hr>161</gpxtpx:hr>
          </gpxtpx:TrackPointExtension>
        </extensions>
      </trkpt>
      <trkpt lat="38.83476431876293" lon="121.50687361492115">
        <ele>9.158243468031287</ele>
        <time>2024-10-11T23:55:53Z</time>
        <extensions>
          <gpxtpx:TrackPointExtension>
            <gpxtpx:hr>161</gpxtpx:hr>
          </gpxtpx:TrackPointExtension>
        </extensions>
      </trkpt>
      <trkpt lat="38.834793101666286" lon="121.50675938221232">
        <ele>8.565352185629308</ele>
        <time>2024-10-11T23:55:57Z</time>
        <extensions>
          <gpxtpx:TrackPointExtension>
            <gpxtpx:hr>160</gpxtpx:hr>
          </gpxtpx:TrackPointExtension>
        </extensions>
      </trkpt>
      <trkpt lat="38.83482190518798" lon="121.50665059993607">
        <ele>8.931168837472796</ele>
        <time>2024-10-11T23:56:01Z</time>
        <extensions>
          <gpxtpx:TrackPointExtension>
            <gpxtpx:hr>160</gpxtpx:hr>
          </gpxtpx:TrackPointExtension>
        </extensions>
      </trkpt>
      <trkpt lat="38.83486015756007" lon="121.50653558970883">
        <ele>8.492460555396974</ele>
        <time>2024-10-11T23:56:05Z</time>
        <extensions>
          <gpxtpx:TrackPointExtension>
            <gpxtpx:hr>159</gpxtpx:hr>
          </gpxtpx:TrackPointExtension>
        </extensions>
      </trkpt>
      <trkpt lat="38.834890380758814" lon="121.50641456590779">
        <ele>7.983945864252746</ele>
        <time>2024-10-11T23:56:09Z</time>
        <extensions>
          <gpxtpx:TrackPointExtension>
            <gpxtpx:hr>159</gpxtpx:hr>
          </gpxtpx:TrackPointExtension>
        </extensions>
      </trkpt>
      <trkpt lat="38.83493365651822" lon="121.50632435875663">
        <ele>7.536229460500181</ele>
        <time>2024-10-11T23:56:13Z</time>
        <extensions>
          <gpxtpx:TrackPointExtension>
            <gpxtpx:hr>159</gpxtpx:hr>
          </gpxtpx:TrackPointExtension>
        </extensions>
      </trkpt>
      <trkpt lat="38.835028642344255" lon="121.50636559754123">
        <ele>7.810061361640692</ele>
        <time>2024-10-11T23:56:17Z</time>
        <extensions>
          <gpxtpx:TrackPointExtension>
            <gpxtpx:hr>159</gpxtpx:hr>
          </gpxtpx:TrackPointExtension>
        </extensions>
      </trkpt>
      <trkpt lat="38.83511716214811" lon="121.50628014889209">
        <ele>7.849097224883735</ele>
        <time>2024-10-11T23:56:21Z</time>
        <extensions>
          <gpxtpx:TrackPointExtension>
            <gpxtpx:hr>159</gpxtpx:hr>
          </gpxtpx:TrackPointExtension>
        </extensions>
      </trkpt>
      <trkpt lat="38.83522081913858" lon="121.5063199889951">
        <ele>8.245869976468384</ele>
        <time>2024-10-11T23:56:25Z</time>
        <extensions>
          <gpxtpx:TrackPointExtension>
            <gpxtpx:hr>159</gpxtpx:hr>
          </gpxtpx:TrackPointExtension>
        </extensions>
      </trkpt>
      <trkpt lat="38.83530864457836" lon="121.50638133497388">
        <ele>7.848931349813938</ele>
        <time>2024-10-11T23:56:29Z</time>
        <extensions>
          <gpxtpx:TrackPointExtension>
            <gpxtpx:hr>159</gpxtpx:hr>
          </gpxtpx:TrackPointExtension>
        </extensions>
      </trkpt>
      <trkpt lat="38.83533465656116" lon="121.50637834018505">
        <ele>9.547139178030193</ele>
        <time>2024-10-11T23:56:32Z</time>
        <extensions>
          <gpxtpx:TrackPointExtension>
            <gpxtpx:hr>158</gpxtpx:hr>
          </gpxtpx:TrackPointExtension>
        </extensions>
      </trkpt>
      <trkpt lat="38.83535645001681" lon="121.50640423879402">
        <ele>9.115497784689069</ele>
        <time>2024-10-11T23:56:35Z</time>
        <extensions>
          <gpxtpx:TrackPointExtension>
            <gpxtpx:hr>157</gpxtpx:hr>
          </gpxtpx:TrackPointExtension>
        </extensions>
      </trkpt>
      <trkpt lat="38.835385949774434" lon="121.50643180846875">
        <ele>8.76112102624029</ele>
        <time>2024-10-11T23:56:39Z</time>
        <extensions>
          <gpxtpx:TrackPointExtension>
            <gpxtpx:hr>157</gpxtpx:hr>
          </gpxtpx:TrackPointExtension>
        </extensions>
      </trkpt>
      <trkpt lat="38.8353996146668" lon="121.50643785704473">
        <ele>7.863763940520585</ele>
        <time>2024-10-11T23:56:42Z</time>
        <extensions>
          <gpxtpx:TrackPointExtension>
            <gpxtpx:hr>157</gpxtpx:hr>
          </gpxtpx:TrackPointExtension>
        </extensions>
      </trkpt>
      <trkpt lat="38.835426262899325" lon="121.50645725381234">
        <ele>8.18269176594913</ele>
        <time>2024-10-11T23:56:46Z</time>
        <extensions>
          <gpxtpx:TrackPointExtension>
            <gpxtpx:hr>154</gpxtpx:hr>
          </gpxtpx:TrackPointExtension>
        </extensions>
      </trkpt>
      <trkpt lat="38.83544876888097" lon="121.50646547382047">
        <ele>7.6510318126529455</ele>
        <time>2024-10-11T23:56:49Z</time>
        <extensions>
          <gpxtpx:TrackPointExtension>
            <gpxtpx:hr>150</gpxtpx:hr>
          </gpxtpx:TrackPointExtension>
        </extensions>
      </trkpt>
      <trkpt lat="38.83547557414628" lon="121.50647561098616">
        <ele>8.282357529737055</ele>
        <time>2024-10-11T23:56:52Z</time>
        <extensions>
          <gpxtpx:TrackPointExtension>
            <gpxtpx:hr>150</gpxtpx:hr>
          </gpxtpx:TrackPointExtension>
        </extensions>
      </trkpt>
      <trkpt lat="38.8355127265127" lon="121.50645453437919">
        <ele>8.370897051878273</ele>
        <time>2024-10-11T23:56:56Z</time>
        <extensions>
          <gpxtpx:TrackPointExtension>
            <gpxtpx:hr>150</gpxtpx:hr>
          </gpxtpx:TrackPointExtension>
        </extensions>
      </trkpt>
      <trkpt lat="38.83554651795985" lon="121.50644164995903">
        <ele>8.169048253446817</ele>
        <time>2024-10-11T23:56:59Z</time>
        <extensions>
          <gpxtpx:TrackPointExtension>
            <gpxtpx:hr>150</gpxtpx:hr>
          </gpxtpx:TrackPointExtension>
        </extensions>
      </trkpt>
      <trkpt lat="38.835564846538524" lon="121.50642630165137">
        <ele>8.708467150107026</ele>
        <time>2024-10-11T23:57:02Z</time>
        <extensions>
          <gpxtpx:TrackPointExtension>
            <gpxtpx:hr>137</gpxtpx:hr>
          </gpxtpx:TrackPointExtension>
        </extensions>
      </trkpt>
      <trkpt lat="38.83559297051976" lon="121.50640590075503">
        <ele>9.333539443090558</ele>
        <time>2024-10-11T23:57:05Z</time>
        <extensions>
          <gpxtpx:TrackPointExtension>
            <gpxtpx:hr>137</gpxtpx:hr>
          </gpxtpx:TrackPointExtension>
        </extensions>
      </trkpt>
      <trkpt lat="38.835614604596216" lon="121.50639248267032">
        <ele>8.97251865081489</ele>
        <time>2024-10-11T23:57:08Z</time>
        <extensions>
          <gpxtpx:TrackPointExtension>
            <gpxtpx:hr>137</gpxtpx:hr>
          </gpxtpx:TrackPointExtension>
        </extensions>
      </trkpt>
      <trkpt lat="38.835625716786" lon="121.50639036298878">
        <ele>9.662918786518276</ele>
        <time>2024-10-11T23:57:11Z</time>
        <extensions>
          <gpxtpx:TrackPointExtension>
            <gpxtpx:hr>137</gpxtpx:hr>
          </gpxtpx:TrackPointExtension>
        </extensions>
      </trkpt>
      <trkpt lat="38.83563150662799" lon="121.50636674486219">
        <ele>8.489932681433856</ele>
        <time>2024-10-11T23:57:14Z</time>
        <extensions>
          <gpxtpx:TrackPointExtension>
            <gpxtpx:hr>137</gpxtpx:hr>
          </gpxtpx:TrackPointExtension>
        </extensions>
      </trkpt>
      <trkpt lat="38.83563272217023" lon="121.50635394121335">
        <ele>8.77485812548548</ele>
        <time>2024-10-11T23:57:17Z</time>
        <extensions>
          <gpxtpx:TrackPointExtension>
            <gpxtpx:hr>135</gpxtpx:hr>
          </gpxtpx:TrackPointExtension>
        </extensions>
      </trkpt>
      <trkpt lat="38.83566698291526" lon="121.50633596489091">
        <ele>9.324424252845347</ele>
        <time>2024-10-11T23:57:20Z</time>
        <extensions>
          <gpxtpx:TrackPointExtension>
            <gpxtpx:hr>132</gpxtpx:hr>
          </gpxtpx:TrackPointExtension>
        </extensions>
      </trkpt>
      <trkpt lat="38.83569027992182" lon="121.50631560741927">
        <ele>8.457090239971876</ele>
        <time>2024-10-11T23:57:23Z</time>
        <extensions>
          <gpxtpx:TrackPointExtension>
            <gpxtpx:hr>132</gpxtpx:hr>
          </gpxtpx:TrackPointExtension>
        </extensions>
      </trkpt>
      <trkpt lat="38.835726705706264" lon="121.50631498261671">
        <ele>8.14968531113118</ele>
        <time>2024-10-11T23:57:26Z</time>
        <extensions>
          <gpxtpx:TrackPointExtension>
            <gpxtpx:hr>132</gpxtpx:hr>
          </gpxtpx:TrackPointExtension>
        </extensions>
      </trkpt>
      <trkpt lat="38.835763905710614" lon="121.50632473236882">
        <ele>8.478550842963159</ele>
        <time>2024-10-11T23:57:30Z</time>
        <extensions>
          <gpxtpx:TrackPointExtension>
            <gpxtpx:hr>130</gpxtpx:hr>
          </gpxtpx:TrackPointExtension>
        </extensions>
      </trkpt>
      <trkpt lat="38.83579185992736" lon="121.5063296495702">
        <ele>8.266309838742018</ele>
        <time>2024-10-11T23:57:34Z</time>
        <extensions>
          <gpxtpx:TrackPointExtension>
            <gpxtpx:hr>130</gpxtpx:hr>
          </gpxtpx:TrackPointExtension>
        </extensions>
      </trkpt>
      <trkpt lat="38.83582523754397" lon="121.5062919759366">
        <ele>8.49789316020906</ele>
        <time>2024-10-11T23:57:38Z</time>
        <extensions>
          <gpxtpx:TrackPointExtension>
            <gpxtpx:hr>127</gpxtpx:hr>
          </gpxtpx:TrackPointExtension>
        </extensions>
      </trkpt>
      <trkpt lat="38.835824334458145" lon="121.5062339617174">
        <ele>8.832820261828601</ele>
        <time>2024-10-11T23:57:42Z</time>
        <extensions>
          <gpxtpx:TrackPointExtension>
            <gpxtpx:hr>125</gpxtpx:hr>
          </gpxtpx:TrackPointExtension>
        </extensions>
      </trkpt>
      <trkpt lat="38.835828812309146" lon="121.50617900687492">
        <ele>9.266854845918715</ele>
        <time>2024-10-11T23:57:46Z</time>
        <extensions>
          <gpxtpx:TrackPointExtension>
            <gpxtpx:hr>122</gpxtpx:hr>
          </gpxtpx:TrackPointExtension>
        </extensions>
      </trkpt>
      <trkpt lat="38.83584315869422" lon="121.50613229526259">
        <ele>9.40512529015541</ele>
        <time>2024-10-11T23:57:50Z</time>
        <extensions>
          <gpxtpx:TrackPointExtension>
            <gpxtpx:hr>120</gpxtpx:hr>
          </gpxtpx:TrackPointExtension>
        </extensions>
      </trkpt>
      <trkpt lat="38.83586049165498" lon="121.50609269911872">
        <ele>8.64653268456459</ele>
        <time>2024-10-11T23:57:54Z</time>
        <extensions>
          <gpxtpx:TrackPointExtension>
            <gpxtpx:hr>120</gpxtpx:hr>
          </gpxtpx:TrackPointExtension>
        </extensions>
      </trkpt>
      <trkpt lat="38.835881283032535" lon="121.50604730989144">
        <ele>9.490392056293786</ele>
        <time>2024-10-11T23:57:58Z</time>
        <extensions>
          <gpxtpx:TrackPointExtension>
            <gpxtpx:hr>120</gpxtpx:hr>
          </gpxtpx:TrackPointExtension>
        </extensions>
      </trkpt>
      <trkpt lat="38.83589289649575" lon="121.50601130360371">
        <ele>9.263840284198523</ele>
        <time>2024-10-11T23:58:02Z</time>
        <extensions>
          <gpxtpx:TrackPointExtension>
            <gpxtpx:hr>120</gpxtpx:hr>
          </gpxtpx:TrackPointExtension>
        </extensions>
      </trkpt>
      <trkpt lat="38.83590104861633" lon="121.5059641238415">
        <ele>8.515622076578438</ele>
        <time>2024-10-11T23:58:06Z</time>
      </trkpt>
      <trkpt lat="38.83591096706181" lon="121.50592461170308">
        <ele>8.331844080239534</ele>
        <time>2024-10-11T23:58:10Z</time>
      </trkpt>
      <trkpt lat="38.83594675646305" lon="121.50590031097926">
        <ele>9.26170780789107</ele>
        <time>2024-10-11T23:58:14Z</time>
      </trkpt>
      <trkpt lat="38.83595669757615" lon="121.50585839863892">
        <ele>8.842603652738035</ele>
        <time>2024-10-11T23:58:18Z</time>
      </trkpt>
      <trkpt lat="38.83598870640196" lon="121.50584060918547">
        <ele>9.071451419964433</ele>
        <time>2024-10-11T23:58:22Z</time>
        <extensions>
          <gpxtpx:TrackPointExtension>
            <gpxtpx:hr>115</gpxtpx:hr>
          </gpxtpx:TrackPointExtension>
        </extensions>
      </trkpt>
      <trkpt lat="38.83601738180996" lon="121.50583371935025">
        <ele>8.392111408524215</ele>
        <time>2024-10-11T23:58:26Z</time>
        <extensions>
          <gpxtpx:TrackPointExtension>
            <gpxtpx:hr>115</gpxtpx:hr>
          </gpxtpx:TrackPointExtension>
        </extensions>
      </trkpt>
      <trkpt lat="38.83603540525116" lon="121.5058304307337">
        <ele>8.388117126189172</ele>
        <time>2024-10-11T23:58:30Z</time>
        <extensions>
          <gpxtpx:TrackPointExtension>
            <gpxtpx:hr>115</gpxtpx:hr>
          </gpxtpx:TrackPointExtension>
        </extensions>
      </trkpt>
      <trkpt lat="38.83603540525116" lon="121.5058304307337">
        <ele>8.388117126189172</ele>
        <time>2024-10-11T23:58:34Z</time>
        <extensions>
          <gpxtpx:TrackPointExtension>
            <gpxtpx:hr>107</gpxtpx:hr>
          </gpxtpx:TrackPointExtension>
        </extensions>
      </trkpt>
      <trkpt lat="38.83603540525116" lon="121.5058304307337">
        <ele>8.388117126189172</ele>
        <time>2024-10-11T23:58:37Z</time>
        <extensions>
          <gpxtpx:TrackPointExtension>
            <gpxtpx:hr>107</gpxtpx:hr>
          </gpxtpx:TrackPointExtension>
        </extensions>
      </trkpt>
      <trkpt lat="38.83603540525116" lon="121.5058304307337">
        <ele>8.388117126189172</ele>
        <time>2024-10-11T23:58:40Z</time>
        <extensions>
          <gpxtpx:TrackPointExtension>
            <gpxtpx:hr>106</gpxtpx:hr>
          </gpxtpx:TrackPointExtension>
        </extensions>
      </trkpt>
      <trkpt lat="38.83603540525116" lon="121.5058304307337">
        <ele>8.388117126189172</ele>
        <time>2024-10-11T23:58:43Z</time>
        <extensions>
          <gpxtpx:TrackPointExtension>
            <gpxtpx:hr>106</gpxtpx:hr>
          </gpxtpx:TrackPointExtension>
        </extensions>
      </trkpt>
      <trkpt lat="38.83603540525116" lon="121.5058304307337">
        <ele>8.388117126189172</ele>
        <time>2024-10-11T23:58:47Z</time>
        <extensions>
          <gpxtpx:TrackPointExtension>
            <gpxtpx:hr>104</gpxtpx:hr>
          </gpxtpx:TrackPointExtension>
        </extensions>
      </trkpt>
      <trkpt lat="38.83603540525116" lon="121.5058304307337">
        <ele>8.388117126189172</ele>
        <time>2024-10-11T23:58:50Z</time>
        <extensions>
          <gpxtpx:TrackPointExtension>
            <gpxtpx:hr>104</gpxtpx:hr>
          </gpxtpx:TrackPointExtension>
        </extensions>
      </trkpt>
      <trkpt lat="38.83620133857955" lon="121.5059497293094">
        <ele>8.684674550779164</ele>
        <time>2024-10-11T23:58:53Z</time>
        <extensions>
          <gpxtpx:TrackPointExtension>
            <gpxtpx:hr>104</gpxtpx:hr>
          </gpxtpx:TrackPointExtension>
        </extensions>
      </trkpt>
      <trkpt lat="38.836158671598085" lon="121.50591205429697">
        <ele>8.972967943176627</ele>
        <time>2024-10-11T23:58:56Z</time>
        <extensions>
          <gpxtpx:TrackPointExtension>
            <gpxtpx:hr>104</gpxtpx:hr>
          </gpxtpx:TrackPointExtension>
        </extensions>
      </trkpt>
      <trkpt lat="38.836130168722384" lon="121.50586363273432">
        <ele>9.007618955336511</ele>
        <time>2024-10-11T23:58:59Z</time>
        <extensions>
          <gpxtpx:TrackPointExtension>
            <gpxtpx:hr>104</gpxtpx:hr>
          </gpxtpx:TrackPointExtension>
        </extensions>
      </trkpt>
      <trkpt lat="38.83605614308022" lon="121.50582001211906">
        <ele>9.13847031723708</ele>
        <time>2024-10-11T23:59:02Z</time>
        <extensions>
          <gpxtpx:TrackPointExtension>
            <gpxtpx:hr>104</gpxtpx:hr>
          </gpxtpx:TrackPointExtension>
        </extensions>
      </trkpt>
      <trkpt lat="38.83604297635052" lon="121.5057856954871">
        <ele>8.92871318757534</ele>
        <time>2024-10-11T23:59:05Z</time>
        <extensions>
          <gpxtpx:TrackPointExtension>
            <gpxtpx:hr>104</gpxtpx:hr>
          </gpxtpx:TrackPointExtension>
        </extensions>
      </trkpt>
      <trkpt lat="38.83604137293783" lon="121.50573875144701">
        <ele>8.378445434384048</ele>
        <time>2024-10-11T23:59:08Z</time>
      </trkpt>
      <trkpt lat="38.83603261707015" lon="121.5057125726964">
        <ele>9.479547992348671</ele>
        <time>2024-10-11T23:59:11Z</time>
      </trkpt>
      <trkpt lat="38.836041695591774" lon="121.50568154044237">
        <ele>9.23695300705731</ele>
        <time>2024-10-11T23:59:14Z</time>
        <extensions>
          <gpxtpx:TrackPointExtension>
            <gpxtpx:hr>107</gpxtpx:hr>
          </gpxtpx:TrackPointExtension>
        </extensions>
      </trkpt>
      <trkpt lat="38.83605222133361" lon="121.50565210586484">
        <ele>9.035019324161112</ele>
        <time>2024-10-11T23:59:17Z</time>
        <extensions>
          <gpxtpx:TrackPointExtension>
            <gpxtpx:hr>107</gpxtpx:hr>
          </gpxtpx:TrackPointExtension>
        </extensions>
      </trkpt>
      <trkpt lat="38.836058913845136" lon="121.50561929944682">
        <ele>9.211237059906125</ele>
        <time>2024-10-11T23:59:20Z</time>
        <extensions>
          <gpxtpx:TrackPointExtension>
            <gpxtpx:hr>107</gpxtpx:hr>
          </gpxtpx:TrackPointExtension>
        </extensions>
      </trkpt>
      <trkpt lat="38.836070700417565" lon="121.50559704603002">
        <ele>9.557356152683496</ele>
        <time>2024-10-11T23:59:23Z</time>
        <extensions>
          <gpxtpx:TrackPointExtension>
            <gpxtpx:hr>107</gpxtpx:hr>
          </gpxtpx:TrackPointExtension>
        </extensions>
      </trkpt>
      <trkpt lat="38.83608526132612" lon="121.50556869093671">
        <ele>9.861435470171273</ele>
        <time>2024-10-11T23:59:26Z</time>
        <extensions>
          <gpxtpx:TrackPointExtension>
            <gpxtpx:hr>101</gpxtpx:hr>
          </gpxtpx:TrackPointExtension>
        </extensions>
      </trkpt>
      <trkpt lat="38.83610476491906" lon="121.50554163340564">
        <ele>9.465096364729106</ele>
        <time>2024-10-11T23:59:29Z</time>
        <extensions>
          <gpxtpx:TrackPointExtension>
            <gpxtpx:hr>101</gpxtpx:hr>
          </gpxtpx:TrackPointExtension>
        </extensions>
      </trkpt>
      <trkpt lat="38.8361183562635" lon="121.50550283768499">
        <ele>9.140803099609911</ele>
        <time>2024-10-11T23:59:33Z</time>
        <extensions>
          <gpxtpx:TrackPointExtension>
            <gpxtpx:hr>100</gpxtpx:hr>
          </gpxtpx:TrackPointExtension>
        </extensions>
      </trkpt>
      <trkpt lat="38.83612931988305" lon="121.50547144014088">
        <ele>9.000666894949973</ele>
        <time>2024-10-11T23:59:36Z</time>
        <extensions>
          <gpxtpx:TrackPointExtension>
            <gpxtpx:hr>100</gpxtpx:hr>
          </gpxtpx:TrackPointExtension>
        </extensions>
      </trkpt>
      <trkpt lat="38.836143673588104" lon="121.50543215294219">
        <ele>9.484152738936245</ele>
        <time>2024-10-11T23:59:40Z</time>
        <extensions>
          <gpxtpx:TrackPointExtension>
            <gpxtpx:hr>100</gpxtpx:hr>
          </gpxtpx:TrackPointExtension>
        </extensions>
      </trkpt>
      <trkpt lat="38.83617461146529" lon="121.50540453062753">
        <ele>8.806139864958823</ele>
        <time>2024-10-11T23:59:44Z</time>
        <extensions>
          <gpxtpx:TrackPointExtension>
            <gpxtpx:hr>100</gpxtpx:hr>
          </gpxtpx:TrackPointExtension>
        </extensions>
      </trkpt>
      <trkpt lat="38.83618534781435" lon="121.50536554251136">
        <ele>9.12758124154061</ele>
        <time>2024-10-11T23:59:48Z</time>
        <extensions>
          <gpxtpx:TrackPointExtension>
            <gpxtpx:hr>100</gpxtpx:hr>
          </gpxtpx:TrackPointExtension>
        </extensions>
      </trkpt>
      <trkpt lat="38.836197472818384" lon="121.50532064993142">
        <ele>9.386083298362792</ele>
        <time>2024-10-11T23:59:52Z</time>
        <extensions>
          <gpxtpx:TrackPointExtension>
            <gpxtpx:hr>99</gpxtpx:hr>
          </gpxtpx:TrackPointExtension>
        </extensions>
      </trkpt>
      <trkpt lat="38.83620682757149" lon="121.50527544619972">
        <ele>9.293625170364976</ele>
        <time>2024-10-11T23:59:56Z</time>
        <extensions>
          <gpxtpx:TrackPointExtension>
            <gpxtpx:hr>98</gpxtpx:hr>
          </gpxtpx:TrackPointExtension>
        </extensions>
      </trkpt>
      <trkpt lat="38.83622055011298" lon="121.50523519352835">
        <ele>8.719020895659924</ele>
        <time>2024-10-12T00:00:00Z</time>
        <extensions>
          <gpxtpx:TrackPointExtension>
            <gpxtpx:hr>99</gpxtpx:hr>
          </gpxtpx:TrackPointExtension>
        </extensions>
      </trkpt>
      <trkpt lat="38.83622359000093" lon="121.50518488691242">
        <ele>9.722007962875068</ele>
        <time>2024-10-12T00:00:04Z</time>
        <extensions>
          <gpxtpx:TrackPointExtension>
            <gpxtpx:hr>99</gpxtpx:hr>
          </gpxtpx:TrackPointExtension>
        </extensions>
      </trkpt>
      <trkpt lat="38.83624061716029" lon="121.50514846111923">
        <ele>9.59798002615571</ele>
        <time>2024-10-12T00:00:08Z</time>
        <extensions>
          <gpxtpx:TrackPointExtension>
            <gpxtpx:hr>99</gpxtpx:hr>
          </gpxtpx:TrackPointExtension>
        </extensions>
      </trkpt>
      <trkpt lat="38.83625345341995" lon="121.50511094056792">
        <ele>10.153057708404958</ele>
        <time>2024-10-12T00:00:12Z</time>
        <extensions>
          <gpxtpx:TrackPointExtension>
            <gpxtpx:hr>99</gpxtpx:hr>
          </gpxtpx:TrackPointExtension>
        </extensions>
      </trkpt>
      <trkpt lat="38.83626154037051" lon="121.50506541602537">
        <ele>10.538682172074914</ele>
        <time>2024-10-12T00:00:16Z</time>
        <extensions>
          <gpxtpx:TrackPointExtension>
            <gpxtpx:hr>105</gpxtpx:hr>
          </gpxtpx:TrackPointExtension>
        </extensions>
      </trkpt>
      <trkpt lat="38.836276125842204" lon="121.50502275010396">
        <ele>10.169234523549676</ele>
        <time>2024-10-12T00:00:20Z</time>
        <extensions>
          <gpxtpx:TrackPointExtension>
            <gpxtpx:hr>104</gpxtpx:hr>
          </gpxtpx:TrackPointExtension>
        </extensions>
      </trkpt>
      <trkpt lat="38.8362960523854" lon="121.50498483405623">
        <ele>10.503920041956007</ele>
        <time>2024-10-12T00:00:24Z</time>
        <extensions>
          <gpxtpx:TrackPointExtension>
            <gpxtpx:hr>104</gpxtpx:hr>
          </gpxtpx:TrackPointExtension>
        </extensions>
      </trkpt>
      <trkpt lat="38.83631039849618" lon="121.50494444645183">
        <ele>10.529869730584323</ele>
        <time>2024-10-12T00:00:28Z</time>
        <extensions>
          <gpxtpx:TrackPointExtension>
            <gpxtpx:hr>104</gpxtpx:hr>
          </gpxtpx:TrackPointExtension>
        </extensions>
      </trkpt>
      <trkpt lat="38.83633406149474" lon="121.50490848923657">
        <ele>9.805421508848667</ele>
        <time>2024-10-12T00:00:32Z</time>
        <extensions>
          <gpxtpx:TrackPointExtension>
            <gpxtpx:hr>104</gpxtpx:hr>
          </gpxtpx:TrackPointExtension>
        </extensions>
      </trkpt>
      <trkpt lat="38.836351984220144" lon="121.50486235115889">
        <ele>10.039054748602211</ele>
        <time>2024-10-12T00:00:36Z</time>
        <extensions>
          <gpxtpx:TrackPointExtension>
            <gpxtpx:hr>106</gpxtpx:hr>
          </gpxtpx:TrackPointExtension>
        </extensions>
      </trkpt>
      <trkpt lat="38.8363624916582" lon="121.50481091132622">
        <ele>10.293869097717106</ele>
        <time>2024-10-12T00:00:40Z</time>
        <extensions>
          <gpxtpx:TrackPointExtension>
            <gpxtpx:hr>106</gpxtpx:hr>
          </gpxtpx:TrackPointExtension>
        </extensions>
      </trkpt>
      <trkpt lat="38.83636978014134" lon="121.50475070323888">
        <ele>10.044080445542932</ele>
        <time>2024-10-12T00:00:44Z</time>
        <extensions>
          <gpxtpx:TrackPointExtension>
            <gpxtpx:hr>106</gpxtpx:hr>
          </gpxtpx:TrackPointExtension>
        </extensions>
      </trkpt>
      <trkpt lat="38.83637184807484" lon="121.50470345010473">
        <ele>9.693384785205126</ele>
        <time>2024-10-12T00:00:47Z</time>
        <extensions>
          <gpxtpx:TrackPointExtension>
            <gpxtpx:hr>106</gpxtpx:hr>
          </gpxtpx:TrackPointExtension>
        </extensions>
      </trkpt>
      <trkpt lat="38.83638890708097" lon="121.50466903319031">
        <ele>9.300816080532968</ele>
        <time>2024-10-12T00:00:50Z</time>
        <extensions>
          <gpxtpx:TrackPointExtension>
            <gpxtpx:hr>106</gpxtpx:hr>
          </gpxtpx:TrackPointExtension>
        </extensions>
      </trkpt>
      <trkpt lat="38.83640347263478" lon="121.50463348364396">
        <ele>9.940834510140121</ele>
        <time>2024-10-12T00:00:53Z</time>
        <extensions>
          <gpxtpx:TrackPointExtension>
            <gpxtpx:hr>106</gpxtpx:hr>
          </gpxtpx:TrackPointExtension>
        </extensions>
      </trkpt>
      <trkpt lat="38.8364185235722" lon="121.50460415545875">
        <ele>9.861021449789405</ele>
        <time>2024-10-12T00:00:56Z</time>
        <extensions>
          <gpxtpx:TrackPointExtension>
            <gpxtpx:hr>106</gpxtpx:hr>
          </gpxtpx:TrackPointExtension>
        </extensions>
      </trkpt>
      <trkpt lat="38.83643220609118" lon="121.50457663376852">
        <ele>10.54076287895441</ele>
        <time>2024-10-12T00:00:59Z</time>
      </trkpt>
      <trkpt lat="38.83644638122933" lon="121.50454552354948">
        <ele>8.918366016820073</ele>
        <time>2024-10-12T00:01:02Z</time>
      </trkpt>
      <trkpt lat="38.83646238208585" lon="121.50451877361843">
        <ele>10.187619929201901</ele>
        <time>2024-10-12T00:01:05Z</time>
      </trkpt>
      <trkpt lat="38.83648004448421" lon="121.50448754570749">
        <ele>10.489891192875803</ele>
        <time>2024-10-12T00:01:08Z</time>
      </trkpt>
      <trkpt lat="38.83649190538001" lon="121.50444574040849">
        <ele>10.249209037981927</ele>
        <time>2024-10-12T00:01:11Z</time>
      </trkpt>
      <trkpt lat="38.83650779325852" lon="121.50441413137247">
        <ele>10.557877012528479</ele>
        <time>2024-10-12T00:01:14Z</time>
      </trkpt>
      <trkpt lat="38.83651672825052" lon="121.50437813380435">
        <ele>10.406078244559467</ele>
        <time>2024-10-12T00:01:17Z</time>
      </trkpt>
      <trkpt lat="38.83652461642357" lon="121.50434117922009">
        <ele>10.607295923866332</ele>
        <time>2024-10-12T00:01:20Z</time>
      </trkpt>
      <trkpt lat="38.836538802726515" lon="121.50430953428737">
        <ele>10.81942836754024</ele>
        <time>2024-10-12T00:01:23Z</time>
      </trkpt>
      <trkpt lat="38.83655929152337" lon="121.50426720476169">
        <ele>10.707910968922079</ele>
        <time>2024-10-12T00:01:27Z</time>
      </trkpt>
      <trkpt lat="38.83657068487504" lon="121.5042381880134">
        <ele>11.051554962992668</ele>
        <time>2024-10-12T00:01:30Z</time>
      </trkpt>
      <trkpt lat="38.83658965791308" lon="121.50419153594632">
        <ele>11.146252937614918</ele>
        <time>2024-10-12T00:01:34Z</time>
      </trkpt>
      <trkpt lat="38.83659962122449" lon="121.50415140769998">
        <ele>10.994365552440286</ele>
        <time>2024-10-12T00:01:37Z</time>
      </trkpt>
      <trkpt lat="38.836617364330515" lon="121.50409722548164">
        <ele>11.54946992918849</ele>
        <time>2024-10-12T00:01:41Z</time>
      </trkpt>
      <trkpt lat="38.8366389861466" lon="121.50404806886345">
        <ele>11.656136118806899</ele>
        <time>2024-10-12T00:01:45Z</time>
      </trkpt>
      <trkpt lat="38.836652639573785" lon="121.50400743765712">
        <ele>11.164444714784622</ele>
        <time>2024-10-12T00:01:49Z</time>
      </trkpt>
      <trkpt lat="38.83666417151949" lon="121.50396944739713">
        <ele>11.182949868962169</ele>
        <time>2024-10-12T00:01:52Z</time>
      </trkpt>
      <trkpt lat="38.836681000493" lon="121.50392722658309">
        <ele>11.570623160339892</ele>
        <time>2024-10-12T00:01:56Z</time>
      </trkpt>
      <trkpt lat="38.83668635500641" lon="121.503888557703">
        <ele>10.982556456699967</ele>
        <time>2024-10-12T00:01:59Z</time>
        <extensions>
          <gpxtpx:TrackPointExtension>
            <gpxtpx:hr>105</gpxtpx:hr>
          </gpxtpx:TrackPointExtension>
        </extensions>
      </trkpt>
      <trkpt lat="38.83669801866115" lon="121.50383230837427">
        <ele>11.30315451696515</ele>
        <time>2024-10-12T00:02:03Z</time>
        <extensions>
          <gpxtpx:TrackPointExtension>
            <gpxtpx:hr>105</gpxtpx:hr>
          </gpxtpx:TrackPointExtension>
        </extensions>
      </trkpt>
      <trkpt lat="38.83672211030052" lon="121.50379452026468">
        <ele>11.819989240728319</ele>
        <time>2024-10-12T00:02:07Z</time>
        <extensions>
          <gpxtpx:TrackPointExtension>
            <gpxtpx:hr>105</gpxtpx:hr>
          </gpxtpx:TrackPointExtension>
        </extensions>
      </trkpt>
      <trkpt lat="38.8367575346265" lon="121.503771019656">
        <ele>11.318326626904309</ele>
        <time>2024-10-12T00:02:11Z</time>
        <extensions>
          <gpxtpx:TrackPointExtension>
            <gpxtpx:hr>105</gpxtpx:hr>
          </gpxtpx:TrackPointExtension>
        </extensions>
      </trkpt>
      <trkpt lat="38.836785078171225" lon="121.50374647690954">
        <ele>12.376758880913258</ele>
        <time>2024-10-12T00:02:14Z</time>
        <extensions>
          <gpxtpx:TrackPointExtension>
            <gpxtpx:hr>105</gpxtpx:hr>
          </gpxtpx:TrackPointExtension>
        </extensions>
      </trkpt>
      <trkpt lat="38.836813923114995" lon="121.50371593382624">
        <ele>11.363382938317955</ele>
        <time>2024-10-12T00:02:18Z</time>
        <extensions>
          <gpxtpx:TrackPointExtension>
            <gpxtpx:hr>105</gpxtpx:hr>
          </gpxtpx:TrackPointExtension>
        </extensions>
      </trkpt>
      <trkpt lat="38.83683340986544" lon="121.5036783898381">
        <ele>10.187029890716076</ele>
        <time>2024-10-12T00:02:22Z</time>
        <extensions>
          <gpxtpx:TrackPointExtension>
            <gpxtpx:hr>105</gpxtpx:hr>
          </gpxtpx:TrackPointExtension>
        </extensions>
      </trkpt>
      <trkpt lat="38.83685423592042" lon="121.5036380526656">
        <ele>10.311201606877148</ele>
        <time>2024-10-12T00:02:26Z</time>
        <extensions>
          <gpxtpx:TrackPointExtension>
            <gpxtpx:hr>106</gpxtpx:hr>
          </gpxtpx:TrackPointExtension>
        </extensions>
      </trkpt>
      <trkpt lat="38.83687306522749" lon="121.50360266440134">
        <ele>10.398511152714491</ele>
        <time>2024-10-12T00:02:30Z</time>
        <extensions>
          <gpxtpx:TrackPointExtension>
            <gpxtpx:hr>106</gpxtpx:hr>
          </gpxtpx:TrackPointExtension>
        </extensions>
      </trkpt>
      <trkpt lat="38.83686789783516" lon="121.50356154033226">
        <ele>11.303115277551115</ele>
        <time>2024-10-12T00:02:34Z</time>
        <extensions>
          <gpxtpx:TrackPointExtension>
            <gpxtpx:hr>106</gpxtpx:hr>
          </gpxtpx:TrackPointExtension>
        </extensions>
      </trkpt>
      <trkpt lat="38.83685904513681" lon="121.50355462101943">
        <ele>11.289696101099253</ele>
        <time>2024-10-12T00:02:38Z</time>
        <extensions>
          <gpxtpx:TrackPointExtension>
            <gpxtpx:hr>102</gpxtpx:hr>
          </gpxtpx:TrackPointExtension>
        </extensions>
      </trkpt>
      <trkpt lat="38.836865556107874" lon="121.50354790464756">
        <ele>10.774501325562596</ele>
        <time>2024-10-12T00:02:42Z</time>
        <extensions>
          <gpxtpx:TrackPointExtension>
            <gpxtpx:hr>102</gpxtpx:hr>
          </gpxtpx:TrackPointExtension>
        </extensions>
      </trkpt>
      <trkpt lat="38.83690642727901" lon="121.5035327787043">
        <ele>10.910589356906712</ele>
        <time>2024-10-12T00:02:46Z</time>
        <extensions>
          <gpxtpx:TrackPointExtension>
            <gpxtpx:hr>102</gpxtpx:hr>
          </gpxtpx:TrackPointExtension>
        </extensions>
      </trkpt>
      <trkpt lat="38.836956432311986" lon="121.5035244595888">
        <ele>10.600444979034364</ele>
        <time>2024-10-12T00:02:50Z</time>
        <extensions>
          <gpxtpx:TrackPointExtension>
            <gpxtpx:hr>103</gpxtpx:hr>
          </gpxtpx:TrackPointExtension>
        </extensions>
      </trkpt>
      <trkpt lat="38.837001547959304" lon="121.50351037947866">
        <ele>10.967658361420035</ele>
        <time>2024-10-12T00:02:54Z</time>
        <extensions>
          <gpxtpx:TrackPointExtension>
            <gpxtpx:hr>104</gpxtpx:hr>
          </gpxtpx:TrackPointExtension>
        </extensions>
      </trkpt>
      <trkpt lat="38.83703622579657" lon="121.50350307818839">
        <ele>11.995773644186556</ele>
        <time>2024-10-12T00:02:57Z</time>
        <extensions>
          <gpxtpx:TrackPointExtension>
            <gpxtpx:hr>103</gpxtpx:hr>
          </gpxtpx:TrackPointExtension>
        </extensions>
      </trkpt>
      <trkpt lat="38.837074125558736" lon="121.50349501538773">
        <ele>11.91877802927047</ele>
        <time>2024-10-12T00:03:00Z</time>
        <extensions>
          <gpxtpx:TrackPointExtension>
            <gpxtpx:hr>103</gpxtpx:hr>
          </gpxtpx:TrackPointExtension>
        </extensions>
      </trkpt>
      <trkpt lat="38.83710656167815" lon="121.50349360459101">
        <ele>11.835046500898898</ele>
        <time>2024-10-12T00:03:03Z</time>
        <extensions>
          <gpxtpx:TrackPointExtension>
            <gpxtpx:hr>103</gpxtpx:hr>
          </gpxtpx:TrackPointExtension>
        </extensions>
      </trkpt>
      <trkpt lat="38.83713828915547" lon="121.50348870793646">
        <ele>11.875053480267525</ele>
        <time>2024-10-12T00:03:06Z</time>
        <extensions>
          <gpxtpx:TrackPointExtension>
            <gpxtpx:hr>103</gpxtpx:hr>
          </gpxtpx:TrackPointExtension>
        </extensions>
      </trkpt>
      <trkpt lat="38.83717242744915" lon="121.5035029606658">
        <ele>11.313387079164386</ele>
        <time>2024-10-12T00:03:09Z</time>
        <extensions>
          <gpxtpx:TrackPointExtension>
            <gpxtpx:hr>103</gpxtpx:hr>
          </gpxtpx:TrackPointExtension>
        </extensions>
      </trkpt>
      <trkpt lat="38.83718715498983" lon="121.50354661334474">
        <ele>11.0584358824417</ele>
        <time>2024-10-12T00:03:12Z</time>
        <extensions>
          <gpxtpx:TrackPointExtension>
            <gpxtpx:hr>103</gpxtpx:hr>
          </gpxtpx:TrackPointExtension>
        </extensions>
      </trkpt>
      <trkpt lat="38.83718716943395" lon="121.50359583809801">
        <ele>10.745427558198571</ele>
        <time>2024-10-12T00:03:15Z</time>
        <extensions>
          <gpxtpx:TrackPointExtension>
            <gpxtpx:hr>103</gpxtpx:hr>
          </gpxtpx:TrackPointExtension>
        </extensions>
      </trkpt>
      <trkpt lat="38.83717601673038" lon="121.5036357521104">
        <ele>10.524789807386696</ele>
        <time>2024-10-12T00:03:18Z</time>
        <extensions>
          <gpxtpx:TrackPointExtension>
            <gpxtpx:hr>103</gpxtpx:hr>
          </gpxtpx:TrackPointExtension>
        </extensions>
      </trkpt>
      <trkpt lat="38.83718996740768" lon="121.50368393247189">
        <ele>10.135701952502131</ele>
        <time>2024-10-12T00:03:21Z</time>
        <extensions>
          <gpxtpx:TrackPointExtension>
            <gpxtpx:hr>103</gpxtpx:hr>
          </gpxtpx:TrackPointExtension>
        </extensions>
      </trkpt>
      <trkpt lat="38.83718815739182" lon="121.50372400761614">
        <ele>10.359090055339038</ele>
        <time>2024-10-12T00:03:24Z</time>
        <extensions>
          <gpxtpx:TrackPointExtension>
            <gpxtpx:hr>103</gpxtpx:hr>
          </gpxtpx:TrackPointExtension>
        </extensions>
      </trkpt>
      <trkpt lat="38.83719019717899" lon="121.5037538138916">
        <ele>10.062580085359514</ele>
        <time>2024-10-12T00:03:27Z</time>
        <extensions>
          <gpxtpx:TrackPointExtension>
            <gpxtpx:hr>102</gpxtpx:hr>
          </gpxtpx:TrackPointExtension>
        </extensions>
      </trkpt>
      <trkpt lat="38.83718662350408" lon="121.5037871897109">
        <ele>10.782611458562315</ele>
        <time>2024-10-12T00:03:30Z</time>
        <extensions>
          <gpxtpx:TrackPointExtension>
            <gpxtpx:hr>102</gpxtpx:hr>
          </gpxtpx:TrackPointExtension>
        </extensions>
      </trkpt>
      <trkpt lat="38.8371869407641" lon="121.50382653685429">
        <ele>10.776070971041918</ele>
        <time>2024-10-12T00:03:33Z</time>
        <extensions>
          <gpxtpx:TrackPointExtension>
            <gpxtpx:hr>102</gpxtpx:hr>
          </gpxtpx:TrackPointExtension>
        </extensions>
      </trkpt>
      <trkpt lat="38.83717471628791" lon="121.50382717756297">
        <ele>10.577111973427236</ele>
        <time>2024-10-12T00:03:36Z</time>
        <extensions>
          <gpxtpx:TrackPointExtension>
            <gpxtpx:hr>102</gpxtpx:hr>
          </gpxtpx:TrackPointExtension>
        </extensions>
      </trkpt>
      <trkpt lat="38.837169237863634" lon="121.50383364792863">
        <ele>10.204190251417458</ele>
        <time>2024-10-12T00:03:39Z</time>
        <extensions>
          <gpxtpx:TrackPointExtension>
            <gpxtpx:hr>102</gpxtpx:hr>
          </gpxtpx:TrackPointExtension>
        </extensions>
      </trkpt>
      <trkpt lat="38.837164150788546" lon="121.50386160032417">
        <ele>11.495171698741615</ele>
        <time>2024-10-12T00:03:42Z</time>
        <extensions>
          <gpxtpx:TrackPointExtension>
            <gpxtpx:hr>102</gpxtpx:hr>
          </gpxtpx:TrackPointExtension>
        </extensions>
      </trkpt>
      <trkpt lat="38.83715652786233" lon="121.50389976126978">
        <ele>10.694426224566996</ele>
        <time>2024-10-12T00:03:46Z</time>
        <extensions>
          <gpxtpx:TrackPointExtension>
            <gpxtpx:hr>102</gpxtpx:hr>
          </gpxtpx:TrackPointExtension>
        </extensions>
      </trkpt>
      <trkpt lat="38.837146423183015" lon="121.50393468108167">
        <ele>11.493458380922675</ele>
        <time>2024-10-12T00:03:49Z</time>
        <extensions>
          <gpxtpx:TrackPointExtension>
            <gpxtpx:hr>102</gpxtpx:hr>
          </gpxtpx:TrackPointExtension>
        </extensions>
      </trkpt>
      <trkpt lat="38.83713840969527" lon="121.50397428661613">
        <ele>11.777914421632886</ele>
        <time>2024-10-12T00:03:53Z</time>
        <extensions>
          <gpxtpx:TrackPointExtension>
            <gpxtpx:hr>102</gpxtpx:hr>
          </gpxtpx:TrackPointExtension>
        </extensions>
      </trkpt>
      <trkpt lat="38.83713547716488" lon="121.50400615604883">
        <ele>11.752983876504004</ele>
        <time>2024-10-12T00:03:57Z</time>
        <extensions>
          <gpxtpx:TrackPointExtension>
            <gpxtpx:hr>102</gpxtpx:hr>
          </gpxtpx:TrackPointExtension>
        </extensions>
      </trkpt>
      <trkpt lat="38.83712269600451" lon="121.50404724660461">
        <ele>11.707065348513424</ele>
        <time>2024-10-12T00:04:00Z</time>
        <extensions>
          <gpxtpx:TrackPointExtension>
            <gpxtpx:hr>101</gpxtpx:hr>
          </gpxtpx:TrackPointExtension>
        </extensions>
      </trkpt>
      <trkpt lat="38.83713671813069" lon="121.50408850515981">
        <ele>10.638603271916509</ele>
        <time>2024-10-12T00:04:04Z</time>
        <extensions>
          <gpxtpx:TrackPointExtension>
            <gpxtpx:hr>101</gpxtpx:hr>
          </gpxtpx:TrackPointExtension>
        </extensions>
      </trkpt>
      <trkpt lat="38.83713664580017" lon="121.5041240093469">
        <ele>10.30269961990416</ele>
        <time>2024-10-12T00:04:07Z</time>
        <extensions>
          <gpxtpx:TrackPointExtension>
            <gpxtpx:hr>101</gpxtpx:hr>
          </gpxtpx:TrackPointExtension>
        </extensions>
      </trkpt>
      <trkpt lat="38.83715459682909" lon="121.50414568658287">
        <ele>10.398228758946061</ele>
        <time>2024-10-12T00:04:10Z</time>
        <extensions>
          <gpxtpx:TrackPointExtension>
            <gpxtpx:hr>102</gpxtpx:hr>
          </gpxtpx:TrackPointExtension>
        </extensions>
      </trkpt>
      <trkpt lat="38.837173913299566" lon="121.50416728339599">
        <ele>9.99038353189826</ele>
        <time>2024-10-12T00:04:14Z</time>
        <extensions>
          <gpxtpx:TrackPointExtension>
            <gpxtpx:hr>102</gpxtpx:hr>
          </gpxtpx:TrackPointExtension>
        </extensions>
      </trkpt>
      <trkpt lat="38.83717061108215" lon="121.50418111071468">
        <ele>9.75622117612511</ele>
        <time>2024-10-12T00:04:18Z</time>
        <extensions>
          <gpxtpx:TrackPointExtension>
            <gpxtpx:hr>102</gpxtpx:hr>
          </gpxtpx:TrackPointExtension>
        </extensions>
      </trkpt>
      <trkpt lat="38.83716312786518" lon="121.50419071895247">
        <ele>9.729505543597043</ele>
        <time>2024-10-12T00:04:22Z</time>
        <extensions>
          <gpxtpx:TrackPointExtension>
            <gpxtpx:hr>102</gpxtpx:hr>
          </gpxtpx:TrackPointExtension>
        </extensions>
      </trkpt>
      <trkpt lat="38.837165021418116" lon="121.50421090886083">
        <ele>11.123693488538265</ele>
        <time>2024-10-12T00:04:26Z</time>
        <extensions>
          <gpxtpx:TrackPointExtension>
            <gpxtpx:hr>102</gpxtpx:hr>
          </gpxtpx:TrackPointExtension>
        </extensions>
      </trkpt>
    </trkseg>
  </trk>
</gpx>