<?xml version="1.0" encoding="UTF-8"?>
<gpx xmlns="http://www.topografix.com/GPX/1/1" xmlns:gpxtpx="http://www.garmin.com/xmlschemas/TrackPointExtension/v1" xmlns:xsi="http://www.w3.org/2001/XMLSchema-instance" xsi:schemaLocation="http://www.topografix.com/GPX/1/1 http://www.topografix.com/GPX/1/1/gpx.xsd" version="1.1" creator="gpx.py -- https://github.com/tkrajina/gpxpy">
  <trk>
    <name>gpx from keep</name>
    <type>Run</type>
    <trkseg>
      <trkpt lat="38.837409887663" lon="121.50888870207474">
        <ele>11.100536907432708</ele>
        <time>2024-10-16T15:27:11Z</time>
      </trkpt>
      <trkpt lat="38.837429532413" lon="121.50890543007746">
        <ele>10.94764173084165</ele>
        <time>2024-10-16T15:27:13Z</time>
        <extensions>
          <gpxtpx:TrackPointExtension>
            <gpxtpx:hr>96</gpxtpx:hr>
          </gpxtpx:TrackPointExtension>
        </extensions>
      </trkpt>
      <trkpt lat="38.837413677629655" lon="121.50895306082938">
        <ele>10.967440057999127</ele>
        <time>2024-10-16T15:27:17Z</time>
        <extensions>
          <gpxtpx:TrackPointExtension>
            <gpxtpx:hr>96</gpxtpx:hr>
          </gpxtpx:TrackPointExtension>
        </extensions>
      </trkpt>
      <trkpt lat="38.837391872589606" lon="121.50899033093931">
        <ele>10.925694325603292</ele>
        <time>2024-10-16T15:27:20Z</time>
        <extensions>
          <gpxtpx:TrackPointExtension>
            <gpxtpx:hr>96</gpxtpx:hr>
          </gpxtpx:TrackPointExtension>
        </extensions>
      </trkpt>
      <trkpt lat="38.83735980560343" lon="121.50902897757938">
        <ele>10.873777784407139</ele>
        <time>2024-10-16T15:27:24Z</time>
        <extensions>
          <gpxtpx:TrackPointExtension>
            <gpxtpx:hr>96</gpxtpx:hr>
          </gpxtpx:TrackPointExtension>
        </extensions>
      </trkpt>
      <trkpt lat="38.83732102597238" lon="121.50906499484287">
        <ele>10.91099115461111</ele>
        <time>2024-10-16T15:27:27Z</time>
        <extensions>
          <gpxtpx:TrackPointExtension>
            <gpxtpx:hr>96</gpxtpx:hr>
          </gpxtpx:TrackPointExtension>
        </extensions>
      </trkpt>
      <trkpt lat="38.837280843259016" lon="121.50910213696085">
        <ele>10.903086152859032</ele>
        <time>2024-10-16T15:27:30Z</time>
        <extensions>
          <gpxtpx:TrackPointExtension>
            <gpxtpx:hr>96</gpxtpx:hr>
          </gpxtpx:TrackPointExtension>
        </extensions>
      </trkpt>
      <trkpt lat="38.837249193360776" lon="121.50916634832716">
        <ele>10.80228028818965</ele>
        <time>2024-10-16T15:27:33Z</time>
        <extensions>
          <gpxtpx:TrackPointExtension>
            <gpxtpx:hr>96</gpxtpx:hr>
          </gpxtpx:TrackPointExtension>
        </extensions>
      </trkpt>
      <trkpt lat="38.83722766966568" lon="121.5092586519012">
        <ele>10.788175771944225</ele>
        <time>2024-10-16T15:27:36Z</time>
      </trkpt>
      <trkpt lat="38.83718612982911" lon="121.50934391643888">
        <ele>10.804294218309224</ele>
        <time>2024-10-16T15:27:39Z</time>
      </trkpt>
      <trkpt lat="38.837144909694715" lon="121.50941789239126">
        <ele>10.73047224059701</ele>
        <time>2024-10-16T15:27:42Z</time>
      </trkpt>
      <trkpt lat="38.8371044010159" lon="121.50946634976887">
        <ele>11.470110718160868</ele>
        <time>2024-10-16T15:27:45Z</time>
      </trkpt>
      <trkpt lat="38.83707268944797" lon="121.50954678143671">
        <ele>11.369470650330186</ele>
        <time>2024-10-16T15:27:48Z</time>
      </trkpt>
      <trkpt lat="38.83705318933417" lon="121.50961081307896">
        <ele>11.234340052120388</ele>
        <time>2024-10-16T15:27:51Z</time>
      </trkpt>
      <trkpt lat="38.83702938499089" lon="121.50967386295189">
        <ele>11.264580399729311</ele>
        <time>2024-10-16T15:27:54Z</time>
        <extensions>
          <gpxtpx:TrackPointExtension>
            <gpxtpx:hr>122</gpxtpx:hr>
          </gpxtpx:TrackPointExtension>
        </extensions>
      </trkpt>
      <trkpt lat="38.83699752694192" lon="121.50974050463067">
        <ele>10.559454124420881</ele>
        <time>2024-10-16T15:27:57Z</time>
        <extensions>
          <gpxtpx:TrackPointExtension>
            <gpxtpx:hr>122</gpxtpx:hr>
          </gpxtpx:TrackPointExtension>
        </extensions>
      </trkpt>
      <trkpt lat="38.8369537161561" lon="121.50979724906344">
        <ele>11.115015313960612</ele>
        <time>2024-10-16T15:28:00Z</time>
        <extensions>
          <gpxtpx:TrackPointExtension>
            <gpxtpx:hr>122</gpxtpx:hr>
          </gpxtpx:TrackPointExtension>
        </extensions>
      </trkpt>
      <trkpt lat="38.83691008239601" lon="121.50985633969711">
        <ele>10.501530452631414</ele>
        <time>2024-10-16T15:28:03Z</time>
        <extensions>
          <gpxtpx:TrackPointExtension>
            <gpxtpx:hr>122</gpxtpx:hr>
          </gpxtpx:TrackPointExtension>
        </extensions>
      </trkpt>
      <trkpt lat="38.83685126872854" lon="121.50989467157815">
        <ele>10.320343747735023</ele>
        <time>2024-10-16T15:28:06Z</time>
        <extensions>
          <gpxtpx:TrackPointExtension>
            <gpxtpx:hr>103</gpxtpx:hr>
          </gpxtpx:TrackPointExtension>
        </extensions>
      </trkpt>
      <trkpt lat="38.83679190728789" lon="121.50993609913017">
        <ele>10.188792386092246</ele>
        <time>2024-10-16T15:28:09Z</time>
        <extensions>
          <gpxtpx:TrackPointExtension>
            <gpxtpx:hr>103</gpxtpx:hr>
          </gpxtpx:TrackPointExtension>
        </extensions>
      </trkpt>
      <trkpt lat="38.83673998322367" lon="121.50995718808988">
        <ele>9.436651569791138</ele>
        <time>2024-10-16T15:28:12Z</time>
        <extensions>
          <gpxtpx:TrackPointExtension>
            <gpxtpx:hr>102</gpxtpx:hr>
          </gpxtpx:TrackPointExtension>
        </extensions>
      </trkpt>
      <trkpt lat="38.83668263317448" lon="121.50996498059811">
        <ele>9.04853249900043</ele>
        <time>2024-10-16T15:28:15Z</time>
        <extensions>
          <gpxtpx:TrackPointExtension>
            <gpxtpx:hr>102</gpxtpx:hr>
          </gpxtpx:TrackPointExtension>
        </extensions>
      </trkpt>
      <trkpt lat="38.83662231473554" lon="121.50995639649975">
        <ele>9.050073706544936</ele>
        <time>2024-10-16T15:28:18Z</time>
        <extensions>
          <gpxtpx:TrackPointExtension>
            <gpxtpx:hr>101</gpxtpx:hr>
          </gpxtpx:TrackPointExtension>
        </extensions>
      </trkpt>
      <trkpt lat="38.83655337293826" lon="121.50997691847304">
        <ele>8.839134730398655</ele>
        <time>2024-10-16T15:28:22Z</time>
        <extensions>
          <gpxtpx:TrackPointExtension>
            <gpxtpx:hr>104</gpxtpx:hr>
          </gpxtpx:TrackPointExtension>
        </extensions>
      </trkpt>
      <trkpt lat="38.83651224246348" lon="121.51002529005711">
        <ele>8.72838210593909</ele>
        <time>2024-10-16T15:28:25Z</time>
        <extensions>
          <gpxtpx:TrackPointExtension>
            <gpxtpx:hr>104</gpxtpx:hr>
          </gpxtpx:TrackPointExtension>
        </extensions>
      </trkpt>
      <trkpt lat="38.83649313465443" lon="121.510102329412">
        <ele>8.434272647835314</ele>
        <time>2024-10-16T15:28:28Z</time>
        <extensions>
          <gpxtpx:TrackPointExtension>
            <gpxtpx:hr>110</gpxtpx:hr>
          </gpxtpx:TrackPointExtension>
        </extensions>
      </trkpt>
      <trkpt lat="38.836490894528836" lon="121.5101827693601">
        <ele>8.440484821796417</ele>
        <time>2024-10-16T15:28:31Z</time>
        <extensions>
          <gpxtpx:TrackPointExtension>
            <gpxtpx:hr>109</gpxtpx:hr>
          </gpxtpx:TrackPointExtension>
        </extensions>
      </trkpt>
      <trkpt lat="38.83650881956851" lon="121.51028900863032">
        <ele>8.519864578731358</ele>
        <time>2024-10-16T15:28:35Z</time>
        <extensions>
          <gpxtpx:TrackPointExtension>
            <gpxtpx:hr>109</gpxtpx:hr>
          </gpxtpx:TrackPointExtension>
        </extensions>
      </trkpt>
      <trkpt lat="38.83653250852034" lon="121.51034273291879">
        <ele>8.49241545330733</ele>
        <time>2024-10-16T15:28:38Z</time>
        <extensions>
          <gpxtpx:TrackPointExtension>
            <gpxtpx:hr>107</gpxtpx:hr>
          </gpxtpx:TrackPointExtension>
        </extensions>
      </trkpt>
      <trkpt lat="38.83660688572667" lon="121.51040266851246">
        <ele>8.416807438246906</ele>
        <time>2024-10-16T15:28:42Z</time>
        <extensions>
          <gpxtpx:TrackPointExtension>
            <gpxtpx:hr>108</gpxtpx:hr>
          </gpxtpx:TrackPointExtension>
        </extensions>
      </trkpt>
      <trkpt lat="38.83666840849475" lon="121.51044658383998">
        <ele>8.609428397379816</ele>
        <time>2024-10-16T15:28:45Z</time>
        <extensions>
          <gpxtpx:TrackPointExtension>
            <gpxtpx:hr>108</gpxtpx:hr>
          </gpxtpx:TrackPointExtension>
        </extensions>
      </trkpt>
      <trkpt lat="38.83674759961236" lon="121.51048323532781">
        <ele>8.538405591621995</ele>
        <time>2024-10-16T15:28:49Z</time>
        <extensions>
          <gpxtpx:TrackPointExtension>
            <gpxtpx:hr>106</gpxtpx:hr>
          </gpxtpx:TrackPointExtension>
        </extensions>
      </trkpt>
      <trkpt lat="38.83679408188618" lon="121.51053315101339">
        <ele>9.04855455737561</ele>
        <time>2024-10-16T15:28:52Z</time>
        <extensions>
          <gpxtpx:TrackPointExtension>
            <gpxtpx:hr>106</gpxtpx:hr>
          </gpxtpx:TrackPointExtension>
        </extensions>
      </trkpt>
      <trkpt lat="38.836842811099174" lon="121.51060229082749">
        <ele>9.593783752061427</ele>
        <time>2024-10-16T15:28:55Z</time>
        <extensions>
          <gpxtpx:TrackPointExtension>
            <gpxtpx:hr>107</gpxtpx:hr>
          </gpxtpx:TrackPointExtension>
        </extensions>
      </trkpt>
      <trkpt lat="38.83687655795566" lon="121.51066958600033">
        <ele>9.884454702027142</ele>
        <time>2024-10-16T15:28:58Z</time>
        <extensions>
          <gpxtpx:TrackPointExtension>
            <gpxtpx:hr>107</gpxtpx:hr>
          </gpxtpx:TrackPointExtension>
        </extensions>
      </trkpt>
      <trkpt lat="38.8369228159151" lon="121.51072380954682">
        <ele>9.472040116786957</ele>
        <time>2024-10-16T15:29:01Z</time>
        <extensions>
          <gpxtpx:TrackPointExtension>
            <gpxtpx:hr>114</gpxtpx:hr>
          </gpxtpx:TrackPointExtension>
        </extensions>
      </trkpt>
      <trkpt lat="38.83695861720163" lon="121.51079882910737">
        <ele>10.079617709852755</ele>
        <time>2024-10-16T15:29:04Z</time>
        <extensions>
          <gpxtpx:TrackPointExtension>
            <gpxtpx:hr>114</gpxtpx:hr>
          </gpxtpx:TrackPointExtension>
        </extensions>
      </trkpt>
      <trkpt lat="38.837013623526474" lon="121.5108941497265">
        <ele>9.984467428177595</ele>
        <time>2024-10-16T15:29:08Z</time>
        <extensions>
          <gpxtpx:TrackPointExtension>
            <gpxtpx:hr>113</gpxtpx:hr>
          </gpxtpx:TrackPointExtension>
        </extensions>
      </trkpt>
      <trkpt lat="38.837065658307495" lon="121.51087376997525">
        <ele>8.31880964897573</ele>
        <time>2024-10-16T15:29:11Z</time>
        <extensions>
          <gpxtpx:TrackPointExtension>
            <gpxtpx:hr>110</gpxtpx:hr>
          </gpxtpx:TrackPointExtension>
        </extensions>
      </trkpt>
      <trkpt lat="38.837102009788175" lon="121.51078122309843">
        <ele>8.451122305355966</ele>
        <time>2024-10-16T15:29:15Z</time>
        <extensions>
          <gpxtpx:TrackPointExtension>
            <gpxtpx:hr>110</gpxtpx:hr>
          </gpxtpx:TrackPointExtension>
        </extensions>
      </trkpt>
      <trkpt lat="38.83714132003295" lon="121.5106919618266">
        <ele>8.768650706857443</ele>
        <time>2024-10-16T15:29:19Z</time>
        <extensions>
          <gpxtpx:TrackPointExtension>
            <gpxtpx:hr>117</gpxtpx:hr>
          </gpxtpx:TrackPointExtension>
        </extensions>
      </trkpt>
      <trkpt lat="38.83717755568671" lon="121.51061501802383">
        <ele>8.755893187597394</ele>
        <time>2024-10-16T15:29:23Z</time>
        <extensions>
          <gpxtpx:TrackPointExtension>
            <gpxtpx:hr>117</gpxtpx:hr>
          </gpxtpx:TrackPointExtension>
        </extensions>
      </trkpt>
      <trkpt lat="38.83723475327723" lon="121.51054804385777">
        <ele>8.447457687929273</ele>
        <time>2024-10-16T15:29:27Z</time>
        <extensions>
          <gpxtpx:TrackPointExtension>
            <gpxtpx:hr>120</gpxtpx:hr>
          </gpxtpx:TrackPointExtension>
        </extensions>
      </trkpt>
      <trkpt lat="38.83728377147397" lon="121.51047816211732">
        <ele>9.362380128353834</ele>
        <time>2024-10-16T15:29:31Z</time>
        <extensions>
          <gpxtpx:TrackPointExtension>
            <gpxtpx:hr>117</gpxtpx:hr>
          </gpxtpx:TrackPointExtension>
        </extensions>
      </trkpt>
      <trkpt lat="38.837340319394116" lon="121.51041945292253">
        <ele>9.103778606280684</ele>
        <time>2024-10-16T15:29:35Z</time>
        <extensions>
          <gpxtpx:TrackPointExtension>
            <gpxtpx:hr>117</gpxtpx:hr>
          </gpxtpx:TrackPointExtension>
        </extensions>
      </trkpt>
      <trkpt lat="38.8374038852544" lon="121.51036939259845">
        <ele>8.97181320656091</ele>
        <time>2024-10-16T15:29:39Z</time>
        <extensions>
          <gpxtpx:TrackPointExtension>
            <gpxtpx:hr>117</gpxtpx:hr>
          </gpxtpx:TrackPointExtension>
        </extensions>
      </trkpt>
      <trkpt lat="38.83747194411379" lon="121.51031838108864">
        <ele>9.125773319974542</ele>
        <time>2024-10-16T15:29:43Z</time>
        <extensions>
          <gpxtpx:TrackPointExtension>
            <gpxtpx:hr>120</gpxtpx:hr>
          </gpxtpx:TrackPointExtension>
        </extensions>
      </trkpt>
      <trkpt lat="38.837545399835236" lon="121.51026243502531">
        <ele>9.458632424473763</ele>
        <time>2024-10-16T15:29:47Z</time>
        <extensions>
          <gpxtpx:TrackPointExtension>
            <gpxtpx:hr>119</gpxtpx:hr>
          </gpxtpx:TrackPointExtension>
        </extensions>
      </trkpt>
      <trkpt lat="38.83759609326958" lon="121.51020113922644">
        <ele>9.368696330115199</ele>
        <time>2024-10-16T15:29:51Z</time>
        <extensions>
          <gpxtpx:TrackPointExtension>
            <gpxtpx:hr>121</gpxtpx:hr>
          </gpxtpx:TrackPointExtension>
        </extensions>
      </trkpt>
      <trkpt lat="38.8376673242276" lon="121.51015038520956">
        <ele>9.880685983225703</ele>
        <time>2024-10-16T15:29:55Z</time>
        <extensions>
          <gpxtpx:TrackPointExtension>
            <gpxtpx:hr>121</gpxtpx:hr>
          </gpxtpx:TrackPointExtension>
        </extensions>
      </trkpt>
      <trkpt lat="38.8376901488695" lon="121.51006000153103">
        <ele>10.06536249537021</ele>
        <time>2024-10-16T15:29:59Z</time>
        <extensions>
          <gpxtpx:TrackPointExtension>
            <gpxtpx:hr>119</gpxtpx:hr>
          </gpxtpx:TrackPointExtension>
        </extensions>
      </trkpt>
      <trkpt lat="38.83770771420478" lon="121.5099564940048">
        <ele>10.616711933165789</ele>
        <time>2024-10-16T15:30:03Z</time>
        <extensions>
          <gpxtpx:TrackPointExtension>
            <gpxtpx:hr>122</gpxtpx:hr>
          </gpxtpx:TrackPointExtension>
        </extensions>
      </trkpt>
      <trkpt lat="38.83769187888702" lon="121.50986314166981">
        <ele>11.182144338265061</ele>
        <time>2024-10-16T15:30:07Z</time>
        <extensions>
          <gpxtpx:TrackPointExtension>
            <gpxtpx:hr>118</gpxtpx:hr>
          </gpxtpx:TrackPointExtension>
        </extensions>
      </trkpt>
      <trkpt lat="38.8376188224397" lon="121.50980919116884">
        <ele>11.38960845489055</ele>
        <time>2024-10-16T15:30:11Z</time>
        <extensions>
          <gpxtpx:TrackPointExtension>
            <gpxtpx:hr>121</gpxtpx:hr>
          </gpxtpx:TrackPointExtension>
        </extensions>
      </trkpt>
      <trkpt lat="38.837547515012545" lon="121.50979419947544">
        <ele>11.362515078857541</ele>
        <time>2024-10-16T15:30:15Z</time>
        <extensions>
          <gpxtpx:TrackPointExtension>
            <gpxtpx:hr>121</gpxtpx:hr>
          </gpxtpx:TrackPointExtension>
        </extensions>
      </trkpt>
      <trkpt lat="38.8374885998311" lon="121.50978379125073">
        <ele>11.42720602452755</ele>
        <time>2024-10-16T15:30:18Z</time>
        <extensions>
          <gpxtpx:TrackPointExtension>
            <gpxtpx:hr>124</gpxtpx:hr>
          </gpxtpx:TrackPointExtension>
        </extensions>
      </trkpt>
      <trkpt lat="38.83741446743806" lon="121.50972613747602">
        <ele>11.224909860640764</ele>
        <time>2024-10-16T15:30:22Z</time>
        <extensions>
          <gpxtpx:TrackPointExtension>
            <gpxtpx:hr>125</gpxtpx:hr>
          </gpxtpx:TrackPointExtension>
        </extensions>
      </trkpt>
      <trkpt lat="38.837356874318516" lon="121.50964668624454">
        <ele>11.717905532568693</ele>
        <time>2024-10-16T15:30:26Z</time>
        <extensions>
          <gpxtpx:TrackPointExtension>
            <gpxtpx:hr>125</gpxtpx:hr>
          </gpxtpx:TrackPointExtension>
        </extensions>
      </trkpt>
      <trkpt lat="38.83731980138897" lon="121.50957432140815">
        <ele>11.014118406921625</ele>
        <time>2024-10-16T15:30:29Z</time>
        <extensions>
          <gpxtpx:TrackPointExtension>
            <gpxtpx:hr>125</gpxtpx:hr>
          </gpxtpx:TrackPointExtension>
        </extensions>
      </trkpt>
      <trkpt lat="38.837276168944854" lon="121.50950813155873">
        <ele>10.161167405545712</ele>
        <time>2024-10-16T15:30:32Z</time>
        <extensions>
          <gpxtpx:TrackPointExtension>
            <gpxtpx:hr>125</gpxtpx:hr>
          </gpxtpx:TrackPointExtension>
        </extensions>
      </trkpt>
      <trkpt lat="38.83722135411824" lon="121.50943800118452">
        <ele>9.753935683518648</ele>
        <time>2024-10-16T15:30:36Z</time>
        <extensions>
          <gpxtpx:TrackPointExtension>
            <gpxtpx:hr>126</gpxtpx:hr>
          </gpxtpx:TrackPointExtension>
        </extensions>
      </trkpt>
      <trkpt lat="38.837144221541244" lon="121.50942470105707">
        <ele>9.304858551360667</ele>
        <time>2024-10-16T15:30:40Z</time>
        <extensions>
          <gpxtpx:TrackPointExtension>
            <gpxtpx:hr>126</gpxtpx:hr>
          </gpxtpx:TrackPointExtension>
        </extensions>
      </trkpt>
      <trkpt lat="38.837103280346525" lon="121.50947814480963">
        <ele>10.470257954671979</ele>
        <time>2024-10-16T15:30:43Z</time>
        <extensions>
          <gpxtpx:TrackPointExtension>
            <gpxtpx:hr>126</gpxtpx:hr>
          </gpxtpx:TrackPointExtension>
        </extensions>
      </trkpt>
      <trkpt lat="38.83707554850377" lon="121.50955226310991">
        <ele>10.41154580656439</ele>
        <time>2024-10-16T15:30:46Z</time>
        <extensions>
          <gpxtpx:TrackPointExtension>
            <gpxtpx:hr>125</gpxtpx:hr>
          </gpxtpx:TrackPointExtension>
        </extensions>
      </trkpt>
      <trkpt lat="38.83705431685306" lon="121.50961572365343">
        <ele>10.628628754988313</ele>
        <time>2024-10-16T15:30:49Z</time>
        <extensions>
          <gpxtpx:TrackPointExtension>
            <gpxtpx:hr>125</gpxtpx:hr>
          </gpxtpx:TrackPointExtension>
        </extensions>
      </trkpt>
      <trkpt lat="38.837034298704765" lon="121.50968249115112">
        <ele>10.828825511038303</ele>
        <time>2024-10-16T15:30:52Z</time>
        <extensions>
          <gpxtpx:TrackPointExtension>
            <gpxtpx:hr>125</gpxtpx:hr>
          </gpxtpx:TrackPointExtension>
        </extensions>
      </trkpt>
      <trkpt lat="38.836998696405715" lon="121.50975028755823">
        <ele>10.986983843147755</ele>
        <time>2024-10-16T15:30:55Z</time>
        <extensions>
          <gpxtpx:TrackPointExtension>
            <gpxtpx:hr>125</gpxtpx:hr>
          </gpxtpx:TrackPointExtension>
        </extensions>
      </trkpt>
      <trkpt lat="38.83696454035092" lon="121.50981712047742">
        <ele>10.405528005212545</ele>
        <time>2024-10-16T15:30:58Z</time>
        <extensions>
          <gpxtpx:TrackPointExtension>
            <gpxtpx:hr>126</gpxtpx:hr>
          </gpxtpx:TrackPointExtension>
        </extensions>
      </trkpt>
      <trkpt lat="38.83690722903174" lon="121.50987311795713">
        <ele>9.943504260852933</ele>
        <time>2024-10-16T15:31:01Z</time>
        <extensions>
          <gpxtpx:TrackPointExtension>
            <gpxtpx:hr>124</gpxtpx:hr>
          </gpxtpx:TrackPointExtension>
        </extensions>
      </trkpt>
      <trkpt lat="38.836847549106594" lon="121.50990915816291">
        <ele>9.737470251508057</ele>
        <time>2024-10-16T15:31:04Z</time>
        <extensions>
          <gpxtpx:TrackPointExtension>
            <gpxtpx:hr>124</gpxtpx:hr>
          </gpxtpx:TrackPointExtension>
        </extensions>
      </trkpt>
      <trkpt lat="38.8367840125703" lon="121.5099515731069">
        <ele>8.754370312206447</ele>
        <time>2024-10-16T15:31:07Z</time>
        <extensions>
          <gpxtpx:TrackPointExtension>
            <gpxtpx:hr>124</gpxtpx:hr>
          </gpxtpx:TrackPointExtension>
        </extensions>
      </trkpt>
      <trkpt lat="38.836710506467085" lon="121.50996780875113">
        <ele>8.655709233134985</ele>
        <time>2024-10-16T15:31:10Z</time>
        <extensions>
          <gpxtpx:TrackPointExtension>
            <gpxtpx:hr>124</gpxtpx:hr>
          </gpxtpx:TrackPointExtension>
        </extensions>
      </trkpt>
      <trkpt lat="38.836645168539896" lon="121.50997771385886">
        <ele>8.917539868503809</ele>
        <time>2024-10-16T15:31:13Z</time>
        <extensions>
          <gpxtpx:TrackPointExtension>
            <gpxtpx:hr>124</gpxtpx:hr>
          </gpxtpx:TrackPointExtension>
        </extensions>
      </trkpt>
      <trkpt lat="38.83658335492929" lon="121.50996330786563">
        <ele>8.84742448758334</ele>
        <time>2024-10-16T15:31:16Z</time>
        <extensions>
          <gpxtpx:TrackPointExtension>
            <gpxtpx:hr>125</gpxtpx:hr>
          </gpxtpx:TrackPointExtension>
        </extensions>
      </trkpt>
      <trkpt lat="38.8365280766664" lon="121.5099972236932">
        <ele>8.810011555440724</ele>
        <time>2024-10-16T15:31:19Z</time>
        <extensions>
          <gpxtpx:TrackPointExtension>
            <gpxtpx:hr>125</gpxtpx:hr>
          </gpxtpx:TrackPointExtension>
        </extensions>
      </trkpt>
      <trkpt lat="38.836506567056404" lon="121.51007071999496">
        <ele>9.000031475909054</ele>
        <time>2024-10-16T15:31:22Z</time>
        <extensions>
          <gpxtpx:TrackPointExtension>
            <gpxtpx:hr>125</gpxtpx:hr>
          </gpxtpx:TrackPointExtension>
        </extensions>
      </trkpt>
      <trkpt lat="38.836501133430666" lon="121.51013724748886">
        <ele>9.330492125824094</ele>
        <time>2024-10-16T15:31:25Z</time>
        <extensions>
          <gpxtpx:TrackPointExtension>
            <gpxtpx:hr>125</gpxtpx:hr>
          </gpxtpx:TrackPointExtension>
        </extensions>
      </trkpt>
      <trkpt lat="38.83652515078379" lon="121.51023400577074">
        <ele>8.873246628791094</ele>
        <time>2024-10-16T15:31:29Z</time>
        <extensions>
          <gpxtpx:TrackPointExtension>
            <gpxtpx:hr>126</gpxtpx:hr>
          </gpxtpx:TrackPointExtension>
        </extensions>
      </trkpt>
      <trkpt lat="38.83653597112204" lon="121.51034669894551">
        <ele>8.64927304070443</ele>
        <time>2024-10-16T15:31:33Z</time>
        <extensions>
          <gpxtpx:TrackPointExtension>
            <gpxtpx:hr>126</gpxtpx:hr>
          </gpxtpx:TrackPointExtension>
        </extensions>
      </trkpt>
      <trkpt lat="38.836584208041515" lon="121.51039104170569">
        <ele>8.328733880072832</ele>
        <time>2024-10-16T15:31:36Z</time>
        <extensions>
          <gpxtpx:TrackPointExtension>
            <gpxtpx:hr>126</gpxtpx:hr>
          </gpxtpx:TrackPointExtension>
        </extensions>
      </trkpt>
      <trkpt lat="38.83664512391989" lon="121.51042438954029">
        <ele>8.156599453650415</ele>
        <time>2024-10-16T15:31:39Z</time>
        <extensions>
          <gpxtpx:TrackPointExtension>
            <gpxtpx:hr>126</gpxtpx:hr>
          </gpxtpx:TrackPointExtension>
        </extensions>
      </trkpt>
      <trkpt lat="38.836693709744445" lon="121.51045043287976">
        <ele>8.592670429497957</ele>
        <time>2024-10-16T15:31:42Z</time>
        <extensions>
          <gpxtpx:TrackPointExtension>
            <gpxtpx:hr>124</gpxtpx:hr>
          </gpxtpx:TrackPointExtension>
        </extensions>
      </trkpt>
      <trkpt lat="38.83674915577771" lon="121.51049072998254">
        <ele>8.506645234301686</ele>
        <time>2024-10-16T15:31:45Z</time>
        <extensions>
          <gpxtpx:TrackPointExtension>
            <gpxtpx:hr>124</gpxtpx:hr>
          </gpxtpx:TrackPointExtension>
        </extensions>
      </trkpt>
      <trkpt lat="38.83679892335468" lon="121.51053706264965">
        <ele>8.737890699878335</ele>
        <time>2024-10-16T15:31:48Z</time>
        <extensions>
          <gpxtpx:TrackPointExtension>
            <gpxtpx:hr>121</gpxtpx:hr>
          </gpxtpx:TrackPointExtension>
        </extensions>
      </trkpt>
      <trkpt lat="38.83684842645426" lon="121.51060183898672">
        <ele>9.380897347815335</ele>
        <time>2024-10-16T15:31:51Z</time>
        <extensions>
          <gpxtpx:TrackPointExtension>
            <gpxtpx:hr>118</gpxtpx:hr>
          </gpxtpx:TrackPointExtension>
        </extensions>
      </trkpt>
      <trkpt lat="38.83688488665642" lon="121.51067482527966">
        <ele>9.472428342327476</ele>
        <time>2024-10-16T15:31:54Z</time>
        <extensions>
          <gpxtpx:TrackPointExtension>
            <gpxtpx:hr>118</gpxtpx:hr>
          </gpxtpx:TrackPointExtension>
        </extensions>
      </trkpt>
      <trkpt lat="38.836921661285075" lon="121.51073969297444">
        <ele>9.262938612140715</ele>
        <time>2024-10-16T15:31:57Z</time>
        <extensions>
          <gpxtpx:TrackPointExtension>
            <gpxtpx:hr>120</gpxtpx:hr>
          </gpxtpx:TrackPointExtension>
        </extensions>
      </trkpt>
      <trkpt lat="38.8369572202147" lon="121.51082422359605">
        <ele>10.147828540764749</ele>
        <time>2024-10-16T15:32:00Z</time>
        <extensions>
          <gpxtpx:TrackPointExtension>
            <gpxtpx:hr>120</gpxtpx:hr>
          </gpxtpx:TrackPointExtension>
        </extensions>
      </trkpt>
      <trkpt lat="38.83700865592502" lon="121.5108857514286">
        <ele>10.055034783668816</ele>
        <time>2024-10-16T15:32:03Z</time>
        <extensions>
          <gpxtpx:TrackPointExtension>
            <gpxtpx:hr>122</gpxtpx:hr>
          </gpxtpx:TrackPointExtension>
        </extensions>
      </trkpt>
      <trkpt lat="38.83708077224818" lon="121.51088398003148">
        <ele>10.594933274202049</ele>
        <time>2024-10-16T15:32:06Z</time>
        <extensions>
          <gpxtpx:TrackPointExtension>
            <gpxtpx:hr>125</gpxtpx:hr>
          </gpxtpx:TrackPointExtension>
        </extensions>
      </trkpt>
      <trkpt lat="38.83710996075107" lon="121.51082748644654">
        <ele>9.726964580826461</ele>
        <time>2024-10-16T15:32:09Z</time>
        <extensions>
          <gpxtpx:TrackPointExtension>
            <gpxtpx:hr>125</gpxtpx:hr>
          </gpxtpx:TrackPointExtension>
        </extensions>
      </trkpt>
      <trkpt lat="38.83715363996578" lon="121.51074250128188">
        <ele>8.854104091413319</ele>
        <time>2024-10-16T15:32:13Z</time>
        <extensions>
          <gpxtpx:TrackPointExtension>
            <gpxtpx:hr>126</gpxtpx:hr>
          </gpxtpx:TrackPointExtension>
        </extensions>
      </trkpt>
      <trkpt lat="38.83718126033239" lon="121.51066900407336">
        <ele>8.57276978995651</ele>
        <time>2024-10-16T15:32:16Z</time>
        <extensions>
          <gpxtpx:TrackPointExtension>
            <gpxtpx:hr>127</gpxtpx:hr>
          </gpxtpx:TrackPointExtension>
        </extensions>
      </trkpt>
      <trkpt lat="38.83719603278564" lon="121.51057400501224">
        <ele>8.99736446980387</ele>
        <time>2024-10-16T15:32:19Z</time>
        <extensions>
          <gpxtpx:TrackPointExtension>
            <gpxtpx:hr>127</gpxtpx:hr>
          </gpxtpx:TrackPointExtension>
        </extensions>
      </trkpt>
      <trkpt lat="38.83722276692535" lon="121.51052887673328">
        <ele>9.252367607317865</ele>
        <time>2024-10-16T15:32:22Z</time>
        <extensions>
          <gpxtpx:TrackPointExtension>
            <gpxtpx:hr>127</gpxtpx:hr>
          </gpxtpx:TrackPointExtension>
        </extensions>
      </trkpt>
      <trkpt lat="38.83727252685723" lon="121.51047590197102">
        <ele>8.650554005987942</ele>
        <time>2024-10-16T15:32:25Z</time>
        <extensions>
          <gpxtpx:TrackPointExtension>
            <gpxtpx:hr>127</gpxtpx:hr>
          </gpxtpx:TrackPointExtension>
        </extensions>
      </trkpt>
      <trkpt lat="38.837315836810326" lon="121.51042182482239">
        <ele>8.31132403574884</ele>
        <time>2024-10-16T15:32:28Z</time>
        <extensions>
          <gpxtpx:TrackPointExtension>
            <gpxtpx:hr>128</gpxtpx:hr>
          </gpxtpx:TrackPointExtension>
        </extensions>
      </trkpt>
      <trkpt lat="38.83736055926883" lon="121.51036921469178">
        <ele>8.548791617155075</ele>
        <time>2024-10-16T15:32:31Z</time>
        <extensions>
          <gpxtpx:TrackPointExtension>
            <gpxtpx:hr>129</gpxtpx:hr>
          </gpxtpx:TrackPointExtension>
        </extensions>
      </trkpt>
      <trkpt lat="38.83740677662364" lon="121.51032873861462">
        <ele>8.547846397385001</ele>
        <time>2024-10-16T15:32:34Z</time>
        <extensions>
          <gpxtpx:TrackPointExtension>
            <gpxtpx:hr>129</gpxtpx:hr>
          </gpxtpx:TrackPointExtension>
        </extensions>
      </trkpt>
      <trkpt lat="38.83745583457422" lon="121.5102915061115">
        <ele>9.545992064289749</ele>
        <time>2024-10-16T15:32:37Z</time>
        <extensions>
          <gpxtpx:TrackPointExtension>
            <gpxtpx:hr>129</gpxtpx:hr>
          </gpxtpx:TrackPointExtension>
        </extensions>
      </trkpt>
      <trkpt lat="38.83751065766599" lon="121.51025850415537">
        <ele>10.132901770994067</ele>
        <time>2024-10-16T15:32:40Z</time>
        <extensions>
          <gpxtpx:TrackPointExtension>
            <gpxtpx:hr>129</gpxtpx:hr>
          </gpxtpx:TrackPointExtension>
        </extensions>
      </trkpt>
      <trkpt lat="38.83755832575123" lon="121.51021872645592">
        <ele>9.661174920387566</ele>
        <time>2024-10-16T15:32:43Z</time>
        <extensions>
          <gpxtpx:TrackPointExtension>
            <gpxtpx:hr>128</gpxtpx:hr>
          </gpxtpx:TrackPointExtension>
        </extensions>
      </trkpt>
      <trkpt lat="38.83760548943516" lon="121.5101727280382">
        <ele>9.763145785778761</ele>
        <time>2024-10-16T15:32:46Z</time>
        <extensions>
          <gpxtpx:TrackPointExtension>
            <gpxtpx:hr>128</gpxtpx:hr>
          </gpxtpx:TrackPointExtension>
        </extensions>
      </trkpt>
      <trkpt lat="38.837654862502504" lon="121.51012942509365">
        <ele>9.897808216512203</ele>
        <time>2024-10-16T15:32:49Z</time>
        <extensions>
          <gpxtpx:TrackPointExtension>
            <gpxtpx:hr>128</gpxtpx:hr>
          </gpxtpx:TrackPointExtension>
        </extensions>
      </trkpt>
      <trkpt lat="38.837691401414446" lon="121.51005223437008">
        <ele>9.655539602041245</ele>
        <time>2024-10-16T15:32:52Z</time>
        <extensions>
          <gpxtpx:TrackPointExtension>
            <gpxtpx:hr>130</gpxtpx:hr>
          </gpxtpx:TrackPointExtension>
        </extensions>
      </trkpt>
      <trkpt lat="38.83771093881592" lon="121.50997560159095">
        <ele>9.98281906824559</ele>
        <time>2024-10-16T15:32:55Z</time>
        <extensions>
          <gpxtpx:TrackPointExtension>
            <gpxtpx:hr>130</gpxtpx:hr>
          </gpxtpx:TrackPointExtension>
        </extensions>
      </trkpt>
      <trkpt lat="38.83769780446057" lon="121.50990656778517">
        <ele>10.674338265322149</ele>
        <time>2024-10-16T15:32:58Z</time>
        <extensions>
          <gpxtpx:TrackPointExtension>
            <gpxtpx:hr>130</gpxtpx:hr>
          </gpxtpx:TrackPointExtension>
        </extensions>
      </trkpt>
      <trkpt lat="38.83765461003144" lon="121.50982776055874">
        <ele>10.730271968059242</ele>
        <time>2024-10-16T15:33:01Z</time>
        <extensions>
          <gpxtpx:TrackPointExtension>
            <gpxtpx:hr>130</gpxtpx:hr>
          </gpxtpx:TrackPointExtension>
        </extensions>
      </trkpt>
      <trkpt lat="38.837600539497664" lon="121.50978915321606">
        <ele>10.697697322815657</ele>
        <time>2024-10-16T15:33:04Z</time>
        <extensions>
          <gpxtpx:TrackPointExtension>
            <gpxtpx:hr>130</gpxtpx:hr>
          </gpxtpx:TrackPointExtension>
        </extensions>
      </trkpt>
      <trkpt lat="38.83754409982617" lon="121.50977637530299">
        <ele>10.88207279983908</ele>
        <time>2024-10-16T15:33:07Z</time>
        <extensions>
          <gpxtpx:TrackPointExtension>
            <gpxtpx:hr>131</gpxtpx:hr>
          </gpxtpx:TrackPointExtension>
        </extensions>
      </trkpt>
      <trkpt lat="38.83747724365638" lon="121.50975203570385">
        <ele>11.647333797998726</ele>
        <time>2024-10-16T15:33:10Z</time>
        <extensions>
          <gpxtpx:TrackPointExtension>
            <gpxtpx:hr>131</gpxtpx:hr>
          </gpxtpx:TrackPointExtension>
        </extensions>
      </trkpt>
      <trkpt lat="38.837419574352616" lon="121.50972127042333">
        <ele>11.627466363832355</ele>
        <time>2024-10-16T15:33:13Z</time>
        <extensions>
          <gpxtpx:TrackPointExtension>
            <gpxtpx:hr>131</gpxtpx:hr>
          </gpxtpx:TrackPointExtension>
        </extensions>
      </trkpt>
      <trkpt lat="38.83737387297846" lon="121.50966291996858">
        <ele>11.10566201992333</ele>
        <time>2024-10-16T15:33:16Z</time>
        <extensions>
          <gpxtpx:TrackPointExtension>
            <gpxtpx:hr>131</gpxtpx:hr>
          </gpxtpx:TrackPointExtension>
        </extensions>
      </trkpt>
      <trkpt lat="38.837331756927384" lon="121.50958273173075">
        <ele>11.152539840899408</ele>
        <time>2024-10-16T15:33:19Z</time>
        <extensions>
          <gpxtpx:TrackPointExtension>
            <gpxtpx:hr>131</gpxtpx:hr>
          </gpxtpx:TrackPointExtension>
        </extensions>
      </trkpt>
      <trkpt lat="38.837298908304284" lon="121.50951585004904">
        <ele>11.171439933590591</ele>
        <time>2024-10-16T15:33:22Z</time>
        <extensions>
          <gpxtpx:TrackPointExtension>
            <gpxtpx:hr>131</gpxtpx:hr>
          </gpxtpx:TrackPointExtension>
        </extensions>
      </trkpt>
      <trkpt lat="38.83725719408781" lon="121.50945351200775">
        <ele>9.964162307791412</ele>
        <time>2024-10-16T15:33:25Z</time>
        <extensions>
          <gpxtpx:TrackPointExtension>
            <gpxtpx:hr>131</gpxtpx:hr>
          </gpxtpx:TrackPointExtension>
        </extensions>
      </trkpt>
      <trkpt lat="38.837204034907586" lon="121.50940463834222">
        <ele>10.312124812044203</ele>
        <time>2024-10-16T15:33:28Z</time>
        <extensions>
          <gpxtpx:TrackPointExtension>
            <gpxtpx:hr>132</gpxtpx:hr>
          </gpxtpx:TrackPointExtension>
        </extensions>
      </trkpt>
      <trkpt lat="38.83716463264076" lon="121.5093401211594">
        <ele>11.635947312228382</ele>
        <time>2024-10-16T15:33:31Z</time>
        <extensions>
          <gpxtpx:TrackPointExtension>
            <gpxtpx:hr>133</gpxtpx:hr>
          </gpxtpx:TrackPointExtension>
        </extensions>
      </trkpt>
      <trkpt lat="38.83719820236577" lon="121.50921802367687">
        <ele>10.536968064494431</ele>
        <time>2024-10-16T15:33:35Z</time>
        <extensions>
          <gpxtpx:TrackPointExtension>
            <gpxtpx:hr>133</gpxtpx:hr>
          </gpxtpx:TrackPointExtension>
        </extensions>
      </trkpt>
      <trkpt lat="38.837237887727035" lon="121.50909168092771">
        <ele>11.139734167605639</ele>
        <time>2024-10-16T15:33:39Z</time>
        <extensions>
          <gpxtpx:TrackPointExtension>
            <gpxtpx:hr>132</gpxtpx:hr>
          </gpxtpx:TrackPointExtension>
        </extensions>
      </trkpt>
      <trkpt lat="38.837273226284175" lon="121.50896440891412">
        <ele>10.922474280931056</ele>
        <time>2024-10-16T15:33:43Z</time>
        <extensions>
          <gpxtpx:TrackPointExtension>
            <gpxtpx:hr>131</gpxtpx:hr>
          </gpxtpx:TrackPointExtension>
        </extensions>
      </trkpt>
      <trkpt lat="38.83729765635743" lon="121.5088654131806">
        <ele>12.10289006959647</ele>
        <time>2024-10-16T15:33:47Z</time>
        <extensions>
          <gpxtpx:TrackPointExtension>
            <gpxtpx:hr>132</gpxtpx:hr>
          </gpxtpx:TrackPointExtension>
        </extensions>
      </trkpt>
      <trkpt lat="38.837379930404076" lon="121.50881303729788">
        <ele>11.191674886271358</ele>
        <time>2024-10-16T15:33:51Z</time>
        <extensions>
          <gpxtpx:TrackPointExtension>
            <gpxtpx:hr>133</gpxtpx:hr>
          </gpxtpx:TrackPointExtension>
        </extensions>
      </trkpt>
      <trkpt lat="38.83740717895644" lon="121.50871128438376">
        <ele>10.523988164961338</ele>
        <time>2024-10-16T15:33:55Z</time>
        <extensions>
          <gpxtpx:TrackPointExtension>
            <gpxtpx:hr>133</gpxtpx:hr>
          </gpxtpx:TrackPointExtension>
        </extensions>
      </trkpt>
      <trkpt lat="38.8374210423525" lon="121.50859869066069">
        <ele>10.942233162000775</ele>
        <time>2024-10-16T15:33:59Z</time>
        <extensions>
          <gpxtpx:TrackPointExtension>
            <gpxtpx:hr>132</gpxtpx:hr>
          </gpxtpx:TrackPointExtension>
        </extensions>
      </trkpt>
      <trkpt lat="38.837455880137924" lon="121.50851568930098">
        <ele>12.690092807635665</ele>
        <time>2024-10-16T15:34:03Z</time>
        <extensions>
          <gpxtpx:TrackPointExtension>
            <gpxtpx:hr>132</gpxtpx:hr>
          </gpxtpx:TrackPointExtension>
        </extensions>
      </trkpt>
      <trkpt lat="38.83747491625025" lon="121.50841945176462">
        <ele>11.683566217310727</ele>
        <time>2024-10-16T15:34:07Z</time>
        <extensions>
          <gpxtpx:TrackPointExtension>
            <gpxtpx:hr>131</gpxtpx:hr>
          </gpxtpx:TrackPointExtension>
        </extensions>
      </trkpt>
      <trkpt lat="38.83749202452749" lon="121.50831285725035">
        <ele>11.086931662634015</ele>
        <time>2024-10-16T15:34:11Z</time>
        <extensions>
          <gpxtpx:TrackPointExtension>
            <gpxtpx:hr>133</gpxtpx:hr>
          </gpxtpx:TrackPointExtension>
        </extensions>
      </trkpt>
      <trkpt lat="38.83752944069922" lon="121.5082672964804">
        <ele>11.232784806750715</ele>
        <time>2024-10-16T15:34:15Z</time>
        <extensions>
          <gpxtpx:TrackPointExtension>
            <gpxtpx:hr>133</gpxtpx:hr>
          </gpxtpx:TrackPointExtension>
        </extensions>
      </trkpt>
      <trkpt lat="38.837511484380066" lon="121.50822893040676">
        <ele>10.390798664651811</ele>
        <time>2024-10-16T15:34:19Z</time>
        <extensions>
          <gpxtpx:TrackPointExtension>
            <gpxtpx:hr>133</gpxtpx:hr>
          </gpxtpx:TrackPointExtension>
        </extensions>
      </trkpt>
      <trkpt lat="38.83752374915428" lon="121.50823174055465">
        <ele>10.870777590200305</ele>
        <time>2024-10-16T15:34:23Z</time>
        <extensions>
          <gpxtpx:TrackPointExtension>
            <gpxtpx:hr>134</gpxtpx:hr>
          </gpxtpx:TrackPointExtension>
        </extensions>
      </trkpt>
      <trkpt lat="38.837532563256815" lon="121.50818468862398">
        <ele>11.2463861675933</ele>
        <time>2024-10-16T15:34:27Z</time>
        <extensions>
          <gpxtpx:TrackPointExtension>
            <gpxtpx:hr>131</gpxtpx:hr>
          </gpxtpx:TrackPointExtension>
        </extensions>
      </trkpt>
      <trkpt lat="38.83758726390025" lon="121.50814045540884">
        <ele>12.47776704840362</ele>
        <time>2024-10-16T15:34:31Z</time>
        <extensions>
          <gpxtpx:TrackPointExtension>
            <gpxtpx:hr>130</gpxtpx:hr>
          </gpxtpx:TrackPointExtension>
        </extensions>
      </trkpt>
      <trkpt lat="38.83761927778605" lon="121.50810418288428">
        <ele>12.546402919106185</ele>
        <time>2024-10-16T15:34:35Z</time>
        <extensions>
          <gpxtpx:TrackPointExtension>
            <gpxtpx:hr>130</gpxtpx:hr>
          </gpxtpx:TrackPointExtension>
        </extensions>
      </trkpt>
      <trkpt lat="38.83767591531218" lon="121.50805870701097">
        <ele>12.030041243880987</ele>
        <time>2024-10-16T15:34:39Z</time>
        <extensions>
          <gpxtpx:TrackPointExtension>
            <gpxtpx:hr>124</gpxtpx:hr>
          </gpxtpx:TrackPointExtension>
        </extensions>
      </trkpt>
      <trkpt lat="38.837722013725546" lon="121.50799286803019">
        <ele>11.592192267999053</ele>
        <time>2024-10-16T15:34:43Z</time>
        <extensions>
          <gpxtpx:TrackPointExtension>
            <gpxtpx:hr>124</gpxtpx:hr>
          </gpxtpx:TrackPointExtension>
        </extensions>
      </trkpt>
      <trkpt lat="38.83776821852335" lon="121.50790812005795">
        <ele>12.145183893851936</ele>
        <time>2024-10-16T15:34:47Z</time>
        <extensions>
          <gpxtpx:TrackPointExtension>
            <gpxtpx:hr>124</gpxtpx:hr>
          </gpxtpx:TrackPointExtension>
        </extensions>
      </trkpt>
      <trkpt lat="38.837798942847364" lon="121.50781956060197">
        <ele>11.978952840901911</ele>
        <time>2024-10-16T15:34:50Z</time>
        <extensions>
          <gpxtpx:TrackPointExtension>
            <gpxtpx:hr>124</gpxtpx:hr>
          </gpxtpx:TrackPointExtension>
        </extensions>
      </trkpt>
      <trkpt lat="38.83783583887659" lon="121.50773186233648">
        <ele>11.255321135744452</ele>
        <time>2024-10-16T15:34:53Z</time>
        <extensions>
          <gpxtpx:TrackPointExtension>
            <gpxtpx:hr>124</gpxtpx:hr>
          </gpxtpx:TrackPointExtension>
        </extensions>
      </trkpt>
      <trkpt lat="38.83785923000219" lon="121.50763602782366">
        <ele>10.850692407228053</ele>
        <time>2024-10-16T15:34:56Z</time>
        <extensions>
          <gpxtpx:TrackPointExtension>
            <gpxtpx:hr>125</gpxtpx:hr>
          </gpxtpx:TrackPointExtension>
        </extensions>
      </trkpt>
      <trkpt lat="38.83789348718409" lon="121.50757233068381">
        <ele>11.299469583667815</ele>
        <time>2024-10-16T15:34:59Z</time>
        <extensions>
          <gpxtpx:TrackPointExtension>
            <gpxtpx:hr>125</gpxtpx:hr>
          </gpxtpx:TrackPointExtension>
        </extensions>
      </trkpt>
      <trkpt lat="38.83795543884644" lon="121.50747653973272">
        <ele>11.1009826567024</ele>
        <time>2024-10-16T15:35:03Z</time>
        <extensions>
          <gpxtpx:TrackPointExtension>
            <gpxtpx:hr>126</gpxtpx:hr>
          </gpxtpx:TrackPointExtension>
        </extensions>
      </trkpt>
      <trkpt lat="38.8379856025605" lon="121.5074129428918">
        <ele>10.64113489817828</ele>
        <time>2024-10-16T15:35:06Z</time>
        <extensions>
          <gpxtpx:TrackPointExtension>
            <gpxtpx:hr>126</gpxtpx:hr>
          </gpxtpx:TrackPointExtension>
        </extensions>
      </trkpt>
      <trkpt lat="38.83800694794545" lon="121.50733697342885">
        <ele>10.693593581207097</ele>
        <time>2024-10-16T15:35:09Z</time>
        <extensions>
          <gpxtpx:TrackPointExtension>
            <gpxtpx:hr>126</gpxtpx:hr>
          </gpxtpx:TrackPointExtension>
        </extensions>
      </trkpt>
      <trkpt lat="38.838012616744145" lon="121.50723879997237">
        <ele>10.856371317058802</ele>
        <time>2024-10-16T15:35:12Z</time>
        <extensions>
          <gpxtpx:TrackPointExtension>
            <gpxtpx:hr>126</gpxtpx:hr>
          </gpxtpx:TrackPointExtension>
        </extensions>
      </trkpt>
      <trkpt lat="38.83802268755464" lon="121.50714140141906">
        <ele>10.700094755738974</ele>
        <time>2024-10-16T15:35:15Z</time>
        <extensions>
          <gpxtpx:TrackPointExtension>
            <gpxtpx:hr>126</gpxtpx:hr>
          </gpxtpx:TrackPointExtension>
        </extensions>
      </trkpt>
      <trkpt lat="38.83806423898023" lon="121.50708388754599">
        <ele>10.830494492314756</ele>
        <time>2024-10-16T15:35:18Z</time>
        <extensions>
          <gpxtpx:TrackPointExtension>
            <gpxtpx:hr>128</gpxtpx:hr>
          </gpxtpx:TrackPointExtension>
        </extensions>
      </trkpt>
      <trkpt lat="38.83809282177334" lon="121.50700379254498">
        <ele>11.269800438545644</ele>
        <time>2024-10-16T15:35:21Z</time>
        <extensions>
          <gpxtpx:TrackPointExtension>
            <gpxtpx:hr>128</gpxtpx:hr>
          </gpxtpx:TrackPointExtension>
        </extensions>
      </trkpt>
      <trkpt lat="38.83810724841912" lon="121.50692483141434">
        <ele>12.090350843034685</ele>
        <time>2024-10-16T15:35:24Z</time>
        <extensions>
          <gpxtpx:TrackPointExtension>
            <gpxtpx:hr>128</gpxtpx:hr>
          </gpxtpx:TrackPointExtension>
        </extensions>
      </trkpt>
      <trkpt lat="38.83813855767942" lon="121.50685458103868">
        <ele>11.40688513405621</ele>
        <time>2024-10-16T15:35:27Z</time>
        <extensions>
          <gpxtpx:TrackPointExtension>
            <gpxtpx:hr>128</gpxtpx:hr>
          </gpxtpx:TrackPointExtension>
        </extensions>
      </trkpt>
      <trkpt lat="38.83818888903373" lon="121.50679396816201">
        <ele>11.629746726714075</ele>
        <time>2024-10-16T15:35:30Z</time>
        <extensions>
          <gpxtpx:TrackPointExtension>
            <gpxtpx:hr>128</gpxtpx:hr>
          </gpxtpx:TrackPointExtension>
        </extensions>
      </trkpt>
      <trkpt lat="38.838228558832874" lon="121.5067133774874">
        <ele>11.165274665690958</ele>
        <time>2024-10-16T15:35:33Z</time>
        <extensions>
          <gpxtpx:TrackPointExtension>
            <gpxtpx:hr>129</gpxtpx:hr>
          </gpxtpx:TrackPointExtension>
        </extensions>
      </trkpt>
      <trkpt lat="38.838269361431095" lon="121.50665740081023">
        <ele>9.594975631684065</ele>
        <time>2024-10-16T15:35:36Z</time>
        <extensions>
          <gpxtpx:TrackPointExtension>
            <gpxtpx:hr>129</gpxtpx:hr>
          </gpxtpx:TrackPointExtension>
        </extensions>
      </trkpt>
      <trkpt lat="38.838281146241975" lon="121.5065332729683">
        <ele>9.772105616517365</ele>
        <time>2024-10-16T15:35:40Z</time>
        <extensions>
          <gpxtpx:TrackPointExtension>
            <gpxtpx:hr>129</gpxtpx:hr>
          </gpxtpx:TrackPointExtension>
        </extensions>
      </trkpt>
      <trkpt lat="38.83833138546824" lon="121.50647360049456">
        <ele>10.082315620034933</ele>
        <time>2024-10-16T15:35:43Z</time>
        <extensions>
          <gpxtpx:TrackPointExtension>
            <gpxtpx:hr>129</gpxtpx:hr>
          </gpxtpx:TrackPointExtension>
        </extensions>
      </trkpt>
      <trkpt lat="38.8383879459708" lon="121.50642456266272">
        <ele>10.323820574209094</ele>
        <time>2024-10-16T15:35:46Z</time>
        <extensions>
          <gpxtpx:TrackPointExtension>
            <gpxtpx:hr>128</gpxtpx:hr>
          </gpxtpx:TrackPointExtension>
        </extensions>
      </trkpt>
      <trkpt lat="38.838425359730365" lon="121.50638569287334">
        <ele>10.334391359239817</ele>
        <time>2024-10-16T15:35:49Z</time>
        <extensions>
          <gpxtpx:TrackPointExtension>
            <gpxtpx:hr>128</gpxtpx:hr>
          </gpxtpx:TrackPointExtension>
        </extensions>
      </trkpt>
      <trkpt lat="38.838473263866334" lon="121.50631562193698">
        <ele>10.320275992155075</ele>
        <time>2024-10-16T15:35:52Z</time>
        <extensions>
          <gpxtpx:TrackPointExtension>
            <gpxtpx:hr>129</gpxtpx:hr>
          </gpxtpx:TrackPointExtension>
        </extensions>
      </trkpt>
      <trkpt lat="38.838516868629405" lon="121.50622570907517">
        <ele>10.706561642698944</ele>
        <time>2024-10-16T15:35:56Z</time>
        <extensions>
          <gpxtpx:TrackPointExtension>
            <gpxtpx:hr>128</gpxtpx:hr>
          </gpxtpx:TrackPointExtension>
        </extensions>
      </trkpt>
      <trkpt lat="38.838550331205965" lon="121.5061915376762">
        <ele>10.809978613629937</ele>
        <time>2024-10-16T15:35:59Z</time>
        <extensions>
          <gpxtpx:TrackPointExtension>
            <gpxtpx:hr>128</gpxtpx:hr>
          </gpxtpx:TrackPointExtension>
        </extensions>
      </trkpt>
      <trkpt lat="38.8385828516816" lon="121.5061200816943">
        <ele>11.072983840480447</ele>
        <time>2024-10-16T15:36:02Z</time>
        <extensions>
          <gpxtpx:TrackPointExtension>
            <gpxtpx:hr>128</gpxtpx:hr>
          </gpxtpx:TrackPointExtension>
        </extensions>
      </trkpt>
      <trkpt lat="38.838622504641904" lon="121.50605912905559">
        <ele>11.16765531618148</ele>
        <time>2024-10-16T15:36:05Z</time>
        <extensions>
          <gpxtpx:TrackPointExtension>
            <gpxtpx:hr>128</gpxtpx:hr>
          </gpxtpx:TrackPointExtension>
        </extensions>
      </trkpt>
      <trkpt lat="38.838677043947385" lon="121.50600921892206">
        <ele>10.879076406359673</ele>
        <time>2024-10-16T15:36:08Z</time>
        <extensions>
          <gpxtpx:TrackPointExtension>
            <gpxtpx:hr>128</gpxtpx:hr>
          </gpxtpx:TrackPointExtension>
        </extensions>
      </trkpt>
      <trkpt lat="38.83870117726233" lon="121.50594364368733">
        <ele>10.656909271143377</ele>
        <time>2024-10-16T15:36:11Z</time>
        <extensions>
          <gpxtpx:TrackPointExtension>
            <gpxtpx:hr>128</gpxtpx:hr>
          </gpxtpx:TrackPointExtension>
        </extensions>
      </trkpt>
      <trkpt lat="38.838771695515085" lon="121.505900800238">
        <ele>10.844584896229208</ele>
        <time>2024-10-16T15:36:14Z</time>
        <extensions>
          <gpxtpx:TrackPointExtension>
            <gpxtpx:hr>128</gpxtpx:hr>
          </gpxtpx:TrackPointExtension>
        </extensions>
      </trkpt>
      <trkpt lat="38.83879921237172" lon="121.50585216137286">
        <ele>10.646016306243837</ele>
        <time>2024-10-16T15:36:17Z</time>
        <extensions>
          <gpxtpx:TrackPointExtension>
            <gpxtpx:hr>129</gpxtpx:hr>
          </gpxtpx:TrackPointExtension>
        </extensions>
      </trkpt>
      <trkpt lat="38.83875052892522" lon="121.50586743590804">
        <ele>10.876534316688776</ele>
        <time>2024-10-16T15:36:20Z</time>
        <extensions>
          <gpxtpx:TrackPointExtension>
            <gpxtpx:hr>129</gpxtpx:hr>
          </gpxtpx:TrackPointExtension>
        </extensions>
      </trkpt>
      <trkpt lat="38.838717370057374" lon="121.50583986264951">
        <ele>11.616695614531636</ele>
        <time>2024-10-16T15:36:23Z</time>
        <extensions>
          <gpxtpx:TrackPointExtension>
            <gpxtpx:hr>129</gpxtpx:hr>
          </gpxtpx:TrackPointExtension>
        </extensions>
      </trkpt>
      <trkpt lat="38.838661460511304" lon="121.5058045308194">
        <ele>11.031947186216712</ele>
        <time>2024-10-16T15:36:26Z</time>
        <extensions>
          <gpxtpx:TrackPointExtension>
            <gpxtpx:hr>130</gpxtpx:hr>
          </gpxtpx:TrackPointExtension>
        </extensions>
      </trkpt>
      <trkpt lat="38.838620601948215" lon="121.5057580320557">
        <ele>10.98385895602405</ele>
        <time>2024-10-16T15:36:29Z</time>
        <extensions>
          <gpxtpx:TrackPointExtension>
            <gpxtpx:hr>130</gpxtpx:hr>
          </gpxtpx:TrackPointExtension>
        </extensions>
      </trkpt>
      <trkpt lat="38.8385679071233" lon="121.50571447403055">
        <ele>10.476487718522549</ele>
        <time>2024-10-16T15:36:32Z</time>
        <extensions>
          <gpxtpx:TrackPointExtension>
            <gpxtpx:hr>131</gpxtpx:hr>
          </gpxtpx:TrackPointExtension>
        </extensions>
      </trkpt>
      <trkpt lat="38.83851283853879" lon="121.50568992994735">
        <ele>11.501660726964474</ele>
        <time>2024-10-16T15:36:35Z</time>
        <extensions>
          <gpxtpx:TrackPointExtension>
            <gpxtpx:hr>131</gpxtpx:hr>
          </gpxtpx:TrackPointExtension>
        </extensions>
      </trkpt>
      <trkpt lat="38.83847177039714" lon="121.50564459537502">
        <ele>12.241517793387175</ele>
        <time>2024-10-16T15:36:38Z</time>
        <extensions>
          <gpxtpx:TrackPointExtension>
            <gpxtpx:hr>131</gpxtpx:hr>
          </gpxtpx:TrackPointExtension>
        </extensions>
      </trkpt>
      <trkpt lat="38.838477854955045" lon="121.50564167346703">
        <ele>11.876268852502108</ele>
        <time>2024-10-16T15:36:41Z</time>
        <extensions>
          <gpxtpx:TrackPointExtension>
            <gpxtpx:hr>129</gpxtpx:hr>
          </gpxtpx:TrackPointExtension>
        </extensions>
      </trkpt>
      <trkpt lat="38.838462207217745" lon="121.50559047323043">
        <ele>11.40255017299205</ele>
        <time>2024-10-16T15:36:44Z</time>
        <extensions>
          <gpxtpx:TrackPointExtension>
            <gpxtpx:hr>129</gpxtpx:hr>
          </gpxtpx:TrackPointExtension>
        </extensions>
      </trkpt>
      <trkpt lat="38.83845193186496" lon="121.50557258682669">
        <ele>11.067007501609623</ele>
        <time>2024-10-16T15:36:47Z</time>
        <extensions>
          <gpxtpx:TrackPointExtension>
            <gpxtpx:hr>128</gpxtpx:hr>
          </gpxtpx:TrackPointExtension>
        </extensions>
      </trkpt>
      <trkpt lat="38.83844956084084" lon="121.50557204518682">
        <ele>10.987354476936162</ele>
        <time>2024-10-16T15:36:50Z</time>
        <extensions>
          <gpxtpx:TrackPointExtension>
            <gpxtpx:hr>128</gpxtpx:hr>
          </gpxtpx:TrackPointExtension>
        </extensions>
      </trkpt>
      <trkpt lat="38.838409939496636" lon="121.50554457562009">
        <ele>10.849721397273242</ele>
        <time>2024-10-16T15:36:53Z</time>
        <extensions>
          <gpxtpx:TrackPointExtension>
            <gpxtpx:hr>127</gpxtpx:hr>
          </gpxtpx:TrackPointExtension>
        </extensions>
      </trkpt>
      <trkpt lat="38.83838760095761" lon="121.50552638128032">
        <ele>11.159378592856228</ele>
        <time>2024-10-16T15:36:56Z</time>
        <extensions>
          <gpxtpx:TrackPointExtension>
            <gpxtpx:hr>122</gpxtpx:hr>
          </gpxtpx:TrackPointExtension>
        </extensions>
      </trkpt>
      <trkpt lat="38.83836081741777" lon="121.5055241122325">
        <ele>11.042604281567037</ele>
        <time>2024-10-16T15:36:59Z</time>
        <extensions>
          <gpxtpx:TrackPointExtension>
            <gpxtpx:hr>122</gpxtpx:hr>
          </gpxtpx:TrackPointExtension>
        </extensions>
      </trkpt>
      <trkpt lat="38.83836215207661" lon="121.50549297586193">
        <ele>11.488415211439133</ele>
        <time>2024-10-16T15:37:02Z</time>
        <extensions>
          <gpxtpx:TrackPointExtension>
            <gpxtpx:hr>122</gpxtpx:hr>
          </gpxtpx:TrackPointExtension>
        </extensions>
      </trkpt>
      <trkpt lat="38.83833005165009" lon="121.5054461774469">
        <ele>10.729394571855664</ele>
        <time>2024-10-16T15:37:05Z</time>
        <extensions>
          <gpxtpx:TrackPointExtension>
            <gpxtpx:hr>121</gpxtpx:hr>
          </gpxtpx:TrackPointExtension>
        </extensions>
      </trkpt>
      <trkpt lat="38.83829043523691" lon="121.50543849072486">
        <ele>10.361821062862873</ele>
        <time>2024-10-16T15:37:08Z</time>
        <extensions>
          <gpxtpx:TrackPointExtension>
            <gpxtpx:hr>121</gpxtpx:hr>
          </gpxtpx:TrackPointExtension>
        </extensions>
      </trkpt>
      <trkpt lat="38.83826962851468" lon="121.50540790829673">
        <ele>10.09883379843086</ele>
        <time>2024-10-16T15:37:11Z</time>
        <extensions>
          <gpxtpx:TrackPointExtension>
            <gpxtpx:hr>121</gpxtpx:hr>
          </gpxtpx:TrackPointExtension>
        </extensions>
      </trkpt>
      <trkpt lat="38.83826601001041" lon="121.50537830313785">
        <ele>9.085548845119774</ele>
        <time>2024-10-16T15:37:14Z</time>
        <extensions>
          <gpxtpx:TrackPointExtension>
            <gpxtpx:hr>121</gpxtpx:hr>
          </gpxtpx:TrackPointExtension>
        </extensions>
      </trkpt>
      <trkpt lat="38.838246930835794" lon="121.50534478945782">
        <ele>9.600163358263671</ele>
        <time>2024-10-16T15:37:17Z</time>
        <extensions>
          <gpxtpx:TrackPointExtension>
            <gpxtpx:hr>120</gpxtpx:hr>
          </gpxtpx:TrackPointExtension>
        </extensions>
      </trkpt>
      <trkpt lat="38.83823104056143" lon="121.5053230561632">
        <ele>9.831848471425474</ele>
        <time>2024-10-16T15:37:20Z</time>
        <extensions>
          <gpxtpx:TrackPointExtension>
            <gpxtpx:hr>120</gpxtpx:hr>
          </gpxtpx:TrackPointExtension>
        </extensions>
      </trkpt>
      <trkpt lat="38.838199411694674" lon="121.50530685943284">
        <ele>10.001995511353016</ele>
        <time>2024-10-16T15:37:23Z</time>
        <extensions>
          <gpxtpx:TrackPointExtension>
            <gpxtpx:hr>118</gpxtpx:hr>
          </gpxtpx:TrackPointExtension>
        </extensions>
      </trkpt>
      <trkpt lat="38.83817212334373" lon="121.50527809411932">
        <ele>9.802105498500168</ele>
        <time>2024-10-16T15:37:26Z</time>
        <extensions>
          <gpxtpx:TrackPointExtension>
            <gpxtpx:hr>116</gpxtpx:hr>
          </gpxtpx:TrackPointExtension>
        </extensions>
      </trkpt>
      <trkpt lat="38.838144616375686" lon="121.50524382362454">
        <ele>10.396641834639013</ele>
        <time>2024-10-16T15:37:29Z</time>
        <extensions>
          <gpxtpx:TrackPointExtension>
            <gpxtpx:hr>116</gpxtpx:hr>
          </gpxtpx:TrackPointExtension>
        </extensions>
      </trkpt>
      <trkpt lat="38.83811393637649" lon="121.50522927634539">
        <ele>10.239146198146045</ele>
        <time>2024-10-16T15:37:32Z</time>
        <extensions>
          <gpxtpx:TrackPointExtension>
            <gpxtpx:hr>116</gpxtpx:hr>
          </gpxtpx:TrackPointExtension>
        </extensions>
      </trkpt>
      <trkpt lat="38.838076070900264" lon="121.50519866586329">
        <ele>11.062238654121757</ele>
        <time>2024-10-16T15:37:35Z</time>
        <extensions>
          <gpxtpx:TrackPointExtension>
            <gpxtpx:hr>116</gpxtpx:hr>
          </gpxtpx:TrackPointExtension>
        </extensions>
      </trkpt>
      <trkpt lat="38.838043389724774" lon="121.50520910043377">
        <ele>10.606984487734735</ele>
        <time>2024-10-16T15:37:38Z</time>
        <extensions>
          <gpxtpx:TrackPointExtension>
            <gpxtpx:hr>113</gpxtpx:hr>
          </gpxtpx:TrackPointExtension>
        </extensions>
      </trkpt>
      <trkpt lat="38.838016995079855" lon="121.5051789153369">
        <ele>9.850346420891583</ele>
        <time>2024-10-16T15:37:41Z</time>
        <extensions>
          <gpxtpx:TrackPointExtension>
            <gpxtpx:hr>113</gpxtpx:hr>
          </gpxtpx:TrackPointExtension>
        </extensions>
      </trkpt>
      <trkpt lat="38.837991690320045" lon="121.50515711936963">
        <ele>11.2147765038535</ele>
        <time>2024-10-16T15:37:44Z</time>
        <extensions>
          <gpxtpx:TrackPointExtension>
            <gpxtpx:hr>113</gpxtpx:hr>
          </gpxtpx:TrackPointExtension>
        </extensions>
      </trkpt>
      <trkpt lat="38.837959026737494" lon="121.50510396249334">
        <ele>11.728116477839649</ele>
        <time>2024-10-16T15:37:48Z</time>
        <extensions>
          <gpxtpx:TrackPointExtension>
            <gpxtpx:hr>104</gpxtpx:hr>
          </gpxtpx:TrackPointExtension>
        </extensions>
      </trkpt>
      <trkpt lat="38.8379599905481" lon="121.50507183167362">
        <ele>10.742348249070346</ele>
        <time>2024-10-16T15:37:52Z</time>
        <extensions>
          <gpxtpx:TrackPointExtension>
            <gpxtpx:hr>104</gpxtpx:hr>
          </gpxtpx:TrackPointExtension>
        </extensions>
      </trkpt>
      <trkpt lat="38.83796550955502" lon="121.50500753313995">
        <ele>10.464880076237023</ele>
        <time>2024-10-16T15:37:56Z</time>
        <extensions>
          <gpxtpx:TrackPointExtension>
            <gpxtpx:hr>104</gpxtpx:hr>
          </gpxtpx:TrackPointExtension>
        </extensions>
      </trkpt>
      <trkpt lat="38.837942134082" lon="121.50497278525779">
        <ele>10.01764368172735</ele>
        <time>2024-10-16T15:37:59Z</time>
        <extensions>
          <gpxtpx:TrackPointExtension>
            <gpxtpx:hr>104</gpxtpx:hr>
          </gpxtpx:TrackPointExtension>
        </extensions>
      </trkpt>
      <trkpt lat="38.83790532163274" lon="121.5049473513794">
        <ele>9.41742737032473</ele>
        <time>2024-10-16T15:38:03Z</time>
        <extensions>
          <gpxtpx:TrackPointExtension>
            <gpxtpx:hr>102</gpxtpx:hr>
          </gpxtpx:TrackPointExtension>
        </extensions>
      </trkpt>
      <trkpt lat="38.83785696852972" lon="121.50491837095878">
        <ele>9.277006204240024</ele>
        <time>2024-10-16T15:38:07Z</time>
        <extensions>
          <gpxtpx:TrackPointExtension>
            <gpxtpx:hr>101</gpxtpx:hr>
          </gpxtpx:TrackPointExtension>
        </extensions>
      </trkpt>
      <trkpt lat="38.837808944901184" lon="121.50491218859109">
        <ele>9.48485279455781</ele>
        <time>2024-10-16T15:38:11Z</time>
        <extensions>
          <gpxtpx:TrackPointExtension>
            <gpxtpx:hr>101</gpxtpx:hr>
          </gpxtpx:TrackPointExtension>
        </extensions>
      </trkpt>
      <trkpt lat="38.8377590846143" lon="121.50494807566217">
        <ele>8.86681282799691</ele>
        <time>2024-10-16T15:38:15Z</time>
        <extensions>
          <gpxtpx:TrackPointExtension>
            <gpxtpx:hr>101</gpxtpx:hr>
          </gpxtpx:TrackPointExtension>
        </extensions>
      </trkpt>
      <trkpt lat="38.83770626220532" lon="121.50495041976147">
        <ele>9.214933072216809</ele>
        <time>2024-10-16T15:38:19Z</time>
        <extensions>
          <gpxtpx:TrackPointExtension>
            <gpxtpx:hr>100</gpxtpx:hr>
          </gpxtpx:TrackPointExtension>
        </extensions>
      </trkpt>
      <trkpt lat="38.8376553383627" lon="121.50491260646353">
        <ele>8.79589119553566</ele>
        <time>2024-10-16T15:38:23Z</time>
        <extensions>
          <gpxtpx:TrackPointExtension>
            <gpxtpx:hr>101</gpxtpx:hr>
          </gpxtpx:TrackPointExtension>
        </extensions>
      </trkpt>
      <trkpt lat="38.83766324046031" lon="121.50488087360232">
        <ele>9.175650645978749</ele>
        <time>2024-10-16T15:38:27Z</time>
        <extensions>
          <gpxtpx:TrackPointExtension>
            <gpxtpx:hr>101</gpxtpx:hr>
          </gpxtpx:TrackPointExtension>
        </extensions>
      </trkpt>
      <trkpt lat="38.837636642740016" lon="121.50488822202604">
        <ele>9.227036339230835</ele>
        <time>2024-10-16T15:38:31Z</time>
        <extensions>
          <gpxtpx:TrackPointExtension>
            <gpxtpx:hr>100</gpxtpx:hr>
          </gpxtpx:TrackPointExtension>
        </extensions>
      </trkpt>
      <trkpt lat="38.83760840311148" lon="121.50486425719366">
        <ele>9.30274932552129</ele>
        <time>2024-10-16T15:38:35Z</time>
        <extensions>
          <gpxtpx:TrackPointExtension>
            <gpxtpx:hr>100</gpxtpx:hr>
          </gpxtpx:TrackPointExtension>
        </extensions>
      </trkpt>
      <trkpt lat="38.837602783653" lon="121.50478130868026">
        <ele>9.285138501785696</ele>
        <time>2024-10-16T15:38:39Z</time>
        <extensions>
          <gpxtpx:TrackPointExtension>
            <gpxtpx:hr>101</gpxtpx:hr>
          </gpxtpx:TrackPointExtension>
        </extensions>
      </trkpt>
      <trkpt lat="38.8375841082206" lon="121.50474601750014">
        <ele>9.393426612950861</ele>
        <time>2024-10-16T15:38:43Z</time>
        <extensions>
          <gpxtpx:TrackPointExtension>
            <gpxtpx:hr>101</gpxtpx:hr>
          </gpxtpx:TrackPointExtension>
        </extensions>
      </trkpt>
      <trkpt lat="38.83757843789061" lon="121.50469992504722">
        <ele>10.095645713619888</ele>
        <time>2024-10-16T15:38:46Z</time>
        <extensions>
          <gpxtpx:TrackPointExtension>
            <gpxtpx:hr>100</gpxtpx:hr>
          </gpxtpx:TrackPointExtension>
        </extensions>
      </trkpt>
      <trkpt lat="38.83756941462416" lon="121.50464058922061">
        <ele>10.827563802711666</ele>
        <time>2024-10-16T15:38:49Z</time>
        <extensions>
          <gpxtpx:TrackPointExtension>
            <gpxtpx:hr>100</gpxtpx:hr>
          </gpxtpx:TrackPointExtension>
        </extensions>
      </trkpt>
      <trkpt lat="38.837565883751864" lon="121.50459216174943">
        <ele>9.708398161455989</ele>
        <time>2024-10-16T15:38:52Z</time>
        <extensions>
          <gpxtpx:TrackPointExtension>
            <gpxtpx:hr>100</gpxtpx:hr>
          </gpxtpx:TrackPointExtension>
        </extensions>
      </trkpt>
      <trkpt lat="38.837566725317274" lon="121.50460758547312">
        <ele>9.730848893523216</ele>
        <time>2024-10-16T15:38:55Z</time>
        <extensions>
          <gpxtpx:TrackPointExtension>
            <gpxtpx:hr>100</gpxtpx:hr>
          </gpxtpx:TrackPointExtension>
        </extensions>
      </trkpt>
      <trkpt lat="38.837578371401214" lon="121.5046057850152">
        <ele>9.63431818690151</ele>
        <time>2024-10-16T15:38:59Z</time>
        <extensions>
          <gpxtpx:TrackPointExtension>
            <gpxtpx:hr>103</gpxtpx:hr>
          </gpxtpx:TrackPointExtension>
        </extensions>
      </trkpt>
      <trkpt lat="38.83758369065" lon="121.50455890781107">
        <ele>8.855615085922182</ele>
        <time>2024-10-16T15:39:03Z</time>
        <extensions>
          <gpxtpx:TrackPointExtension>
            <gpxtpx:hr>96</gpxtpx:hr>
          </gpxtpx:TrackPointExtension>
        </extensions>
      </trkpt>
      <trkpt lat="38.83757086956192" lon="121.50454454527586">
        <ele>8.498504467308521</ele>
        <time>2024-10-16T15:39:06Z</time>
        <extensions>
          <gpxtpx:TrackPointExtension>
            <gpxtpx:hr>92</gpxtpx:hr>
          </gpxtpx:TrackPointExtension>
        </extensions>
      </trkpt>
      <trkpt lat="38.837568078770104" lon="121.50453663859419">
        <ele>8.82148673105985</ele>
        <time>2024-10-16T15:39:09Z</time>
        <extensions>
          <gpxtpx:TrackPointExtension>
            <gpxtpx:hr>92</gpxtpx:hr>
          </gpxtpx:TrackPointExtension>
        </extensions>
      </trkpt>
      <trkpt lat="38.83755561962363" lon="121.50449664888666">
        <ele>8.994475827552378</ele>
        <time>2024-10-16T15:39:12Z</time>
        <extensions>
          <gpxtpx:TrackPointExtension>
            <gpxtpx:hr>92</gpxtpx:hr>
          </gpxtpx:TrackPointExtension>
        </extensions>
      </trkpt>
      <trkpt lat="38.83757142557382" lon="121.50444598235823">
        <ele>9.377900275401771</ele>
        <time>2024-10-16T15:39:16Z</time>
        <extensions>
          <gpxtpx:TrackPointExtension>
            <gpxtpx:hr>91</gpxtpx:hr>
          </gpxtpx:TrackPointExtension>
        </extensions>
      </trkpt>
      <trkpt lat="38.837578888893475" lon="121.50441264987725">
        <ele>9.494640148244798</ele>
        <time>2024-10-16T15:39:19Z</time>
        <extensions>
          <gpxtpx:TrackPointExtension>
            <gpxtpx:hr>91</gpxtpx:hr>
          </gpxtpx:TrackPointExtension>
        </extensions>
      </trkpt>
      <trkpt lat="38.8376043349571" lon="121.50441204666545">
        <ele>9.461770041845739</ele>
        <time>2024-10-16T15:39:22Z</time>
        <extensions>
          <gpxtpx:TrackPointExtension>
            <gpxtpx:hr>91</gpxtpx:hr>
          </gpxtpx:TrackPointExtension>
        </extensions>
      </trkpt>
      <trkpt lat="38.837632833956334" lon="121.50441286447156">
        <ele>9.37316065095365</ele>
        <time>2024-10-16T15:39:25Z</time>
        <extensions>
          <gpxtpx:TrackPointExtension>
            <gpxtpx:hr>91</gpxtpx:hr>
          </gpxtpx:TrackPointExtension>
        </extensions>
      </trkpt>
      <trkpt lat="38.837659142491916" lon="121.50438035053855">
        <ele>10.189897458069026</ele>
        <time>2024-10-16T15:39:28Z</time>
        <extensions>
          <gpxtpx:TrackPointExtension>
            <gpxtpx:hr>91</gpxtpx:hr>
          </gpxtpx:TrackPointExtension>
        </extensions>
      </trkpt>
      <trkpt lat="38.83769279155401" lon="121.50436127805297">
        <ele>10.075941121205688</ele>
        <time>2024-10-16T15:39:31Z</time>
        <extensions>
          <gpxtpx:TrackPointExtension>
            <gpxtpx:hr>91</gpxtpx:hr>
          </gpxtpx:TrackPointExtension>
        </extensions>
      </trkpt>
      <trkpt lat="38.837714404796266" lon="121.50436144422338">
        <ele>9.394554325379431</ele>
        <time>2024-10-16T15:39:35Z</time>
        <extensions>
          <gpxtpx:TrackPointExtension>
            <gpxtpx:hr>91</gpxtpx:hr>
          </gpxtpx:TrackPointExtension>
        </extensions>
      </trkpt>
      <trkpt lat="38.83775271032076" lon="121.50437878587485">
        <ele>9.077537472359836</ele>
        <time>2024-10-16T15:39:38Z</time>
        <extensions>
          <gpxtpx:TrackPointExtension>
            <gpxtpx:hr>94</gpxtpx:hr>
          </gpxtpx:TrackPointExtension>
        </extensions>
      </trkpt>
      <trkpt lat="38.83779365526309" lon="121.5043598729363">
        <ele>8.828372821211815</ele>
        <time>2024-10-16T15:39:41Z</time>
        <extensions>
          <gpxtpx:TrackPointExtension>
            <gpxtpx:hr>96</gpxtpx:hr>
          </gpxtpx:TrackPointExtension>
        </extensions>
      </trkpt>
      <trkpt lat="38.83780131931975" lon="121.5043584566212">
        <ele>9.022460172884166</ele>
        <time>2024-10-16T15:39:44Z</time>
        <extensions>
          <gpxtpx:TrackPointExtension>
            <gpxtpx:hr>96</gpxtpx:hr>
          </gpxtpx:TrackPointExtension>
        </extensions>
      </trkpt>
      <trkpt lat="38.83782657727333" lon="121.5043574004032">
        <ele>8.93991845101118</ele>
        <time>2024-10-16T15:39:47Z</time>
        <extensions>
          <gpxtpx:TrackPointExtension>
            <gpxtpx:hr>95</gpxtpx:hr>
          </gpxtpx:TrackPointExtension>
        </extensions>
      </trkpt>
      <trkpt lat="38.837835116959475" lon="121.50433415469811">
        <ele>9.053364789113402</ele>
        <time>2024-10-16T15:39:50Z</time>
        <extensions>
          <gpxtpx:TrackPointExtension>
            <gpxtpx:hr>95</gpxtpx:hr>
          </gpxtpx:TrackPointExtension>
        </extensions>
      </trkpt>
      <trkpt lat="38.837852279434486" lon="121.5043290554105">
        <ele>9.067976026795805</ele>
        <time>2024-10-16T15:39:54Z</time>
        <extensions>
          <gpxtpx:TrackPointExtension>
            <gpxtpx:hr>95</gpxtpx:hr>
          </gpxtpx:TrackPointExtension>
        </extensions>
      </trkpt>
      <trkpt lat="38.83785105530525" lon="121.50430755809118">
        <ele>9.150681832805276</ele>
        <time>2024-10-16T15:39:57Z</time>
        <extensions>
          <gpxtpx:TrackPointExtension>
            <gpxtpx:hr>95</gpxtpx:hr>
          </gpxtpx:TrackPointExtension>
        </extensions>
      </trkpt>
      <trkpt lat="38.83784434396113" lon="121.5042705555052">
        <ele>9.258044650778174</ele>
        <time>2024-10-16T15:40:00Z</time>
        <extensions>
          <gpxtpx:TrackPointExtension>
            <gpxtpx:hr>95</gpxtpx:hr>
          </gpxtpx:TrackPointExtension>
        </extensions>
      </trkpt>
      <trkpt lat="38.83789281458905" lon="121.5042216379119">
        <ele>9.232242280617356</ele>
        <time>2024-10-16T15:40:03Z</time>
        <extensions>
          <gpxtpx:TrackPointExtension>
            <gpxtpx:hr>95</gpxtpx:hr>
          </gpxtpx:TrackPointExtension>
        </extensions>
      </trkpt>
      <trkpt lat="38.83794957265885" lon="121.5041701827838">
        <ele>9.181154330261052</ele>
        <time>2024-10-16T15:40:06Z</time>
        <extensions>
          <gpxtpx:TrackPointExtension>
            <gpxtpx:hr>96</gpxtpx:hr>
          </gpxtpx:TrackPointExtension>
        </extensions>
      </trkpt>
      <trkpt lat="38.83798754445336" lon="121.50416904873859">
        <ele>9.050401321612298</ele>
        <time>2024-10-16T15:40:10Z</time>
        <extensions>
          <gpxtpx:TrackPointExtension>
            <gpxtpx:hr>96</gpxtpx:hr>
          </gpxtpx:TrackPointExtension>
        </extensions>
      </trkpt>
      <trkpt lat="38.838005565917136" lon="121.50414911238722">
        <ele>9.144024659879506</ele>
        <time>2024-10-16T15:40:13Z</time>
        <extensions>
          <gpxtpx:TrackPointExtension>
            <gpxtpx:hr>96</gpxtpx:hr>
          </gpxtpx:TrackPointExtension>
        </extensions>
      </trkpt>
      <trkpt lat="38.838046036511415" lon="121.50416474787976">
        <ele>9.546852631494403</ele>
        <time>2024-10-16T15:40:16Z</time>
        <extensions>
          <gpxtpx:TrackPointExtension>
            <gpxtpx:hr>95</gpxtpx:hr>
          </gpxtpx:TrackPointExtension>
        </extensions>
      </trkpt>
      <trkpt lat="38.8380436781399" lon="121.50415081109844">
        <ele>9.890352795831859</ele>
        <time>2024-10-16T15:40:20Z</time>
        <extensions>
          <gpxtpx:TrackPointExtension>
            <gpxtpx:hr>95</gpxtpx:hr>
          </gpxtpx:TrackPointExtension>
        </extensions>
      </trkpt>
      <trkpt lat="38.83809477687877" lon="121.5041752063765">
        <ele>10.409053375013173</ele>
        <time>2024-10-16T15:40:24Z</time>
        <extensions>
          <gpxtpx:TrackPointExtension>
            <gpxtpx:hr>96</gpxtpx:hr>
          </gpxtpx:TrackPointExtension>
        </extensions>
      </trkpt>
      <trkpt lat="38.838138618090845" lon="121.50423908568328">
        <ele>9.804372497834265</ele>
        <time>2024-10-16T15:40:28Z</time>
        <extensions>
          <gpxtpx:TrackPointExtension>
            <gpxtpx:hr>97</gpxtpx:hr>
          </gpxtpx:TrackPointExtension>
        </extensions>
      </trkpt>
      <trkpt lat="38.8381424945635" lon="121.50423530352133">
        <ele>10.496032159775496</ele>
        <time>2024-10-16T15:40:31Z</time>
        <extensions>
          <gpxtpx:TrackPointExtension>
            <gpxtpx:hr>100</gpxtpx:hr>
          </gpxtpx:TrackPointExtension>
        </extensions>
      </trkpt>
      <trkpt lat="38.838140940457144" lon="121.50429122889513">
        <ele>9.687197416089475</ele>
        <time>2024-10-16T15:40:35Z</time>
        <extensions>
          <gpxtpx:TrackPointExtension>
            <gpxtpx:hr>100</gpxtpx:hr>
          </gpxtpx:TrackPointExtension>
        </extensions>
      </trkpt>
      <trkpt lat="38.83813592945715" lon="121.50428226290107">
        <ele>9.954059933312237</ele>
        <time>2024-10-16T15:40:38Z</time>
        <extensions>
          <gpxtpx:TrackPointExtension>
            <gpxtpx:hr>102</gpxtpx:hr>
          </gpxtpx:TrackPointExtension>
        </extensions>
      </trkpt>
      <trkpt lat="38.8381281864372" lon="121.50428040025899">
        <ele>9.658929529599845</ele>
        <time>2024-10-16T15:40:41Z</time>
        <extensions>
          <gpxtpx:TrackPointExtension>
            <gpxtpx:hr>94</gpxtpx:hr>
          </gpxtpx:TrackPointExtension>
        </extensions>
      </trkpt>
      <trkpt lat="38.83812992586048" lon="121.5042840900351">
        <ele>9.932725239545107</ele>
        <time>2024-10-16T15:40:44Z</time>
        <extensions>
          <gpxtpx:TrackPointExtension>
            <gpxtpx:hr>94</gpxtpx:hr>
          </gpxtpx:TrackPointExtension>
        </extensions>
      </trkpt>
      <trkpt lat="38.83813300684506" lon="121.50429447564586">
        <ele>10.253986217081547</ele>
        <time>2024-10-16T15:40:47Z</time>
        <extensions>
          <gpxtpx:TrackPointExtension>
            <gpxtpx:hr>94</gpxtpx:hr>
          </gpxtpx:TrackPointExtension>
        </extensions>
      </trkpt>
      <trkpt lat="38.83813417576088" lon="121.50432897414578">
        <ele>9.910881703719497</ele>
        <time>2024-10-16T15:40:50Z</time>
        <extensions>
          <gpxtpx:TrackPointExtension>
            <gpxtpx:hr>92</gpxtpx:hr>
          </gpxtpx:TrackPointExtension>
        </extensions>
      </trkpt>
      <trkpt lat="38.83813332103773" lon="121.50431760759288">
        <ele>9.817561249248683</ele>
        <time>2024-10-16T15:40:53Z</time>
        <extensions>
          <gpxtpx:TrackPointExtension>
            <gpxtpx:hr>92</gpxtpx:hr>
          </gpxtpx:TrackPointExtension>
        </extensions>
      </trkpt>
      <trkpt lat="38.83821701951596" lon="121.504300476353">
        <ele>9.511117252521217</ele>
        <time>2024-10-16T15:40:56Z</time>
        <extensions>
          <gpxtpx:TrackPointExtension>
            <gpxtpx:hr>92</gpxtpx:hr>
          </gpxtpx:TrackPointExtension>
        </extensions>
      </trkpt>
      <trkpt lat="38.838149487882404" lon="121.50437088681055">
        <ele>20.328063488006592</ele>
        <time>2024-10-16T15:41:16Z</time>
        <extensions>
          <gpxtpx:TrackPointExtension>
            <gpxtpx:hr>83</gpxtpx:hr>
          </gpxtpx:TrackPointExtension>
        </extensions>
      </trkpt>
      <trkpt lat="38.83806603089006" lon="121.50435145658349">
        <ele>10.587991466522219</ele>
        <time>2024-10-16T15:41:27Z</time>
        <extensions>
          <gpxtpx:TrackPointExtension>
            <gpxtpx:hr>81</gpxtpx:hr>
          </gpxtpx:TrackPointExtension>
        </extensions>
      </trkpt>
      <trkpt lat="38.838101312454036" lon="121.50437211110315">
        <ele>10.588063945770266</ele>
        <time>2024-10-16T15:41:39Z</time>
        <extensions>
          <gpxtpx:TrackPointExtension>
            <gpxtpx:hr>81</gpxtpx:hr>
          </gpxtpx:TrackPointExtension>
        </extensions>
      </trkpt>
      <trkpt lat="38.83845740723306" lon="121.50409701007938">
        <ele>10.587264289855959</ele>
        <time>2024-10-16T15:42:50Z</time>
        <extensions>
          <gpxtpx:TrackPointExtension>
            <gpxtpx:hr>76</gpxtpx:hr>
          </gpxtpx:TrackPointExtension>
        </extensions>
      </trkpt>
      <trkpt lat="38.83852235169257" lon="121.5041127158224">
        <ele>14.21534217238488</ele>
        <time>2024-10-16T15:42:56Z</time>
        <extensions>
          <gpxtpx:TrackPointExtension>
            <gpxtpx:hr>82</gpxtpx:hr>
          </gpxtpx:TrackPointExtension>
        </extensions>
      </trkpt>
      <trkpt lat="38.83845150492685" lon="121.50415763400505">
        <ele>14.538274644446943</ele>
        <time>2024-10-16T15:43:03Z</time>
        <extensions>
          <gpxtpx:TrackPointExtension>
            <gpxtpx:hr>83</gpxtpx:hr>
          </gpxtpx:TrackPointExtension>
        </extensions>
      </trkpt>
      <trkpt lat="38.83844103072132" lon="121.50413331944483">
        <ele>14.555404404373306</ele>
        <time>2024-10-16T15:43:09Z</time>
        <extensions>
          <gpxtpx:TrackPointExtension>
            <gpxtpx:hr>83</gpxtpx:hr>
          </gpxtpx:TrackPointExtension>
        </extensions>
      </trkpt>
      <trkpt lat="38.8383739758589" lon="121.50418600942234">
        <ele>14.54685794289422</ele>
        <time>2024-10-16T15:43:15Z</time>
        <extensions>
          <gpxtpx:TrackPointExtension>
            <gpxtpx:hr>85</gpxtpx:hr>
          </gpxtpx:TrackPointExtension>
        </extensions>
      </trkpt>
      <trkpt lat="38.838387362571645" lon="121.50415763794447">
        <ele>14.569165445634475</ele>
        <time>2024-10-16T15:43:21Z</time>
        <extensions>
          <gpxtpx:TrackPointExtension>
            <gpxtpx:hr>87</gpxtpx:hr>
          </gpxtpx:TrackPointExtension>
        </extensions>
      </trkpt>
      <trkpt lat="38.8383666454745" lon="121.50416200518725">
        <ele>12.901365523088689</ele>
        <time>2024-10-16T15:43:27Z</time>
        <extensions>
          <gpxtpx:TrackPointExtension>
            <gpxtpx:hr>89</gpxtpx:hr>
          </gpxtpx:TrackPointExtension>
        </extensions>
      </trkpt>
      <trkpt lat="38.838406563510596" lon="121.5041670701679">
        <ele>12.901523241247421</ele>
        <time>2024-10-16T15:43:46Z</time>
        <extensions>
          <gpxtpx:TrackPointExtension>
            <gpxtpx:hr>87</gpxtpx:hr>
          </gpxtpx:TrackPointExtension>
        </extensions>
      </trkpt>
      <trkpt lat="38.83835336826338" lon="121.5042345224103">
        <ele>13.013344527840317</ele>
        <time>2024-10-16T15:43:52Z</time>
        <extensions>
          <gpxtpx:TrackPointExtension>
            <gpxtpx:hr>87</gpxtpx:hr>
          </gpxtpx:TrackPointExtension>
        </extensions>
      </trkpt>
      <trkpt lat="38.838415082147506" lon="121.50416910246878">
        <ele>12.944325745466926</ele>
        <time>2024-10-16T15:43:58Z</time>
        <extensions>
          <gpxtpx:TrackPointExtension>
            <gpxtpx:hr>89</gpxtpx:hr>
          </gpxtpx:TrackPointExtension>
        </extensions>
      </trkpt>
      <trkpt lat="38.83826714506829" lon="121.50424683728356">
        <ele>12.843898914354572</ele>
        <time>2024-10-16T15:44:04Z</time>
        <extensions>
          <gpxtpx:TrackPointExtension>
            <gpxtpx:hr>89</gpxtpx:hr>
          </gpxtpx:TrackPointExtension>
        </extensions>
      </trkpt>
      <trkpt lat="38.838415034880896" lon="121.50414731737271">
        <ele>12.961372219886318</ele>
        <time>2024-10-16T15:44:10Z</time>
        <extensions>
          <gpxtpx:TrackPointExtension>
            <gpxtpx:hr>91</gpxtpx:hr>
          </gpxtpx:TrackPointExtension>
        </extensions>
      </trkpt>
      <trkpt lat="38.83835602500523" lon="121.50418465435328">
        <ele>13.023463941466591</ele>
        <time>2024-10-16T15:44:17Z</time>
        <extensions>
          <gpxtpx:TrackPointExtension>
            <gpxtpx:hr>92</gpxtpx:hr>
          </gpxtpx:TrackPointExtension>
        </extensions>
      </trkpt>
      <trkpt lat="38.83827025299842" lon="121.50424994734108">
        <ele>12.064082513965388</ele>
        <time>2024-10-16T15:44:23Z</time>
        <extensions>
          <gpxtpx:TrackPointExtension>
            <gpxtpx:hr>92</gpxtpx:hr>
          </gpxtpx:TrackPointExtension>
        </extensions>
      </trkpt>
      <trkpt lat="38.838309817014746" lon="121.50421659068479">
        <ele>13.054011907853038</ele>
        <time>2024-10-16T15:44:29Z</time>
        <extensions>
          <gpxtpx:TrackPointExtension>
            <gpxtpx:hr>91</gpxtpx:hr>
          </gpxtpx:TrackPointExtension>
        </extensions>
      </trkpt>
      <trkpt lat="38.83831788661437" lon="121.50423556460824">
        <ele>13.04305834042163</ele>
        <time>2024-10-16T15:44:35Z</time>
        <extensions>
          <gpxtpx:TrackPointExtension>
            <gpxtpx:hr>91</gpxtpx:hr>
          </gpxtpx:TrackPointExtension>
        </extensions>
      </trkpt>
      <trkpt lat="38.83822586936275" lon="121.50428428126416">
        <ele>14.244045847069891</ele>
        <time>2024-10-16T15:44:42Z</time>
        <extensions>
          <gpxtpx:TrackPointExtension>
            <gpxtpx:hr>85</gpxtpx:hr>
          </gpxtpx:TrackPointExtension>
        </extensions>
      </trkpt>
      <trkpt lat="38.83829814400255" lon="121.50422582803854">
        <ele>12.434609050524557</ele>
        <time>2024-10-16T15:44:54Z</time>
        <extensions>
          <gpxtpx:TrackPointExtension>
            <gpxtpx:hr>84</gpxtpx:hr>
          </gpxtpx:TrackPointExtension>
        </extensions>
      </trkpt>
      <trkpt lat="38.83844297925863" lon="121.50413376128144">
        <ele>13.79376059386956</ele>
        <time>2024-10-16T15:45:06Z</time>
        <extensions>
          <gpxtpx:TrackPointExtension>
            <gpxtpx:hr>82</gpxtpx:hr>
          </gpxtpx:TrackPointExtension>
        </extensions>
      </trkpt>
      <trkpt lat="38.838326426969815" lon="121.50420960242582">
        <ele>14.237086758958394</ele>
        <time>2024-10-16T15:45:13Z</time>
        <extensions>
          <gpxtpx:TrackPointExtension>
            <gpxtpx:hr>82</gpxtpx:hr>
          </gpxtpx:TrackPointExtension>
        </extensions>
      </trkpt>
      <trkpt lat="38.83843402227081" lon="121.50415058103431">
        <ele>13.085453378973533</ele>
        <time>2024-10-16T15:45:19Z</time>
        <extensions>
          <gpxtpx:TrackPointExtension>
            <gpxtpx:hr>82</gpxtpx:hr>
          </gpxtpx:TrackPointExtension>
        </extensions>
      </trkpt>
      <trkpt lat="38.8382634381848" lon="121.50430634330719">
        <ele>12.814404812095322</ele>
        <time>2024-10-16T15:45:25Z</time>
        <extensions>
          <gpxtpx:TrackPointExtension>
            <gpxtpx:hr>86</gpxtpx:hr>
          </gpxtpx:TrackPointExtension>
        </extensions>
      </trkpt>
      <trkpt lat="38.83831093752276" lon="121.50428108137827">
        <ele>12.813364830253281</ele>
        <time>2024-10-16T15:45:31Z</time>
        <extensions>
          <gpxtpx:TrackPointExtension>
            <gpxtpx:hr>79</gpxtpx:hr>
          </gpxtpx:TrackPointExtension>
        </extensions>
      </trkpt>
      <trkpt lat="38.83834696094012" lon="121.50421753169168">
        <ele>13.506289247984299</ele>
        <time>2024-10-16T15:45:39Z</time>
        <extensions>
          <gpxtpx:TrackPointExtension>
            <gpxtpx:hr>77</gpxtpx:hr>
          </gpxtpx:TrackPointExtension>
        </extensions>
      </trkpt>
      <trkpt lat="38.83843832942442" lon="121.50414198953328">
        <ele>13.39751354691117</ele>
        <time>2024-10-16T15:45:45Z</time>
        <extensions>
          <gpxtpx:TrackPointExtension>
            <gpxtpx:hr>76</gpxtpx:hr>
          </gpxtpx:TrackPointExtension>
        </extensions>
      </trkpt>
      <trkpt lat="38.838186696373434" lon="121.50429559679104">
        <ele>13.51571486762851</ele>
        <time>2024-10-16T15:45:51Z</time>
        <extensions>
          <gpxtpx:TrackPointExtension>
            <gpxtpx:hr>75</gpxtpx:hr>
          </gpxtpx:TrackPointExtension>
        </extensions>
      </trkpt>
      <trkpt lat="38.838272982179795" lon="121.5042637100426">
        <ele>13.556403242326851</ele>
        <time>2024-10-16T15:46:05Z</time>
        <extensions>
          <gpxtpx:TrackPointExtension>
            <gpxtpx:hr>74</gpxtpx:hr>
          </gpxtpx:TrackPointExtension>
        </extensions>
      </trkpt>
      <trkpt lat="38.83832938401158" lon="121.50419973109983">
        <ele>14.45435777048958</ele>
        <time>2024-10-16T15:46:11Z</time>
        <extensions>
          <gpxtpx:TrackPointExtension>
            <gpxtpx:hr>75</gpxtpx:hr>
          </gpxtpx:TrackPointExtension>
        </extensions>
      </trkpt>
      <trkpt lat="38.83843746755366" lon="121.50413352580247">
        <ele>14.411955873601073</ele>
        <time>2024-10-16T15:46:26Z</time>
        <extensions>
          <gpxtpx:TrackPointExtension>
            <gpxtpx:hr>76</gpxtpx:hr>
          </gpxtpx:TrackPointExtension>
        </extensions>
      </trkpt>
      <trkpt lat="38.838252046962694" lon="121.50427509225236">
        <ele>13.609013006859211</ele>
        <time>2024-10-16T15:46:32Z</time>
        <extensions>
          <gpxtpx:TrackPointExtension>
            <gpxtpx:hr>74</gpxtpx:hr>
          </gpxtpx:TrackPointExtension>
        </extensions>
      </trkpt>
      <trkpt lat="38.83841312131367" lon="121.50413668095531">
        <ele>13.416625597085151</ele>
        <time>2024-10-16T15:46:38Z</time>
        <extensions>
          <gpxtpx:TrackPointExtension>
            <gpxtpx:hr>78</gpxtpx:hr>
          </gpxtpx:TrackPointExtension>
        </extensions>
      </trkpt>
      <trkpt lat="38.838455941841914" lon="121.50409988521791">
        <ele>13.416625597085151</ele>
        <time>2024-10-16T15:46:53Z</time>
        <extensions>
          <gpxtpx:TrackPointExtension>
            <gpxtpx:hr>78</gpxtpx:hr>
          </gpxtpx:TrackPointExtension>
        </extensions>
      </trkpt>
      <trkpt lat="38.83847186782502" lon="121.50408619999611">
        <ele>13.416625597085151</ele>
        <time>2024-10-16T15:47:08Z</time>
        <extensions>
          <gpxtpx:TrackPointExtension>
            <gpxtpx:hr>76</gpxtpx:hr>
          </gpxtpx:TrackPointExtension>
        </extensions>
      </trkpt>
      <trkpt lat="38.838170255674136" lon="121.5043283274186">
        <ele>13.417749025429877</ele>
        <time>2024-10-16T15:47:24Z</time>
        <extensions>
          <gpxtpx:TrackPointExtension>
            <gpxtpx:hr>79</gpxtpx:hr>
          </gpxtpx:TrackPointExtension>
        </extensions>
      </trkpt>
      <trkpt lat="38.83840755370731" lon="121.50416002904295">
        <ele>13.833754821907949</ele>
        <time>2024-10-16T15:47:30Z</time>
        <extensions>
          <gpxtpx:TrackPointExtension>
            <gpxtpx:hr>79</gpxtpx:hr>
          </gpxtpx:TrackPointExtension>
        </extensions>
      </trkpt>
      <trkpt lat="38.83829488375297" lon="121.50424506270339">
        <ele>14.113110599572977</ele>
        <time>2024-10-16T15:47:36Z</time>
        <extensions>
          <gpxtpx:TrackPointExtension>
            <gpxtpx:hr>77</gpxtpx:hr>
          </gpxtpx:TrackPointExtension>
        </extensions>
      </trkpt>
      <trkpt lat="38.8381555090981" lon="121.50435025070591">
        <ele>14.113110599572977</ele>
        <time>2024-10-16T15:47:51Z</time>
        <extensions>
          <gpxtpx:TrackPointExtension>
            <gpxtpx:hr>75</gpxtpx:hr>
          </gpxtpx:TrackPointExtension>
        </extensions>
      </trkpt>
      <trkpt lat="38.838269383614175" lon="121.50422732166764">
        <ele>14.19049353388175</ele>
        <time>2024-10-16T15:48:00Z</time>
        <extensions>
          <gpxtpx:TrackPointExtension>
            <gpxtpx:hr>73</gpxtpx:hr>
          </gpxtpx:TrackPointExtension>
        </extensions>
      </trkpt>
      <trkpt lat="38.838287217946494" lon="121.50420806925767">
        <ele>14.19049353388175</ele>
        <time>2024-10-16T15:48:15Z</time>
        <extensions>
          <gpxtpx:TrackPointExtension>
            <gpxtpx:hr>74</gpxtpx:hr>
          </gpxtpx:TrackPointExtension>
        </extensions>
      </trkpt>
      <trkpt lat="38.838240631616095" lon="121.5042539359176">
        <ele>14.19072146204337</ele>
        <time>2024-10-16T15:48:30Z</time>
        <extensions>
          <gpxtpx:TrackPointExtension>
            <gpxtpx:hr>71</gpxtpx:hr>
          </gpxtpx:TrackPointExtension>
        </extensions>
      </trkpt>
      <trkpt lat="38.83841917680825" lon="121.5041454875396">
        <ele>14.149071995096062</ele>
        <time>2024-10-16T15:48:36Z</time>
        <extensions>
          <gpxtpx:TrackPointExtension>
            <gpxtpx:hr>75</gpxtpx:hr>
          </gpxtpx:TrackPointExtension>
        </extensions>
      </trkpt>
      <trkpt lat="38.838459159858544" lon="121.50412120181578">
        <ele>14.149071995096062</ele>
        <time>2024-10-16T15:48:51Z</time>
        <extensions>
          <gpxtpx:TrackPointExtension>
            <gpxtpx:hr>70</gpxtpx:hr>
          </gpxtpx:TrackPointExtension>
        </extensions>
      </trkpt>
      <trkpt lat="38.838476930394926" lon="121.50411181951345">
        <ele>14.7425420455247</ele>
        <time>2024-10-16T15:49:01Z</time>
        <extensions>
          <gpxtpx:TrackPointExtension>
            <gpxtpx:hr>74</gpxtpx:hr>
          </gpxtpx:TrackPointExtension>
        </extensions>
      </trkpt>
      <trkpt lat="38.83836263584318" lon="121.50417280439774">
        <ele>13.734930988454792</ele>
        <time>2024-10-16T15:49:07Z</time>
        <extensions>
          <gpxtpx:TrackPointExtension>
            <gpxtpx:hr>72</gpxtpx:hr>
          </gpxtpx:TrackPointExtension>
        </extensions>
      </trkpt>
      <trkpt lat="38.83836036871271" lon="121.50419063267861">
        <ele>13.547887241650368</ele>
        <time>2024-10-16T15:49:18Z</time>
        <extensions>
          <gpxtpx:TrackPointExtension>
            <gpxtpx:hr>75</gpxtpx:hr>
          </gpxtpx:TrackPointExtension>
        </extensions>
      </trkpt>
      <trkpt lat="38.83843434125422" lon="121.50411529611725">
        <ele>13.22434807015214</ele>
        <time>2024-10-16T15:49:24Z</time>
        <extensions>
          <gpxtpx:TrackPointExtension>
            <gpxtpx:hr>72</gpxtpx:hr>
          </gpxtpx:TrackPointExtension>
        </extensions>
      </trkpt>
      <trkpt lat="38.83846772996657" lon="121.50412044075296">
        <ele>13.257583509097767</ele>
        <time>2024-10-16T15:49:30Z</time>
        <extensions>
          <gpxtpx:TrackPointExtension>
            <gpxtpx:hr>73</gpxtpx:hr>
          </gpxtpx:TrackPointExtension>
        </extensions>
      </trkpt>
      <trkpt lat="38.83838474709386" lon="121.50416939507552">
        <ele>13.529201835659379</ele>
        <time>2024-10-16T15:49:36Z</time>
        <extensions>
          <gpxtpx:TrackPointExtension>
            <gpxtpx:hr>79</gpxtpx:hr>
          </gpxtpx:TrackPointExtension>
        </extensions>
      </trkpt>
      <trkpt lat="38.838358168876645" lon="121.50417433910235">
        <ele>13.528186076665378</ele>
        <time>2024-10-16T15:49:43Z</time>
        <extensions>
          <gpxtpx:TrackPointExtension>
            <gpxtpx:hr>81</gpxtpx:hr>
          </gpxtpx:TrackPointExtension>
        </extensions>
      </trkpt>
      <trkpt lat="38.83832656777279" lon="121.50418021747629">
        <ele>13.528186076665378</ele>
        <time>2024-10-16T15:49:58Z</time>
        <extensions>
          <gpxtpx:TrackPointExtension>
            <gpxtpx:hr>72</gpxtpx:hr>
          </gpxtpx:TrackPointExtension>
        </extensions>
      </trkpt>
      <trkpt lat="38.83828715470783" lon="121.50418754901531">
        <ele>13.528186076665378</ele>
        <time>2024-10-16T15:50:13Z</time>
        <extensions>
          <gpxtpx:TrackPointExtension>
            <gpxtpx:hr>74</gpxtpx:hr>
          </gpxtpx:TrackPointExtension>
        </extensions>
      </trkpt>
      <trkpt lat="38.838325522230974" lon="121.50419790955252">
        <ele>14.014746355260058</ele>
        <time>2024-10-16T15:50:28Z</time>
        <extensions>
          <gpxtpx:TrackPointExtension>
            <gpxtpx:hr>74</gpxtpx:hr>
          </gpxtpx:TrackPointExtension>
        </extensions>
      </trkpt>
      <trkpt lat="38.83825273781647" lon="121.5042311702957">
        <ele>13.471549920241344</ele>
        <time>2024-10-16T15:50:44Z</time>
        <extensions>
          <gpxtpx:TrackPointExtension>
            <gpxtpx:hr>76</gpxtpx:hr>
          </gpxtpx:TrackPointExtension>
        </extensions>
      </trkpt>
      <trkpt lat="38.83823451091865" lon="121.50423949955244">
        <ele>13.471549920241344</ele>
        <time>2024-10-16T15:50:59Z</time>
        <extensions>
          <gpxtpx:TrackPointExtension>
            <gpxtpx:hr>72</gpxtpx:hr>
          </gpxtpx:TrackPointExtension>
        </extensions>
      </trkpt>
      <trkpt lat="38.83822933705526" lon="121.50422957085654">
        <ele>12.617247441291383</ele>
        <time>2024-10-16T15:51:11Z</time>
        <extensions>
          <gpxtpx:TrackPointExtension>
            <gpxtpx:hr>72</gpxtpx:hr>
          </gpxtpx:TrackPointExtension>
        </extensions>
      </trkpt>
      <trkpt lat="38.83830188865629" lon="121.50421601824698">
        <ele>14.8810413633019</ele>
        <time>2024-10-16T15:51:17Z</time>
        <extensions>
          <gpxtpx:TrackPointExtension>
            <gpxtpx:hr>75</gpxtpx:hr>
          </gpxtpx:TrackPointExtension>
        </extensions>
      </trkpt>
      <trkpt lat="38.83825716641562" lon="121.50423699483899">
        <ele>13.558865316086624</ele>
        <time>2024-10-16T15:51:24Z</time>
        <extensions>
          <gpxtpx:TrackPointExtension>
            <gpxtpx:hr>79</gpxtpx:hr>
          </gpxtpx:TrackPointExtension>
        </extensions>
      </trkpt>
      <trkpt lat="38.83840749651209" lon="121.50415827202643">
        <ele>14.215762074673535</ele>
        <time>2024-10-16T15:51:30Z</time>
        <extensions>
          <gpxtpx:TrackPointExtension>
            <gpxtpx:hr>76</gpxtpx:hr>
          </gpxtpx:TrackPointExtension>
        </extensions>
      </trkpt>
      <trkpt lat="38.83837270299994" lon="121.5042018876696">
        <ele>14.45899009446688</ele>
        <time>2024-10-16T15:51:37Z</time>
        <extensions>
          <gpxtpx:TrackPointExtension>
            <gpxtpx:hr>74</gpxtpx:hr>
          </gpxtpx:TrackPointExtension>
        </extensions>
      </trkpt>
      <trkpt lat="38.838347707939484" lon="121.50420175804267">
        <ele>14.45897435884066</ele>
        <time>2024-10-16T15:51:43Z</time>
        <extensions>
          <gpxtpx:TrackPointExtension>
            <gpxtpx:hr>74</gpxtpx:hr>
          </gpxtpx:TrackPointExtension>
        </extensions>
      </trkpt>
      <trkpt lat="38.838191146008505" lon="121.50432016466141">
        <ele>14.354686531909827</ele>
        <time>2024-10-16T15:51:49Z</time>
        <extensions>
          <gpxtpx:TrackPointExtension>
            <gpxtpx:hr>73</gpxtpx:hr>
          </gpxtpx:TrackPointExtension>
        </extensions>
      </trkpt>
      <trkpt lat="38.83840713412833" lon="121.50415948670593">
        <ele>14.295836015688344</ele>
        <time>2024-10-16T15:51:56Z</time>
        <extensions>
          <gpxtpx:TrackPointExtension>
            <gpxtpx:hr>76</gpxtpx:hr>
          </gpxtpx:TrackPointExtension>
        </extensions>
      </trkpt>
      <trkpt lat="38.838347230826415" lon="121.50418020332292">
        <ele>14.29610637096943</ele>
        <time>2024-10-16T15:52:02Z</time>
        <extensions>
          <gpxtpx:TrackPointExtension>
            <gpxtpx:hr>75</gpxtpx:hr>
          </gpxtpx:TrackPointExtension>
        </extensions>
      </trkpt>
      <trkpt lat="38.838443993094636" lon="121.5041612915395">
        <ele>14.360792492095129</ele>
        <time>2024-10-16T15:52:08Z</time>
        <extensions>
          <gpxtpx:TrackPointExtension>
            <gpxtpx:hr>76</gpxtpx:hr>
          </gpxtpx:TrackPointExtension>
        </extensions>
      </trkpt>
      <trkpt lat="38.838385338022256" lon="121.50417149096484">
        <ele>14.297504339402689</ele>
        <time>2024-10-16T15:52:14Z</time>
        <extensions>
          <gpxtpx:TrackPointExtension>
            <gpxtpx:hr>79</gpxtpx:hr>
          </gpxtpx:TrackPointExtension>
        </extensions>
      </trkpt>
      <trkpt lat="38.83836455219108" lon="121.5041751053756">
        <ele>14.297504339402689</ele>
        <time>2024-10-16T15:52:29Z</time>
        <extensions>
          <gpxtpx:TrackPointExtension>
            <gpxtpx:hr>70</gpxtpx:hr>
          </gpxtpx:TrackPointExtension>
        </extensions>
      </trkpt>
      <trkpt lat="38.838286311338926" lon="121.50419084112686">
        <ele>14.66685019731026</ele>
        <time>2024-10-16T15:52:38Z</time>
        <extensions>
          <gpxtpx:TrackPointExtension>
            <gpxtpx:hr>77</gpxtpx:hr>
          </gpxtpx:TrackPointExtension>
        </extensions>
      </trkpt>
      <trkpt lat="38.83837754974102" lon="121.50417084712045">
        <ele>14.675613728839828</ele>
        <time>2024-10-16T15:52:44Z</time>
        <extensions>
          <gpxtpx:TrackPointExtension>
            <gpxtpx:hr>77</gpxtpx:hr>
          </gpxtpx:TrackPointExtension>
        </extensions>
      </trkpt>
      <trkpt lat="38.838406885697005" lon="121.50417254483351">
        <ele>14.676133360904622</ele>
        <time>2024-10-16T15:52:56Z</time>
        <extensions>
          <gpxtpx:TrackPointExtension>
            <gpxtpx:hr>73</gpxtpx:hr>
          </gpxtpx:TrackPointExtension>
        </extensions>
      </trkpt>
      <trkpt lat="38.83818047627488" lon="121.5043816507595">
        <ele>14.499449047711032</ele>
        <time>2024-10-16T15:53:02Z</time>
        <extensions>
          <gpxtpx:TrackPointExtension>
            <gpxtpx:hr>73</gpxtpx:hr>
          </gpxtpx:TrackPointExtension>
        </extensions>
      </trkpt>
      <trkpt lat="38.83829262923831" lon="121.50426382236225">
        <ele>14.434083276351206</ele>
        <time>2024-10-16T15:53:09Z</time>
        <extensions>
          <gpxtpx:TrackPointExtension>
            <gpxtpx:hr>73</gpxtpx:hr>
          </gpxtpx:TrackPointExtension>
        </extensions>
      </trkpt>
      <trkpt lat="38.838428630793885" lon="121.50412941695883">
        <ele>14.43371086653065</ele>
        <time>2024-10-16T15:53:25Z</time>
        <extensions>
          <gpxtpx:TrackPointExtension>
            <gpxtpx:hr>73</gpxtpx:hr>
          </gpxtpx:TrackPointExtension>
        </extensions>
      </trkpt>
      <trkpt lat="38.8381070016504" lon="121.5043971092929">
        <ele>14.559289190705748</ele>
        <time>2024-10-16T15:53:41Z</time>
        <extensions>
          <gpxtpx:TrackPointExtension>
            <gpxtpx:hr>73</gpxtpx:hr>
          </gpxtpx:TrackPointExtension>
        </extensions>
      </trkpt>
      <trkpt lat="38.838297156259166" lon="121.50424918745827">
        <ele>14.486503013292637</ele>
        <time>2024-10-16T15:53:55Z</time>
        <extensions>
          <gpxtpx:TrackPointExtension>
            <gpxtpx:hr>73</gpxtpx:hr>
          </gpxtpx:TrackPointExtension>
        </extensions>
      </trkpt>
      <trkpt lat="38.83817142010974" lon="121.50429883880565">
        <ele>14.552119515253324</ele>
        <time>2024-10-16T15:54:01Z</time>
        <extensions>
          <gpxtpx:TrackPointExtension>
            <gpxtpx:hr>73</gpxtpx:hr>
          </gpxtpx:TrackPointExtension>
        </extensions>
      </trkpt>
      <trkpt lat="38.838247509962216" lon="121.50424545551624">
        <ele>14.558626804259863</ele>
        <time>2024-10-16T15:54:07Z</time>
        <extensions>
          <gpxtpx:TrackPointExtension>
            <gpxtpx:hr>73</gpxtpx:hr>
          </gpxtpx:TrackPointExtension>
        </extensions>
      </trkpt>
      <trkpt lat="38.83831603946569" lon="121.50423099995338">
        <ele>14.425927471557738</ele>
        <time>2024-10-16T15:54:29Z</time>
        <extensions>
          <gpxtpx:TrackPointExtension>
            <gpxtpx:hr>73</gpxtpx:hr>
          </gpxtpx:TrackPointExtension>
        </extensions>
      </trkpt>
      <trkpt lat="38.838297471729106" lon="121.50422682035526">
        <ele>14.31980347366644</ele>
        <time>2024-10-16T15:54:41Z</time>
        <extensions>
          <gpxtpx:TrackPointExtension>
            <gpxtpx:hr>71</gpxtpx:hr>
          </gpxtpx:TrackPointExtension>
        </extensions>
      </trkpt>
      <trkpt lat="38.83834140409474" lon="121.50422479954193">
        <ele>14.350421496628613</ele>
        <time>2024-10-16T15:54:53Z</time>
        <extensions>
          <gpxtpx:TrackPointExtension>
            <gpxtpx:hr>74</gpxtpx:hr>
          </gpxtpx:TrackPointExtension>
        </extensions>
      </trkpt>
      <trkpt lat="38.83843654709388" lon="121.50412427476618">
        <ele>14.350059100388378</ele>
        <time>2024-10-16T15:55:08Z</time>
        <extensions>
          <gpxtpx:TrackPointExtension>
            <gpxtpx:hr>74</gpxtpx:hr>
          </gpxtpx:TrackPointExtension>
        </extensions>
      </trkpt>
      <trkpt lat="38.83842719950702" lon="121.50414861040807">
        <ele>14.092151147504346</ele>
        <time>2024-10-16T15:55:14Z</time>
        <extensions>
          <gpxtpx:TrackPointExtension>
            <gpxtpx:hr>75</gpxtpx:hr>
          </gpxtpx:TrackPointExtension>
        </extensions>
      </trkpt>
      <trkpt lat="38.83838953831713" lon="121.50415789783638">
        <ele>14.625188450861337</ele>
        <time>2024-10-16T15:55:30Z</time>
        <extensions>
          <gpxtpx:TrackPointExtension>
            <gpxtpx:hr>74</gpxtpx:hr>
          </gpxtpx:TrackPointExtension>
        </extensions>
      </trkpt>
      <trkpt lat="38.83844143841147" lon="121.5041331998225">
        <ele>14.445471031651692</ele>
        <time>2024-10-16T15:55:36Z</time>
        <extensions>
          <gpxtpx:TrackPointExtension>
            <gpxtpx:hr>74</gpxtpx:hr>
          </gpxtpx:TrackPointExtension>
        </extensions>
      </trkpt>
      <trkpt lat="38.83825046983306" lon="121.50427801111077">
        <ele>12.68031161840452</ele>
        <time>2024-10-16T15:55:42Z</time>
        <extensions>
          <gpxtpx:TrackPointExtension>
            <gpxtpx:hr>77</gpxtpx:hr>
          </gpxtpx:TrackPointExtension>
        </extensions>
      </trkpt>
      <trkpt lat="38.838287227070296" lon="121.50426126014105">
        <ele>12.830130757181923</ele>
        <time>2024-10-16T15:56:00Z</time>
        <extensions>
          <gpxtpx:TrackPointExtension>
            <gpxtpx:hr>71</gpxtpx:hr>
          </gpxtpx:TrackPointExtension>
        </extensions>
      </trkpt>
      <trkpt lat="38.83839962985617" lon="121.50415510176653">
        <ele>12.81077954075851</ele>
        <time>2024-10-16T15:56:07Z</time>
        <extensions>
          <gpxtpx:TrackPointExtension>
            <gpxtpx:hr>71</gpxtpx:hr>
          </gpxtpx:TrackPointExtension>
        </extensions>
      </trkpt>
      <trkpt lat="38.83833622198386" lon="121.50419281855669">
        <ele>13.220973199480657</ele>
        <time>2024-10-16T15:56:20Z</time>
        <extensions>
          <gpxtpx:TrackPointExtension>
            <gpxtpx:hr>69</gpxtpx:hr>
          </gpxtpx:TrackPointExtension>
        </extensions>
      </trkpt>
      <trkpt lat="38.83816882569005" lon="121.50436308268705">
        <ele>13.32365774418546</ele>
        <time>2024-10-16T15:56:26Z</time>
        <extensions>
          <gpxtpx:TrackPointExtension>
            <gpxtpx:hr>69</gpxtpx:hr>
          </gpxtpx:TrackPointExtension>
        </extensions>
      </trkpt>
      <trkpt lat="38.83827000961583" lon="121.50427950993989">
        <ele>13.92371094220129</ele>
        <time>2024-10-16T15:56:33Z</time>
        <extensions>
          <gpxtpx:TrackPointExtension>
            <gpxtpx:hr>74</gpxtpx:hr>
          </gpxtpx:TrackPointExtension>
        </extensions>
      </trkpt>
      <trkpt lat="38.83843585228798" lon="121.50414532148683">
        <ele>13.346501236749141</ele>
        <time>2024-10-16T15:56:46Z</time>
        <extensions>
          <gpxtpx:TrackPointExtension>
            <gpxtpx:hr>73</gpxtpx:hr>
          </gpxtpx:TrackPointExtension>
        </extensions>
      </trkpt>
      <trkpt lat="38.83824853954504" lon="121.50428454833542">
        <ele>13.00430851932413</ele>
        <time>2024-10-16T15:56:52Z</time>
        <extensions>
          <gpxtpx:TrackPointExtension>
            <gpxtpx:hr>70</gpxtpx:hr>
          </gpxtpx:TrackPointExtension>
        </extensions>
      </trkpt>
      <trkpt lat="38.838413269823825" lon="121.50413831136474">
        <ele>12.94871135867291</ele>
        <time>2024-10-16T15:56:58Z</time>
        <extensions>
          <gpxtpx:TrackPointExtension>
            <gpxtpx:hr>73</gpxtpx:hr>
          </gpxtpx:TrackPointExtension>
        </extensions>
      </trkpt>
      <trkpt lat="38.83823712409729" lon="121.50427756029015">
        <ele>12.754690280382139</ele>
        <time>2024-10-16T15:57:04Z</time>
        <extensions>
          <gpxtpx:TrackPointExtension>
            <gpxtpx:hr>73</gpxtpx:hr>
          </gpxtpx:TrackPointExtension>
        </extensions>
      </trkpt>
      <trkpt lat="38.83829998564052" lon="121.50422686842352">
        <ele>12.914224184094774</ele>
        <time>2024-10-16T15:57:10Z</time>
        <extensions>
          <gpxtpx:TrackPointExtension>
            <gpxtpx:hr>70</gpxtpx:hr>
          </gpxtpx:TrackPointExtension>
        </extensions>
      </trkpt>
      <trkpt lat="38.8381586694061" lon="121.50431622515677">
        <ele>12.878290297890672</ele>
        <time>2024-10-16T15:57:17Z</time>
        <extensions>
          <gpxtpx:TrackPointExtension>
            <gpxtpx:hr>70</gpxtpx:hr>
          </gpxtpx:TrackPointExtension>
        </extensions>
      </trkpt>
      <trkpt lat="38.83827895772413" lon="121.50426350475831">
        <ele>13.05050019445033</ele>
        <time>2024-10-16T15:57:29Z</time>
        <extensions>
          <gpxtpx:TrackPointExtension>
            <gpxtpx:hr>71</gpxtpx:hr>
          </gpxtpx:TrackPointExtension>
        </extensions>
      </trkpt>
      <trkpt lat="38.838172559261594" lon="121.50434348118559">
        <ele>12.577133386454104</ele>
        <time>2024-10-16T15:57:35Z</time>
        <extensions>
          <gpxtpx:TrackPointExtension>
            <gpxtpx:hr>72</gpxtpx:hr>
          </gpxtpx:TrackPointExtension>
        </extensions>
      </trkpt>
      <trkpt lat="38.83838151570528" lon="121.50416614102618">
        <ele>12.8159302551211</ele>
        <time>2024-10-16T15:57:41Z</time>
        <extensions>
          <gpxtpx:TrackPointExtension>
            <gpxtpx:hr>73</gpxtpx:hr>
          </gpxtpx:TrackPointExtension>
        </extensions>
      </trkpt>
      <trkpt lat="38.83845571768109" lon="121.50410055224268">
        <ele>12.891843948541116</ele>
        <time>2024-10-16T15:57:54Z</time>
        <extensions>
          <gpxtpx:TrackPointExtension>
            <gpxtpx:hr>76</gpxtpx:hr>
          </gpxtpx:TrackPointExtension>
        </extensions>
      </trkpt>
      <trkpt lat="38.83843716738946" lon="121.50411853876378">
        <ele>12.869596120696222</ele>
        <time>2024-10-16T15:58:02Z</time>
        <extensions>
          <gpxtpx:TrackPointExtension>
            <gpxtpx:hr>76</gpxtpx:hr>
          </gpxtpx:TrackPointExtension>
        </extensions>
      </trkpt>
      <trkpt lat="38.83846733291511" lon="121.50409064585571">
        <ele>14.739728403501331</ele>
        <time>2024-10-16T15:58:09Z</time>
        <extensions>
          <gpxtpx:TrackPointExtension>
            <gpxtpx:hr>76</gpxtpx:hr>
          </gpxtpx:TrackPointExtension>
        </extensions>
      </trkpt>
      <trkpt lat="38.8383799741176" lon="121.5041426505419">
        <ele>14.743472861455707</ele>
        <time>2024-10-16T15:58:15Z</time>
        <extensions>
          <gpxtpx:TrackPointExtension>
            <gpxtpx:hr>76</gpxtpx:hr>
          </gpxtpx:TrackPointExtension>
        </extensions>
      </trkpt>
      <trkpt lat="38.838349090017715" lon="121.50415355234549">
        <ele>14.743460940526752</ele>
        <time>2024-10-16T15:58:21Z</time>
        <extensions>
          <gpxtpx:TrackPointExtension>
            <gpxtpx:hr>76</gpxtpx:hr>
          </gpxtpx:TrackPointExtension>
        </extensions>
      </trkpt>
      <trkpt lat="38.83830218573294" lon="121.50419424338823">
        <ele>12.712228498559249</ele>
        <time>2024-10-16T15:58:27Z</time>
        <extensions>
          <gpxtpx:TrackPointExtension>
            <gpxtpx:hr>75</gpxtpx:hr>
          </gpxtpx:TrackPointExtension>
        </extensions>
      </trkpt>
      <trkpt lat="38.83831359328175" lon="121.50420248173924">
        <ele>13.184631149710789</ele>
        <time>2024-10-16T15:58:40Z</time>
        <extensions>
          <gpxtpx:TrackPointExtension>
            <gpxtpx:hr>73</gpxtpx:hr>
          </gpxtpx:TrackPointExtension>
        </extensions>
      </trkpt>
      <trkpt lat="38.838459441632374" lon="121.50412047586491">
        <ele>13.625822825037915</ele>
        <time>2024-10-16T15:59:04Z</time>
        <extensions>
          <gpxtpx:TrackPointExtension>
            <gpxtpx:hr>73</gpxtpx:hr>
          </gpxtpx:TrackPointExtension>
        </extensions>
      </trkpt>
      <trkpt lat="38.838373256720196" lon="121.50421066703689">
        <ele>13.47667723892635</ele>
        <time>2024-10-16T15:59:10Z</time>
        <extensions>
          <gpxtpx:TrackPointExtension>
            <gpxtpx:hr>84</gpxtpx:hr>
          </gpxtpx:TrackPointExtension>
        </extensions>
      </trkpt>
      <trkpt lat="38.83837847812725" lon="121.50422911952752">
        <ele>13.49119899448229</ele>
        <time>2024-10-16T15:59:16Z</time>
        <extensions>
          <gpxtpx:TrackPointExtension>
            <gpxtpx:hr>88</gpxtpx:hr>
          </gpxtpx:TrackPointExtension>
        </extensions>
      </trkpt>
      <trkpt lat="38.838365630555366" lon="121.5042060202006">
        <ele>13.297778553526992</ele>
        <time>2024-10-16T15:59:22Z</time>
        <extensions>
          <gpxtpx:TrackPointExtension>
            <gpxtpx:hr>88</gpxtpx:hr>
          </gpxtpx:TrackPointExtension>
        </extensions>
      </trkpt>
      <trkpt lat="38.83836280975376" lon="121.50420637224252">
        <ele>13.297824847716694</ele>
        <time>2024-10-16T15:59:29Z</time>
        <extensions>
          <gpxtpx:TrackPointExtension>
            <gpxtpx:hr>83</gpxtpx:hr>
          </gpxtpx:TrackPointExtension>
        </extensions>
      </trkpt>
      <trkpt lat="38.838335950161316" lon="121.5042399524092">
        <ele>12.235601048813315</ele>
        <time>2024-10-16T15:59:35Z</time>
        <extensions>
          <gpxtpx:TrackPointExtension>
            <gpxtpx:hr>81</gpxtpx:hr>
          </gpxtpx:TrackPointExtension>
        </extensions>
      </trkpt>
      <trkpt lat="38.83834279742609" lon="121.50425760051041">
        <ele>12.236373048172446</ele>
        <time>2024-10-16T15:59:41Z</time>
        <extensions>
          <gpxtpx:TrackPointExtension>
            <gpxtpx:hr>81</gpxtpx:hr>
          </gpxtpx:TrackPointExtension>
        </extensions>
      </trkpt>
      <trkpt lat="38.83845058467493" lon="121.50414282928618">
        <ele>12.75485712061803</ele>
        <time>2024-10-16T15:59:47Z</time>
        <extensions>
          <gpxtpx:TrackPointExtension>
            <gpxtpx:hr>80</gpxtpx:hr>
          </gpxtpx:TrackPointExtension>
        </extensions>
      </trkpt>
      <trkpt lat="38.83835963861442" lon="121.50418495436995">
        <ele>12.993153718515096</ele>
        <time>2024-10-16T15:59:53Z</time>
        <extensions>
          <gpxtpx:TrackPointExtension>
            <gpxtpx:hr>78</gpxtpx:hr>
          </gpxtpx:TrackPointExtension>
        </extensions>
      </trkpt>
      <trkpt lat="38.8382529796694" lon="121.50426599871093">
        <ele>13.2061172759174</ele>
        <time>2024-10-16T16:00:00Z</time>
        <extensions>
          <gpxtpx:TrackPointExtension>
            <gpxtpx:hr>75</gpxtpx:hr>
          </gpxtpx:TrackPointExtension>
        </extensions>
      </trkpt>
      <trkpt lat="38.83836497297264" lon="121.50420038915419">
        <ele>13.59407259751277</ele>
        <time>2024-10-16T16:00:06Z</time>
        <extensions>
          <gpxtpx:TrackPointExtension>
            <gpxtpx:hr>76</gpxtpx:hr>
          </gpxtpx:TrackPointExtension>
        </extensions>
      </trkpt>
      <trkpt lat="38.83826139961935" lon="121.5043497439571">
        <ele>13.475540406505239</ele>
        <time>2024-10-16T16:00:12Z</time>
        <extensions>
          <gpxtpx:TrackPointExtension>
            <gpxtpx:hr>76</gpxtpx:hr>
          </gpxtpx:TrackPointExtension>
        </extensions>
      </trkpt>
      <trkpt lat="38.838274431336934" lon="121.50432754049878">
        <ele>13.45287988617028</ele>
        <time>2024-10-16T16:00:18Z</time>
        <extensions>
          <gpxtpx:TrackPointExtension>
            <gpxtpx:hr>74</gpxtpx:hr>
          </gpxtpx:TrackPointExtension>
        </extensions>
      </trkpt>
      <trkpt lat="38.83812053467141" lon="121.50445247531913">
        <ele>13.350505234870017</ele>
        <time>2024-10-16T16:00:25Z</time>
        <extensions>
          <gpxtpx:TrackPointExtension>
            <gpxtpx:hr>72</gpxtpx:hr>
          </gpxtpx:TrackPointExtension>
        </extensions>
      </trkpt>
      <trkpt lat="38.838385156176656" lon="121.50424008139977">
        <ele>13.149820847993396</ele>
        <time>2024-10-16T16:00:38Z</time>
        <extensions>
          <gpxtpx:TrackPointExtension>
            <gpxtpx:hr>71</gpxtpx:hr>
          </gpxtpx:TrackPointExtension>
        </extensions>
      </trkpt>
      <trkpt lat="38.838445703509294" lon="121.50419148406466">
        <ele>13.149820847993396</ele>
        <time>2024-10-16T16:00:53Z</time>
        <extensions>
          <gpxtpx:TrackPointExtension>
            <gpxtpx:hr>75</gpxtpx:hr>
          </gpxtpx:TrackPointExtension>
        </extensions>
      </trkpt>
      <trkpt lat="38.8382310414312" lon="121.50409434998053">
        <ele>15.348448753356934</ele>
        <time>2024-10-16T16:01:08Z</time>
        <extensions>
          <gpxtpx:TrackPointExtension>
            <gpxtpx:hr>76</gpxtpx:hr>
          </gpxtpx:TrackPointExtension>
        </extensions>
      </trkpt>
      <trkpt lat="38.838354432216846" lon="121.50423996816694">
        <ele>13.4376796773211</ele>
        <time>2024-10-16T16:01:15Z</time>
        <extensions>
          <gpxtpx:TrackPointExtension>
            <gpxtpx:hr>75</gpxtpx:hr>
          </gpxtpx:TrackPointExtension>
        </extensions>
      </trkpt>
      <trkpt lat="38.83813544885087" lon="121.50453910966246">
        <ele>13.439546017958307</ele>
        <time>2024-10-16T16:01:46Z</time>
        <extensions>
          <gpxtpx:TrackPointExtension>
            <gpxtpx:hr>69</gpxtpx:hr>
          </gpxtpx:TrackPointExtension>
        </extensions>
      </trkpt>
      <trkpt lat="38.83800913997356" lon="121.5047131049529">
        <ele>10.07953784942627</ele>
        <time>2024-10-16T16:01:52Z</time>
        <extensions>
          <gpxtpx:TrackPointExtension>
            <gpxtpx:hr>70</gpxtpx:hr>
          </gpxtpx:TrackPointExtension>
        </extensions>
      </trkpt>
      <trkpt lat="38.838344311060325" lon="121.50427775783744">
        <ele>13.34037269873038</ele>
        <time>2024-10-16T16:01:58Z</time>
        <extensions>
          <gpxtpx:TrackPointExtension>
            <gpxtpx:hr>73</gpxtpx:hr>
          </gpxtpx:TrackPointExtension>
        </extensions>
      </trkpt>
      <trkpt lat="38.83823574801617" lon="121.50442096628856">
        <ele>13.225160196920097</ele>
        <time>2024-10-16T16:02:05Z</time>
        <extensions>
          <gpxtpx:TrackPointExtension>
            <gpxtpx:hr>74</gpxtpx:hr>
          </gpxtpx:TrackPointExtension>
        </extensions>
      </trkpt>
      <trkpt lat="38.83840819946191" lon="121.50420255791377">
        <ele>13.222919062276542</ele>
        <time>2024-10-16T16:02:18Z</time>
        <extensions>
          <gpxtpx:TrackPointExtension>
            <gpxtpx:hr>74</gpxtpx:hr>
          </gpxtpx:TrackPointExtension>
        </extensions>
      </trkpt>
      <trkpt lat="38.83828324824837" lon="121.50432062310003">
        <ele>13.33145365302628</ele>
        <time>2024-10-16T16:02:28Z</time>
        <extensions>
          <gpxtpx:TrackPointExtension>
            <gpxtpx:hr>72</gpxtpx:hr>
          </gpxtpx:TrackPointExtension>
        </extensions>
      </trkpt>
      <trkpt lat="38.8382310414312" lon="121.50409434998053">
        <ele>15.348448753356934</ele>
        <time>2024-10-16T16:02:59Z</time>
        <extensions>
          <gpxtpx:TrackPointExtension>
            <gpxtpx:hr>69</gpxtpx:hr>
          </gpxtpx:TrackPointExtension>
        </extensions>
      </trkpt>
      <trkpt lat="38.8380739066819" lon="121.50452202245147">
        <ele>10.614769037323079</ele>
        <time>2024-10-16T16:03:24Z</time>
        <extensions>
          <gpxtpx:TrackPointExtension>
            <gpxtpx:hr>75</gpxtpx:hr>
          </gpxtpx:TrackPointExtension>
        </extensions>
      </trkpt>
      <trkpt lat="38.83839051516499" lon="121.50429197750817">
        <ele>12.73345063477542</ele>
        <time>2024-10-16T16:03:30Z</time>
        <extensions>
          <gpxtpx:TrackPointExtension>
            <gpxtpx:hr>74</gpxtpx:hr>
          </gpxtpx:TrackPointExtension>
        </extensions>
      </trkpt>
      <trkpt lat="38.83837255348525" lon="121.50429377101287">
        <ele>12.76862801678644</ele>
        <time>2024-10-16T16:03:37Z</time>
        <extensions>
          <gpxtpx:TrackPointExtension>
            <gpxtpx:hr>74</gpxtpx:hr>
          </gpxtpx:TrackPointExtension>
        </extensions>
      </trkpt>
      <trkpt lat="38.83837887517439" lon="121.50431200767777">
        <ele>12.766852479943744</ele>
        <time>2024-10-16T16:03:43Z</time>
        <extensions>
          <gpxtpx:TrackPointExtension>
            <gpxtpx:hr>73</gpxtpx:hr>
          </gpxtpx:TrackPointExtension>
        </extensions>
      </trkpt>
      <trkpt lat="38.83834183110935" lon="121.50426031187122">
        <ele>13.312318615032503</ele>
        <time>2024-10-16T16:03:49Z</time>
        <extensions>
          <gpxtpx:TrackPointExtension>
            <gpxtpx:hr>72</gpxtpx:hr>
          </gpxtpx:TrackPointExtension>
        </extensions>
      </trkpt>
      <trkpt lat="38.83835122151054" lon="121.50423407121427">
        <ele>13.340531694607144</ele>
        <time>2024-10-16T16:03:56Z</time>
        <extensions>
          <gpxtpx:TrackPointExtension>
            <gpxtpx:hr>73</gpxtpx:hr>
          </gpxtpx:TrackPointExtension>
        </extensions>
      </trkpt>
      <trkpt lat="38.83841947666194" lon="121.50416457277868">
        <ele>13.378834136141066</ele>
        <time>2024-10-16T16:04:10Z</time>
        <extensions>
          <gpxtpx:TrackPointExtension>
            <gpxtpx:hr>73</gpxtpx:hr>
          </gpxtpx:TrackPointExtension>
        </extensions>
      </trkpt>
      <trkpt lat="38.83831324297614" lon="121.50424410942418">
        <ele>13.269819552113894</ele>
        <time>2024-10-16T16:04:16Z</time>
        <extensions>
          <gpxtpx:TrackPointExtension>
            <gpxtpx:hr>78</gpxtpx:hr>
          </gpxtpx:TrackPointExtension>
        </extensions>
      </trkpt>
      <trkpt lat="38.838442480580916" lon="121.50414017219182">
        <ele>13.298651802583322</ele>
        <time>2024-10-16T16:04:23Z</time>
        <extensions>
          <gpxtpx:TrackPointExtension>
            <gpxtpx:hr>77</gpxtpx:hr>
          </gpxtpx:TrackPointExtension>
        </extensions>
      </trkpt>
      <trkpt lat="38.83830031160874" lon="121.50424583123798">
        <ele>13.732826074564237</ele>
        <time>2024-10-16T16:04:36Z</time>
        <extensions>
          <gpxtpx:TrackPointExtension>
            <gpxtpx:hr>74</gpxtpx:hr>
          </gpxtpx:TrackPointExtension>
        </extensions>
      </trkpt>
      <trkpt lat="38.838309478265735" lon="121.5042650672942">
        <ele>13.742004553244513</ele>
        <time>2024-10-16T16:04:42Z</time>
        <extensions>
          <gpxtpx:TrackPointExtension>
            <gpxtpx:hr>74</gpxtpx:hr>
          </gpxtpx:TrackPointExtension>
        </extensions>
      </trkpt>
      <trkpt lat="38.83840565629807" lon="121.50419688126748">
        <ele>13.034919684588655</ele>
        <time>2024-10-16T16:04:48Z</time>
        <extensions>
          <gpxtpx:TrackPointExtension>
            <gpxtpx:hr>74</gpxtpx:hr>
          </gpxtpx:TrackPointExtension>
        </extensions>
      </trkpt>
      <trkpt lat="38.838294466081145" lon="121.50434490345069">
        <ele>12.917977292492488</ele>
        <time>2024-10-16T16:04:54Z</time>
        <extensions>
          <gpxtpx:TrackPointExtension>
            <gpxtpx:hr>75</gpxtpx:hr>
          </gpxtpx:TrackPointExtension>
        </extensions>
      </trkpt>
      <trkpt lat="38.83834530827607" lon="121.50427171816015">
        <ele>12.983212189582108</ele>
        <time>2024-10-16T16:05:01Z</time>
        <extensions>
          <gpxtpx:TrackPointExtension>
            <gpxtpx:hr>75</gpxtpx:hr>
          </gpxtpx:TrackPointExtension>
        </extensions>
      </trkpt>
      <trkpt lat="38.83830121555047" lon="121.50426724871649">
        <ele>12.57885292085242</ele>
        <time>2024-10-16T16:05:07Z</time>
        <extensions>
          <gpxtpx:TrackPointExtension>
            <gpxtpx:hr>74</gpxtpx:hr>
          </gpxtpx:TrackPointExtension>
        </extensions>
      </trkpt>
      <trkpt lat="38.83830991323709" lon="121.50428466497206">
        <ele>12.57956913026404</ele>
        <time>2024-10-16T16:05:13Z</time>
        <extensions>
          <gpxtpx:TrackPointExtension>
            <gpxtpx:hr>74</gpxtpx:hr>
          </gpxtpx:TrackPointExtension>
        </extensions>
      </trkpt>
      <trkpt lat="38.838337792752185" lon="121.50432057811607">
        <ele>12.578975944839236</ele>
        <time>2024-10-16T16:05:19Z</time>
        <extensions>
          <gpxtpx:TrackPointExtension>
            <gpxtpx:hr>77</gpxtpx:hr>
          </gpxtpx:TrackPointExtension>
        </extensions>
      </trkpt>
      <trkpt lat="38.838338815877016" lon="121.50430266609791">
        <ele>12.57871225389075</ele>
        <time>2024-10-16T16:05:25Z</time>
        <extensions>
          <gpxtpx:TrackPointExtension>
            <gpxtpx:hr>80</gpxtpx:hr>
          </gpxtpx:TrackPointExtension>
        </extensions>
      </trkpt>
      <trkpt lat="38.838397997475546" lon="121.50423700644227">
        <ele>13.409438699612828</ele>
        <time>2024-10-16T16:05:32Z</time>
        <extensions>
          <gpxtpx:TrackPointExtension>
            <gpxtpx:hr>81</gpxtpx:hr>
          </gpxtpx:TrackPointExtension>
        </extensions>
      </trkpt>
      <trkpt lat="38.83823874464985" lon="121.50436263889617">
        <ele>13.420671010398323</ele>
        <time>2024-10-16T16:05:38Z</time>
        <extensions>
          <gpxtpx:TrackPointExtension>
            <gpxtpx:hr>81</gpxtpx:hr>
          </gpxtpx:TrackPointExtension>
        </extensions>
      </trkpt>
      <trkpt lat="38.83828892492906" lon="121.50432779819457">
        <ele>13.420320537921349</ele>
        <time>2024-10-16T16:05:44Z</time>
        <extensions>
          <gpxtpx:TrackPointExtension>
            <gpxtpx:hr>82</gpxtpx:hr>
          </gpxtpx:TrackPointExtension>
        </extensions>
      </trkpt>
      <trkpt lat="38.8384087176085" lon="121.5041620366503">
        <ele>13.448445925600392</ele>
        <time>2024-10-16T16:05:50Z</time>
        <extensions>
          <gpxtpx:TrackPointExtension>
            <gpxtpx:hr>79</gpxtpx:hr>
          </gpxtpx:TrackPointExtension>
        </extensions>
      </trkpt>
      <trkpt lat="38.838345032957555" lon="121.50424630986468">
        <ele>13.449072536586222</ele>
        <time>2024-10-16T16:05:57Z</time>
        <extensions>
          <gpxtpx:TrackPointExtension>
            <gpxtpx:hr>79</gpxtpx:hr>
          </gpxtpx:TrackPointExtension>
        </extensions>
      </trkpt>
      <trkpt lat="38.83842207968954" lon="121.50419230922158">
        <ele>13.721765738963871</ele>
        <time>2024-10-16T16:06:03Z</time>
        <extensions>
          <gpxtpx:TrackPointExtension>
            <gpxtpx:hr>80</gpxtpx:hr>
          </gpxtpx:TrackPointExtension>
        </extensions>
      </trkpt>
      <trkpt lat="38.83844260178857" lon="121.50412043127672">
        <ele>14.373431326074552</ele>
        <time>2024-10-16T16:06:21Z</time>
        <extensions>
          <gpxtpx:TrackPointExtension>
            <gpxtpx:hr>72</gpxtpx:hr>
          </gpxtpx:TrackPointExtension>
        </extensions>
      </trkpt>
      <trkpt lat="38.838426299241966" lon="121.504209678166">
        <ele>14.744508492446904</ele>
        <time>2024-10-16T16:06:36Z</time>
        <extensions>
          <gpxtpx:TrackPointExtension>
            <gpxtpx:hr>73</gpxtpx:hr>
          </gpxtpx:TrackPointExtension>
        </extensions>
      </trkpt>
      <trkpt lat="38.838391060357466" lon="121.50427944623303">
        <ele>14.336389151906559</ele>
        <time>2024-10-16T16:06:42Z</time>
        <extensions>
          <gpxtpx:TrackPointExtension>
            <gpxtpx:hr>73</gpxtpx:hr>
          </gpxtpx:TrackPointExtension>
        </extensions>
      </trkpt>
      <trkpt lat="38.83840826319094" lon="121.50419877904747">
        <ele>14.318384253700842</ele>
        <time>2024-10-16T16:06:51Z</time>
        <extensions>
          <gpxtpx:TrackPointExtension>
            <gpxtpx:hr>73</gpxtpx:hr>
          </gpxtpx:TrackPointExtension>
        </extensions>
      </trkpt>
      <trkpt lat="38.83834606437574" lon="121.50426731182142">
        <ele>14.318882548531164</ele>
        <time>2024-10-16T16:06:57Z</time>
        <extensions>
          <gpxtpx:TrackPointExtension>
            <gpxtpx:hr>73</gpxtpx:hr>
          </gpxtpx:TrackPointExtension>
        </extensions>
      </trkpt>
      <trkpt lat="38.838400038373045" lon="121.50420315684184">
        <ele>14.415714583958163</ele>
        <time>2024-10-16T16:07:04Z</time>
        <extensions>
          <gpxtpx:TrackPointExtension>
            <gpxtpx:hr>71</gpxtpx:hr>
          </gpxtpx:TrackPointExtension>
        </extensions>
      </trkpt>
      <trkpt lat="38.83828492201468" lon="121.50435851821847">
        <ele>13.832930694454852</ele>
        <time>2024-10-16T16:07:10Z</time>
        <extensions>
          <gpxtpx:TrackPointExtension>
            <gpxtpx:hr>72</gpxtpx:hr>
          </gpxtpx:TrackPointExtension>
        </extensions>
      </trkpt>
      <trkpt lat="38.838384836442785" lon="121.50421529432661">
        <ele>12.440974550207002</ele>
        <time>2024-10-16T16:07:23Z</time>
        <extensions>
          <gpxtpx:TrackPointExtension>
            <gpxtpx:hr>74</gpxtpx:hr>
          </gpxtpx:TrackPointExtension>
        </extensions>
      </trkpt>
      <trkpt lat="38.8384246856867" lon="121.50418320879078">
        <ele>13.612851504849552</ele>
        <time>2024-10-16T16:07:35Z</time>
      </trkpt>
      <trkpt lat="38.83841787745762" lon="121.5041856852636">
        <ele>13.681368006431725</ele>
        <time>2024-10-16T16:07:47Z</time>
        <extensions>
          <gpxtpx:TrackPointExtension>
            <gpxtpx:hr>86</gpxtpx:hr>
          </gpxtpx:TrackPointExtension>
        </extensions>
      </trkpt>
      <trkpt lat="38.8383248849975" lon="121.504240844203">
        <ele>13.054872375137876</ele>
        <time>2024-10-16T16:08:00Z</time>
        <extensions>
          <gpxtpx:TrackPointExtension>
            <gpxtpx:hr>87</gpxtpx:hr>
          </gpxtpx:TrackPointExtension>
        </extensions>
      </trkpt>
      <trkpt lat="38.83840977901063" lon="121.5041920848219">
        <ele>12.205196124068049</ele>
        <time>2024-10-16T16:08:12Z</time>
        <extensions>
          <gpxtpx:TrackPointExtension>
            <gpxtpx:hr>86</gpxtpx:hr>
          </gpxtpx:TrackPointExtension>
        </extensions>
      </trkpt>
      <trkpt lat="38.83829436893723" lon="121.504331994424">
        <ele>13.213595367256339</ele>
        <time>2024-10-16T16:08:18Z</time>
        <extensions>
          <gpxtpx:TrackPointExtension>
            <gpxtpx:hr>85</gpxtpx:hr>
          </gpxtpx:TrackPointExtension>
        </extensions>
      </trkpt>
      <trkpt lat="38.8383949249262" lon="121.50422135112183">
        <ele>13.07932934437692</ele>
        <time>2024-10-16T16:08:25Z</time>
        <extensions>
          <gpxtpx:TrackPointExtension>
            <gpxtpx:hr>83</gpxtpx:hr>
          </gpxtpx:TrackPointExtension>
        </extensions>
      </trkpt>
      <trkpt lat="38.838222549490645" lon="121.50433177095562">
        <ele>13.176842221531164</ele>
        <time>2024-10-16T16:08:31Z</time>
        <extensions>
          <gpxtpx:TrackPointExtension>
            <gpxtpx:hr>80</gpxtpx:hr>
          </gpxtpx:TrackPointExtension>
        </extensions>
      </trkpt>
      <trkpt lat="38.83840498603049" lon="121.50415241830812">
        <ele>13.721914433914723</ele>
        <time>2024-10-16T16:08:37Z</time>
        <extensions>
          <gpxtpx:TrackPointExtension>
            <gpxtpx:hr>80</gpxtpx:hr>
          </gpxtpx:TrackPointExtension>
        </extensions>
      </trkpt>
      <trkpt lat="38.838434755569274" lon="121.50414824427439">
        <ele>13.427388533818736</ele>
        <time>2024-10-16T16:08:43Z</time>
        <extensions>
          <gpxtpx:TrackPointExtension>
            <gpxtpx:hr>80</gpxtpx:hr>
          </gpxtpx:TrackPointExtension>
        </extensions>
      </trkpt>
      <trkpt lat="38.83841974577099" lon="121.50416605261276">
        <ele>13.997310808211804</ele>
        <time>2024-10-16T16:08:56Z</time>
        <extensions>
          <gpxtpx:TrackPointExtension>
            <gpxtpx:hr>83</gpxtpx:hr>
          </gpxtpx:TrackPointExtension>
        </extensions>
      </trkpt>
      <trkpt lat="38.83840037180467" lon="121.50425256666529">
        <ele>14.440982317131507</ele>
        <time>2024-10-16T16:09:02Z</time>
        <extensions>
          <gpxtpx:TrackPointExtension>
            <gpxtpx:hr>77</gpxtpx:hr>
          </gpxtpx:TrackPointExtension>
        </extensions>
      </trkpt>
      <trkpt lat="38.838454097901135" lon="121.50413164840128">
        <ele>14.088227942126352</ele>
        <time>2024-10-16T16:09:08Z</time>
        <extensions>
          <gpxtpx:TrackPointExtension>
            <gpxtpx:hr>77</gpxtpx:hr>
          </gpxtpx:TrackPointExtension>
        </extensions>
      </trkpt>
      <trkpt lat="38.838319358409265" lon="121.50424770832943">
        <ele>13.504176934187402</ele>
        <time>2024-10-16T16:09:14Z</time>
        <extensions>
          <gpxtpx:TrackPointExtension>
            <gpxtpx:hr>77</gpxtpx:hr>
          </gpxtpx:TrackPointExtension>
        </extensions>
      </trkpt>
      <trkpt lat="38.838415570545926" lon="121.50414366980256">
        <ele>12.841892526501894</ele>
        <time>2024-10-16T16:09:27Z</time>
        <extensions>
          <gpxtpx:TrackPointExtension>
            <gpxtpx:hr>75</gpxtpx:hr>
          </gpxtpx:TrackPointExtension>
        </extensions>
      </trkpt>
      <trkpt lat="38.83835502148336" lon="121.50422288655653">
        <ele>13.798811442566233</ele>
        <time>2024-10-16T16:09:39Z</time>
        <extensions>
          <gpxtpx:TrackPointExtension>
            <gpxtpx:hr>81</gpxtpx:hr>
          </gpxtpx:TrackPointExtension>
        </extensions>
      </trkpt>
      <trkpt lat="38.83826914014432" lon="121.5043004217746">
        <ele>13.971396960724373</ele>
        <time>2024-10-16T16:09:51Z</time>
        <extensions>
          <gpxtpx:TrackPointExtension>
            <gpxtpx:hr>78</gpxtpx:hr>
          </gpxtpx:TrackPointExtension>
        </extensions>
      </trkpt>
      <trkpt lat="38.83842197338863" lon="121.50413949152738">
        <ele>13.516972605240149</ele>
        <time>2024-10-16T16:09:58Z</time>
        <extensions>
          <gpxtpx:TrackPointExtension>
            <gpxtpx:hr>80</gpxtpx:hr>
          </gpxtpx:TrackPointExtension>
        </extensions>
      </trkpt>
      <trkpt lat="38.83830959025662" lon="121.50422103247897">
        <ele>12.743246033607385</ele>
        <time>2024-10-16T16:10:04Z</time>
        <extensions>
          <gpxtpx:TrackPointExtension>
            <gpxtpx:hr>82</gpxtpx:hr>
          </gpxtpx:TrackPointExtension>
        </extensions>
      </trkpt>
      <trkpt lat="38.83836686171628" lon="121.50419048689686">
        <ele>14.49017761432117</ele>
        <time>2024-10-16T16:10:16Z</time>
        <extensions>
          <gpxtpx:TrackPointExtension>
            <gpxtpx:hr>77</gpxtpx:hr>
          </gpxtpx:TrackPointExtension>
        </extensions>
      </trkpt>
      <trkpt lat="38.83825003897166" lon="121.5042786681565">
        <ele>14.457487164365066</ele>
        <time>2024-10-16T16:10:22Z</time>
        <extensions>
          <gpxtpx:TrackPointExtension>
            <gpxtpx:hr>76</gpxtpx:hr>
          </gpxtpx:TrackPointExtension>
        </extensions>
      </trkpt>
      <trkpt lat="38.83835553397866" lon="121.50422800048335">
        <ele>14.452430651193417</ele>
        <time>2024-10-16T16:10:29Z</time>
        <extensions>
          <gpxtpx:TrackPointExtension>
            <gpxtpx:hr>77</gpxtpx:hr>
          </gpxtpx:TrackPointExtension>
        </extensions>
      </trkpt>
      <trkpt lat="38.8383951624339" lon="121.5042089675244">
        <ele>14.452430651193417</ele>
        <time>2024-10-16T16:10:35Z</time>
        <extensions>
          <gpxtpx:TrackPointExtension>
            <gpxtpx:hr>78</gpxtpx:hr>
          </gpxtpx:TrackPointExtension>
        </extensions>
      </trkpt>
      <trkpt lat="38.83839144807157" lon="121.50418937789102">
        <ele>14.039768302876759</ele>
        <time>2024-10-16T16:10:41Z</time>
        <extensions>
          <gpxtpx:TrackPointExtension>
            <gpxtpx:hr>79</gpxtpx:hr>
          </gpxtpx:TrackPointExtension>
        </extensions>
      </trkpt>
      <trkpt lat="38.838334876764925" lon="121.50428809516248">
        <ele>14.086633509485061</ele>
        <time>2024-10-16T16:10:48Z</time>
        <extensions>
          <gpxtpx:TrackPointExtension>
            <gpxtpx:hr>82</gpxtpx:hr>
          </gpxtpx:TrackPointExtension>
        </extensions>
      </trkpt>
      <trkpt lat="38.83836243562406" lon="121.50420661267412">
        <ele>13.802331333431724</ele>
        <time>2024-10-16T16:11:00Z</time>
        <extensions>
          <gpxtpx:TrackPointExtension>
            <gpxtpx:hr>76</gpxtpx:hr>
          </gpxtpx:TrackPointExtension>
        </extensions>
      </trkpt>
      <trkpt lat="38.838391479048305" lon="121.50418800438305">
        <ele>13.008287025986363</ele>
        <time>2024-10-16T16:11:06Z</time>
        <extensions>
          <gpxtpx:TrackPointExtension>
            <gpxtpx:hr>76</gpxtpx:hr>
          </gpxtpx:TrackPointExtension>
        </extensions>
      </trkpt>
      <trkpt lat="38.838395885859256" lon="121.50420697612168">
        <ele>13.048538572538618</ele>
        <time>2024-10-16T16:11:12Z</time>
        <extensions>
          <gpxtpx:TrackPointExtension>
            <gpxtpx:hr>76</gpxtpx:hr>
          </gpxtpx:TrackPointExtension>
        </extensions>
      </trkpt>
      <trkpt lat="38.838366488870854" lon="121.50420408358127">
        <ele>12.954379256420772</ele>
        <time>2024-10-16T16:11:18Z</time>
        <extensions>
          <gpxtpx:TrackPointExtension>
            <gpxtpx:hr>80</gpxtpx:hr>
          </gpxtpx:TrackPointExtension>
        </extensions>
      </trkpt>
      <trkpt lat="38.83825438622744" lon="121.50436175699076">
        <ele>13.067725219399332</ele>
        <time>2024-10-16T16:11:25Z</time>
        <extensions>
          <gpxtpx:TrackPointExtension>
            <gpxtpx:hr>79</gpxtpx:hr>
          </gpxtpx:TrackPointExtension>
        </extensions>
      </trkpt>
      <trkpt lat="38.83826933627891" lon="121.50438043378318">
        <ele>13.067209395048799</ele>
        <time>2024-10-16T16:11:31Z</time>
        <extensions>
          <gpxtpx:TrackPointExtension>
            <gpxtpx:hr>77</gpxtpx:hr>
          </gpxtpx:TrackPointExtension>
        </extensions>
      </trkpt>
      <trkpt lat="38.838390544511554" lon="121.50421917283145">
        <ele>13.372870565097806</ele>
        <time>2024-10-16T16:11:37Z</time>
        <extensions>
          <gpxtpx:TrackPointExtension>
            <gpxtpx:hr>78</gpxtpx:hr>
          </gpxtpx:TrackPointExtension>
        </extensions>
      </trkpt>
      <trkpt lat="38.838275313202814" lon="121.50437207740106">
        <ele>13.263818245694267</ele>
        <time>2024-10-16T16:11:43Z</time>
        <extensions>
          <gpxtpx:TrackPointExtension>
            <gpxtpx:hr>81</gpxtpx:hr>
          </gpxtpx:TrackPointExtension>
        </extensions>
      </trkpt>
      <trkpt lat="38.838412588219036" lon="121.50418641476375">
        <ele>13.808269254407733</ele>
        <time>2024-10-16T16:11:49Z</time>
        <extensions>
          <gpxtpx:TrackPointExtension>
            <gpxtpx:hr>84</gpxtpx:hr>
          </gpxtpx:TrackPointExtension>
        </extensions>
      </trkpt>
      <trkpt lat="38.83829555626534" lon="121.5043292444983">
        <ele>13.892239759947863</ele>
        <time>2024-10-16T16:11:56Z</time>
        <extensions>
          <gpxtpx:TrackPointExtension>
            <gpxtpx:hr>76</gpxtpx:hr>
          </gpxtpx:TrackPointExtension>
        </extensions>
      </trkpt>
      <trkpt lat="38.838425839532256" lon="121.50415111999884">
        <ele>13.933919324504537</ele>
        <time>2024-10-16T16:12:02Z</time>
        <extensions>
          <gpxtpx:TrackPointExtension>
            <gpxtpx:hr>72</gpxtpx:hr>
          </gpxtpx:TrackPointExtension>
        </extensions>
      </trkpt>
      <trkpt lat="38.838467152277374" lon="121.50416120727002">
        <ele>13.59059815833178</ele>
        <time>2024-10-16T16:12:13Z</time>
        <extensions>
          <gpxtpx:TrackPointExtension>
            <gpxtpx:hr>72</gpxtpx:hr>
          </gpxtpx:TrackPointExtension>
        </extensions>
      </trkpt>
      <trkpt lat="38.83847322004986" lon="121.50410620794156">
        <ele>14.020707135015375</ele>
        <time>2024-10-16T16:12:21Z</time>
        <extensions>
          <gpxtpx:TrackPointExtension>
            <gpxtpx:hr>69</gpxtpx:hr>
          </gpxtpx:TrackPointExtension>
        </extensions>
      </trkpt>
      <trkpt lat="38.83832847516657" lon="121.50424840952427">
        <ele>14.364519015989444</ele>
        <time>2024-10-16T16:12:27Z</time>
        <extensions>
          <gpxtpx:TrackPointExtension>
            <gpxtpx:hr>71</gpxtpx:hr>
          </gpxtpx:TrackPointExtension>
        </extensions>
      </trkpt>
      <trkpt lat="38.83835498837607" lon="121.50420954735033">
        <ele>13.495903038600105</ele>
        <time>2024-10-16T16:12:39Z</time>
        <extensions>
          <gpxtpx:TrackPointExtension>
            <gpxtpx:hr>75</gpxtpx:hr>
          </gpxtpx:TrackPointExtension>
        </extensions>
      </trkpt>
      <trkpt lat="38.83835355976776" lon="121.50420943490124">
        <ele>13.49594929180445</ele>
        <time>2024-10-16T16:12:45Z</time>
        <extensions>
          <gpxtpx:TrackPointExtension>
            <gpxtpx:hr>77</gpxtpx:hr>
          </gpxtpx:TrackPointExtension>
        </extensions>
      </trkpt>
      <trkpt lat="38.83839848941914" lon="121.50418331293">
        <ele>13.21648675482717</ele>
        <time>2024-10-16T16:12:51Z</time>
        <extensions>
          <gpxtpx:TrackPointExtension>
            <gpxtpx:hr>77</gpxtpx:hr>
          </gpxtpx:TrackPointExtension>
        </extensions>
      </trkpt>
      <trkpt lat="38.8384613037282" lon="121.50410164861519">
        <ele>12.853411785714169</ele>
        <time>2024-10-16T16:13:07Z</time>
        <extensions>
          <gpxtpx:TrackPointExtension>
            <gpxtpx:hr>74</gpxtpx:hr>
          </gpxtpx:TrackPointExtension>
        </extensions>
      </trkpt>
      <trkpt lat="38.83839497862318" lon="121.5041673750737">
        <ele>13.533989320083062</ele>
        <time>2024-10-16T16:13:13Z</time>
        <extensions>
          <gpxtpx:TrackPointExtension>
            <gpxtpx:hr>77</gpxtpx:hr>
          </gpxtpx:TrackPointExtension>
        </extensions>
      </trkpt>
      <trkpt lat="38.83846347535185" lon="121.50411993909215">
        <ele>14.367231811195673</ele>
        <time>2024-10-16T16:13:25Z</time>
        <extensions>
          <gpxtpx:TrackPointExtension>
            <gpxtpx:hr>71</gpxtpx:hr>
          </gpxtpx:TrackPointExtension>
        </extensions>
      </trkpt>
      <trkpt lat="38.83834697914559" lon="121.50420775309378">
        <ele>14.259289526496904</ele>
        <time>2024-10-16T16:13:31Z</time>
        <extensions>
          <gpxtpx:TrackPointExtension>
            <gpxtpx:hr>71</gpxtpx:hr>
          </gpxtpx:TrackPointExtension>
        </extensions>
      </trkpt>
      <trkpt lat="38.83833266838879" lon="121.50420127681545">
        <ele>13.847468897064644</ele>
        <time>2024-10-16T16:13:46Z</time>
        <extensions>
          <gpxtpx:TrackPointExtension>
            <gpxtpx:hr>73</gpxtpx:hr>
          </gpxtpx:TrackPointExtension>
        </extensions>
      </trkpt>
      <trkpt lat="38.83834049903401" lon="121.50422283743949">
        <ele>13.85487147324029</ele>
        <time>2024-10-16T16:13:52Z</time>
        <extensions>
          <gpxtpx:TrackPointExtension>
            <gpxtpx:hr>79</gpxtpx:hr>
          </gpxtpx:TrackPointExtension>
        </extensions>
      </trkpt>
      <trkpt lat="38.83812683976951" lon="121.50435238119178">
        <ele>11.457372618096592</ele>
        <time>2024-10-16T16:13:58Z</time>
        <extensions>
          <gpxtpx:TrackPointExtension>
            <gpxtpx:hr>85</gpxtpx:hr>
          </gpxtpx:TrackPointExtension>
        </extensions>
      </trkpt>
      <trkpt lat="38.83812894982709" lon="121.50435769908724">
        <ele>12.128360921167783</ele>
        <time>2024-10-16T16:14:05Z</time>
        <extensions>
          <gpxtpx:TrackPointExtension>
            <gpxtpx:hr>79</gpxtpx:hr>
          </gpxtpx:TrackPointExtension>
        </extensions>
      </trkpt>
      <trkpt lat="38.83835961682224" lon="121.50411840542878">
        <ele>13.782247203109705</ele>
        <time>2024-10-16T16:14:11Z</time>
        <extensions>
          <gpxtpx:TrackPointExtension>
            <gpxtpx:hr>79</gpxtpx:hr>
          </gpxtpx:TrackPointExtension>
        </extensions>
      </trkpt>
      <trkpt lat="38.838277062355395" lon="121.50420022618009">
        <ele>12.64693627959237</ele>
        <time>2024-10-16T16:14:17Z</time>
        <extensions>
          <gpxtpx:TrackPointExtension>
            <gpxtpx:hr>79</gpxtpx:hr>
          </gpxtpx:TrackPointExtension>
        </extensions>
      </trkpt>
      <trkpt lat="38.83819297532258" lon="121.50426522467762">
        <ele>12.647870880422449</ele>
        <time>2024-10-16T16:14:23Z</time>
        <extensions>
          <gpxtpx:TrackPointExtension>
            <gpxtpx:hr>81</gpxtpx:hr>
          </gpxtpx:TrackPointExtension>
        </extensions>
      </trkpt>
      <trkpt lat="38.838322591565465" lon="121.5041688026693">
        <ele>13.010345452421078</ele>
        <time>2024-10-16T16:14:30Z</time>
        <extensions>
          <gpxtpx:TrackPointExtension>
            <gpxtpx:hr>80</gpxtpx:hr>
          </gpxtpx:TrackPointExtension>
        </extensions>
      </trkpt>
      <trkpt lat="38.83827731954514" lon="121.50422893221213">
        <ele>11.162857672557166</ele>
        <time>2024-10-16T16:14:42Z</time>
        <extensions>
          <gpxtpx:TrackPointExtension>
            <gpxtpx:hr>81</gpxtpx:hr>
          </gpxtpx:TrackPointExtension>
        </extensions>
      </trkpt>
      <trkpt lat="38.83826779523489" lon="121.50422539558159">
        <ele>13.156745897149136</ele>
        <time>2024-10-16T16:14:48Z</time>
        <extensions>
          <gpxtpx:TrackPointExtension>
            <gpxtpx:hr>78</gpxtpx:hr>
          </gpxtpx:TrackPointExtension>
        </extensions>
      </trkpt>
      <trkpt lat="38.83839409935113" lon="121.50417785958406">
        <ele>13.58134532698158</ele>
        <time>2024-10-16T16:15:01Z</time>
        <extensions>
          <gpxtpx:TrackPointExtension>
            <gpxtpx:hr>83</gpxtpx:hr>
          </gpxtpx:TrackPointExtension>
        </extensions>
      </trkpt>
      <trkpt lat="38.83831107284612" lon="121.50421076041448">
        <ele>13.983124522155183</ele>
        <time>2024-10-16T16:15:07Z</time>
        <extensions>
          <gpxtpx:TrackPointExtension>
            <gpxtpx:hr>84</gpxtpx:hr>
          </gpxtpx:TrackPointExtension>
        </extensions>
      </trkpt>
      <trkpt lat="38.83822591606636" lon="121.5043029039464">
        <ele>14.252449956298538</ele>
        <time>2024-10-16T16:15:13Z</time>
        <extensions>
          <gpxtpx:TrackPointExtension>
            <gpxtpx:hr>85</gpxtpx:hr>
          </gpxtpx:TrackPointExtension>
        </extensions>
      </trkpt>
      <trkpt lat="38.83805171898829" lon="121.5044051012764">
        <ele>14.12577318857847</ele>
        <time>2024-10-16T16:15:19Z</time>
        <extensions>
          <gpxtpx:TrackPointExtension>
            <gpxtpx:hr>76</gpxtpx:hr>
          </gpxtpx:TrackPointExtension>
        </extensions>
      </trkpt>
      <trkpt lat="38.838036763423034" lon="121.50438813868999">
        <ele>14.124875742018006</ele>
        <time>2024-10-16T16:15:26Z</time>
        <extensions>
          <gpxtpx:TrackPointExtension>
            <gpxtpx:hr>76</gpxtpx:hr>
          </gpxtpx:TrackPointExtension>
        </extensions>
      </trkpt>
      <trkpt lat="38.838206905962124" lon="121.5042762955826">
        <ele>14.124497133314392</ele>
        <time>2024-10-16T16:15:32Z</time>
        <extensions>
          <gpxtpx:TrackPointExtension>
            <gpxtpx:hr>76</gpxtpx:hr>
          </gpxtpx:TrackPointExtension>
        </extensions>
      </trkpt>
      <trkpt lat="38.838077920919325" lon="121.50439900915842">
        <ele>13.492485338941254</ele>
        <time>2024-10-16T16:15:38Z</time>
        <extensions>
          <gpxtpx:TrackPointExtension>
            <gpxtpx:hr>75</gpxtpx:hr>
          </gpxtpx:TrackPointExtension>
        </extensions>
      </trkpt>
      <trkpt lat="38.83798058800118" lon="121.50443825495488">
        <ele>14.13676382516526</ele>
        <time>2024-10-16T16:15:44Z</time>
        <extensions>
          <gpxtpx:TrackPointExtension>
            <gpxtpx:hr>86</gpxtpx:hr>
          </gpxtpx:TrackPointExtension>
        </extensions>
      </trkpt>
      <trkpt lat="38.83826474652829" lon="121.50425690145543">
        <ele>14.465544284755993</ele>
        <time>2024-10-16T16:15:50Z</time>
        <extensions>
          <gpxtpx:TrackPointExtension>
            <gpxtpx:hr>87</gpxtpx:hr>
          </gpxtpx:TrackPointExtension>
        </extensions>
      </trkpt>
      <trkpt lat="38.83817716041961" lon="121.50440595343423">
        <ele>14.236044336900612</ele>
        <time>2024-10-16T16:15:57Z</time>
        <extensions>
          <gpxtpx:TrackPointExtension>
            <gpxtpx:hr>88</gpxtpx:hr>
          </gpxtpx:TrackPointExtension>
        </extensions>
      </trkpt>
      <trkpt lat="38.83801854574239" lon="121.50444954658234">
        <ele>14.235984094188549</ele>
        <time>2024-10-16T16:16:03Z</time>
        <extensions>
          <gpxtpx:TrackPointExtension>
            <gpxtpx:hr>88</gpxtpx:hr>
          </gpxtpx:TrackPointExtension>
        </extensions>
      </trkpt>
      <trkpt lat="38.83832692129324" lon="121.50420501249758">
        <ele>14.234403010515486</ele>
        <time>2024-10-16T16:16:09Z</time>
        <extensions>
          <gpxtpx:TrackPointExtension>
            <gpxtpx:hr>87</gpxtpx:hr>
          </gpxtpx:TrackPointExtension>
        </extensions>
      </trkpt>
      <trkpt lat="38.838319654508574" lon="121.50420510156616">
        <ele>12.694429283245515</ele>
        <time>2024-10-16T16:16:15Z</time>
        <extensions>
          <gpxtpx:TrackPointExtension>
            <gpxtpx:hr>83</gpxtpx:hr>
          </gpxtpx:TrackPointExtension>
        </extensions>
      </trkpt>
      <trkpt lat="38.838293499541386" lon="121.50423381109945">
        <ele>14.31808242386203</ele>
        <time>2024-10-16T16:16:28Z</time>
        <extensions>
          <gpxtpx:TrackPointExtension>
            <gpxtpx:hr>71</gpxtpx:hr>
          </gpxtpx:TrackPointExtension>
        </extensions>
      </trkpt>
      <trkpt lat="38.83843787597755" lon="121.50411421559905">
        <ele>14.014542774727165</ele>
        <time>2024-10-16T16:16:40Z</time>
        <extensions>
          <gpxtpx:TrackPointExtension>
            <gpxtpx:hr>71</gpxtpx:hr>
          </gpxtpx:TrackPointExtension>
        </extensions>
      </trkpt>
      <trkpt lat="38.83829918892605" lon="121.5042190665283">
        <ele>13.968342839440815</ele>
        <time>2024-10-16T16:16:46Z</time>
        <extensions>
          <gpxtpx:TrackPointExtension>
            <gpxtpx:hr>70</gpxtpx:hr>
          </gpxtpx:TrackPointExtension>
        </extensions>
      </trkpt>
      <trkpt lat="38.83832813059304" lon="121.5041998862676">
        <ele>14.098142570894119</ele>
        <time>2024-10-16T16:16:53Z</time>
        <extensions>
          <gpxtpx:TrackPointExtension>
            <gpxtpx:hr>70</gpxtpx:hr>
          </gpxtpx:TrackPointExtension>
        </extensions>
      </trkpt>
      <trkpt lat="38.83822256431709" lon="121.50435323272133">
        <ele>13.942795379755836</ele>
        <time>2024-10-16T16:16:59Z</time>
        <extensions>
          <gpxtpx:TrackPointExtension>
            <gpxtpx:hr>65</gpxtpx:hr>
          </gpxtpx:TrackPointExtension>
        </extensions>
      </trkpt>
      <trkpt lat="38.83840059508537" lon="121.50416311316256">
        <ele>14.183742030822895</ele>
        <time>2024-10-16T16:17:05Z</time>
        <extensions>
          <gpxtpx:TrackPointExtension>
            <gpxtpx:hr>62</gpxtpx:hr>
          </gpxtpx:TrackPointExtension>
        </extensions>
      </trkpt>
      <trkpt lat="38.83832182126944" lon="121.50421510359438">
        <ele>14.11184024202835</ele>
        <time>2024-10-16T16:17:11Z</time>
        <extensions>
          <gpxtpx:TrackPointExtension>
            <gpxtpx:hr>62</gpxtpx:hr>
          </gpxtpx:TrackPointExtension>
        </extensions>
      </trkpt>
      <trkpt lat="38.83836471149738" lon="121.50419249240626">
        <ele>13.89370467712218</ele>
        <time>2024-10-16T16:17:24Z</time>
        <extensions>
          <gpxtpx:TrackPointExtension>
            <gpxtpx:hr>69</gpxtpx:hr>
          </gpxtpx:TrackPointExtension>
        </extensions>
      </trkpt>
    </trkseg>
  </trk>
</gpx>