<?xml version="1.0" encoding="UTF-8"?>
<gpx xmlns="http://www.topografix.com/GPX/1/1" xmlns:gpxtpx="http://www.garmin.com/xmlschemas/TrackPointExtension/v1" xmlns:xsi="http://www.w3.org/2001/XMLSchema-instance" xsi:schemaLocation="http://www.topografix.com/GPX/1/1 http://www.topografix.com/GPX/1/1/gpx.xsd" version="1.1" creator="gpx.py -- https://github.com/tkrajina/gpxpy">
  <trk>
    <name>gpx from keep</name>
    <type>Walk</type>
    <trkseg>
      <trkpt lat="38.836080650253926" lon="121.50690444369557">
        <ele>0</ele>
        <time>2026-07-14T07:54:33Z</time>
      </trkpt>
      <trkpt lat="38.83607687808772" lon="121.50691428002402">
        <ele>0</ele>
        <time>2026-07-14T07:54:33Z</time>
      </trkpt>
      <trkpt lat="38.83607302216654" lon="121.50692395303625">
        <ele>0</ele>
        <time>2026-07-14T07:54:34Z</time>
      </trkpt>
      <trkpt lat="38.83606909584512" lon="121.50693345208005">
        <ele>0</ele>
        <time>2026-07-14T07:54:35Z</time>
      </trkpt>
      <trkpt lat="38.836065093413694" lon="121.50694276699336">
        <ele>0</ele>
        <time>2026-07-14T07:54:36Z</time>
      </trkpt>
      <trkpt lat="38.836061017657705" lon="121.50695186096712">
        <ele>0</ele>
        <time>2026-07-14T07:54:37Z</time>
      </trkpt>
      <trkpt lat="38.83605695094708" lon="121.50696091912852">
        <ele>0</ele>
        <time>2026-07-14T07:54:38Z</time>
      </trkpt>
      <trkpt lat="38.836052809917824" lon="121.50696988634179">
        <ele>0</ele>
        <time>2026-07-14T07:54:39Z</time>
      </trkpt>
      <trkpt lat="38.836048593790956" lon="121.50697878633838">
        <ele>0</ele>
        <time>2026-07-14T07:54:40Z</time>
      </trkpt>
      <trkpt lat="38.83604427916679" lon="121.50698767063172">
        <ele>0</ele>
        <time>2026-07-14T07:54:41Z</time>
      </trkpt>
      <trkpt lat="38.83603985131059" lon="121.50699656270501">
        <ele>0</ele>
        <time>2026-07-14T07:54:42Z</time>
      </trkpt>
      <trkpt lat="38.83603532711212" lon="121.5070054241837">
        <ele>0</ele>
        <time>2026-07-14T07:54:43Z</time>
      </trkpt>
      <trkpt lat="38.83603076918891" lon="121.50701427316429">
        <ele>0</ele>
        <time>2026-07-14T07:54:44Z</time>
      </trkpt>
      <trkpt lat="38.83602630766427" lon="121.50702305309092">
        <ele>0</ele>
        <time>2026-07-14T07:54:45Z</time>
      </trkpt>
      <trkpt lat="38.83602199290246" lon="121.50703176364887">
        <ele>0</ele>
        <time>2026-07-14T07:54:46Z</time>
      </trkpt>
      <trkpt lat="38.836017883993875" lon="121.50704036369724">
        <ele>0</ele>
        <time>2026-07-14T07:54:47Z</time>
      </trkpt>
      <trkpt lat="38.836014019393964" lon="121.50704883344308">
        <ele>0</ele>
        <time>2026-07-14T07:54:48Z</time>
      </trkpt>
      <trkpt lat="38.83601041648554" lon="121.50705716837793">
        <ele>0</ele>
        <time>2026-07-14T07:54:49Z</time>
      </trkpt>
      <trkpt lat="38.83600707668854" lon="121.50706538030407">
        <ele>0</ele>
        <time>2026-07-14T07:54:50Z</time>
      </trkpt>
      <trkpt lat="38.83600398271667" lon="121.50707351678396">
        <ele>0</ele>
        <time>2026-07-14T07:54:51Z</time>
      </trkpt>
      <trkpt lat="38.836001135355424" lon="121.50708160362451">
        <ele>0</ele>
        <time>2026-07-14T07:54:52Z</time>
      </trkpt>
      <trkpt lat="38.83599852374053" lon="121.50708966206045">
        <ele>0</ele>
        <time>2026-07-14T07:54:53Z</time>
      </trkpt>
      <trkpt lat="38.835996149918735" lon="121.50709770019147">
        <ele>0</ele>
        <time>2026-07-14T07:54:54Z</time>
      </trkpt>
      <trkpt lat="38.83599400071747" lon="121.50710574852312">
        <ele>0</ele>
        <time>2026-07-14T07:54:55Z</time>
      </trkpt>
      <trkpt lat="38.83600022267285" lon="121.50709032070638">
        <ele>0</ele>
        <time>2026-07-14T07:54:56Z</time>
      </trkpt>
      <trkpt lat="38.836001613571135" lon="121.50709037975007">
        <ele>0</ele>
        <time>2026-07-14T07:54:57Z</time>
      </trkpt>
      <trkpt lat="38.83600410249545" lon="121.507087879416">
        <ele>0</ele>
        <time>2026-07-14T07:54:58Z</time>
      </trkpt>
      <trkpt lat="38.83600777068658" lon="121.50708311229502">
        <ele>0</ele>
        <time>2026-07-14T07:54:59Z</time>
      </trkpt>
      <trkpt lat="38.836011918147925" lon="121.50707816488189">
        <ele>0</ele>
        <time>2026-07-14T07:55:00Z</time>
      </trkpt>
      <trkpt lat="38.836016532698416" lon="121.50707334716965">
        <ele>0</ele>
        <time>2026-07-14T07:55:01Z</time>
      </trkpt>
      <trkpt lat="38.836021516127424" lon="121.50706929541052">
        <ele>0</ele>
        <time>2026-07-14T07:55:02Z</time>
      </trkpt>
      <trkpt lat="38.83602506350652" lon="121.50707096433672">
        <ele>0</ele>
        <time>2026-07-14T07:55:03Z</time>
      </trkpt>
      <trkpt lat="38.836025920360235" lon="121.50708186802672">
        <ele>0</ele>
        <time>2026-07-14T07:55:04Z</time>
      </trkpt>
      <trkpt lat="38.83601840270815" lon="121.50711469160161">
        <ele>0</ele>
        <time>2026-07-14T07:55:05Z</time>
      </trkpt>
      <trkpt lat="38.83600204928021" lon="121.5071702510877">
        <ele>0</ele>
        <time>2026-07-14T07:55:06Z</time>
      </trkpt>
      <trkpt lat="38.83598639121871" lon="121.50722014349132">
        <ele>0</ele>
        <time>2026-07-14T07:55:07Z</time>
      </trkpt>
      <trkpt lat="38.8359814325262" lon="121.50723520634482">
        <ele>0</ele>
        <time>2026-07-14T07:55:08Z</time>
        <extensions>
          <gpxtpx:TrackPointExtension>
            <gpxtpx:hr>94</gpxtpx:hr>
          </gpxtpx:TrackPointExtension>
        </extensions>
      </trkpt>
      <trkpt lat="38.83597439609794" lon="121.50725674841453">
        <ele>0</ele>
        <time>2026-07-14T07:55:09Z</time>
        <extensions>
          <gpxtpx:TrackPointExtension>
            <gpxtpx:hr>94</gpxtpx:hr>
          </gpxtpx:TrackPointExtension>
        </extensions>
      </trkpt>
      <trkpt lat="38.83596458753924" lon="121.50728686118796">
        <ele>0</ele>
        <time>2026-07-14T07:55:10Z</time>
        <extensions>
          <gpxtpx:TrackPointExtension>
            <gpxtpx:hr>94</gpxtpx:hr>
          </gpxtpx:TrackPointExtension>
        </extensions>
      </trkpt>
      <trkpt lat="38.835959649768306" lon="121.50730179568707">
        <ele>0</ele>
        <time>2026-07-14T07:55:11Z</time>
        <extensions>
          <gpxtpx:TrackPointExtension>
            <gpxtpx:hr>94</gpxtpx:hr>
          </gpxtpx:TrackPointExtension>
        </extensions>
      </trkpt>
      <trkpt lat="38.835953241064935" lon="121.50732134521812">
        <ele>0</ele>
        <time>2026-07-14T07:55:12Z</time>
        <extensions>
          <gpxtpx:TrackPointExtension>
            <gpxtpx:hr>94</gpxtpx:hr>
          </gpxtpx:TrackPointExtension>
        </extensions>
      </trkpt>
      <trkpt lat="38.83594342882117" lon="121.50735121143721">
        <ele>0</ele>
        <time>2026-07-14T07:55:13Z</time>
        <extensions>
          <gpxtpx:TrackPointExtension>
            <gpxtpx:hr>94</gpxtpx:hr>
          </gpxtpx:TrackPointExtension>
        </extensions>
      </trkpt>
      <trkpt lat="38.83593790606655" lon="121.50736771667162">
        <ele>0</ele>
        <time>2026-07-14T07:55:14Z</time>
        <extensions>
          <gpxtpx:TrackPointExtension>
            <gpxtpx:hr>94</gpxtpx:hr>
          </gpxtpx:TrackPointExtension>
        </extensions>
      </trkpt>
      <trkpt lat="38.835930789707" lon="121.50738885971313">
        <ele>0</ele>
        <time>2026-07-14T07:55:15Z</time>
        <extensions>
          <gpxtpx:TrackPointExtension>
            <gpxtpx:hr>94</gpxtpx:hr>
          </gpxtpx:TrackPointExtension>
        </extensions>
      </trkpt>
      <trkpt lat="38.835927321807354" lon="121.5073990323629">
        <ele>0</ele>
        <time>2026-07-14T07:55:16Z</time>
        <extensions>
          <gpxtpx:TrackPointExtension>
            <gpxtpx:hr>94</gpxtpx:hr>
          </gpxtpx:TrackPointExtension>
        </extensions>
      </trkpt>
      <trkpt lat="38.835923986015445" lon="121.50740879732507">
        <ele>0</ele>
        <time>2026-07-14T07:55:17Z</time>
        <extensions>
          <gpxtpx:TrackPointExtension>
            <gpxtpx:hr>94</gpxtpx:hr>
          </gpxtpx:TrackPointExtension>
        </extensions>
      </trkpt>
      <trkpt lat="38.8359206429464" lon="121.50741857784712">
        <ele>0</ele>
        <time>2026-07-14T07:55:18Z</time>
        <extensions>
          <gpxtpx:TrackPointExtension>
            <gpxtpx:hr>94</gpxtpx:hr>
          </gpxtpx:TrackPointExtension>
        </extensions>
      </trkpt>
      <trkpt lat="38.83591720135014" lon="121.50742864718787">
        <ele>0</ele>
        <time>2026-07-14T07:55:19Z</time>
        <extensions>
          <gpxtpx:TrackPointExtension>
            <gpxtpx:hr>94</gpxtpx:hr>
          </gpxtpx:TrackPointExtension>
        </extensions>
      </trkpt>
      <trkpt lat="38.83591357259554" lon="121.50743926787572">
        <ele>0</ele>
        <time>2026-07-14T07:55:20Z</time>
        <extensions>
          <gpxtpx:TrackPointExtension>
            <gpxtpx:hr>94</gpxtpx:hr>
          </gpxtpx:TrackPointExtension>
        </extensions>
      </trkpt>
      <trkpt lat="38.835909793082664" lon="121.50745033359581">
        <ele>0</ele>
        <time>2026-07-14T07:55:21Z</time>
        <extensions>
          <gpxtpx:TrackPointExtension>
            <gpxtpx:hr>94</gpxtpx:hr>
          </gpxtpx:TrackPointExtension>
        </extensions>
      </trkpt>
      <trkpt lat="38.83590596729723" lon="121.50746153761368">
        <ele>0</ele>
        <time>2026-07-14T07:55:22Z</time>
        <extensions>
          <gpxtpx:TrackPointExtension>
            <gpxtpx:hr>94</gpxtpx:hr>
          </gpxtpx:TrackPointExtension>
        </extensions>
      </trkpt>
      <trkpt lat="38.835902010307564" lon="121.50747312875909">
        <ele>0</ele>
        <time>2026-07-14T07:55:23Z</time>
        <extensions>
          <gpxtpx:TrackPointExtension>
            <gpxtpx:hr>94</gpxtpx:hr>
          </gpxtpx:TrackPointExtension>
        </extensions>
      </trkpt>
      <trkpt lat="38.835898164849574" lon="121.50748439438418">
        <ele>0</ele>
        <time>2026-07-14T07:55:24Z</time>
        <extensions>
          <gpxtpx:TrackPointExtension>
            <gpxtpx:hr>94</gpxtpx:hr>
          </gpxtpx:TrackPointExtension>
        </extensions>
      </trkpt>
      <trkpt lat="38.83589459697859" lon="121.50749484708011">
        <ele>0</ele>
        <time>2026-07-14T07:55:25Z</time>
        <extensions>
          <gpxtpx:TrackPointExtension>
            <gpxtpx:hr>94</gpxtpx:hr>
          </gpxtpx:TrackPointExtension>
        </extensions>
      </trkpt>
      <trkpt lat="38.835891015364055" lon="121.50750534162847">
        <ele>0</ele>
        <time>2026-07-14T07:55:26Z</time>
        <extensions>
          <gpxtpx:TrackPointExtension>
            <gpxtpx:hr>94</gpxtpx:hr>
          </gpxtpx:TrackPointExtension>
        </extensions>
      </trkpt>
      <trkpt lat="38.83588734482524" lon="121.50751609855158">
        <ele>0</ele>
        <time>2026-07-14T07:55:27Z</time>
        <extensions>
          <gpxtpx:TrackPointExtension>
            <gpxtpx:hr>94</gpxtpx:hr>
          </gpxtpx:TrackPointExtension>
        </extensions>
      </trkpt>
      <trkpt lat="38.83588368781475" lon="121.50752681696949">
        <ele>0</ele>
        <time>2026-07-14T07:55:28Z</time>
      </trkpt>
      <trkpt lat="38.835880127332295" lon="121.50753725309953">
        <ele>0</ele>
        <time>2026-07-14T07:55:29Z</time>
      </trkpt>
      <trkpt lat="38.835876527406505" lon="121.5075478061031">
        <ele>0</ele>
        <time>2026-07-14T07:55:30Z</time>
      </trkpt>
      <trkpt lat="38.83587268953648" lon="121.50755905866608">
        <ele>0</ele>
        <time>2026-07-14T07:55:31Z</time>
      </trkpt>
      <trkpt lat="38.83586875189334" lon="121.50757060499922">
        <ele>0</ele>
        <time>2026-07-14T07:55:32Z</time>
      </trkpt>
      <trkpt lat="38.83586482166944" lon="121.50758216422977">
        <ele>0</ele>
        <time>2026-07-14T07:55:33Z</time>
      </trkpt>
      <trkpt lat="38.8358608756135" lon="121.5075937705948">
        <ele>0</ele>
        <time>2026-07-14T07:55:34Z</time>
      </trkpt>
      <trkpt lat="38.835856951912994" lon="121.50760531192708">
        <ele>0</ele>
        <time>2026-07-14T07:55:35Z</time>
      </trkpt>
      <trkpt lat="38.83585301657104" lon="121.50761688807575">
        <ele>0</ele>
        <time>2026-07-14T07:55:36Z</time>
      </trkpt>
      <trkpt lat="38.83584916192638" lon="121.50762822769984">
        <ele>0</ele>
        <time>2026-07-14T07:55:37Z</time>
      </trkpt>
      <trkpt lat="38.835845460858785" lon="121.50763911656851">
        <ele>0</ele>
        <time>2026-07-14T07:55:38Z</time>
      </trkpt>
      <trkpt lat="38.83584191564674" lon="121.5076495478233">
        <ele>0</ele>
        <time>2026-07-14T07:55:39Z</time>
      </trkpt>
      <trkpt lat="38.83583848209275" lon="121.50765965128413">
        <ele>0</ele>
        <time>2026-07-14T07:55:40Z</time>
      </trkpt>
      <trkpt lat="38.83583500360019" lon="121.50766988724173">
        <ele>0</ele>
        <time>2026-07-14T07:55:41Z</time>
      </trkpt>
      <trkpt lat="38.83583146951984" lon="121.5076802807655">
        <ele>0</ele>
        <time>2026-07-14T07:55:42Z</time>
      </trkpt>
      <trkpt lat="38.835827952638596" lon="121.50769061779422">
        <ele>0</ele>
        <time>2026-07-14T07:55:43Z</time>
      </trkpt>
      <trkpt lat="38.83582441830676" lon="121.50770100008255">
        <ele>0</ele>
        <time>2026-07-14T07:55:44Z</time>
      </trkpt>
      <trkpt lat="38.83582063754463" lon="121.50771210044994">
        <ele>0</ele>
        <time>2026-07-14T07:55:45Z</time>
      </trkpt>
      <trkpt lat="38.83581651360709" lon="121.50772414127826">
        <ele>0</ele>
        <time>2026-07-14T07:55:46Z</time>
      </trkpt>
      <trkpt lat="38.835812280028314" lon="121.50773649042324">
        <ele>0</ele>
        <time>2026-07-14T07:55:47Z</time>
      </trkpt>
      <trkpt lat="38.83580834073704" lon="121.50774800233657">
        <ele>0</ele>
        <time>2026-07-14T07:55:48Z</time>
      </trkpt>
      <trkpt lat="38.83580478185371" lon="121.50775839267207">
        <ele>0</ele>
        <time>2026-07-14T07:55:49Z</time>
      </trkpt>
      <trkpt lat="38.835801355510924" lon="121.50776841395265">
        <ele>0</ele>
        <time>2026-07-14T07:55:50Z</time>
      </trkpt>
      <trkpt lat="38.83579795836936" lon="121.50777839302269">
        <ele>0</ele>
        <time>2026-07-14T07:55:51Z</time>
      </trkpt>
      <trkpt lat="38.83579457955332" lon="121.50778830895156">
        <ele>0</ele>
        <time>2026-07-14T07:55:52Z</time>
      </trkpt>
      <trkpt lat="38.83579124947572" lon="121.5077980858527">
        <ele>0</ele>
        <time>2026-07-14T07:55:53Z</time>
      </trkpt>
      <trkpt lat="38.83578786817784" lon="121.50780801020977">
        <ele>0</ele>
        <time>2026-07-14T07:55:54Z</time>
      </trkpt>
      <trkpt lat="38.83578439218971" lon="121.50781823551877">
        <ele>0</ele>
        <time>2026-07-14T07:55:55Z</time>
      </trkpt>
      <trkpt lat="38.83578087155034" lon="121.50782859240465">
        <ele>0</ele>
        <time>2026-07-14T07:55:56Z</time>
      </trkpt>
      <trkpt lat="38.83577727486101" lon="121.50783917382181">
        <ele>0</ele>
        <time>2026-07-14T07:55:57Z</time>
      </trkpt>
      <trkpt lat="38.83577353921166" lon="121.50785016497493">
        <ele>0</ele>
        <time>2026-07-14T07:55:58Z</time>
      </trkpt>
      <trkpt lat="38.83576984814822" lon="121.50786102645647">
        <ele>0</ele>
        <time>2026-07-14T07:55:59Z</time>
      </trkpt>
      <trkpt lat="38.83576629301288" lon="121.50787148965192">
        <ele>0</ele>
        <time>2026-07-14T07:56:00Z</time>
      </trkpt>
      <trkpt lat="38.83576261503522" lon="121.50788231475927">
        <ele>0</ele>
        <time>2026-07-14T07:56:01Z</time>
      </trkpt>
      <trkpt lat="38.8357588704747" lon="121.50789336655606">
        <ele>0</ele>
        <time>2026-07-14T07:56:02Z</time>
      </trkpt>
      <trkpt lat="38.83575517681078" lon="121.50790421195083">
        <ele>0</ele>
        <time>2026-07-14T07:56:03Z</time>
      </trkpt>
      <trkpt lat="38.835751619086196" lon="121.5079146576457">
        <ele>0</ele>
        <time>2026-07-14T07:56:04Z</time>
      </trkpt>
      <trkpt lat="38.8357482234402" lon="121.50792462672214">
        <ele>0</ele>
        <time>2026-07-14T07:56:05Z</time>
      </trkpt>
      <trkpt lat="38.83574460062029" lon="121.50793532672768">
        <ele>0</ele>
        <time>2026-07-14T07:56:06Z</time>
      </trkpt>
      <trkpt lat="38.83574068158458" lon="121.50794689822101">
        <ele>0</ele>
        <time>2026-07-14T07:56:07Z</time>
      </trkpt>
      <trkpt lat="38.835736740184885" lon="121.50795853605914">
        <ele>0</ele>
        <time>2026-07-14T07:56:08Z</time>
      </trkpt>
      <trkpt lat="38.8357329249925" lon="121.50796980328509">
        <ele>0</ele>
        <time>2026-07-14T07:56:09Z</time>
      </trkpt>
      <trkpt lat="38.83572928245195" lon="121.50798056314959">
        <ele>0</ele>
        <time>2026-07-14T07:56:10Z</time>
      </trkpt>
      <trkpt lat="38.83572561762127" lon="121.50799138905656">
        <ele>0</ele>
        <time>2026-07-14T07:56:11Z</time>
      </trkpt>
      <trkpt lat="38.83572196881723" lon="121.50800216824722">
        <ele>0</ele>
        <time>2026-07-14T07:56:12Z</time>
      </trkpt>
      <trkpt lat="38.835718453349465" lon="121.50801255548109">
        <ele>0</ele>
        <time>2026-07-14T07:56:13Z</time>
      </trkpt>
      <trkpt lat="38.835715070358944" lon="121.50802255347139">
        <ele>0</ele>
        <time>2026-07-14T07:56:14Z</time>
      </trkpt>
      <trkpt lat="38.83571166266961" lon="121.50803262489434">
        <ele>0</ele>
        <time>2026-07-14T07:56:15Z</time>
      </trkpt>
      <trkpt lat="38.835708204637726" lon="121.50804284505152">
        <ele>0</ele>
        <time>2026-07-14T07:56:16Z</time>
      </trkpt>
      <trkpt lat="38.83570480901835" lon="121.5080528816435">
        <ele>0</ele>
        <time>2026-07-14T07:56:17Z</time>
      </trkpt>
      <trkpt lat="38.83570134780205" lon="121.50806314543674">
        <ele>0</ele>
        <time>2026-07-14T07:56:18Z</time>
      </trkpt>
      <trkpt lat="38.835697795631496" lon="121.50807371284266">
        <ele>0</ele>
        <time>2026-07-14T07:56:19Z</time>
      </trkpt>
      <trkpt lat="38.83569427622099" lon="121.50808422223422">
        <ele>0</ele>
        <time>2026-07-14T07:56:20Z</time>
      </trkpt>
      <trkpt lat="38.83569080278846" lon="121.50809463436964">
        <ele>0</ele>
        <time>2026-07-14T07:56:21Z</time>
      </trkpt>
      <trkpt lat="38.83568714443377" lon="121.50810562845763">
        <ele>0</ele>
        <time>2026-07-14T07:56:22Z</time>
      </trkpt>
      <trkpt lat="38.83568342829831" lon="121.50811683196606">
        <ele>0</ele>
        <time>2026-07-14T07:56:23Z</time>
      </trkpt>
      <trkpt lat="38.835679957094065" lon="121.50812735339446">
        <ele>0</ele>
        <time>2026-07-14T07:56:24Z</time>
      </trkpt>
      <trkpt lat="38.83567661171707" lon="121.50813754780911">
        <ele>0</ele>
        <time>2026-07-14T07:56:25Z</time>
      </trkpt>
      <trkpt lat="38.83567330786088" lon="121.50814766538704">
        <ele>0</ele>
        <time>2026-07-14T07:56:26Z</time>
      </trkpt>
      <trkpt lat="38.835669953891475" lon="121.50815797657829">
        <ele>0</ele>
        <time>2026-07-14T07:56:27Z</time>
      </trkpt>
      <trkpt lat="38.83566650440903" lon="121.50816861596064">
        <ele>0</ele>
        <time>2026-07-14T07:56:28Z</time>
      </trkpt>
      <trkpt lat="38.83566295412302" lon="121.5081796035155">
        <ele>0</ele>
        <time>2026-07-14T07:56:29Z</time>
      </trkpt>
      <trkpt lat="38.835659417915245" lon="121.50819059812149">
        <ele>0</ele>
        <time>2026-07-14T07:56:30Z</time>
      </trkpt>
      <trkpt lat="38.83565603345864" lon="121.50820111038523">
        <ele>0</ele>
        <time>2026-07-14T07:56:31Z</time>
      </trkpt>
      <trkpt lat="38.835652751370176" lon="121.50821128692867">
        <ele>0</ele>
        <time>2026-07-14T07:56:32Z</time>
      </trkpt>
      <trkpt lat="38.835649437229726" lon="121.5082214919787">
        <ele>0</ele>
        <time>2026-07-14T07:56:33Z</time>
      </trkpt>
      <trkpt lat="38.83564595000701" lon="121.50823212463675">
        <ele>0</ele>
        <time>2026-07-14T07:56:34Z</time>
      </trkpt>
      <trkpt lat="38.835642272665986" lon="121.5082432168082">
        <ele>0</ele>
        <time>2026-07-14T07:56:35Z</time>
      </trkpt>
      <trkpt lat="38.83563861956477" lon="121.50825417111368">
        <ele>0</ele>
        <time>2026-07-14T07:56:36Z</time>
      </trkpt>
      <trkpt lat="38.835635106452116" lon="121.50826466078158">
        <ele>0</ele>
        <time>2026-07-14T07:56:37Z</time>
      </trkpt>
      <trkpt lat="38.835631580891516" lon="121.50827513270102">
        <ele>0</ele>
        <time>2026-07-14T07:56:38Z</time>
      </trkpt>
      <trkpt lat="38.83562796891389" lon="121.50828594586642">
        <ele>0</ele>
        <time>2026-07-14T07:56:39Z</time>
      </trkpt>
      <trkpt lat="38.83562435203296" lon="121.50829693848921">
        <ele>0</ele>
        <time>2026-07-14T07:56:40Z</time>
      </trkpt>
      <trkpt lat="38.83562070312226" lon="121.50830802585551">
        <ele>0</ele>
        <time>2026-07-14T07:56:41Z</time>
      </trkpt>
      <trkpt lat="38.83561703302281" lon="121.50831916909985">
        <ele>0</ele>
        <time>2026-07-14T07:56:42Z</time>
      </trkpt>
      <trkpt lat="38.83561334256486" lon="121.50833036598415">
        <ele>0</ele>
        <time>2026-07-14T07:56:43Z</time>
      </trkpt>
      <trkpt lat="38.83560967889839" lon="121.50834147341261">
        <ele>0</ele>
        <time>2026-07-14T07:56:44Z</time>
      </trkpt>
      <trkpt lat="38.835606218017" lon="121.50835195841873">
        <ele>0</ele>
        <time>2026-07-14T07:56:45Z</time>
      </trkpt>
      <trkpt lat="38.835602923486995" lon="121.50836193376914">
        <ele>0</ele>
        <time>2026-07-14T07:56:46Z</time>
      </trkpt>
      <trkpt lat="38.835599430465464" lon="121.50837250788457">
        <ele>0</ele>
        <time>2026-07-14T07:56:47Z</time>
      </trkpt>
      <trkpt lat="38.83559555834746" lon="121.50838437175811">
        <ele>0</ele>
        <time>2026-07-14T07:56:48Z</time>
      </trkpt>
      <trkpt lat="38.835591568186835" lon="121.50839659852423">
        <ele>0</ele>
        <time>2026-07-14T07:56:49Z</time>
      </trkpt>
      <trkpt lat="38.83558775579066" lon="121.50840829171106">
        <ele>0</ele>
        <time>2026-07-14T07:56:50Z</time>
      </trkpt>
      <trkpt lat="38.83558402586846" lon="121.50841977390274">
        <ele>0</ele>
        <time>2026-07-14T07:56:51Z</time>
      </trkpt>
      <trkpt lat="38.83558013749097" lon="121.50843175082203">
        <ele>0</ele>
        <time>2026-07-14T07:56:52Z</time>
      </trkpt>
      <trkpt lat="38.835575980813154" lon="121.50844455559047">
        <ele>0</ele>
        <time>2026-07-14T07:56:53Z</time>
      </trkpt>
      <trkpt lat="38.835572100492406" lon="121.5084565393697">
        <ele>0</ele>
        <time>2026-07-14T07:56:54Z</time>
      </trkpt>
      <trkpt lat="38.83556875549557" lon="121.50846691401674">
        <ele>0</ele>
        <time>2026-07-14T07:56:55Z</time>
      </trkpt>
      <trkpt lat="38.83556556717714" lon="121.50847680388488">
        <ele>0</ele>
        <time>2026-07-14T07:56:56Z</time>
      </trkpt>
      <trkpt lat="38.83556237309626" lon="121.5084867074457">
        <ele>0</ele>
        <time>2026-07-14T07:56:57Z</time>
      </trkpt>
      <trkpt lat="38.8355589983415" lon="121.50849713736908">
        <ele>0</ele>
        <time>2026-07-14T07:56:58Z</time>
      </trkpt>
      <trkpt lat="38.83555548211546" lon="121.50850797335531">
        <ele>0</ele>
        <time>2026-07-14T07:56:59Z</time>
      </trkpt>
      <trkpt lat="38.83555212254935" lon="121.50851831226086">
        <ele>0</ele>
        <time>2026-07-14T07:57:00Z</time>
      </trkpt>
      <trkpt lat="38.835548953323844" lon="121.50852805560382">
        <ele>0</ele>
        <time>2026-07-14T07:57:01Z</time>
      </trkpt>
      <trkpt lat="38.835545724083524" lon="121.50853796945779">
        <ele>0</ele>
        <time>2026-07-14T07:57:02Z</time>
      </trkpt>
      <trkpt lat="38.835542332752084" lon="121.50854836583106">
        <ele>0</ele>
        <time>2026-07-14T07:57:03Z</time>
      </trkpt>
      <trkpt lat="38.83553697499721" lon="121.50856475463547">
        <ele>0</ele>
        <time>2026-07-14T07:57:04Z</time>
      </trkpt>
      <trkpt lat="38.83553168658836" lon="121.50858092740656">
        <ele>0</ele>
        <time>2026-07-14T07:57:05Z</time>
      </trkpt>
      <trkpt lat="38.835528431082736" lon="121.50859088848588">
        <ele>0</ele>
        <time>2026-07-14T07:57:06Z</time>
      </trkpt>
      <trkpt lat="38.83552406811621" lon="121.50860421819338">
        <ele>0</ele>
        <time>2026-07-14T07:57:07Z</time>
      </trkpt>
      <trkpt lat="38.835519591244605" lon="121.50861789059547">
        <ele>0</ele>
        <time>2026-07-14T07:57:08Z</time>
      </trkpt>
      <trkpt lat="38.83551629810669" lon="121.50862795138117">
        <ele>0</ele>
        <time>2026-07-14T07:57:09Z</time>
      </trkpt>
      <trkpt lat="38.83551309883506" lon="121.50863772246854">
        <ele>0</ele>
        <time>2026-07-14T07:57:10Z</time>
      </trkpt>
      <trkpt lat="38.835509833153" lon="121.50864769177336">
        <ele>0</ele>
        <time>2026-07-14T07:57:11Z</time>
      </trkpt>
      <trkpt lat="38.83550645663573" lon="121.50865799486338">
        <ele>0</ele>
        <time>2026-07-14T07:57:12Z</time>
      </trkpt>
      <trkpt lat="38.835502988564045" lon="121.50866857347616">
        <ele>0</ele>
        <time>2026-07-14T07:57:13Z</time>
      </trkpt>
      <trkpt lat="38.83549943769552" lon="121.50867941634878">
        <ele>0</ele>
        <time>2026-07-14T07:57:14Z</time>
      </trkpt>
      <trkpt lat="38.83549588839851" lon="121.5086902518565">
        <ele>0</ele>
        <time>2026-07-14T07:57:15Z</time>
      </trkpt>
      <trkpt lat="38.83549245251999" lon="121.50870074029416">
        <ele>0</ele>
        <time>2026-07-14T07:57:16Z</time>
      </trkpt>
      <trkpt lat="38.835489243999106" lon="121.50871053562993">
        <ele>0</ele>
        <time>2026-07-14T07:57:17Z</time>
      </trkpt>
      <trkpt lat="38.835486249470165" lon="121.50871967869348">
        <ele>0</ele>
        <time>2026-07-14T07:57:18Z</time>
      </trkpt>
      <trkpt lat="38.8354833226985" lon="121.50872861411652">
        <ele>0</ele>
        <time>2026-07-14T07:57:19Z</time>
      </trkpt>
      <trkpt lat="38.83548046836855" lon="121.50873732773867">
        <ele>0</ele>
        <time>2026-07-14T07:57:20Z</time>
      </trkpt>
      <trkpt lat="38.83547762438683" lon="121.50874600832832">
        <ele>0</ele>
        <time>2026-07-14T07:57:21Z</time>
      </trkpt>
      <trkpt lat="38.835474662176026" lon="121.50875504671464">
        <ele>0</ele>
        <time>2026-07-14T07:57:22Z</time>
      </trkpt>
      <trkpt lat="38.835471508255424" lon="121.50876466642521">
        <ele>0</ele>
        <time>2026-07-14T07:57:23Z</time>
      </trkpt>
      <trkpt lat="38.83546826884041" lon="121.50877454490123">
        <ele>0</ele>
        <time>2026-07-14T07:57:24Z</time>
      </trkpt>
      <trkpt lat="38.83546516605344" lon="121.50878400716329">
        <ele>0</ele>
        <time>2026-07-14T07:57:25Z</time>
      </trkpt>
      <trkpt lat="38.83546225166852" lon="121.5087928958831">
        <ele>0</ele>
        <time>2026-07-14T07:57:26Z</time>
      </trkpt>
      <trkpt lat="38.83545937619086" lon="121.50880166512574">
        <ele>0</ele>
        <time>2026-07-14T07:57:27Z</time>
      </trkpt>
      <trkpt lat="38.83545632719617" lon="121.50881096025103">
        <ele>0</ele>
        <time>2026-07-14T07:57:28Z</time>
      </trkpt>
      <trkpt lat="38.83545309864809" lon="121.50882079990552">
        <ele>0</ele>
        <time>2026-07-14T07:57:29Z</time>
      </trkpt>
      <trkpt lat="38.8354498482716" lon="121.50883070513136">
        <ele>0</ele>
        <time>2026-07-14T07:57:30Z</time>
      </trkpt>
      <trkpt lat="38.83544666870144" lon="121.5088403945412">
        <ele>0</ele>
        <time>2026-07-14T07:57:31Z</time>
      </trkpt>
      <trkpt lat="38.83544358186362" lon="121.50884982252884">
        <ele>0</ele>
        <time>2026-07-14T07:57:32Z</time>
      </trkpt>
      <trkpt lat="38.83544056664688" lon="121.5088590321214">
        <ele>0</ele>
        <time>2026-07-14T07:57:33Z</time>
      </trkpt>
      <trkpt lat="38.83543756969544" lon="121.50886818541437">
        <ele>0</ele>
        <time>2026-07-14T07:57:34Z</time>
      </trkpt>
      <trkpt lat="38.83543447406411" lon="121.50887763797256">
        <ele>0</ele>
        <time>2026-07-14T07:57:35Z</time>
      </trkpt>
      <trkpt lat="38.83543131692124" lon="121.50888727704773">
        <ele>0</ele>
        <time>2026-07-14T07:57:36Z</time>
      </trkpt>
      <trkpt lat="38.835428247957026" lon="121.50889664773909">
        <ele>0</ele>
        <time>2026-07-14T07:57:37Z</time>
      </trkpt>
      <trkpt lat="38.83542518735053" lon="121.50890599253289">
        <ele>0</ele>
        <time>2026-07-14T07:57:38Z</time>
      </trkpt>
      <trkpt lat="38.835421994634" lon="121.50891573839597">
        <ele>0</ele>
        <time>2026-07-14T07:57:39Z</time>
      </trkpt>
      <trkpt lat="38.8354186662832" lon="121.5089258959976">
        <ele>0</ele>
        <time>2026-07-14T07:57:40Z</time>
      </trkpt>
      <trkpt lat="38.83541532090156" lon="121.50893610488309">
        <ele>0</ele>
        <time>2026-07-14T07:57:41Z</time>
      </trkpt>
      <trkpt lat="38.83541202263767" lon="121.50894617012727">
        <ele>0</ele>
        <time>2026-07-14T07:57:42Z</time>
      </trkpt>
      <trkpt lat="38.83540876034085" lon="121.50895612548773">
        <ele>0</ele>
        <time>2026-07-14T07:57:43Z</time>
      </trkpt>
      <trkpt lat="38.83540550740331" lon="121.50896605189263">
        <ele>0</ele>
        <time>2026-07-14T07:57:44Z</time>
      </trkpt>
      <trkpt lat="38.83540228843132" lon="121.50897587480237">
        <ele>0</ele>
        <time>2026-07-14T07:57:45Z</time>
      </trkpt>
      <trkpt lat="38.83539916994424" lon="121.50898539208032">
        <ele>0</ele>
        <time>2026-07-14T07:57:46Z</time>
      </trkpt>
      <trkpt lat="38.835396100960516" lon="121.50899475866508">
        <ele>0</ele>
        <time>2026-07-14T07:57:47Z</time>
      </trkpt>
      <trkpt lat="38.83539299318753" lon="121.50900424282625">
        <ele>0</ele>
        <time>2026-07-14T07:57:48Z</time>
      </trkpt>
      <trkpt lat="38.8353897602664" lon="121.5090141070598">
        <ele>0</ele>
        <time>2026-07-14T07:57:49Z</time>
      </trkpt>
      <trkpt lat="38.83538638141413" lon="121.50902441464247">
        <ele>0</ele>
        <time>2026-07-14T07:57:50Z</time>
      </trkpt>
      <trkpt lat="38.83538290296023" lon="121.50903502469076">
        <ele>0</ele>
        <time>2026-07-14T07:57:51Z</time>
      </trkpt>
      <trkpt lat="38.83537944936058" lon="121.5090455586038">
        <ele>0</ele>
        <time>2026-07-14T07:57:52Z</time>
      </trkpt>
      <trkpt lat="38.83537612470302" lon="121.50905569980479">
        <ele>0</ele>
        <time>2026-07-14T07:57:53Z</time>
      </trkpt>
      <trkpt lat="38.83537283553591" lon="121.5090657322282">
        <ele>0</ele>
        <time>2026-07-14T07:57:54Z</time>
      </trkpt>
      <trkpt lat="38.83536946992893" lon="121.50907599636493">
        <ele>0</ele>
        <time>2026-07-14T07:57:55Z</time>
      </trkpt>
      <trkpt lat="38.83536597690008" lon="121.50908664766047">
        <ele>0</ele>
        <time>2026-07-14T07:57:56Z</time>
      </trkpt>
      <trkpt lat="38.835362420534125" lon="121.50909749155485">
        <ele>0</ele>
        <time>2026-07-14T07:57:57Z</time>
      </trkpt>
      <trkpt lat="38.83535896579663" lon="121.50910802679117">
        <ele>0</ele>
        <time>2026-07-14T07:57:58Z</time>
      </trkpt>
      <trkpt lat="38.83535559437913" lon="121.50911830880257">
        <ele>0</ele>
        <time>2026-07-14T07:57:59Z</time>
      </trkpt>
      <trkpt lat="38.83535224164238" lon="121.50912853390876">
        <ele>0</ele>
        <time>2026-07-14T07:58:00Z</time>
      </trkpt>
      <trkpt lat="38.83534897249031" lon="121.50913850502262">
        <ele>0</ele>
        <time>2026-07-14T07:58:01Z</time>
      </trkpt>
      <trkpt lat="38.83534589871496" lon="121.50914788266901">
        <ele>0</ele>
        <time>2026-07-14T07:58:02Z</time>
      </trkpt>
      <trkpt lat="38.83534300495149" lon="121.50915671359151">
        <ele>0</ele>
        <time>2026-07-14T07:58:03Z</time>
      </trkpt>
      <trkpt lat="38.835340105200395" lon="121.50916556284689">
        <ele>0</ele>
        <time>2026-07-14T07:58:04Z</time>
      </trkpt>
      <trkpt lat="38.835336980964264" lon="121.50917509424356">
        <ele>0</ele>
        <time>2026-07-14T07:58:05Z</time>
      </trkpt>
      <trkpt lat="38.83533360257088" lon="121.50918539807647">
        <ele>0</ele>
        <time>2026-07-14T07:58:06Z</time>
      </trkpt>
      <trkpt lat="38.835330089775226" lon="121.50919611063024">
        <ele>0</ele>
        <time>2026-07-14T07:58:07Z</time>
      </trkpt>
      <trkpt lat="38.835326600321686" lon="121.50920675273863">
        <ele>0</ele>
        <time>2026-07-14T07:58:08Z</time>
      </trkpt>
      <trkpt lat="38.83532324691887" lon="121.50921698201532">
        <ele>0</ele>
        <time>2026-07-14T07:58:09Z</time>
      </trkpt>
      <trkpt lat="38.835320895645225" lon="121.5092274819792">
        <ele>0</ele>
        <time>2026-07-14T07:58:10Z</time>
      </trkpt>
      <trkpt lat="38.83531847544049" lon="121.5092382826245">
        <ele>0</ele>
        <time>2026-07-14T07:58:11Z</time>
      </trkpt>
      <trkpt lat="38.83531591338335" lon="121.50924961165057">
        <ele>0</ele>
        <time>2026-07-14T07:58:12Z</time>
      </trkpt>
      <trkpt lat="38.83531327596667" lon="121.50926130570522">
        <ele>0</ele>
        <time>2026-07-14T07:58:13Z</time>
      </trkpt>
      <trkpt lat="38.83531063897893" lon="121.50927309468398">
        <ele>0</ele>
        <time>2026-07-14T07:58:14Z</time>
      </trkpt>
      <trkpt lat="38.83530807683737" lon="121.50928467680455">
        <ele>0</ele>
        <time>2026-07-14T07:58:15Z</time>
      </trkpt>
      <trkpt lat="38.835305573980655" lon="121.50929608123263">
        <ele>0</ele>
        <time>2026-07-14T07:58:16Z</time>
      </trkpt>
      <trkpt lat="38.83530301913826" lon="121.50930767269162">
        <ele>0</ele>
        <time>2026-07-14T07:58:17Z</time>
      </trkpt>
      <trkpt lat="38.835300350302376" lon="121.50931967809606">
        <ele>0</ele>
        <time>2026-07-14T07:58:18Z</time>
      </trkpt>
      <trkpt lat="38.83529772839542" lon="121.50933188926334">
        <ele>0</ele>
        <time>2026-07-14T07:58:19Z</time>
      </trkpt>
      <trkpt lat="38.835297928819465" lon="121.50934443439803">
        <ele>0</ele>
        <time>2026-07-14T07:58:20Z</time>
      </trkpt>
      <trkpt lat="38.835300992860816" lon="121.5093571293468">
        <ele>0</ele>
        <time>2026-07-14T07:58:21Z</time>
      </trkpt>
      <trkpt lat="38.83530370486937" lon="121.50936916045801">
        <ele>0</ele>
        <time>2026-07-14T07:58:22Z</time>
      </trkpt>
      <trkpt lat="38.83530681667477" lon="121.5093799523113">
        <ele>0</ele>
        <time>2026-07-14T07:58:23Z</time>
      </trkpt>
      <trkpt lat="38.83531165115746" lon="121.5093891195878">
        <ele>0</ele>
        <time>2026-07-14T07:58:24Z</time>
      </trkpt>
      <trkpt lat="38.83531837815919" lon="121.50939620603168">
        <ele>0</ele>
        <time>2026-07-14T07:58:25Z</time>
      </trkpt>
      <trkpt lat="38.835326122786306" lon="121.50940167575624">
        <ele>0</ele>
        <time>2026-07-14T07:58:26Z</time>
      </trkpt>
      <trkpt lat="38.83533370380939" lon="121.5094064444045">
        <ele>0</ele>
        <time>2026-07-14T07:58:27Z</time>
      </trkpt>
      <trkpt lat="38.83534081906206" lon="121.50941140371785">
        <ele>0</ele>
        <time>2026-07-14T07:58:28Z</time>
      </trkpt>
      <trkpt lat="38.835348444833215" lon="121.50941686762886">
        <ele>0</ele>
        <time>2026-07-14T07:58:29Z</time>
      </trkpt>
      <trkpt lat="38.835356836713686" lon="121.50942314856859">
        <ele>0</ele>
        <time>2026-07-14T07:58:30Z</time>
      </trkpt>
      <trkpt lat="38.835362133297416" lon="121.5094273445674">
        <ele>0</ele>
        <time>2026-07-14T07:58:31Z</time>
      </trkpt>
      <trkpt lat="38.83536391177803" lon="121.509428200846">
        <ele>0</ele>
        <time>2026-07-14T07:58:32Z</time>
      </trkpt>
      <trkpt lat="38.83536534337772" lon="121.5094286154019">
        <ele>0</ele>
        <time>2026-07-14T07:58:33Z</time>
      </trkpt>
      <trkpt lat="38.83536695087171" lon="121.50942905043075">
        <ele>0</ele>
        <time>2026-07-14T07:58:34Z</time>
      </trkpt>
      <trkpt lat="38.83536858108204" lon="121.50942952477159">
        <ele>0</ele>
        <time>2026-07-14T07:58:35Z</time>
      </trkpt>
      <trkpt lat="38.83537022548894" lon="121.50942999682101">
        <ele>0</ele>
        <time>2026-07-14T07:58:36Z</time>
      </trkpt>
      <trkpt lat="38.83537190368946" lon="121.50943048928417">
        <ele>0</ele>
        <time>2026-07-14T07:58:37Z</time>
      </trkpt>
      <trkpt lat="38.83537388540449" lon="121.50943102225773">
        <ele>0</ele>
        <time>2026-07-14T07:58:38Z</time>
      </trkpt>
      <trkpt lat="38.83537967928353" lon="121.50943232957971">
        <ele>0</ele>
        <time>2026-07-14T07:58:39Z</time>
      </trkpt>
      <trkpt lat="38.83538857971857" lon="121.50943664802155">
        <ele>0</ele>
        <time>2026-07-14T07:58:40Z</time>
      </trkpt>
      <trkpt lat="38.835396705592565" lon="121.5094427879576">
        <ele>0</ele>
        <time>2026-07-14T07:58:41Z</time>
      </trkpt>
      <trkpt lat="38.83540504783405" lon="121.5094469370585">
        <ele>0</ele>
        <time>2026-07-14T07:58:42Z</time>
      </trkpt>
      <trkpt lat="38.835414165474255" lon="121.50944935144311">
        <ele>0</ele>
        <time>2026-07-14T07:58:43Z</time>
      </trkpt>
      <trkpt lat="38.83542355471147" lon="121.50945209641269">
        <ele>0</ele>
        <time>2026-07-14T07:58:44Z</time>
      </trkpt>
      <trkpt lat="38.83543216286804" lon="121.50945665042585">
        <ele>0</ele>
        <time>2026-07-14T07:58:45Z</time>
      </trkpt>
      <trkpt lat="38.83544010393838" lon="121.50946226718987">
        <ele>0</ele>
        <time>2026-07-14T07:58:46Z</time>
      </trkpt>
      <trkpt lat="38.83544791506314" lon="121.509468163566">
        <ele>0</ele>
        <time>2026-07-14T07:58:47Z</time>
      </trkpt>
      <trkpt lat="38.83545638035473" lon="121.5094740528872">
        <ele>0</ele>
        <time>2026-07-14T07:58:48Z</time>
      </trkpt>
      <trkpt lat="38.83546709255282" lon="121.50947986863515">
        <ele>0</ele>
        <time>2026-07-14T07:58:49Z</time>
      </trkpt>
      <trkpt lat="38.83547851400874" lon="121.50948817429187">
        <ele>0</ele>
        <time>2026-07-14T07:58:50Z</time>
      </trkpt>
      <trkpt lat="38.83548761928145" lon="121.5094999401589">
        <ele>0</ele>
        <time>2026-07-14T07:58:51Z</time>
      </trkpt>
      <trkpt lat="38.83549315512181" lon="121.50951330034385">
        <ele>0</ele>
        <time>2026-07-14T07:58:52Z</time>
      </trkpt>
      <trkpt lat="38.83549701230184" lon="121.50952637098067">
        <ele>0</ele>
        <time>2026-07-14T07:58:53Z</time>
      </trkpt>
      <trkpt lat="38.83550287328557" lon="121.50953766276203">
        <ele>0</ele>
        <time>2026-07-14T07:58:54Z</time>
      </trkpt>
      <trkpt lat="38.835511622975524" lon="121.50954674284901">
        <ele>0</ele>
        <time>2026-07-14T07:58:55Z</time>
      </trkpt>
      <trkpt lat="38.83552167332665" lon="121.50955517174101">
        <ele>0</ele>
        <time>2026-07-14T07:58:56Z</time>
      </trkpt>
      <trkpt lat="38.835531458803125" lon="121.50956338869712">
        <ele>0</ele>
        <time>2026-07-14T07:58:57Z</time>
      </trkpt>
      <trkpt lat="38.8355405759996" lon="121.50957112346197">
        <ele>0</ele>
        <time>2026-07-14T07:58:58Z</time>
      </trkpt>
      <trkpt lat="38.835549108771836" lon="121.50957845621586">
        <ele>0</ele>
        <time>2026-07-14T07:58:59Z</time>
      </trkpt>
      <trkpt lat="38.8355573174424" lon="121.50958554134304">
        <ele>0</ele>
        <time>2026-07-14T07:59:00Z</time>
      </trkpt>
      <trkpt lat="38.83556560289185" lon="121.50959273606831">
        <ele>0</ele>
        <time>2026-07-14T07:59:01Z</time>
      </trkpt>
      <trkpt lat="38.83557359869908" lon="121.50959970893285">
        <ele>0</ele>
        <time>2026-07-14T07:59:02Z</time>
      </trkpt>
      <trkpt lat="38.83558113134645" lon="121.50960626589787">
        <ele>0</ele>
        <time>2026-07-14T07:59:03Z</time>
      </trkpt>
      <trkpt lat="38.83558865063765" lon="121.50961276729763">
        <ele>0</ele>
        <time>2026-07-14T07:59:04Z</time>
      </trkpt>
      <trkpt lat="38.83559635857818" lon="121.50961941038554">
        <ele>0</ele>
        <time>2026-07-14T07:59:05Z</time>
      </trkpt>
      <trkpt lat="38.8356043125342" lon="121.5096262509573">
        <ele>0</ele>
        <time>2026-07-14T07:59:06Z</time>
      </trkpt>
      <trkpt lat="38.835612420566015" lon="121.50963321774496">
        <ele>0</ele>
        <time>2026-07-14T07:59:07Z</time>
      </trkpt>
      <trkpt lat="38.835620529661256" lon="121.50964018440304">
        <ele>0</ele>
        <time>2026-07-14T07:59:08Z</time>
      </trkpt>
      <trkpt lat="38.83562801327542" lon="121.50964662444609">
        <ele>0</ele>
        <time>2026-07-14T07:59:09Z</time>
      </trkpt>
      <trkpt lat="38.8356347845302" lon="121.50965246414594">
        <ele>0</ele>
        <time>2026-07-14T07:59:10Z</time>
      </trkpt>
      <trkpt lat="38.83564162454489" lon="121.50965836435704">
        <ele>0</ele>
        <time>2026-07-14T07:59:11Z</time>
      </trkpt>
      <trkpt lat="38.83564746522201" lon="121.50966348013966">
        <ele>0</ele>
        <time>2026-07-14T07:59:12Z</time>
      </trkpt>
      <trkpt lat="38.83565284656502" lon="121.50966821279636">
        <ele>0</ele>
        <time>2026-07-14T07:59:13Z</time>
      </trkpt>
      <trkpt lat="38.83566038139047" lon="121.50967469983985">
        <ele>0</ele>
        <time>2026-07-14T07:59:14Z</time>
      </trkpt>
      <trkpt lat="38.83566923992599" lon="121.50968229067371">
        <ele>0</ele>
        <time>2026-07-14T07:59:15Z</time>
      </trkpt>
      <trkpt lat="38.83567808324117" lon="121.50968985727874">
        <ele>0</ele>
        <time>2026-07-14T07:59:16Z</time>
      </trkpt>
      <trkpt lat="38.835686882438054" lon="121.5096973864471">
        <ele>0</ele>
        <time>2026-07-14T07:59:17Z</time>
      </trkpt>
      <trkpt lat="38.83569551651725" lon="121.50970475055851">
        <ele>0</ele>
        <time>2026-07-14T07:59:18Z</time>
      </trkpt>
      <trkpt lat="38.835704157416984" lon="121.509712156127">
        <ele>0</ele>
        <time>2026-07-14T07:59:19Z</time>
      </trkpt>
      <trkpt lat="38.835712709627664" lon="121.5097194739538">
        <ele>0</ele>
        <time>2026-07-14T07:59:20Z</time>
      </trkpt>
      <trkpt lat="38.83572118205603" lon="121.5097266971704">
        <ele>0</ele>
        <time>2026-07-14T07:59:21Z</time>
      </trkpt>
      <trkpt lat="38.83572972807179" lon="121.5097339810093">
        <ele>0</ele>
        <time>2026-07-14T07:59:22Z</time>
      </trkpt>
      <trkpt lat="38.835737778020565" lon="121.5097416466235">
        <ele>0</ele>
        <time>2026-07-14T07:59:23Z</time>
      </trkpt>
      <trkpt lat="38.83574525254678" lon="121.5097495986834">
        <ele>0</ele>
        <time>2026-07-14T07:59:24Z</time>
      </trkpt>
      <trkpt lat="38.83575282000469" lon="121.50975767675138">
        <ele>0</ele>
        <time>2026-07-14T07:59:25Z</time>
      </trkpt>
      <trkpt lat="38.83576067864121" lon="121.5097660220844">
        <ele>0</ele>
        <time>2026-07-14T07:59:26Z</time>
      </trkpt>
      <trkpt lat="38.83576876420808" lon="121.50977458541237">
        <ele>0</ele>
        <time>2026-07-14T07:59:27Z</time>
      </trkpt>
      <trkpt lat="38.83577669315454" lon="121.50978323338506">
        <ele>0</ele>
        <time>2026-07-14T07:59:28Z</time>
      </trkpt>
      <trkpt lat="38.83578102997444" lon="121.50979467319544">
        <ele>0</ele>
        <time>2026-07-14T07:59:29Z</time>
      </trkpt>
      <trkpt lat="38.83578229781119" lon="121.50980955374229">
        <ele>0</ele>
        <time>2026-07-14T07:59:30Z</time>
      </trkpt>
      <trkpt lat="38.835786041216686" lon="121.50982335900675">
        <ele>0</ele>
        <time>2026-07-14T07:59:31Z</time>
      </trkpt>
      <trkpt lat="38.83579327216939" lon="121.50983401452211">
        <ele>0</ele>
        <time>2026-07-14T07:59:32Z</time>
      </trkpt>
      <trkpt lat="38.83580201581114" lon="121.50984332582568">
        <ele>0</ele>
        <time>2026-07-14T07:59:33Z</time>
      </trkpt>
      <trkpt lat="38.83581101753244" lon="121.5098527697528">
        <ele>0</ele>
        <time>2026-07-14T07:59:34Z</time>
      </trkpt>
      <trkpt lat="38.83581988871598" lon="121.50986205740992">
        <ele>0</ele>
        <time>2026-07-14T07:59:35Z</time>
      </trkpt>
      <trkpt lat="38.83582849182287" lon="121.50987105051414">
        <ele>0</ele>
        <time>2026-07-14T07:59:36Z</time>
      </trkpt>
      <trkpt lat="38.8358370000546" lon="121.5098799327249">
        <ele>0</ele>
        <time>2026-07-14T07:59:37Z</time>
      </trkpt>
      <trkpt lat="38.835845489288374" lon="121.50988878431008">
        <ele>0</ele>
        <time>2026-07-14T07:59:38Z</time>
      </trkpt>
      <trkpt lat="38.83585422929925" lon="121.50989788832563">
        <ele>0</ele>
        <time>2026-07-14T07:59:39Z</time>
      </trkpt>
      <trkpt lat="38.83586332438644" lon="121.50990734340489">
        <ele>0</ele>
        <time>2026-07-14T07:59:40Z</time>
      </trkpt>
      <trkpt lat="38.83587250961129" lon="121.50991687471225">
        <ele>0</ele>
        <time>2026-07-14T07:59:41Z</time>
      </trkpt>
      <trkpt lat="38.83588159301947" lon="121.50992628671906">
        <ele>0</ele>
        <time>2026-07-14T07:59:42Z</time>
      </trkpt>
      <trkpt lat="38.83589048094872" lon="121.50993548247506">
        <ele>0</ele>
        <time>2026-07-14T07:59:43Z</time>
      </trkpt>
      <trkpt lat="38.83589910155304" lon="121.50994438809622">
        <ele>0</ele>
        <time>2026-07-14T07:59:44Z</time>
      </trkpt>
      <trkpt lat="38.83590741804866" lon="121.50995296492889">
        <ele>0</ele>
        <time>2026-07-14T07:59:45Z</time>
      </trkpt>
      <trkpt lat="38.83591557159684" lon="121.50996136225521">
        <ele>0</ele>
        <time>2026-07-14T07:59:46Z</time>
      </trkpt>
      <trkpt lat="38.83592379730424" lon="121.50996982475839">
        <ele>0</ele>
        <time>2026-07-14T07:59:47Z</time>
      </trkpt>
      <trkpt lat="38.835932294991025" lon="121.50997856402023">
        <ele>0</ele>
        <time>2026-07-14T07:59:48Z</time>
      </trkpt>
      <trkpt lat="38.835940886860044" lon="121.50998746209076">
        <ele>0</ele>
        <time>2026-07-14T07:59:49Z</time>
      </trkpt>
      <trkpt lat="38.83594869783616" lon="121.50999723862306">
        <ele>0</ele>
        <time>2026-07-14T07:59:50Z</time>
      </trkpt>
      <trkpt lat="38.83595572482255" lon="121.51000787575639">
        <ele>0</ele>
        <time>2026-07-14T07:59:51Z</time>
      </trkpt>
      <trkpt lat="38.83596281270887" lon="121.5100186851752">
        <ele>0</ele>
        <time>2026-07-14T07:59:52Z</time>
      </trkpt>
      <trkpt lat="38.83596996350126" lon="121.51002958528987">
        <ele>0</ele>
        <time>2026-07-14T07:59:53Z</time>
      </trkpt>
      <trkpt lat="38.83597685652239" lon="121.51004007659807">
        <ele>0</ele>
        <time>2026-07-14T07:59:54Z</time>
      </trkpt>
      <trkpt lat="38.8359835540839" lon="121.51005027970363">
        <ele>0</ele>
        <time>2026-07-14T07:59:55Z</time>
      </trkpt>
      <trkpt lat="38.83599013893095" lon="121.51006029430256">
        <ele>0</ele>
        <time>2026-07-14T07:59:56Z</time>
      </trkpt>
      <trkpt lat="38.83599667118523" lon="121.51007030067738">
        <ele>0</ele>
        <time>2026-07-14T07:59:57Z</time>
      </trkpt>
      <trkpt lat="38.83600335853608" lon="121.51008062402337">
        <ele>0</ele>
        <time>2026-07-14T07:59:58Z</time>
      </trkpt>
      <trkpt lat="38.836010092398205" lon="121.51009107227271">
        <ele>0</ele>
        <time>2026-07-14T07:59:59Z</time>
      </trkpt>
      <trkpt lat="38.83601667826569" lon="121.51010134352046">
        <ele>0</ele>
        <time>2026-07-14T08:00:00Z</time>
      </trkpt>
      <trkpt lat="38.83602333360837" lon="121.51011178260703">
        <ele>0</ele>
        <time>2026-07-14T08:00:01Z</time>
      </trkpt>
      <trkpt lat="38.83603024049012" lon="121.51012270689336">
        <ele>0</ele>
        <time>2026-07-14T08:00:02Z</time>
      </trkpt>
      <trkpt lat="38.83603705597812" lon="121.51013358381664">
        <ele>0</ele>
        <time>2026-07-14T08:00:03Z</time>
      </trkpt>
      <trkpt lat="38.83604389729466" lon="121.51014438078924">
        <ele>0</ele>
        <time>2026-07-14T08:00:04Z</time>
      </trkpt>
      <trkpt lat="38.836052382796936" lon="121.51015275393557">
        <ele>0</ele>
        <time>2026-07-14T08:00:05Z</time>
      </trkpt>
      <trkpt lat="38.83606223481438" lon="121.5101584351164">
        <ele>0</ele>
        <time>2026-07-14T08:00:06Z</time>
      </trkpt>
      <trkpt lat="38.836071981386084" lon="121.5101639416081">
        <ele>0</ele>
        <time>2026-07-14T08:00:07Z</time>
      </trkpt>
      <trkpt lat="38.83608169950714" lon="121.51016946423573">
        <ele>0</ele>
        <time>2026-07-14T08:00:08Z</time>
      </trkpt>
      <trkpt lat="38.83609140836427" lon="121.51017504271893">
        <ele>0</ele>
        <time>2026-07-14T08:00:09Z</time>
      </trkpt>
      <trkpt lat="38.83610098957981" lon="121.51018054884678">
        <ele>0</ele>
        <time>2026-07-14T08:00:10Z</time>
      </trkpt>
      <trkpt lat="38.83611045306688" lon="121.51018598517122">
        <ele>0</ele>
        <time>2026-07-14T08:00:11Z</time>
      </trkpt>
      <trkpt lat="38.836120259997216" lon="121.51019161873579">
        <ele>0</ele>
        <time>2026-07-14T08:00:12Z</time>
      </trkpt>
      <trkpt lat="38.83613066060048" lon="121.51019758858446">
        <ele>0</ele>
        <time>2026-07-14T08:00:13Z</time>
      </trkpt>
      <trkpt lat="38.836141111119595" lon="121.51020359584248">
        <ele>0</ele>
        <time>2026-07-14T08:00:14Z</time>
      </trkpt>
      <trkpt lat="38.83615146009247" lon="121.51020955419925">
        <ele>0</ele>
        <time>2026-07-14T08:00:15Z</time>
      </trkpt>
      <trkpt lat="38.83616190423877" lon="121.51021557101382">
        <ele>0</ele>
        <time>2026-07-14T08:00:16Z</time>
      </trkpt>
      <trkpt lat="38.83617194317265" lon="121.51022137322482">
        <ele>0</ele>
        <time>2026-07-14T08:00:17Z</time>
      </trkpt>
      <trkpt lat="38.83618151757002" lon="121.51022709831933">
        <ele>0</ele>
        <time>2026-07-14T08:00:18Z</time>
      </trkpt>
      <trkpt lat="38.83618918945327" lon="121.51023571382396">
        <ele>0</ele>
        <time>2026-07-14T08:00:19Z</time>
      </trkpt>
      <trkpt lat="38.83619488211058" lon="121.5102470581727">
        <ele>0</ele>
        <time>2026-07-14T08:00:20Z</time>
      </trkpt>
      <trkpt lat="38.83620028484257" lon="121.51025812756536">
        <ele>0</ele>
        <time>2026-07-14T08:00:21Z</time>
      </trkpt>
      <trkpt lat="38.836205246442645" lon="121.51026840323331">
        <ele>0</ele>
        <time>2026-07-14T08:00:22Z</time>
      </trkpt>
      <trkpt lat="38.83621012315589" lon="121.51027850427414">
        <ele>0</ele>
        <time>2026-07-14T08:00:23Z</time>
      </trkpt>
      <trkpt lat="38.83621489883337" lon="121.51028839771033">
        <ele>0</ele>
        <time>2026-07-14T08:00:24Z</time>
      </trkpt>
      <trkpt lat="38.83621950170831" lon="121.51029794767469">
        <ele>0</ele>
        <time>2026-07-14T08:00:25Z</time>
      </trkpt>
      <trkpt lat="38.836224064596124" lon="121.51030740543229">
        <ele>0</ele>
        <time>2026-07-14T08:00:26Z</time>
      </trkpt>
      <trkpt lat="38.83622871518611" lon="121.51031701227232">
        <ele>0</ele>
        <time>2026-07-14T08:00:27Z</time>
      </trkpt>
      <trkpt lat="38.8362333850052" lon="121.5103266384378">
        <ele>0</ele>
        <time>2026-07-14T08:00:28Z</time>
      </trkpt>
      <trkpt lat="38.836237992028295" lon="121.5103361321291">
        <ele>0</ele>
        <time>2026-07-14T08:00:29Z</time>
      </trkpt>
      <trkpt lat="38.836242669001436" lon="121.51034574496063">
        <ele>0</ele>
        <time>2026-07-14T08:00:30Z</time>
      </trkpt>
      <trkpt lat="38.836247469384354" lon="121.510355682061">
        <ele>0</ele>
        <time>2026-07-14T08:00:31Z</time>
      </trkpt>
      <trkpt lat="38.836251160469615" lon="121.51036650508635">
        <ele>0</ele>
        <time>2026-07-14T08:00:32Z</time>
      </trkpt>
      <trkpt lat="38.836253650057344" lon="121.51037783430313">
        <ele>0</ele>
        <time>2026-07-14T08:00:33Z</time>
      </trkpt>
      <trkpt lat="38.836256104696645" lon="121.51038901413574">
        <ele>0</ele>
        <time>2026-07-14T08:00:34Z</time>
      </trkpt>
      <trkpt lat="38.83625862250831" lon="121.51040023572988">
        <ele>0</ele>
        <time>2026-07-14T08:00:35Z</time>
      </trkpt>
      <trkpt lat="38.83626116895997" lon="121.51041135599928">
        <ele>0</ele>
        <time>2026-07-14T08:00:36Z</time>
      </trkpt>
      <trkpt lat="38.836263670406886" lon="121.5104220949074">
        <ele>0</ele>
        <time>2026-07-14T08:00:37Z</time>
      </trkpt>
      <trkpt lat="38.83626617322604" lon="121.51043262560407">
        <ele>0</ele>
        <time>2026-07-14T08:00:38Z</time>
      </trkpt>
      <trkpt lat="38.83626870600488" lon="121.51044305116879">
        <ele>0</ele>
        <time>2026-07-14T08:00:39Z</time>
      </trkpt>
      <trkpt lat="38.83627130874248" lon="121.5104535224191">
        <ele>0</ele>
        <time>2026-07-14T08:00:40Z</time>
      </trkpt>
      <trkpt lat="38.83627413845973" lon="121.51046461316449">
        <ele>0</ele>
        <time>2026-07-14T08:00:41Z</time>
      </trkpt>
      <trkpt lat="38.836277136465036" lon="121.5104760964119">
        <ele>0</ele>
        <time>2026-07-14T08:00:42Z</time>
      </trkpt>
      <trkpt lat="38.83628018316389" lon="121.51048753625523">
        <ele>0</ele>
        <time>2026-07-14T08:00:43Z</time>
      </trkpt>
      <trkpt lat="38.83628325885549" lon="121.5104988576495">
        <ele>0</ele>
        <time>2026-07-14T08:00:44Z</time>
      </trkpt>
      <trkpt lat="38.836286316707145" lon="121.51050988724043">
        <ele>0</ele>
        <time>2026-07-14T08:00:45Z</time>
      </trkpt>
      <trkpt lat="38.836289319422704" lon="121.51052049138461">
        <ele>0</ele>
        <time>2026-07-14T08:00:46Z</time>
      </trkpt>
      <trkpt lat="38.836292380235804" lon="121.51053179775532">
        <ele>0</ele>
        <time>2026-07-14T08:00:47Z</time>
      </trkpt>
      <trkpt lat="38.83629547227021" lon="121.51054305992038">
        <ele>0</ele>
        <time>2026-07-14T08:00:48Z</time>
      </trkpt>
      <trkpt lat="38.83629854984565" lon="121.51055415245362">
        <ele>0</ele>
        <time>2026-07-14T08:00:49Z</time>
      </trkpt>
      <trkpt lat="38.836301708781576" lon="121.51056539175336">
        <ele>0</ele>
        <time>2026-07-14T08:00:50Z</time>
      </trkpt>
      <trkpt lat="38.836305077859166" lon="121.51057664100085">
        <ele>0</ele>
        <time>2026-07-14T08:00:51Z</time>
      </trkpt>
      <trkpt lat="38.83630824983916" lon="121.51058775363548">
        <ele>0</ele>
        <time>2026-07-14T08:00:52Z</time>
      </trkpt>
      <trkpt lat="38.83631123428632" lon="121.51059872336702">
        <ele>0</ele>
        <time>2026-07-14T08:00:53Z</time>
      </trkpt>
      <trkpt lat="38.83631397657631" lon="121.51060941148285">
        <ele>0</ele>
        <time>2026-07-14T08:00:54Z</time>
      </trkpt>
      <trkpt lat="38.83631641927056" lon="121.51061967963338">
        <ele>0</ele>
        <time>2026-07-14T08:00:55Z</time>
      </trkpt>
      <trkpt lat="38.83631854972774" lon="121.51062954623556">
        <ele>0</ele>
        <time>2026-07-14T08:00:56Z</time>
      </trkpt>
      <trkpt lat="38.83632068539927" lon="121.51063942949507">
        <ele>0</ele>
        <time>2026-07-14T08:00:57Z</time>
      </trkpt>
      <trkpt lat="38.83632251519897" lon="121.51064816738325">
        <ele>0</ele>
        <time>2026-07-14T08:00:58Z</time>
      </trkpt>
      <trkpt lat="38.83632431947419" lon="121.51065683631747">
        <ele>0</ele>
        <time>2026-07-14T08:00:59Z</time>
      </trkpt>
      <trkpt lat="38.83632640209167" lon="121.51066733604947">
        <ele>0</ele>
        <time>2026-07-14T08:01:00Z</time>
      </trkpt>
      <trkpt lat="38.83632441702036" lon="121.51067783400254">
        <ele>0</ele>
        <time>2026-07-14T08:01:01Z</time>
      </trkpt>
      <trkpt lat="38.83631875415873" lon="121.51068631128528">
        <ele>0</ele>
        <time>2026-07-14T08:01:02Z</time>
      </trkpt>
      <trkpt lat="38.836313173976485" lon="121.51069412552198">
        <ele>0</ele>
        <time>2026-07-14T08:01:03Z</time>
      </trkpt>
      <trkpt lat="38.83630714376" lon="121.51070332430663">
        <ele>0</ele>
        <time>2026-07-14T08:01:04Z</time>
      </trkpt>
      <trkpt lat="38.836300982982955" lon="121.51071314287897">
        <ele>0</ele>
        <time>2026-07-14T08:01:05Z</time>
      </trkpt>
      <trkpt lat="38.836294673815516" lon="121.51072359029568">
        <ele>0</ele>
        <time>2026-07-14T08:01:06Z</time>
      </trkpt>
      <trkpt lat="38.83628808846391" lon="121.51073492047914">
        <ele>0</ele>
        <time>2026-07-14T08:01:07Z</time>
      </trkpt>
      <trkpt lat="38.83628135576273" lon="121.51074681068914">
        <ele>0</ele>
        <time>2026-07-14T08:01:08Z</time>
      </trkpt>
      <trkpt lat="38.83627461880019" lon="121.51075891559125">
        <ele>0</ele>
        <time>2026-07-14T08:01:09Z</time>
      </trkpt>
      <trkpt lat="38.83626795155785" lon="121.51077104373739">
        <ele>0</ele>
        <time>2026-07-14T08:01:10Z</time>
      </trkpt>
      <trkpt lat="38.83626150507741" lon="121.51078282970722">
        <ele>0</ele>
        <time>2026-07-14T08:01:11Z</time>
      </trkpt>
      <trkpt lat="38.836255288968154" lon="121.51079414523821">
        <ele>0</ele>
        <time>2026-07-14T08:01:12Z</time>
      </trkpt>
      <trkpt lat="38.83625381997278" lon="121.51079338931216">
        <ele>0</ele>
        <time>2026-07-14T08:01:13Z</time>
      </trkpt>
      <trkpt lat="38.83625738190742" lon="121.51077991636106">
        <ele>0</ele>
        <time>2026-07-14T08:01:14Z</time>
      </trkpt>
      <trkpt lat="38.8362612847067" lon="121.51076565371903">
        <ele>0</ele>
        <time>2026-07-14T08:01:15Z</time>
      </trkpt>
      <trkpt lat="38.83626527183925" lon="121.51075119603523">
        <ele>0</ele>
        <time>2026-07-14T08:01:16Z</time>
      </trkpt>
      <trkpt lat="38.836269299926386" lon="121.510736640282">
        <ele>0</ele>
        <time>2026-07-14T08:01:17Z</time>
      </trkpt>
      <trkpt lat="38.836273178092014" lon="121.51072251495603">
        <ele>0</ele>
        <time>2026-07-14T08:01:18Z</time>
      </trkpt>
      <trkpt lat="38.83627696814367" lon="121.51070863938058">
        <ele>0</ele>
        <time>2026-07-14T08:01:19Z</time>
      </trkpt>
      <trkpt lat="38.83628078296007" lon="121.51069470161298">
        <ele>0</ele>
        <time>2026-07-14T08:01:20Z</time>
      </trkpt>
      <trkpt lat="38.83628465064754" lon="121.51068060972445">
        <ele>0</ele>
        <time>2026-07-14T08:01:21Z</time>
      </trkpt>
      <trkpt lat="38.836288583644404" lon="121.51066634743935">
        <ele>0</ele>
        <time>2026-07-14T08:01:22Z</time>
      </trkpt>
      <trkpt lat="38.83629268976851" lon="121.51065217733372">
        <ele>0</ele>
        <time>2026-07-14T08:01:23Z</time>
      </trkpt>
      <trkpt lat="38.83629973693189" lon="121.51064289840728">
        <ele>0</ele>
        <time>2026-07-14T08:01:24Z</time>
      </trkpt>
      <trkpt lat="38.83630957501373" lon="121.5106386879433">
        <ele>0</ele>
        <time>2026-07-14T08:01:25Z</time>
      </trkpt>
      <trkpt lat="38.83631941067983" lon="121.5106348011279">
        <ele>0</ele>
        <time>2026-07-14T08:01:26Z</time>
      </trkpt>
      <trkpt lat="38.836329184503875" lon="121.51063097424425">
        <ele>0</ele>
        <time>2026-07-14T08:01:27Z</time>
      </trkpt>
      <trkpt lat="38.8363393059755" lon="121.51062689123586">
        <ele>0</ele>
        <time>2026-07-14T08:01:28Z</time>
      </trkpt>
      <trkpt lat="38.83634958967742" lon="121.51062277717413">
        <ele>0</ele>
        <time>2026-07-14T08:01:29Z</time>
      </trkpt>
      <trkpt lat="38.83635946083841" lon="121.5106187957153">
        <ele>0</ele>
        <time>2026-07-14T08:01:30Z</time>
      </trkpt>
      <trkpt lat="38.8363687597842" lon="121.51061499503601">
        <ele>0</ele>
        <time>2026-07-14T08:01:31Z</time>
      </trkpt>
      <trkpt lat="38.83637786125145" lon="121.510611265285">
        <ele>0</ele>
        <time>2026-07-14T08:01:32Z</time>
      </trkpt>
      <trkpt lat="38.83638698661335" lon="121.51060753607314">
        <ele>0</ele>
        <time>2026-07-14T08:01:33Z</time>
      </trkpt>
      <trkpt lat="38.836393616042905" lon="121.51060435809278">
        <ele>0</ele>
        <time>2026-07-14T08:01:34Z</time>
      </trkpt>
      <trkpt lat="38.836396561449504" lon="121.51060203075984">
        <ele>0</ele>
        <time>2026-07-14T08:01:35Z</time>
      </trkpt>
      <trkpt lat="38.836400291943036" lon="121.51059963633982">
        <ele>0</ele>
        <time>2026-07-14T08:01:36Z</time>
      </trkpt>
      <trkpt lat="38.836408402430585" lon="121.51059622075947">
        <ele>0</ele>
        <time>2026-07-14T08:01:37Z</time>
      </trkpt>
      <trkpt lat="38.8364181235442" lon="121.51059237177766">
        <ele>0</ele>
        <time>2026-07-14T08:01:38Z</time>
      </trkpt>
      <trkpt lat="38.8364269514564" lon="121.51058881610436">
        <ele>0</ele>
        <time>2026-07-14T08:01:39Z</time>
      </trkpt>
      <trkpt lat="38.83643575671538" lon="121.51058529872427">
        <ele>0</ele>
        <time>2026-07-14T08:01:40Z</time>
        <extensions>
          <gpxtpx:TrackPointExtension>
            <gpxtpx:hr>96</gpxtpx:hr>
          </gpxtpx:TrackPointExtension>
        </extensions>
      </trkpt>
      <trkpt lat="38.836444539949554" lon="121.51058178656525">
        <ele>0</ele>
        <time>2026-07-14T08:01:41Z</time>
        <extensions>
          <gpxtpx:TrackPointExtension>
            <gpxtpx:hr>96</gpxtpx:hr>
          </gpxtpx:TrackPointExtension>
        </extensions>
      </trkpt>
      <trkpt lat="38.83645321010903" lon="121.51057748299986">
        <ele>0</ele>
        <time>2026-07-14T08:01:42Z</time>
        <extensions>
          <gpxtpx:TrackPointExtension>
            <gpxtpx:hr>96</gpxtpx:hr>
          </gpxtpx:TrackPointExtension>
        </extensions>
      </trkpt>
      <trkpt lat="38.83646167394623" lon="121.51057242531404">
        <ele>0</ele>
        <time>2026-07-14T08:01:43Z</time>
        <extensions>
          <gpxtpx:TrackPointExtension>
            <gpxtpx:hr>96</gpxtpx:hr>
          </gpxtpx:TrackPointExtension>
        </extensions>
      </trkpt>
      <trkpt lat="38.83647009948983" lon="121.51056738326734">
        <ele>0</ele>
        <time>2026-07-14T08:01:44Z</time>
        <extensions>
          <gpxtpx:TrackPointExtension>
            <gpxtpx:hr>96</gpxtpx:hr>
          </gpxtpx:TrackPointExtension>
        </extensions>
      </trkpt>
      <trkpt lat="38.83647855194742" lon="121.51056235884363">
        <ele>0</ele>
        <time>2026-07-14T08:01:45Z</time>
        <extensions>
          <gpxtpx:TrackPointExtension>
            <gpxtpx:hr>96</gpxtpx:hr>
          </gpxtpx:TrackPointExtension>
        </extensions>
      </trkpt>
      <trkpt lat="38.83648679281575" lon="121.5105574605854">
        <ele>0</ele>
        <time>2026-07-14T08:01:46Z</time>
        <extensions>
          <gpxtpx:TrackPointExtension>
            <gpxtpx:hr>96</gpxtpx:hr>
          </gpxtpx:TrackPointExtension>
        </extensions>
      </trkpt>
      <trkpt lat="38.83649471254651" lon="121.51055264356873">
        <ele>0</ele>
        <time>2026-07-14T08:01:47Z</time>
        <extensions>
          <gpxtpx:TrackPointExtension>
            <gpxtpx:hr>96</gpxtpx:hr>
          </gpxtpx:TrackPointExtension>
        </extensions>
      </trkpt>
      <trkpt lat="38.83650114545076" lon="121.51054575683392">
        <ele>0</ele>
        <time>2026-07-14T08:01:48Z</time>
        <extensions>
          <gpxtpx:TrackPointExtension>
            <gpxtpx:hr>96</gpxtpx:hr>
          </gpxtpx:TrackPointExtension>
        </extensions>
      </trkpt>
      <trkpt lat="38.83650623303803" lon="121.51053669721904">
        <ele>0</ele>
        <time>2026-07-14T08:01:49Z</time>
        <extensions>
          <gpxtpx:TrackPointExtension>
            <gpxtpx:hr>96</gpxtpx:hr>
          </gpxtpx:TrackPointExtension>
        </extensions>
      </trkpt>
      <trkpt lat="38.83651131424561" lon="121.51052755972371">
        <ele>0</ele>
        <time>2026-07-14T08:01:50Z</time>
        <extensions>
          <gpxtpx:TrackPointExtension>
            <gpxtpx:hr>96</gpxtpx:hr>
          </gpxtpx:TrackPointExtension>
        </extensions>
      </trkpt>
      <trkpt lat="38.83651630767874" lon="121.51051852664143">
        <ele>0</ele>
        <time>2026-07-14T08:01:51Z</time>
        <extensions>
          <gpxtpx:TrackPointExtension>
            <gpxtpx:hr>96</gpxtpx:hr>
          </gpxtpx:TrackPointExtension>
        </extensions>
      </trkpt>
      <trkpt lat="38.83652142414987" lon="121.51050931687656">
        <ele>0</ele>
        <time>2026-07-14T08:01:52Z</time>
        <extensions>
          <gpxtpx:TrackPointExtension>
            <gpxtpx:hr>96</gpxtpx:hr>
          </gpxtpx:TrackPointExtension>
        </extensions>
      </trkpt>
      <trkpt lat="38.8365267516629" lon="121.51049978968638">
        <ele>0</ele>
        <time>2026-07-14T08:01:53Z</time>
        <extensions>
          <gpxtpx:TrackPointExtension>
            <gpxtpx:hr>96</gpxtpx:hr>
          </gpxtpx:TrackPointExtension>
        </extensions>
      </trkpt>
      <trkpt lat="38.836532088108264" lon="121.5104902370204">
        <ele>0</ele>
        <time>2026-07-14T08:01:54Z</time>
        <extensions>
          <gpxtpx:TrackPointExtension>
            <gpxtpx:hr>96</gpxtpx:hr>
          </gpxtpx:TrackPointExtension>
        </extensions>
      </trkpt>
      <trkpt lat="38.83653733202285" lon="121.51048081895908">
        <ele>0</ele>
        <time>2026-07-14T08:01:55Z</time>
        <extensions>
          <gpxtpx:TrackPointExtension>
            <gpxtpx:hr>96</gpxtpx:hr>
          </gpxtpx:TrackPointExtension>
        </extensions>
      </trkpt>
      <trkpt lat="38.836542618593185" lon="121.51047134316575">
        <ele>0</ele>
        <time>2026-07-14T08:01:56Z</time>
        <extensions>
          <gpxtpx:TrackPointExtension>
            <gpxtpx:hr>96</gpxtpx:hr>
          </gpxtpx:TrackPointExtension>
        </extensions>
      </trkpt>
      <trkpt lat="38.83654806086806" lon="121.51046164111429">
        <ele>0</ele>
        <time>2026-07-14T08:01:57Z</time>
        <extensions>
          <gpxtpx:TrackPointExtension>
            <gpxtpx:hr>96</gpxtpx:hr>
          </gpxtpx:TrackPointExtension>
        </extensions>
      </trkpt>
      <trkpt lat="38.83655359963635" lon="121.51045178266996">
        <ele>0</ele>
        <time>2026-07-14T08:01:58Z</time>
        <extensions>
          <gpxtpx:TrackPointExtension>
            <gpxtpx:hr>96</gpxtpx:hr>
          </gpxtpx:TrackPointExtension>
        </extensions>
      </trkpt>
      <trkpt lat="38.83655913234477" lon="121.51044192110257">
        <ele>0</ele>
        <time>2026-07-14T08:01:59Z</time>
        <extensions>
          <gpxtpx:TrackPointExtension>
            <gpxtpx:hr>96</gpxtpx:hr>
          </gpxtpx:TrackPointExtension>
        </extensions>
      </trkpt>
      <trkpt lat="38.83656448531929" lon="121.51043241102794">
        <ele>0</ele>
        <time>2026-07-14T08:02:00Z</time>
      </trkpt>
      <trkpt lat="38.836571232444626" lon="121.51042661149938">
        <ele>0</ele>
        <time>2026-07-14T08:02:01Z</time>
      </trkpt>
      <trkpt lat="38.83657947418229" lon="121.51042440131684">
        <ele>0</ele>
        <time>2026-07-14T08:02:02Z</time>
      </trkpt>
      <trkpt lat="38.836587860976" lon="121.51042226884216">
        <ele>0</ele>
        <time>2026-07-14T08:02:03Z</time>
      </trkpt>
      <trkpt lat="38.83659605921957" lon="121.51042012890885">
        <ele>0</ele>
        <time>2026-07-14T08:02:04Z</time>
      </trkpt>
      <trkpt lat="38.83660317557383" lon="121.51041812940498">
        <ele>0</ele>
        <time>2026-07-14T08:02:05Z</time>
      </trkpt>
      <trkpt lat="38.83660917142511" lon="121.51041628063332">
        <ele>0</ele>
        <time>2026-07-14T08:02:06Z</time>
      </trkpt>
      <trkpt lat="38.83661475882844" lon="121.51041467286178">
        <ele>0</ele>
        <time>2026-07-14T08:02:07Z</time>
      </trkpt>
      <trkpt lat="38.83662122630362" lon="121.51041286043959">
        <ele>0</ele>
        <time>2026-07-14T08:02:08Z</time>
      </trkpt>
      <trkpt lat="38.836628442280684" lon="121.51041086677613">
        <ele>0</ele>
        <time>2026-07-14T08:02:09Z</time>
      </trkpt>
      <trkpt lat="38.836635529923605" lon="121.51040893947152">
        <ele>0</ele>
        <time>2026-07-14T08:02:10Z</time>
      </trkpt>
      <trkpt lat="38.83664194022373" lon="121.51041027283547">
        <ele>0</ele>
        <time>2026-07-14T08:02:11Z</time>
      </trkpt>
      <trkpt lat="38.83664811777727" lon="121.51041492176121">
        <ele>0</ele>
        <time>2026-07-14T08:02:12Z</time>
      </trkpt>
      <trkpt lat="38.836654521905565" lon="121.51041977726098">
        <ele>0</ele>
        <time>2026-07-14T08:02:13Z</time>
      </trkpt>
      <trkpt lat="38.83666088438281" lon="121.51042455212149">
        <ele>0</ele>
        <time>2026-07-14T08:02:14Z</time>
      </trkpt>
      <trkpt lat="38.83666704404148" lon="121.51042913549027">
        <ele>0</ele>
        <time>2026-07-14T08:02:15Z</time>
      </trkpt>
      <trkpt lat="38.836673851130264" lon="121.51043315101022">
        <ele>0</ele>
        <time>2026-07-14T08:02:16Z</time>
      </trkpt>
      <trkpt lat="38.83668074489371" lon="121.51043721381966">
        <ele>0</ele>
        <time>2026-07-14T08:02:17Z</time>
      </trkpt>
      <trkpt lat="38.83668761465619" lon="121.51044124810208">
        <ele>0</ele>
        <time>2026-07-14T08:02:18Z</time>
      </trkpt>
      <trkpt lat="38.83669441244098" lon="121.51044519267565">
        <ele>0</ele>
        <time>2026-07-14T08:02:19Z</time>
      </trkpt>
      <trkpt lat="38.83670129220947" lon="121.51044914540466">
        <ele>0</ele>
        <time>2026-07-14T08:02:20Z</time>
      </trkpt>
      <trkpt lat="38.83670831177505" lon="121.51045314132907">
        <ele>0</ele>
        <time>2026-07-14T08:02:21Z</time>
      </trkpt>
      <trkpt lat="38.836715372094126" lon="121.5104571149121">
        <ele>0</ele>
        <time>2026-07-14T08:02:22Z</time>
      </trkpt>
      <trkpt lat="38.83672226605509" lon="121.51046093494247">
        <ele>0</ele>
        <time>2026-07-14T08:02:23Z</time>
      </trkpt>
      <trkpt lat="38.83672892560284" lon="121.51046455936894">
        <ele>0</ele>
        <time>2026-07-14T08:02:24Z</time>
      </trkpt>
      <trkpt lat="38.836735479995646" lon="121.51046807289782">
        <ele>0</ele>
        <time>2026-07-14T08:02:25Z</time>
      </trkpt>
      <trkpt lat="38.83674187454535" lon="121.51047144157837">
        <ele>0</ele>
        <time>2026-07-14T08:02:26Z</time>
      </trkpt>
      <trkpt lat="38.83674815797297" lon="121.51047467624038">
        <ele>0</ele>
        <time>2026-07-14T08:02:27Z</time>
      </trkpt>
      <trkpt lat="38.83675440639838" lon="121.51047790680086">
        <ele>0</ele>
        <time>2026-07-14T08:02:28Z</time>
      </trkpt>
      <trkpt lat="38.8367593419013" lon="121.51048301020779">
        <ele>0</ele>
        <time>2026-07-14T08:02:29Z</time>
      </trkpt>
      <trkpt lat="38.83676289190616" lon="121.5104898066949">
        <ele>0</ele>
        <time>2026-07-14T08:02:30Z</time>
      </trkpt>
      <trkpt lat="38.8367662456362" lon="121.51049630292688">
        <ele>0</ele>
        <time>2026-07-14T08:02:31Z</time>
      </trkpt>
      <trkpt lat="38.83676973303173" lon="121.51050293031389">
        <ele>0</ele>
        <time>2026-07-14T08:02:32Z</time>
      </trkpt>
      <trkpt lat="38.83677324523242" lon="121.51050950726639">
        <ele>0</ele>
        <time>2026-07-14T08:02:33Z</time>
      </trkpt>
      <trkpt lat="38.836776635165975" lon="121.51051577942688">
        <ele>0</ele>
        <time>2026-07-14T08:02:34Z</time>
      </trkpt>
      <trkpt lat="38.836779963603895" lon="121.51052184436168">
        <ele>0</ele>
        <time>2026-07-14T08:02:35Z</time>
      </trkpt>
      <trkpt lat="38.83678346212774" lon="121.51052809510877">
        <ele>0</ele>
        <time>2026-07-14T08:02:36Z</time>
      </trkpt>
      <trkpt lat="38.83678804945591" lon="121.51053505962179">
        <ele>0</ele>
        <time>2026-07-14T08:02:37Z</time>
      </trkpt>
      <trkpt lat="38.83679277458387" lon="121.51054219526141">
        <ele>0</ele>
        <time>2026-07-14T08:02:38Z</time>
      </trkpt>
      <trkpt lat="38.83679749560871" lon="121.51054925310764">
        <ele>0</ele>
        <time>2026-07-14T08:02:39Z</time>
      </trkpt>
      <trkpt lat="38.83680225809298" lon="121.51055629828505">
        <ele>0</ele>
        <time>2026-07-14T08:02:40Z</time>
      </trkpt>
      <trkpt lat="38.83680704996301" lon="121.51056331759717">
        <ele>0</ele>
        <time>2026-07-14T08:02:41Z</time>
      </trkpt>
      <trkpt lat="38.836811498315036" lon="121.51056968796249">
        <ele>0</ele>
        <time>2026-07-14T08:02:42Z</time>
      </trkpt>
      <trkpt lat="38.83681575965974" lon="121.51057567144044">
        <ele>0</ele>
        <time>2026-07-14T08:02:43Z</time>
      </trkpt>
      <trkpt lat="38.83682030248479" lon="121.51058204178452">
        <ele>0</ele>
        <time>2026-07-14T08:02:44Z</time>
      </trkpt>
      <trkpt lat="38.836824914298774" lon="121.51058845341309">
        <ele>0</ele>
        <time>2026-07-14T08:02:45Z</time>
      </trkpt>
      <trkpt lat="38.83682886520182" lon="121.51059369297637">
        <ele>0</ele>
        <time>2026-07-14T08:02:46Z</time>
      </trkpt>
      <trkpt lat="38.83683198790591" lon="121.51059749656757">
        <ele>0</ele>
        <time>2026-07-14T08:02:46Z</time>
      </trkpt>
      <trkpt lat="38.8368352040009" lon="121.51060139666764">
        <ele>0</ele>
        <time>2026-07-14T08:02:47Z</time>
      </trkpt>
      <trkpt lat="38.83683934085739" lon="121.5106067443118">
        <ele>0</ele>
        <time>2026-07-14T08:02:48Z</time>
      </trkpt>
      <trkpt lat="38.83684391188547" lon="121.51061273133287">
        <ele>0</ele>
        <time>2026-07-14T08:02:49Z</time>
      </trkpt>
      <trkpt lat="38.83684842391148" lon="121.51061854785277">
        <ele>0</ele>
        <time>2026-07-14T08:02:50Z</time>
      </trkpt>
      <trkpt lat="38.836853003686684" lon="121.51062440348062">
        <ele>0</ele>
        <time>2026-07-14T08:02:51Z</time>
      </trkpt>
      <trkpt lat="38.83685760720781" lon="121.51063020760826">
        <ele>0</ele>
        <time>2026-07-14T08:02:52Z</time>
      </trkpt>
      <trkpt lat="38.83686182064887" lon="121.51063528728011">
        <ele>0</ele>
        <time>2026-07-14T08:02:53Z</time>
      </trkpt>
      <trkpt lat="38.83686572733416" lon="121.51063978373472">
        <ele>0</ele>
        <time>2026-07-14T08:02:54Z</time>
      </trkpt>
      <trkpt lat="38.83686962182346" lon="121.51064417067353">
        <ele>0</ele>
        <time>2026-07-14T08:02:55Z</time>
      </trkpt>
      <trkpt lat="38.83687410967192" lon="121.51064909457354">
        <ele>0</ele>
        <time>2026-07-14T08:02:56Z</time>
      </trkpt>
      <trkpt lat="38.836878618509814" lon="121.510654005039">
        <ele>0</ele>
        <time>2026-07-14T08:02:57Z</time>
      </trkpt>
      <trkpt lat="38.836883179243706" lon="121.51065895247137">
        <ele>0</ele>
        <time>2026-07-14T08:02:58Z</time>
      </trkpt>
      <trkpt lat="38.83688781711582" lon="121.51066397613555">
        <ele>0</ele>
        <time>2026-07-14T08:02:59Z</time>
      </trkpt>
      <trkpt lat="38.83689252698395" lon="121.51066907040446">
        <ele>0</ele>
        <time>2026-07-14T08:03:00Z</time>
      </trkpt>
      <trkpt lat="38.83689727526653" lon="121.51067417189289">
        <ele>0</ele>
        <time>2026-07-14T08:03:01Z</time>
      </trkpt>
      <trkpt lat="38.83690209967054" lon="121.510679331272">
        <ele>0</ele>
        <time>2026-07-14T08:03:02Z</time>
      </trkpt>
      <trkpt lat="38.8369068953887" lon="121.51068437629966">
        <ele>0</ele>
        <time>2026-07-14T08:03:03Z</time>
      </trkpt>
      <trkpt lat="38.83691152973156" lon="121.51068909474193">
        <ele>0</ele>
        <time>2026-07-14T08:03:04Z</time>
      </trkpt>
      <trkpt lat="38.83691585505511" lon="121.51069325260823">
        <ele>0</ele>
        <time>2026-07-14T08:03:05Z</time>
      </trkpt>
      <trkpt lat="38.83692041010037" lon="121.51069769874077">
        <ele>0</ele>
        <time>2026-07-14T08:03:06Z</time>
      </trkpt>
      <trkpt lat="38.8369251916832" lon="121.51070253063426">
        <ele>0</ele>
        <time>2026-07-14T08:03:07Z</time>
      </trkpt>
      <trkpt lat="38.83692962766529" lon="121.5107069750702">
        <ele>0</ele>
        <time>2026-07-14T08:03:08Z</time>
      </trkpt>
      <trkpt lat="38.8369338995716" lon="121.51071130901683">
        <ele>0</ele>
        <time>2026-07-14T08:03:09Z</time>
      </trkpt>
      <trkpt lat="38.836938251558976" lon="121.51071590373105">
        <ele>0</ele>
        <time>2026-07-14T08:03:10Z</time>
      </trkpt>
      <trkpt lat="38.83694292655838" lon="121.51072113289815">
        <ele>0</ele>
        <time>2026-07-14T08:03:11Z</time>
      </trkpt>
      <trkpt lat="38.83694770477581" lon="121.51072664096847">
        <ele>0</ele>
        <time>2026-07-14T08:03:12Z</time>
      </trkpt>
      <trkpt lat="38.836952261787026" lon="121.51073190647215">
        <ele>0</ele>
        <time>2026-07-14T08:03:13Z</time>
      </trkpt>
      <trkpt lat="38.83695650497306" lon="121.51073677621594">
        <ele>0</ele>
        <time>2026-07-14T08:03:14Z</time>
      </trkpt>
      <trkpt lat="38.836960652397366" lon="121.51074159788051">
        <ele>0</ele>
        <time>2026-07-14T08:03:15Z</time>
      </trkpt>
      <trkpt lat="38.83696582572462" lon="121.51074810611262">
        <ele>0</ele>
        <time>2026-07-14T08:03:16Z</time>
      </trkpt>
      <trkpt lat="38.83696991509363" lon="121.51075258702697">
        <ele>0</ele>
        <time>2026-07-14T08:03:17Z</time>
      </trkpt>
      <trkpt lat="38.8369718055507" lon="121.51075326972396">
        <ele>0</ele>
        <time>2026-07-14T08:03:18Z</time>
      </trkpt>
      <trkpt lat="38.83697357450285" lon="121.51075379583877">
        <ele>0</ele>
        <time>2026-07-14T08:03:19Z</time>
      </trkpt>
      <trkpt lat="38.83697539631916" lon="121.51075446383427">
        <ele>0</ele>
        <time>2026-07-14T08:03:20Z</time>
      </trkpt>
      <trkpt lat="38.836977283413354" lon="121.5107552922646">
        <ele>0</ele>
        <time>2026-07-14T08:03:21Z</time>
      </trkpt>
      <trkpt lat="38.836979231320385" lon="121.51075627222386">
        <ele>0</ele>
        <time>2026-07-14T08:03:22Z</time>
      </trkpt>
      <trkpt lat="38.83698121997163" lon="121.51075736813921">
        <ele>0</ele>
        <time>2026-07-14T08:03:23Z</time>
      </trkpt>
      <trkpt lat="38.83698320581486" lon="121.51075850241878">
        <ele>0</ele>
        <time>2026-07-14T08:03:24Z</time>
      </trkpt>
      <trkpt lat="38.83698515460546" lon="121.51075961355508">
        <ele>0</ele>
        <time>2026-07-14T08:03:25Z</time>
      </trkpt>
      <trkpt lat="38.836987093185726" lon="121.51076074568383">
        <ele>0</ele>
        <time>2026-07-14T08:03:26Z</time>
      </trkpt>
      <trkpt lat="38.83698906670781" lon="121.51076197374753">
        <ele>0</ele>
        <time>2026-07-14T08:03:27Z</time>
      </trkpt>
      <trkpt lat="38.83699109152345" lon="121.51076331735233">
        <ele>0</ele>
        <time>2026-07-14T08:03:28Z</time>
      </trkpt>
      <trkpt lat="38.83699314338883" lon="121.51076473261872">
        <ele>0</ele>
        <time>2026-07-14T08:03:29Z</time>
      </trkpt>
      <trkpt lat="38.83699512224903" lon="121.510766048145">
        <ele>0</ele>
        <time>2026-07-14T08:03:30Z</time>
      </trkpt>
      <trkpt lat="38.836996984741845" lon="121.51076719040428">
        <ele>0</ele>
        <time>2026-07-14T08:03:31Z</time>
      </trkpt>
      <trkpt lat="38.83699877212986" lon="121.5107682246052">
        <ele>0</ele>
        <time>2026-07-14T08:03:32Z</time>
      </trkpt>
      <trkpt lat="38.83700053027018" lon="121.51076922597076">
        <ele>0</ele>
        <time>2026-07-14T08:03:33Z</time>
      </trkpt>
      <trkpt lat="38.837002276649756" lon="121.51077022651162">
        <ele>0</ele>
        <time>2026-07-14T08:03:34Z</time>
      </trkpt>
      <trkpt lat="38.837003943860765" lon="121.51077110985706">
        <ele>0</ele>
        <time>2026-07-14T08:03:35Z</time>
      </trkpt>
      <trkpt lat="38.83700547161245" lon="121.51077176898978">
        <ele>0</ele>
        <time>2026-07-14T08:03:36Z</time>
      </trkpt>
      <trkpt lat="38.83700700625764" lon="121.5107724481792">
        <ele>0</ele>
        <time>2026-07-14T08:03:37Z</time>
      </trkpt>
      <trkpt lat="38.83700862033221" lon="121.51077328595775">
        <ele>0</ele>
        <time>2026-07-14T08:03:38Z</time>
      </trkpt>
      <trkpt lat="38.837010217260335" lon="121.51077411816172">
        <ele>0</ele>
        <time>2026-07-14T08:03:39Z</time>
      </trkpt>
      <trkpt lat="38.83701177506779" lon="121.51077490700759">
        <ele>0</ele>
        <time>2026-07-14T08:03:40Z</time>
      </trkpt>
      <trkpt lat="38.837013296086894" lon="121.51077565443045">
        <ele>0</ele>
        <time>2026-07-14T08:03:41Z</time>
      </trkpt>
      <trkpt lat="38.83701480226208" lon="121.51077639618313">
        <ele>0</ele>
        <time>2026-07-14T08:03:42Z</time>
      </trkpt>
      <trkpt lat="38.83701628422979" lon="121.51077711529325">
        <ele>0</ele>
        <time>2026-07-14T08:03:43Z</time>
      </trkpt>
      <trkpt lat="38.837017699249635" lon="121.51077773997466">
        <ele>0</ele>
        <time>2026-07-14T08:03:44Z</time>
      </trkpt>
      <trkpt lat="38.8370191269859" lon="121.51077840363465">
        <ele>0</ele>
        <time>2026-07-14T08:03:45Z</time>
      </trkpt>
      <trkpt lat="38.83702069808341" lon="121.5107792996006">
        <ele>0</ele>
        <time>2026-07-14T08:03:46Z</time>
      </trkpt>
      <trkpt lat="38.83702246728266" lon="121.51078051536176">
        <ele>0</ele>
        <time>2026-07-14T08:03:47Z</time>
      </trkpt>
      <trkpt lat="38.83702439186994" lon="121.51078197292597">
        <ele>0</ele>
        <time>2026-07-14T08:03:48Z</time>
      </trkpt>
      <trkpt lat="38.83702635717718" lon="121.51078347549807">
        <ele>0</ele>
        <time>2026-07-14T08:03:49Z</time>
      </trkpt>
      <trkpt lat="38.83702836428343" lon="121.5107850223382">
        <ele>0</ele>
        <time>2026-07-14T08:03:50Z</time>
      </trkpt>
      <trkpt lat="38.83703044238076" lon="121.51078666187261">
        <ele>0</ele>
        <time>2026-07-14T08:03:51Z</time>
      </trkpt>
      <trkpt lat="38.837032529045" lon="121.51078828592688">
        <ele>0</ele>
        <time>2026-07-14T08:03:52Z</time>
      </trkpt>
      <trkpt lat="38.837034555380605" lon="121.51078977235488">
        <ele>0</ele>
        <time>2026-07-14T08:03:53Z</time>
      </trkpt>
      <trkpt lat="38.83703654461962" lon="121.51079116823394">
        <ele>0</ele>
        <time>2026-07-14T08:03:54Z</time>
      </trkpt>
      <trkpt lat="38.83703850489787" lon="121.51079261122129">
        <ele>0</ele>
        <time>2026-07-14T08:03:55Z</time>
      </trkpt>
      <trkpt lat="38.83703970417593" lon="121.51079447487288">
        <ele>0</ele>
        <time>2026-07-14T08:03:56Z</time>
      </trkpt>
      <trkpt lat="38.83704013417264" lon="121.51079680203961">
        <ele>0</ele>
        <time>2026-07-14T08:03:57Z</time>
      </trkpt>
      <trkpt lat="38.83704053169076" lon="121.51079928553906">
        <ele>0</ele>
        <time>2026-07-14T08:03:58Z</time>
      </trkpt>
      <trkpt lat="38.83704095566267" lon="121.51080190971449">
        <ele>0</ele>
        <time>2026-07-14T08:03:59Z</time>
      </trkpt>
      <trkpt lat="38.83704140402123" lon="121.51080461012835">
        <ele>0</ele>
        <time>2026-07-14T08:04:00Z</time>
        <extensions>
          <gpxtpx:TrackPointExtension>
            <gpxtpx:hr>95</gpxtpx:hr>
          </gpxtpx:TrackPointExtension>
        </extensions>
      </trkpt>
      <trkpt lat="38.83704186807496" lon="121.51080729060591">
        <ele>0</ele>
        <time>2026-07-14T08:04:01Z</time>
        <extensions>
          <gpxtpx:TrackPointExtension>
            <gpxtpx:hr>95</gpxtpx:hr>
          </gpxtpx:TrackPointExtension>
        </extensions>
      </trkpt>
      <trkpt lat="38.83704233091321" lon="121.51080993064853">
        <ele>0</ele>
        <time>2026-07-14T08:04:02Z</time>
        <extensions>
          <gpxtpx:TrackPointExtension>
            <gpxtpx:hr>95</gpxtpx:hr>
          </gpxtpx:TrackPointExtension>
        </extensions>
      </trkpt>
      <trkpt lat="38.83704279671831" lon="121.51081257733964">
        <ele>0</ele>
        <time>2026-07-14T08:04:03Z</time>
        <extensions>
          <gpxtpx:TrackPointExtension>
            <gpxtpx:hr>95</gpxtpx:hr>
          </gpxtpx:TrackPointExtension>
        </extensions>
      </trkpt>
      <trkpt lat="38.83704325507204" lon="121.51081512590788">
        <ele>0</ele>
        <time>2026-07-14T08:04:04Z</time>
        <extensions>
          <gpxtpx:TrackPointExtension>
            <gpxtpx:hr>95</gpxtpx:hr>
          </gpxtpx:TrackPointExtension>
        </extensions>
      </trkpt>
      <trkpt lat="38.837043690341744" lon="121.51081741718446">
        <ele>0</ele>
        <time>2026-07-14T08:04:05Z</time>
        <extensions>
          <gpxtpx:TrackPointExtension>
            <gpxtpx:hr>95</gpxtpx:hr>
          </gpxtpx:TrackPointExtension>
        </extensions>
      </trkpt>
      <trkpt lat="38.837044100231154" lon="121.51081943102268">
        <ele>0</ele>
        <time>2026-07-14T08:04:06Z</time>
        <extensions>
          <gpxtpx:TrackPointExtension>
            <gpxtpx:hr>95</gpxtpx:hr>
          </gpxtpx:TrackPointExtension>
        </extensions>
      </trkpt>
      <trkpt lat="38.8370445030097" lon="121.51082136167364">
        <ele>0</ele>
        <time>2026-07-14T08:04:07Z</time>
        <extensions>
          <gpxtpx:TrackPointExtension>
            <gpxtpx:hr>95</gpxtpx:hr>
          </gpxtpx:TrackPointExtension>
        </extensions>
      </trkpt>
      <trkpt lat="38.83704492929438" lon="121.51082353209246">
        <ele>0</ele>
        <time>2026-07-14T08:04:08Z</time>
        <extensions>
          <gpxtpx:TrackPointExtension>
            <gpxtpx:hr>95</gpxtpx:hr>
          </gpxtpx:TrackPointExtension>
        </extensions>
      </trkpt>
      <trkpt lat="38.83704536946305" lon="121.51082584820188">
        <ele>0</ele>
        <time>2026-07-14T08:04:09Z</time>
        <extensions>
          <gpxtpx:TrackPointExtension>
            <gpxtpx:hr>95</gpxtpx:hr>
          </gpxtpx:TrackPointExtension>
        </extensions>
      </trkpt>
      <trkpt lat="38.8370458039993" lon="121.51082803090597">
        <ele>0</ele>
        <time>2026-07-14T08:04:10Z</time>
        <extensions>
          <gpxtpx:TrackPointExtension>
            <gpxtpx:hr>95</gpxtpx:hr>
          </gpxtpx:TrackPointExtension>
        </extensions>
      </trkpt>
      <trkpt lat="38.8370460580446" lon="121.51082824548165">
        <ele>0</ele>
        <time>2026-07-14T08:04:11Z</time>
        <extensions>
          <gpxtpx:TrackPointExtension>
            <gpxtpx:hr>95</gpxtpx:hr>
          </gpxtpx:TrackPointExtension>
        </extensions>
      </trkpt>
      <trkpt lat="38.83704612683886" lon="121.51082641336612">
        <ele>0</ele>
        <time>2026-07-14T08:04:12Z</time>
        <extensions>
          <gpxtpx:TrackPointExtension>
            <gpxtpx:hr>95</gpxtpx:hr>
          </gpxtpx:TrackPointExtension>
        </extensions>
      </trkpt>
      <trkpt lat="38.83704619358992" lon="121.51082440990214">
        <ele>0</ele>
        <time>2026-07-14T08:04:13Z</time>
        <extensions>
          <gpxtpx:TrackPointExtension>
            <gpxtpx:hr>95</gpxtpx:hr>
          </gpxtpx:TrackPointExtension>
        </extensions>
      </trkpt>
      <trkpt lat="38.83704627476245" lon="121.51082238599712">
        <ele>0</ele>
        <time>2026-07-14T08:04:14Z</time>
        <extensions>
          <gpxtpx:TrackPointExtension>
            <gpxtpx:hr>95</gpxtpx:hr>
          </gpxtpx:TrackPointExtension>
        </extensions>
      </trkpt>
      <trkpt lat="38.837046371639794" lon="121.51082034858051">
        <ele>0</ele>
        <time>2026-07-14T08:04:15Z</time>
        <extensions>
          <gpxtpx:TrackPointExtension>
            <gpxtpx:hr>95</gpxtpx:hr>
          </gpxtpx:TrackPointExtension>
        </extensions>
      </trkpt>
      <trkpt lat="38.837046484910665" lon="121.51081829507649">
        <ele>0</ele>
        <time>2026-07-14T08:04:16Z</time>
        <extensions>
          <gpxtpx:TrackPointExtension>
            <gpxtpx:hr>95</gpxtpx:hr>
          </gpxtpx:TrackPointExtension>
        </extensions>
      </trkpt>
      <trkpt lat="38.83704661545563" lon="121.5108162315311">
        <ele>0</ele>
        <time>2026-07-14T08:04:17Z</time>
        <extensions>
          <gpxtpx:TrackPointExtension>
            <gpxtpx:hr>95</gpxtpx:hr>
          </gpxtpx:TrackPointExtension>
        </extensions>
      </trkpt>
      <trkpt lat="38.83704677071395" lon="121.51081423301554">
        <ele>0</ele>
        <time>2026-07-14T08:04:18Z</time>
        <extensions>
          <gpxtpx:TrackPointExtension>
            <gpxtpx:hr>95</gpxtpx:hr>
          </gpxtpx:TrackPointExtension>
        </extensions>
      </trkpt>
      <trkpt lat="38.83704704666169" lon="121.51081329605135">
        <ele>0</ele>
        <time>2026-07-14T08:04:19Z</time>
        <extensions>
          <gpxtpx:TrackPointExtension>
            <gpxtpx:hr>95</gpxtpx:hr>
          </gpxtpx:TrackPointExtension>
        </extensions>
      </trkpt>
      <trkpt lat="38.83704745491327" lon="121.51081353201229">
        <ele>0</ele>
        <time>2026-07-14T08:04:20Z</time>
        <extensions>
          <gpxtpx:TrackPointExtension>
            <gpxtpx:hr>95</gpxtpx:hr>
          </gpxtpx:TrackPointExtension>
        </extensions>
      </trkpt>
      <trkpt lat="38.837047931652535" lon="121.51081427088316">
        <ele>0</ele>
        <time>2026-07-14T08:04:21Z</time>
      </trkpt>
      <trkpt lat="38.83704850594968" lon="121.51081582575284">
        <ele>0</ele>
        <time>2026-07-14T08:04:22Z</time>
      </trkpt>
      <trkpt lat="38.83704917495757" lon="121.51081816361202">
        <ele>0</ele>
        <time>2026-07-14T08:04:23Z</time>
      </trkpt>
      <trkpt lat="38.83704989289823" lon="121.5108207968632">
        <ele>0</ele>
        <time>2026-07-14T08:04:24Z</time>
      </trkpt>
      <trkpt lat="38.83705063351155" lon="121.51082343455815">
        <ele>0</ele>
        <time>2026-07-14T08:04:25Z</time>
      </trkpt>
      <trkpt lat="38.83705139429148" lon="121.51082604653715">
        <ele>0</ele>
        <time>2026-07-14T08:04:26Z</time>
      </trkpt>
      <trkpt lat="38.837052171030955" lon="121.5108285897155">
        <ele>0</ele>
        <time>2026-07-14T08:04:27Z</time>
      </trkpt>
      <trkpt lat="38.83705294949748" lon="121.5108311321563">
        <ele>0</ele>
        <time>2026-07-14T08:04:28Z</time>
      </trkpt>
      <trkpt lat="38.837053715393274" lon="121.51083371802265">
        <ele>0</ele>
        <time>2026-07-14T08:04:29Z</time>
      </trkpt>
      <trkpt lat="38.83705446432434" lon="121.5108363524734">
        <ele>0</ele>
        <time>2026-07-14T08:04:30Z</time>
      </trkpt>
      <trkpt lat="38.83705517971787" lon="121.51083888252728">
        <ele>0</ele>
        <time>2026-07-14T08:04:31Z</time>
      </trkpt>
      <trkpt lat="38.83705585896805" lon="121.51084129391157">
        <ele>0</ele>
        <time>2026-07-14T08:04:32Z</time>
      </trkpt>
      <trkpt lat="38.83705651970739" lon="121.51084377151479">
        <ele>0</ele>
        <time>2026-07-14T08:04:33Z</time>
      </trkpt>
      <trkpt lat="38.83705717060291" lon="121.51084642106427">
        <ele>0</ele>
        <time>2026-07-14T08:04:34Z</time>
      </trkpt>
      <trkpt lat="38.83705780353555" lon="121.51084917820646">
        <ele>0</ele>
        <time>2026-07-14T08:04:35Z</time>
      </trkpt>
      <trkpt lat="38.83705841168221" lon="121.51085189572072">
        <ele>0</ele>
        <time>2026-07-14T08:04:36Z</time>
      </trkpt>
      <trkpt lat="38.83705908694473" lon="121.51085442705917">
        <ele>0</ele>
        <time>2026-07-14T08:04:37Z</time>
      </trkpt>
      <trkpt lat="38.83706110479637" lon="121.51085550155851">
        <ele>0</ele>
        <time>2026-07-14T08:04:38Z</time>
      </trkpt>
      <trkpt lat="38.837064469288734" lon="121.51085516227491">
        <ele>0</ele>
        <time>2026-07-14T08:04:39Z</time>
      </trkpt>
      <trkpt lat="38.83706791713541" lon="121.51085472476505">
        <ele>0</ele>
        <time>2026-07-14T08:04:40Z</time>
      </trkpt>
      <trkpt lat="38.83707138531264" lon="121.51085430749282">
        <ele>0</ele>
        <time>2026-07-14T08:04:41Z</time>
      </trkpt>
      <trkpt lat="38.83707488295473" lon="121.51085392679042">
        <ele>0</ele>
        <time>2026-07-14T08:04:42Z</time>
      </trkpt>
      <trkpt lat="38.837078334900255" lon="121.51085354306952">
        <ele>0</ele>
        <time>2026-07-14T08:04:43Z</time>
      </trkpt>
      <trkpt lat="38.83708170618707" lon="121.51085313819337">
        <ele>0</ele>
        <time>2026-07-14T08:04:44Z</time>
      </trkpt>
      <trkpt lat="38.83708509211917" lon="121.51085276320444">
        <ele>0</ele>
        <time>2026-07-14T08:04:45Z</time>
      </trkpt>
      <trkpt lat="38.83708849642488" lon="121.510852400553">
        <ele>0</ele>
        <time>2026-07-14T08:04:46Z</time>
      </trkpt>
      <trkpt lat="38.837091897412996" lon="121.51085204191703">
        <ele>0</ele>
        <time>2026-07-14T08:04:47Z</time>
      </trkpt>
      <trkpt lat="38.837095269860775" lon="121.51085166604955">
        <ele>0</ele>
        <time>2026-07-14T08:04:48Z</time>
      </trkpt>
      <trkpt lat="38.83709856372068" lon="121.51085124238386">
        <ele>0</ele>
        <time>2026-07-14T08:04:49Z</time>
      </trkpt>
      <trkpt lat="38.83710174779564" lon="121.51085075185557">
        <ele>0</ele>
        <time>2026-07-14T08:04:50Z</time>
      </trkpt>
      <trkpt lat="38.83710486300294" lon="121.51085020935972">
        <ele>0</ele>
        <time>2026-07-14T08:04:51Z</time>
      </trkpt>
      <trkpt lat="38.83710800003372" lon="121.51084965819386">
        <ele>0</ele>
        <time>2026-07-14T08:04:52Z</time>
      </trkpt>
      <trkpt lat="38.837111173912874" lon="121.51084910041754">
        <ele>0</ele>
        <time>2026-07-14T08:04:53Z</time>
      </trkpt>
      <trkpt lat="38.83711435497698" lon="121.5108485146609">
        <ele>0</ele>
        <time>2026-07-14T08:04:54Z</time>
      </trkpt>
      <trkpt lat="38.837117503239654" lon="121.51084789904675">
        <ele>0</ele>
        <time>2026-07-14T08:04:55Z</time>
      </trkpt>
      <trkpt lat="38.83712053365248" lon="121.51084722693521">
        <ele>0</ele>
        <time>2026-07-14T08:04:56Z</time>
      </trkpt>
      <trkpt lat="38.837123197111644" lon="121.51084678392033">
        <ele>0</ele>
        <time>2026-07-14T08:04:57Z</time>
      </trkpt>
      <trkpt lat="38.8371255105269" lon="121.51084656202241">
        <ele>0</ele>
        <time>2026-07-14T08:04:58Z</time>
      </trkpt>
      <trkpt lat="38.83712768509407" lon="121.51084622354027">
        <ele>0</ele>
        <time>2026-07-14T08:04:59Z</time>
      </trkpt>
      <trkpt lat="38.837129814097175" lon="121.51084608453726">
        <ele>0</ele>
        <time>2026-07-14T08:05:00Z</time>
      </trkpt>
      <trkpt lat="38.83713196164768" lon="121.51084632913941">
        <ele>0</ele>
        <time>2026-07-14T08:05:01Z</time>
      </trkpt>
      <trkpt lat="38.8371341754664" lon="121.51084689038632">
        <ele>0</ele>
        <time>2026-07-14T08:05:02Z</time>
      </trkpt>
      <trkpt lat="38.83713658132907" lon="121.51084780782972">
        <ele>0</ele>
        <time>2026-07-14T08:05:03Z</time>
      </trkpt>
      <trkpt lat="38.83713927918559" lon="121.51084911960515">
        <ele>0</ele>
        <time>2026-07-14T08:05:04Z</time>
      </trkpt>
      <trkpt lat="38.83714214945486" lon="121.51085068763386">
        <ele>0</ele>
        <time>2026-07-14T08:05:05Z</time>
      </trkpt>
      <trkpt lat="38.83714495080462" lon="121.51085229030535">
        <ele>0</ele>
        <time>2026-07-14T08:05:06Z</time>
      </trkpt>
      <trkpt lat="38.83714759017337" lon="121.51085385092105">
        <ele>0</ele>
        <time>2026-07-14T08:05:07Z</time>
      </trkpt>
      <trkpt lat="38.83715012966914" lon="121.51085542244482">
        <ele>0</ele>
        <time>2026-07-14T08:05:08Z</time>
      </trkpt>
      <trkpt lat="38.83715268402906" lon="121.51085709894355">
        <ele>0</ele>
        <time>2026-07-14T08:05:09Z</time>
      </trkpt>
      <trkpt lat="38.837158988725264" lon="121.51086364379469">
        <ele>0</ele>
        <time>2026-07-14T08:05:10Z</time>
      </trkpt>
      <trkpt lat="38.83716904089002" lon="121.51087343826929">
        <ele>0</ele>
        <time>2026-07-14T08:05:11Z</time>
      </trkpt>
      <trkpt lat="38.8371798111664" lon="121.51088412092236">
        <ele>0</ele>
        <time>2026-07-14T08:05:12Z</time>
      </trkpt>
      <trkpt lat="38.837190193741975" lon="121.51089489610314">
        <ele>0</ele>
        <time>2026-07-14T08:05:13Z</time>
      </trkpt>
      <trkpt lat="38.837197920069684" lon="121.51090257956737">
        <ele>0</ele>
        <time>2026-07-14T08:05:14Z</time>
      </trkpt>
      <trkpt lat="38.837203688551746" lon="121.5109086000605">
        <ele>0</ele>
        <time>2026-07-14T08:05:15Z</time>
      </trkpt>
      <trkpt lat="38.837209920294924" lon="121.51091502020944">
        <ele>0</ele>
        <time>2026-07-14T08:05:16Z</time>
      </trkpt>
      <trkpt lat="38.837218168710464" lon="121.5109231824797">
        <ele>0</ele>
        <time>2026-07-14T08:05:17Z</time>
      </trkpt>
      <trkpt lat="38.83722728616348" lon="121.51093213601186">
        <ele>0</ele>
        <time>2026-07-14T08:05:18Z</time>
      </trkpt>
      <trkpt lat="38.837236494696405" lon="121.51094119315096">
        <ele>0</ele>
        <time>2026-07-14T08:05:19Z</time>
      </trkpt>
      <trkpt lat="38.837245689065874" lon="121.5109502273493">
        <ele>0</ele>
        <time>2026-07-14T08:05:20Z</time>
      </trkpt>
      <trkpt lat="38.83725462734435" lon="121.51095847546732">
        <ele>0</ele>
        <time>2026-07-14T08:05:21Z</time>
      </trkpt>
      <trkpt lat="38.83726234429604" lon="121.51095576772447">
        <ele>0</ele>
        <time>2026-07-14T08:05:22Z</time>
      </trkpt>
      <trkpt lat="38.837269139648576" lon="121.51094155836999">
        <ele>0</ele>
        <time>2026-07-14T08:05:23Z</time>
      </trkpt>
      <trkpt lat="38.83727658926331" lon="121.51092512882371">
        <ele>0</ele>
        <time>2026-07-14T08:05:24Z</time>
      </trkpt>
      <trkpt lat="38.83728489301431" lon="121.51090690199916">
        <ele>0</ele>
        <time>2026-07-14T08:05:25Z</time>
      </trkpt>
      <trkpt lat="38.837293727429326" lon="121.51088759512324">
        <ele>0</ele>
        <time>2026-07-14T08:05:26Z</time>
      </trkpt>
      <trkpt lat="38.83730237556515" lon="121.51086864802413">
        <ele>0</ele>
        <time>2026-07-14T08:05:27Z</time>
      </trkpt>
      <trkpt lat="38.83731068529997" lon="121.51085038021799">
        <ele>0</ele>
        <time>2026-07-14T08:05:28Z</time>
      </trkpt>
      <trkpt lat="38.83731882666808" lon="121.51083244235052">
        <ele>0</ele>
        <time>2026-07-14T08:05:29Z</time>
      </trkpt>
      <trkpt lat="38.83732668912414" lon="121.5108150566118">
        <ele>0</ele>
        <time>2026-07-14T08:05:30Z</time>
      </trkpt>
      <trkpt lat="38.83733433435405" lon="121.51079810056379">
        <ele>0</ele>
        <time>2026-07-14T08:05:31Z</time>
      </trkpt>
      <trkpt lat="38.83734180886015" lon="121.51078148291825">
        <ele>0</ele>
        <time>2026-07-14T08:05:32Z</time>
      </trkpt>
      <trkpt lat="38.83734912068701" lon="121.51076519747413">
        <ele>0</ele>
        <time>2026-07-14T08:05:33Z</time>
      </trkpt>
      <trkpt lat="38.83735629398471" lon="121.51074919949939">
        <ele>0</ele>
        <time>2026-07-14T08:05:34Z</time>
      </trkpt>
      <trkpt lat="38.83736346361683" lon="121.51073323033496">
        <ele>0</ele>
        <time>2026-07-14T08:05:35Z</time>
      </trkpt>
      <trkpt lat="38.83737062561204" lon="121.51071730608562">
        <ele>0</ele>
        <time>2026-07-14T08:05:36Z</time>
      </trkpt>
      <trkpt lat="38.83737761713704" lon="121.51070179597902">
        <ele>0</ele>
        <time>2026-07-14T08:05:37Z</time>
      </trkpt>
      <trkpt lat="38.837384255128086" lon="121.51068704288353">
        <ele>0</ele>
        <time>2026-07-14T08:05:38Z</time>
      </trkpt>
      <trkpt lat="38.83738891044444" lon="121.51067587397397">
        <ele>0</ele>
        <time>2026-07-14T08:05:39Z</time>
      </trkpt>
      <trkpt lat="38.837393517073984" lon="121.51066537786001">
        <ele>0</ele>
        <time>2026-07-14T08:05:40Z</time>
      </trkpt>
      <trkpt lat="38.83739828557766" lon="121.51065513020703">
        <ele>0</ele>
        <time>2026-07-14T08:05:41Z</time>
      </trkpt>
      <trkpt lat="38.83740299903473" lon="121.51064553996099">
        <ele>0</ele>
        <time>2026-07-14T08:05:42Z</time>
      </trkpt>
      <trkpt lat="38.8374074565151" lon="121.51063701360286">
        <ele>0</ele>
        <time>2026-07-14T08:05:43Z</time>
      </trkpt>
      <trkpt lat="38.8374117411209" lon="121.51062936245832">
        <ele>0</ele>
        <time>2026-07-14T08:05:44Z</time>
      </trkpt>
      <trkpt lat="38.83741556220368" lon="121.51062308237243">
        <ele>0</ele>
        <time>2026-07-14T08:05:45Z</time>
      </trkpt>
      <trkpt lat="38.83741659743962" lon="121.51062169642648">
        <ele>0</ele>
        <time>2026-07-14T08:05:46Z</time>
      </trkpt>
      <trkpt lat="38.83741558189837" lon="121.51062390523477">
        <ele>0</ele>
        <time>2026-07-14T08:05:47Z</time>
      </trkpt>
      <trkpt lat="38.83741673591665" lon="121.51062239695123">
        <ele>0</ele>
        <time>2026-07-14T08:05:48Z</time>
      </trkpt>
      <trkpt lat="38.837420046269074" lon="121.51061716235564">
        <ele>0</ele>
        <time>2026-07-14T08:05:49Z</time>
      </trkpt>
      <trkpt lat="38.837423911546004" lon="121.51061096677003">
        <ele>0</ele>
        <time>2026-07-14T08:05:50Z</time>
      </trkpt>
      <trkpt lat="38.83742863563589" lon="121.51060328021194">
        <ele>0</ele>
        <time>2026-07-14T08:05:51Z</time>
      </trkpt>
      <trkpt lat="38.837434269151295" lon="121.51059402792788">
        <ele>0</ele>
        <time>2026-07-14T08:05:52Z</time>
      </trkpt>
      <trkpt lat="38.837440744481974" lon="121.51058333891736">
        <ele>0</ele>
        <time>2026-07-14T08:05:53Z</time>
      </trkpt>
      <trkpt lat="38.837447891729056" lon="121.51057150887523">
        <ele>0</ele>
        <time>2026-07-14T08:05:54Z</time>
      </trkpt>
      <trkpt lat="38.83745529053951" lon="121.51055925769985">
        <ele>0</ele>
        <time>2026-07-14T08:05:55Z</time>
      </trkpt>
      <trkpt lat="38.837462418881955" lon="121.51054747777223">
        <ele>0</ele>
        <time>2026-07-14T08:05:56Z</time>
      </trkpt>
      <trkpt lat="38.837469009784606" lon="121.51053662434971">
        <ele>0</ele>
        <time>2026-07-14T08:05:57Z</time>
      </trkpt>
      <trkpt lat="38.837475212089224" lon="121.51052644002921">
        <ele>0</ele>
        <time>2026-07-14T08:05:58Z</time>
      </trkpt>
      <trkpt lat="38.83748127938123" lon="121.51051648462364">
        <ele>0</ele>
        <time>2026-07-14T08:05:59Z</time>
      </trkpt>
      <trkpt lat="38.83748731387348" lon="121.51050658141727">
        <ele>0</ele>
        <time>2026-07-14T08:06:00Z</time>
      </trkpt>
      <trkpt lat="38.83749322838604" lon="121.51049688199889">
        <ele>0</ele>
        <time>2026-07-14T08:06:01Z</time>
      </trkpt>
      <trkpt lat="38.83749887603019" lon="121.51048748366202">
        <ele>0</ele>
        <time>2026-07-14T08:06:02Z</time>
      </trkpt>
      <trkpt lat="38.8375046170067" lon="121.51047791760323">
        <ele>0</ele>
        <time>2026-07-14T08:06:03Z</time>
      </trkpt>
      <trkpt lat="38.83751054394402" lon="121.51046802477845">
        <ele>0</ele>
        <time>2026-07-14T08:06:04Z</time>
      </trkpt>
      <trkpt lat="38.83751641573073" lon="121.51045822368141">
        <ele>0</ele>
        <time>2026-07-14T08:06:05Z</time>
      </trkpt>
      <trkpt lat="38.8375222479323" lon="121.5104484856775">
        <ele>0</ele>
        <time>2026-07-14T08:06:06Z</time>
      </trkpt>
      <trkpt lat="38.83752834534969" lon="121.51043828275724">
        <ele>0</ele>
        <time>2026-07-14T08:06:07Z</time>
      </trkpt>
      <trkpt lat="38.837534818468676" lon="121.5104274239916">
        <ele>0</ele>
        <time>2026-07-14T08:06:08Z</time>
      </trkpt>
      <trkpt lat="38.83754144846015" lon="121.51041629023868">
        <ele>0</ele>
        <time>2026-07-14T08:06:09Z</time>
      </trkpt>
      <trkpt lat="38.837547964797864" lon="121.51040535217709">
        <ele>0</ele>
        <time>2026-07-14T08:06:10Z</time>
      </trkpt>
      <trkpt lat="38.8375541950063" lon="121.51039490923779">
        <ele>0</ele>
        <time>2026-07-14T08:06:11Z</time>
      </trkpt>
      <trkpt lat="38.837560122005165" lon="121.51038499261861">
        <ele>0</ele>
        <time>2026-07-14T08:06:12Z</time>
      </trkpt>
      <trkpt lat="38.83756582210876" lon="121.51037546906382">
        <ele>0</ele>
        <time>2026-07-14T08:06:13Z</time>
      </trkpt>
      <trkpt lat="38.837571332822385" lon="121.51036627369213">
        <ele>0</ele>
        <time>2026-07-14T08:06:14Z</time>
      </trkpt>
      <trkpt lat="38.837576449217835" lon="121.51035776788711">
        <ele>0</ele>
        <time>2026-07-14T08:06:15Z</time>
      </trkpt>
      <trkpt lat="38.83758115533044" lon="121.5103499764346">
        <ele>0</ele>
        <time>2026-07-14T08:06:16Z</time>
      </trkpt>
      <trkpt lat="38.83758574851207" lon="121.5103423812138">
        <ele>0</ele>
        <time>2026-07-14T08:06:17Z</time>
      </trkpt>
      <trkpt lat="38.8375903729036" lon="121.51033473506762">
        <ele>0</ele>
        <time>2026-07-14T08:06:18Z</time>
      </trkpt>
      <trkpt lat="38.837595044956835" lon="121.5103270088381">
        <ele>0</ele>
        <time>2026-07-14T08:06:19Z</time>
      </trkpt>
      <trkpt lat="38.837600231148976" lon="121.51031839163701">
        <ele>0</ele>
        <time>2026-07-14T08:06:20Z</time>
      </trkpt>
      <trkpt lat="38.83760617172711" lon="121.51030848694565">
        <ele>0</ele>
        <time>2026-07-14T08:06:21Z</time>
      </trkpt>
      <trkpt lat="38.8376121066037" lon="121.51029853974238">
        <ele>0</ele>
        <time>2026-07-14T08:06:22Z</time>
      </trkpt>
      <trkpt lat="38.83761748745155" lon="121.51028956573937">
        <ele>0</ele>
        <time>2026-07-14T08:06:23Z</time>
      </trkpt>
      <trkpt lat="38.83762225992528" lon="121.51028166040523">
        <ele>0</ele>
        <time>2026-07-14T08:06:24Z</time>
      </trkpt>
      <trkpt lat="38.83762638716411" lon="121.51027489210982">
        <ele>0</ele>
        <time>2026-07-14T08:06:25Z</time>
      </trkpt>
      <trkpt lat="38.837630122628546" lon="121.51026883758784">
        <ele>0</ele>
        <time>2026-07-14T08:06:26Z</time>
      </trkpt>
      <trkpt lat="38.83763401437433" lon="121.510262518009">
        <ele>0</ele>
        <time>2026-07-14T08:06:27Z</time>
      </trkpt>
      <trkpt lat="38.83763766235373" lon="121.51025665046576">
        <ele>0</ele>
        <time>2026-07-14T08:06:28Z</time>
      </trkpt>
      <trkpt lat="38.837640552798476" lon="121.51025214540046">
        <ele>0</ele>
        <time>2026-07-14T08:06:29Z</time>
      </trkpt>
      <trkpt lat="38.8376432739593" lon="121.5102480206723">
        <ele>0</ele>
        <time>2026-07-14T08:06:30Z</time>
      </trkpt>
      <trkpt lat="38.837645667236416" lon="121.5102445279115">
        <ele>0</ele>
        <time>2026-07-14T08:06:31Z</time>
        <extensions>
          <gpxtpx:TrackPointExtension>
            <gpxtpx:hr>103</gpxtpx:hr>
          </gpxtpx:TrackPointExtension>
        </extensions>
      </trkpt>
      <trkpt lat="38.83764733125765" lon="121.51024218919693">
        <ele>0</ele>
        <time>2026-07-14T08:06:32Z</time>
        <extensions>
          <gpxtpx:TrackPointExtension>
            <gpxtpx:hr>103</gpxtpx:hr>
          </gpxtpx:TrackPointExtension>
        </extensions>
      </trkpt>
      <trkpt lat="38.83764710814565" lon="121.51024320111428">
        <ele>0</ele>
        <time>2026-07-14T08:06:33Z</time>
        <extensions>
          <gpxtpx:TrackPointExtension>
            <gpxtpx:hr>103</gpxtpx:hr>
          </gpxtpx:TrackPointExtension>
        </extensions>
      </trkpt>
      <trkpt lat="38.837645528733304" lon="121.5102466420946">
        <ele>0</ele>
        <time>2026-07-14T08:06:34Z</time>
        <extensions>
          <gpxtpx:TrackPointExtension>
            <gpxtpx:hr>103</gpxtpx:hr>
          </gpxtpx:TrackPointExtension>
        </extensions>
      </trkpt>
      <trkpt lat="38.8376441076111" lon="121.51024971146887">
        <ele>0</ele>
        <time>2026-07-14T08:06:35Z</time>
        <extensions>
          <gpxtpx:TrackPointExtension>
            <gpxtpx:hr>103</gpxtpx:hr>
          </gpxtpx:TrackPointExtension>
        </extensions>
      </trkpt>
      <trkpt lat="38.83764277344517" lon="121.51025258625032">
        <ele>0</ele>
        <time>2026-07-14T08:06:36Z</time>
        <extensions>
          <gpxtpx:TrackPointExtension>
            <gpxtpx:hr>103</gpxtpx:hr>
          </gpxtpx:TrackPointExtension>
        </extensions>
      </trkpt>
      <trkpt lat="38.83764164119516" lon="121.51025505136415">
        <ele>0</ele>
        <time>2026-07-14T08:06:37Z</time>
        <extensions>
          <gpxtpx:TrackPointExtension>
            <gpxtpx:hr>103</gpxtpx:hr>
          </gpxtpx:TrackPointExtension>
        </extensions>
      </trkpt>
      <trkpt lat="38.83764096937748" lon="121.51025663919314">
        <ele>0</ele>
        <time>2026-07-14T08:06:38Z</time>
        <extensions>
          <gpxtpx:TrackPointExtension>
            <gpxtpx:hr>103</gpxtpx:hr>
          </gpxtpx:TrackPointExtension>
        </extensions>
      </trkpt>
      <trkpt lat="38.83764357979351" lon="121.51025237602005">
        <ele>0</ele>
        <time>2026-07-14T08:06:39Z</time>
        <extensions>
          <gpxtpx:TrackPointExtension>
            <gpxtpx:hr>103</gpxtpx:hr>
          </gpxtpx:TrackPointExtension>
        </extensions>
      </trkpt>
      <trkpt lat="38.837649957396394" lon="121.51024140791945">
        <ele>0</ele>
        <time>2026-07-14T08:06:40Z</time>
        <extensions>
          <gpxtpx:TrackPointExtension>
            <gpxtpx:hr>103</gpxtpx:hr>
          </gpxtpx:TrackPointExtension>
        </extensions>
      </trkpt>
      <trkpt lat="38.83765619389525" lon="121.51023063043907">
        <ele>0</ele>
        <time>2026-07-14T08:06:41Z</time>
        <extensions>
          <gpxtpx:TrackPointExtension>
            <gpxtpx:hr>103</gpxtpx:hr>
          </gpxtpx:TrackPointExtension>
        </extensions>
      </trkpt>
      <trkpt lat="38.837661761090644" lon="121.51022099182778">
        <ele>0</ele>
        <time>2026-07-14T08:06:42Z</time>
        <extensions>
          <gpxtpx:TrackPointExtension>
            <gpxtpx:hr>103</gpxtpx:hr>
          </gpxtpx:TrackPointExtension>
        </extensions>
      </trkpt>
      <trkpt lat="38.8376684465263" lon="121.51020938079259">
        <ele>0</ele>
        <time>2026-07-14T08:06:43Z</time>
        <extensions>
          <gpxtpx:TrackPointExtension>
            <gpxtpx:hr>102</gpxtpx:hr>
          </gpxtpx:TrackPointExtension>
        </extensions>
      </trkpt>
      <trkpt lat="38.837675366434674" lon="121.51019733056606">
        <ele>0</ele>
        <time>2026-07-14T08:06:44Z</time>
        <extensions>
          <gpxtpx:TrackPointExtension>
            <gpxtpx:hr>102</gpxtpx:hr>
          </gpxtpx:TrackPointExtension>
        </extensions>
      </trkpt>
      <trkpt lat="38.83768162505724" lon="121.51018641408969">
        <ele>0</ele>
        <time>2026-07-14T08:06:45Z</time>
        <extensions>
          <gpxtpx:TrackPointExtension>
            <gpxtpx:hr>102</gpxtpx:hr>
          </gpxtpx:TrackPointExtension>
        </extensions>
      </trkpt>
      <trkpt lat="38.83768858524924" lon="121.51017424981268">
        <ele>0</ele>
        <time>2026-07-14T08:06:46Z</time>
        <extensions>
          <gpxtpx:TrackPointExtension>
            <gpxtpx:hr>102</gpxtpx:hr>
          </gpxtpx:TrackPointExtension>
        </extensions>
      </trkpt>
      <trkpt lat="38.837695630917096" lon="121.51016191150099">
        <ele>0</ele>
        <time>2026-07-14T08:06:47Z</time>
        <extensions>
          <gpxtpx:TrackPointExtension>
            <gpxtpx:hr>102</gpxtpx:hr>
          </gpxtpx:TrackPointExtension>
        </extensions>
      </trkpt>
      <trkpt lat="38.837701834679834" lon="121.51015103105262">
        <ele>0</ele>
        <time>2026-07-14T08:06:48Z</time>
        <extensions>
          <gpxtpx:TrackPointExtension>
            <gpxtpx:hr>102</gpxtpx:hr>
          </gpxtpx:TrackPointExtension>
        </extensions>
      </trkpt>
      <trkpt lat="38.83770786503674" lon="121.51014043862254">
        <ele>0</ele>
        <time>2026-07-14T08:06:49Z</time>
        <extensions>
          <gpxtpx:TrackPointExtension>
            <gpxtpx:hr>102</gpxtpx:hr>
          </gpxtpx:TrackPointExtension>
        </extensions>
      </trkpt>
      <trkpt lat="38.83771306922753" lon="121.51013128059716">
        <ele>0</ele>
        <time>2026-07-14T08:06:50Z</time>
        <extensions>
          <gpxtpx:TrackPointExtension>
            <gpxtpx:hr>102</gpxtpx:hr>
          </gpxtpx:TrackPointExtension>
        </extensions>
      </trkpt>
      <trkpt lat="38.837717234215866" lon="121.5101239386313">
        <ele>0</ele>
        <time>2026-07-14T08:06:51Z</time>
        <extensions>
          <gpxtpx:TrackPointExtension>
            <gpxtpx:hr>102</gpxtpx:hr>
          </gpxtpx:TrackPointExtension>
        </extensions>
      </trkpt>
      <trkpt lat="38.83772145987362" lon="121.51011648063847">
        <ele>0</ele>
        <time>2026-07-14T08:06:52Z</time>
        <extensions>
          <gpxtpx:TrackPointExtension>
            <gpxtpx:hr>102</gpxtpx:hr>
          </gpxtpx:TrackPointExtension>
        </extensions>
      </trkpt>
      <trkpt lat="38.83772623277336" lon="121.51010804941896">
        <ele>0</ele>
        <time>2026-07-14T08:06:53Z</time>
        <extensions>
          <gpxtpx:TrackPointExtension>
            <gpxtpx:hr>102</gpxtpx:hr>
          </gpxtpx:TrackPointExtension>
        </extensions>
      </trkpt>
      <trkpt lat="38.83773143840019" lon="121.51009884567505">
        <ele>0</ele>
        <time>2026-07-14T08:06:54Z</time>
        <extensions>
          <gpxtpx:TrackPointExtension>
            <gpxtpx:hr>102</gpxtpx:hr>
          </gpxtpx:TrackPointExtension>
        </extensions>
      </trkpt>
      <trkpt lat="38.83773692003652" lon="121.51008914492618">
        <ele>0</ele>
        <time>2026-07-14T08:06:55Z</time>
        <extensions>
          <gpxtpx:TrackPointExtension>
            <gpxtpx:hr>102</gpxtpx:hr>
          </gpxtpx:TrackPointExtension>
        </extensions>
      </trkpt>
      <trkpt lat="38.83774258978227" lon="121.51007910591528">
        <ele>0</ele>
        <time>2026-07-14T08:06:56Z</time>
        <extensions>
          <gpxtpx:TrackPointExtension>
            <gpxtpx:hr>102</gpxtpx:hr>
          </gpxtpx:TrackPointExtension>
        </extensions>
      </trkpt>
      <trkpt lat="38.83774825685527" lon="121.51006906554547">
        <ele>0</ele>
        <time>2026-07-14T08:06:57Z</time>
        <extensions>
          <gpxtpx:TrackPointExtension>
            <gpxtpx:hr>102</gpxtpx:hr>
          </gpxtpx:TrackPointExtension>
        </extensions>
      </trkpt>
      <trkpt lat="38.837753974947695" lon="121.51005893128506">
        <ele>0</ele>
        <time>2026-07-14T08:06:58Z</time>
        <extensions>
          <gpxtpx:TrackPointExtension>
            <gpxtpx:hr>102</gpxtpx:hr>
          </gpxtpx:TrackPointExtension>
        </extensions>
      </trkpt>
      <trkpt lat="38.837760059234796" lon="121.510048145979">
        <ele>0</ele>
        <time>2026-07-14T08:06:59Z</time>
        <extensions>
          <gpxtpx:TrackPointExtension>
            <gpxtpx:hr>102</gpxtpx:hr>
          </gpxtpx:TrackPointExtension>
        </extensions>
      </trkpt>
      <trkpt lat="38.837766613040664" lon="121.51003652932177">
        <ele>0</ele>
        <time>2026-07-14T08:07:00Z</time>
        <extensions>
          <gpxtpx:TrackPointExtension>
            <gpxtpx:hr>102</gpxtpx:hr>
          </gpxtpx:TrackPointExtension>
        </extensions>
      </trkpt>
      <trkpt lat="38.837773449466184" lon="121.51002443299274">
        <ele>0</ele>
        <time>2026-07-14T08:07:01Z</time>
        <extensions>
          <gpxtpx:TrackPointExtension>
            <gpxtpx:hr>102</gpxtpx:hr>
          </gpxtpx:TrackPointExtension>
        </extensions>
      </trkpt>
      <trkpt lat="38.83778005291595" lon="121.51001276890277">
        <ele>0</ele>
        <time>2026-07-14T08:07:02Z</time>
        <extensions>
          <gpxtpx:TrackPointExtension>
            <gpxtpx:hr>102</gpxtpx:hr>
          </gpxtpx:TrackPointExtension>
        </extensions>
      </trkpt>
      <trkpt lat="38.83778616229134" lon="121.51000197552068">
        <ele>0</ele>
        <time>2026-07-14T08:07:03Z</time>
        <extensions>
          <gpxtpx:TrackPointExtension>
            <gpxtpx:hr>102</gpxtpx:hr>
          </gpxtpx:TrackPointExtension>
        </extensions>
      </trkpt>
      <trkpt lat="38.83779234539109" lon="121.50999105032969">
        <ele>0</ele>
        <time>2026-07-14T08:07:04Z</time>
        <extensions>
          <gpxtpx:TrackPointExtension>
            <gpxtpx:hr>102</gpxtpx:hr>
          </gpxtpx:TrackPointExtension>
        </extensions>
      </trkpt>
      <trkpt lat="38.83779863893034" lon="121.50997992783599">
        <ele>0</ele>
        <time>2026-07-14T08:07:05Z</time>
        <extensions>
          <gpxtpx:TrackPointExtension>
            <gpxtpx:hr>102</gpxtpx:hr>
          </gpxtpx:TrackPointExtension>
        </extensions>
      </trkpt>
      <trkpt lat="38.837804903737265" lon="121.50996885012819">
        <ele>0</ele>
        <time>2026-07-14T08:07:06Z</time>
        <extensions>
          <gpxtpx:TrackPointExtension>
            <gpxtpx:hr>102</gpxtpx:hr>
          </gpxtpx:TrackPointExtension>
        </extensions>
      </trkpt>
      <trkpt lat="38.8378111068443" lon="121.50995787244922">
        <ele>0</ele>
        <time>2026-07-14T08:07:07Z</time>
        <extensions>
          <gpxtpx:TrackPointExtension>
            <gpxtpx:hr>102</gpxtpx:hr>
          </gpxtpx:TrackPointExtension>
        </extensions>
      </trkpt>
      <trkpt lat="38.83781638689846" lon="121.50994852281569">
        <ele>0</ele>
        <time>2026-07-14T08:07:08Z</time>
        <extensions>
          <gpxtpx:TrackPointExtension>
            <gpxtpx:hr>102</gpxtpx:hr>
          </gpxtpx:TrackPointExtension>
        </extensions>
      </trkpt>
      <trkpt lat="38.837820827742895" lon="121.50994065214003">
        <ele>0</ele>
        <time>2026-07-14T08:07:09Z</time>
        <extensions>
          <gpxtpx:TrackPointExtension>
            <gpxtpx:hr>102</gpxtpx:hr>
          </gpxtpx:TrackPointExtension>
        </extensions>
      </trkpt>
      <trkpt lat="38.83782518311702" lon="121.50993293081572">
        <ele>0</ele>
        <time>2026-07-14T08:07:10Z</time>
        <extensions>
          <gpxtpx:TrackPointExtension>
            <gpxtpx:hr>102</gpxtpx:hr>
          </gpxtpx:TrackPointExtension>
        </extensions>
      </trkpt>
      <trkpt lat="38.83782944709373" lon="121.50992537184224">
        <ele>0</ele>
        <time>2026-07-14T08:07:11Z</time>
        <extensions>
          <gpxtpx:TrackPointExtension>
            <gpxtpx:hr>102</gpxtpx:hr>
          </gpxtpx:TrackPointExtension>
        </extensions>
      </trkpt>
      <trkpt lat="38.837834179659474" lon="121.50991698201518">
        <ele>0</ele>
        <time>2026-07-14T08:07:12Z</time>
        <extensions>
          <gpxtpx:TrackPointExtension>
            <gpxtpx:hr>102</gpxtpx:hr>
          </gpxtpx:TrackPointExtension>
        </extensions>
      </trkpt>
      <trkpt lat="38.83783945107571" lon="121.50990764173608">
        <ele>0</ele>
        <time>2026-07-14T08:07:13Z</time>
        <extensions>
          <gpxtpx:TrackPointExtension>
            <gpxtpx:hr>102</gpxtpx:hr>
          </gpxtpx:TrackPointExtension>
        </extensions>
      </trkpt>
      <trkpt lat="38.837845173938376" lon="121.5098975049487">
        <ele>0</ele>
        <time>2026-07-14T08:07:14Z</time>
        <extensions>
          <gpxtpx:TrackPointExtension>
            <gpxtpx:hr>102</gpxtpx:hr>
          </gpxtpx:TrackPointExtension>
        </extensions>
      </trkpt>
      <trkpt lat="38.837851079565965" lon="121.50988704123894">
        <ele>0</ele>
        <time>2026-07-14T08:07:15Z</time>
      </trkpt>
      <trkpt lat="38.837856835834955" lon="121.50987683945576">
        <ele>0</ele>
        <time>2026-07-14T08:07:16Z</time>
      </trkpt>
      <trkpt lat="38.83786305977852" lon="121.50986580899523">
        <ele>0</ele>
        <time>2026-07-14T08:07:17Z</time>
      </trkpt>
      <trkpt lat="38.83787008483233" lon="121.50985335427815">
        <ele>0</ele>
        <time>2026-07-14T08:07:18Z</time>
      </trkpt>
      <trkpt lat="38.83787708532364" lon="121.50984094019077">
        <ele>0</ele>
        <time>2026-07-14T08:07:19Z</time>
      </trkpt>
      <trkpt lat="38.83788280612186" lon="121.50983079571023">
        <ele>0</ele>
        <time>2026-07-14T08:07:20Z</time>
      </trkpt>
      <trkpt lat="38.837887666905786" lon="121.50982217068305">
        <ele>0</ele>
        <time>2026-07-14T08:07:21Z</time>
      </trkpt>
      <trkpt lat="38.837892588290785" lon="121.50981344114913">
        <ele>0</ele>
        <time>2026-07-14T08:07:22Z</time>
      </trkpt>
      <trkpt lat="38.83789842081445" lon="121.50980310036928">
        <ele>0</ele>
        <time>2026-07-14T08:07:23Z</time>
      </trkpt>
      <trkpt lat="38.83790499125585" lon="121.50979144563149">
        <ele>0</ele>
        <time>2026-07-14T08:07:24Z</time>
      </trkpt>
      <trkpt lat="38.83791151342985" lon="121.50977987377696">
        <ele>0</ele>
        <time>2026-07-14T08:07:25Z</time>
      </trkpt>
      <trkpt lat="38.837917781484336" lon="121.50976875369982">
        <ele>0</ele>
        <time>2026-07-14T08:07:26Z</time>
      </trkpt>
      <trkpt lat="38.83792367632997" lon="121.50975828690105">
        <ele>0</ele>
        <time>2026-07-14T08:07:27Z</time>
      </trkpt>
      <trkpt lat="38.83792965997098" lon="121.509747660002">
        <ele>0</ele>
        <time>2026-07-14T08:07:28Z</time>
      </trkpt>
      <trkpt lat="38.83793547646998" lon="121.5097373310202">
        <ele>0</ele>
        <time>2026-07-14T08:07:29Z</time>
      </trkpt>
      <trkpt lat="38.83794094775357" lon="121.50972760624919">
        <ele>0</ele>
        <time>2026-07-14T08:07:30Z</time>
      </trkpt>
      <trkpt lat="38.83794652122743" lon="121.50971769839293">
        <ele>0</ele>
        <time>2026-07-14T08:07:31Z</time>
      </trkpt>
      <trkpt lat="38.83795192151169" lon="121.50970809951828">
        <ele>0</ele>
        <time>2026-07-14T08:07:32Z</time>
      </trkpt>
      <trkpt lat="38.8379568435878" lon="121.50969934279867">
        <ele>0</ele>
        <time>2026-07-14T08:07:33Z</time>
      </trkpt>
      <trkpt lat="38.83796166991814" lon="121.50969075611312">
        <ele>0</ele>
        <time>2026-07-14T08:07:34Z</time>
      </trkpt>
      <trkpt lat="38.837967101955115" lon="121.509681098941">
        <ele>0</ele>
        <time>2026-07-14T08:07:35Z</time>
      </trkpt>
      <trkpt lat="38.837972848333244" lon="121.50967087781008">
        <ele>0</ele>
        <time>2026-07-14T08:07:36Z</time>
      </trkpt>
      <trkpt lat="38.83797853697771" lon="121.50966075997343">
        <ele>0</ele>
        <time>2026-07-14T08:07:37Z</time>
      </trkpt>
      <trkpt lat="38.83798466294187" lon="121.5096498687377">
        <ele>0</ele>
        <time>2026-07-14T08:07:38Z</time>
      </trkpt>
      <trkpt lat="38.83799116222267" lon="121.50963830719999">
        <ele>0</ele>
        <time>2026-07-14T08:07:39Z</time>
      </trkpt>
      <trkpt lat="38.83799799825202" lon="121.50962614740772">
        <ele>0</ele>
        <time>2026-07-14T08:07:40Z</time>
      </trkpt>
      <trkpt lat="38.83800421670945" lon="121.50961508717131">
        <ele>0</ele>
        <time>2026-07-14T08:07:41Z</time>
      </trkpt>
      <trkpt lat="38.838009623500625" lon="121.5096054638926">
        <ele>0</ele>
        <time>2026-07-14T08:07:42Z</time>
      </trkpt>
      <trkpt lat="38.838015455380265" lon="121.50959508350692">
        <ele>0</ele>
        <time>2026-07-14T08:07:43Z</time>
      </trkpt>
      <trkpt lat="38.838021643494486" lon="121.50958407425446">
        <ele>0</ele>
        <time>2026-07-14T08:07:44Z</time>
      </trkpt>
      <trkpt lat="38.838028040980866" lon="121.50957269045159">
        <ele>0</ele>
        <time>2026-07-14T08:07:45Z</time>
      </trkpt>
      <trkpt lat="38.83803444933809" lon="121.50956129021826">
        <ele>0</ele>
        <time>2026-07-14T08:07:46Z</time>
      </trkpt>
      <trkpt lat="38.838040459112825" lon="121.50955060344766">
        <ele>0</ele>
        <time>2026-07-14T08:07:47Z</time>
      </trkpt>
      <trkpt lat="38.8380463834223" lon="121.50954006744307">
        <ele>0</ele>
        <time>2026-07-14T08:07:48Z</time>
      </trkpt>
      <trkpt lat="38.83805271717238" lon="121.50952880755409">
        <ele>0</ele>
        <time>2026-07-14T08:07:49Z</time>
      </trkpt>
      <trkpt lat="38.838060046316244" lon="121.50951578778364">
        <ele>0</ele>
        <time>2026-07-14T08:07:50Z</time>
      </trkpt>
      <trkpt lat="38.83806819655294" lon="121.50950132505095">
        <ele>0</ele>
        <time>2026-07-14T08:07:51Z</time>
      </trkpt>
      <trkpt lat="38.83807606280935" lon="121.50948734205063">
        <ele>0</ele>
        <time>2026-07-14T08:07:52Z</time>
      </trkpt>
      <trkpt lat="38.83808207038181" lon="121.50947403090544">
        <ele>0</ele>
        <time>2026-07-14T08:07:53Z</time>
      </trkpt>
      <trkpt lat="38.83808903564077" lon="121.50946177082398">
        <ele>0</ele>
        <time>2026-07-14T08:07:54Z</time>
      </trkpt>
      <trkpt lat="38.83809740750142" lon="121.50944700300205">
        <ele>0</ele>
        <time>2026-07-14T08:07:55Z</time>
      </trkpt>
      <trkpt lat="38.83810664695785" lon="121.50943063275734">
        <ele>0</ele>
        <time>2026-07-14T08:07:56Z</time>
      </trkpt>
      <trkpt lat="38.83811569876785" lon="121.50941454942486">
        <ele>0</ele>
        <time>2026-07-14T08:07:57Z</time>
      </trkpt>
      <trkpt lat="38.838120575223364" lon="121.50940570839205">
        <ele>0</ele>
        <time>2026-07-14T08:07:58Z</time>
      </trkpt>
      <trkpt lat="38.83812256491328" lon="121.5094001815972">
        <ele>0</ele>
        <time>2026-07-14T08:07:59Z</time>
      </trkpt>
      <trkpt lat="38.838126421528365" lon="121.50938964870632">
        <ele>0</ele>
        <time>2026-07-14T08:08:00Z</time>
      </trkpt>
      <trkpt lat="38.838133558119495" lon="121.5093743976322">
        <ele>0</ele>
        <time>2026-07-14T08:08:01Z</time>
      </trkpt>
      <trkpt lat="38.83813836709615" lon="121.5093656512901">
        <ele>0</ele>
        <time>2026-07-14T08:08:01Z</time>
      </trkpt>
      <trkpt lat="38.838148054625705" lon="121.509348508646">
        <ele>0</ele>
        <time>2026-07-14T08:08:02Z</time>
      </trkpt>
      <trkpt lat="38.83815247857386" lon="121.50934113401671">
        <ele>0</ele>
        <time>2026-07-14T08:08:03Z</time>
      </trkpt>
      <trkpt lat="38.838161350531514" lon="121.50932612359412">
        <ele>0</ele>
        <time>2026-07-14T08:08:04Z</time>
      </trkpt>
      <trkpt lat="38.83816978120969" lon="121.50931186103536">
        <ele>0</ele>
        <time>2026-07-14T08:08:05Z</time>
      </trkpt>
      <trkpt lat="38.838177338838314" lon="121.5092990409579">
        <ele>0</ele>
        <time>2026-07-14T08:08:06Z</time>
      </trkpt>
      <trkpt lat="38.83818482454811" lon="121.50928630201655">
        <ele>0</ele>
        <time>2026-07-14T08:08:07Z</time>
      </trkpt>
      <trkpt lat="38.83819167171498" lon="121.50927460676607">
        <ele>0</ele>
        <time>2026-07-14T08:08:08Z</time>
      </trkpt>
      <trkpt lat="38.838197908874086" lon="121.5092639286093">
        <ele>0</ele>
        <time>2026-07-14T08:08:09Z</time>
      </trkpt>
      <trkpt lat="38.83820493575567" lon="121.50925186982569">
        <ele>0</ele>
        <time>2026-07-14T08:08:10Z</time>
      </trkpt>
      <trkpt lat="38.83821212134787" lon="121.50923949216109">
        <ele>0</ele>
        <time>2026-07-14T08:08:11Z</time>
      </trkpt>
      <trkpt lat="38.838218987981264" lon="121.50922764131582">
        <ele>0</ele>
        <time>2026-07-14T08:08:12Z</time>
      </trkpt>
      <trkpt lat="38.83822596332911" lon="121.50921487035241">
        <ele>0</ele>
        <time>2026-07-14T08:08:13Z</time>
      </trkpt>
      <trkpt lat="38.83823284543382" lon="121.50920222663333">
        <ele>0</ele>
        <time>2026-07-14T08:08:14Z</time>
      </trkpt>
      <trkpt lat="38.83823945833354" lon="121.50918997717582">
        <ele>0</ele>
        <time>2026-07-14T08:08:15Z</time>
      </trkpt>
      <trkpt lat="38.83824631299583" lon="121.50917715734181">
        <ele>0</ele>
        <time>2026-07-14T08:08:16Z</time>
      </trkpt>
      <trkpt lat="38.83825313829852" lon="121.50916410388915">
        <ele>0</ele>
        <time>2026-07-14T08:08:17Z</time>
      </trkpt>
      <trkpt lat="38.83825974589608" lon="121.50915157650796">
        <ele>0</ele>
        <time>2026-07-14T08:08:18Z</time>
      </trkpt>
      <trkpt lat="38.83826647091884" lon="121.5091389946441">
        <ele>0</ele>
        <time>2026-07-14T08:08:19Z</time>
      </trkpt>
      <trkpt lat="38.83827281825548" lon="121.50912708457258">
        <ele>0</ele>
        <time>2026-07-14T08:08:20Z</time>
      </trkpt>
      <trkpt lat="38.83827888572635" lon="121.50911558141391">
        <ele>0</ele>
        <time>2026-07-14T08:08:21Z</time>
      </trkpt>
      <trkpt lat="38.83828496752698" lon="121.50910397408968">
        <ele>0</ele>
        <time>2026-07-14T08:08:22Z</time>
      </trkpt>
      <trkpt lat="38.838289446034054" lon="121.50909268926225">
        <ele>0</ele>
        <time>2026-07-14T08:08:23Z</time>
      </trkpt>
      <trkpt lat="38.83829127841956" lon="121.50908186347986">
        <ele>0</ele>
        <time>2026-07-14T08:08:24Z</time>
      </trkpt>
      <trkpt lat="38.83829130714938" lon="121.50907032549144">
        <ele>0</ele>
        <time>2026-07-14T08:08:25Z</time>
      </trkpt>
      <trkpt lat="38.83829251077372" lon="121.50905702826226">
        <ele>0</ele>
        <time>2026-07-14T08:08:26Z</time>
      </trkpt>
      <trkpt lat="38.83829158124799" lon="121.50904317916599">
        <ele>0</ele>
        <time>2026-07-14T08:08:27Z</time>
      </trkpt>
      <trkpt lat="38.83828266635913" lon="121.50903602939898">
        <ele>0</ele>
        <time>2026-07-14T08:08:28Z</time>
      </trkpt>
      <trkpt lat="38.83827189760486" lon="121.50902885208724">
        <ele>0</ele>
        <time>2026-07-14T08:08:29Z</time>
      </trkpt>
      <trkpt lat="38.83826279113907" lon="121.5090182638465">
        <ele>0</ele>
        <time>2026-07-14T08:08:30Z</time>
      </trkpt>
      <trkpt lat="38.83825417901715" lon="121.50900913076315">
        <ele>0</ele>
        <time>2026-07-14T08:08:31Z</time>
      </trkpt>
      <trkpt lat="38.838247863967936" lon="121.50899850750325">
        <ele>0</ele>
        <time>2026-07-14T08:08:32Z</time>
      </trkpt>
      <trkpt lat="38.83824322472069" lon="121.50898721594479">
        <ele>0</ele>
        <time>2026-07-14T08:08:33Z</time>
      </trkpt>
      <trkpt lat="38.83824031236272" lon="121.50897790667456">
        <ele>0</ele>
        <time>2026-07-14T08:08:34Z</time>
      </trkpt>
      <trkpt lat="38.83823940241187" lon="121.50897388698779">
        <ele>0</ele>
        <time>2026-07-14T08:08:34Z</time>
      </trkpt>
      <trkpt lat="38.8382278416177" lon="121.5089685689614">
        <ele>0</ele>
        <time>2026-07-14T08:08:36Z</time>
      </trkpt>
      <trkpt lat="38.83821532614407" lon="121.50896062216474">
        <ele>0</ele>
        <time>2026-07-14T08:08:37Z</time>
      </trkpt>
      <trkpt lat="38.838204799411145" lon="121.50894853428618">
        <ele>0</ele>
        <time>2026-07-14T08:08:38Z</time>
      </trkpt>
      <trkpt lat="38.838195167241025" lon="121.50893734480555">
        <ele>0</ele>
        <time>2026-07-14T08:08:39Z</time>
      </trkpt>
      <trkpt lat="38.838185436814456" lon="121.50892617371086">
        <ele>0</ele>
        <time>2026-07-14T08:08:40Z</time>
      </trkpt>
      <trkpt lat="38.838175426757" lon="121.50891484087192">
        <ele>0</ele>
        <time>2026-07-14T08:08:41Z</time>
      </trkpt>
      <trkpt lat="38.83816514122046" lon="121.50890323508193">
        <ele>0</ele>
        <time>2026-07-14T08:08:42Z</time>
      </trkpt>
      <trkpt lat="38.838154470555125" lon="121.508891292618">
        <ele>0</ele>
        <time>2026-07-14T08:08:43Z</time>
      </trkpt>
      <trkpt lat="38.83814380320797" lon="121.5088794855085">
        <ele>0</ele>
        <time>2026-07-14T08:08:44Z</time>
      </trkpt>
      <trkpt lat="38.83813344798234" lon="121.50886807858161">
        <ele>0</ele>
        <time>2026-07-14T08:08:45Z</time>
      </trkpt>
      <trkpt lat="38.838123293094284" lon="121.50885699115541">
        <ele>0</ele>
        <time>2026-07-14T08:08:46Z</time>
      </trkpt>
      <trkpt lat="38.83811339968471" lon="121.5088463182271">
        <ele>0</ele>
        <time>2026-07-14T08:08:47Z</time>
      </trkpt>
      <trkpt lat="38.83810357643593" lon="121.50883578162583">
        <ele>0</ele>
        <time>2026-07-14T08:08:48Z</time>
      </trkpt>
      <trkpt lat="38.83809305277001" lon="121.5088245842486">
        <ele>0</ele>
        <time>2026-07-14T08:08:49Z</time>
      </trkpt>
      <trkpt lat="38.838082760903646" lon="121.50881373152653">
        <ele>0</ele>
        <time>2026-07-14T08:08:50Z</time>
      </trkpt>
      <trkpt lat="38.83807352675839" lon="121.50880405492822">
        <ele>0</ele>
        <time>2026-07-14T08:08:51Z</time>
      </trkpt>
      <trkpt lat="38.838064287059794" lon="121.50879444954542">
        <ele>0</ele>
        <time>2026-07-14T08:08:52Z</time>
      </trkpt>
      <trkpt lat="38.838054047644654" lon="121.50878388962634">
        <ele>0</ele>
        <time>2026-07-14T08:08:53Z</time>
      </trkpt>
      <trkpt lat="38.8380429720131" lon="121.50877249449384">
        <ele>0</ele>
        <time>2026-07-14T08:08:54Z</time>
      </trkpt>
      <trkpt lat="38.83803176199878" lon="121.50876102832929">
        <ele>0</ele>
        <time>2026-07-14T08:08:55Z</time>
      </trkpt>
      <trkpt lat="38.83802072606096" lon="121.50874982002594">
        <ele>0</ele>
        <time>2026-07-14T08:08:56Z</time>
      </trkpt>
      <trkpt lat="38.83800992622062" lon="121.50873890350263">
        <ele>0</ele>
        <time>2026-07-14T08:08:57Z</time>
      </trkpt>
      <trkpt lat="38.83799881509997" lon="121.508728298995">
        <ele>0</ele>
        <time>2026-07-14T08:08:58Z</time>
      </trkpt>
      <trkpt lat="38.8379874785151" lon="121.50871747802485">
        <ele>0</ele>
        <time>2026-07-14T08:08:59Z</time>
      </trkpt>
      <trkpt lat="38.837976032876874" lon="121.50870652705972">
        <ele>0</ele>
        <time>2026-07-14T08:09:00Z</time>
      </trkpt>
      <trkpt lat="38.83796423139307" lon="121.50869520826365">
        <ele>0</ele>
        <time>2026-07-14T08:09:01Z</time>
      </trkpt>
      <trkpt lat="38.83795297883543" lon="121.50868456761653">
        <ele>0</ele>
        <time>2026-07-14T08:09:02Z</time>
      </trkpt>
      <trkpt lat="38.83794233078691" lon="121.50867448255357">
        <ele>0</ele>
        <time>2026-07-14T08:09:03Z</time>
      </trkpt>
      <trkpt lat="38.83793156149527" lon="121.50866428292473">
        <ele>0</ele>
        <time>2026-07-14T08:09:04Z</time>
      </trkpt>
      <trkpt lat="38.837920260255586" lon="121.50865361303484">
        <ele>0</ele>
        <time>2026-07-14T08:09:05Z</time>
      </trkpt>
      <trkpt lat="38.83790871857177" lon="121.50864274916884">
        <ele>0</ele>
        <time>2026-07-14T08:09:06Z</time>
      </trkpt>
      <trkpt lat="38.837897881476195" lon="121.508632616793">
        <ele>0</ele>
        <time>2026-07-14T08:09:07Z</time>
      </trkpt>
      <trkpt lat="38.83788768417674" lon="121.50862387618398">
        <ele>0</ele>
        <time>2026-07-14T08:09:08Z</time>
      </trkpt>
      <trkpt lat="38.83787753043104" lon="121.50861603453947">
        <ele>0</ele>
        <time>2026-07-14T08:09:09Z</time>
      </trkpt>
      <trkpt lat="38.8378676834904" lon="121.5086082902179">
        <ele>0</ele>
        <time>2026-07-14T08:09:10Z</time>
      </trkpt>
      <trkpt lat="38.8378615453785" lon="121.50860306852937">
        <ele>0</ele>
        <time>2026-07-14T08:09:10Z</time>
      </trkpt>
      <trkpt lat="38.83785190041681" lon="121.50859395620711">
        <ele>12.054449178278446</ele>
        <time>2026-07-14T08:09:11Z</time>
      </trkpt>
      <trkpt lat="38.837842475597" lon="121.50858318375182">
        <ele>12.055651498958468</ele>
        <time>2026-07-14T08:09:12Z</time>
      </trkpt>
      <trkpt lat="38.837832820022726" lon="121.50857263024534">
        <ele>12.042569797486067</ele>
        <time>2026-07-14T08:09:13Z</time>
      </trkpt>
      <trkpt lat="38.83782255763244" lon="121.50856362382908">
        <ele>12.032259056344628</ele>
        <time>2026-07-14T08:09:14Z</time>
      </trkpt>
      <trkpt lat="38.837812455375726" lon="121.5085548235421">
        <ele>12.029716180637479</ele>
        <time>2026-07-14T08:09:15Z</time>
      </trkpt>
      <trkpt lat="38.837802767333294" lon="121.50854568565724">
        <ele>12.031889325007796</ele>
        <time>2026-07-14T08:09:16Z</time>
      </trkpt>
      <trkpt lat="38.83779335302847" lon="121.50853641763518">
        <ele>12.033696836791933</ele>
        <time>2026-07-14T08:09:17Z</time>
        <extensions>
          <gpxtpx:TrackPointExtension>
            <gpxtpx:hr>96</gpxtpx:hr>
          </gpxtpx:TrackPointExtension>
        </extensions>
      </trkpt>
      <trkpt lat="38.837783934783396" lon="121.5085269757442">
        <ele>12.031696058809757</ele>
        <time>2026-07-14T08:09:18Z</time>
        <extensions>
          <gpxtpx:TrackPointExtension>
            <gpxtpx:hr>96</gpxtpx:hr>
          </gpxtpx:TrackPointExtension>
        </extensions>
      </trkpt>
      <trkpt lat="38.837774276604506" lon="121.50851739705736">
        <ele>12.024019733071327</ele>
        <time>2026-07-14T08:09:19Z</time>
        <extensions>
          <gpxtpx:TrackPointExtension>
            <gpxtpx:hr>96</gpxtpx:hr>
          </gpxtpx:TrackPointExtension>
        </extensions>
      </trkpt>
      <trkpt lat="38.83776477167936" lon="121.50850738929093">
        <ele>12.010698392055929</ele>
        <time>2026-07-14T08:09:20Z</time>
        <extensions>
          <gpxtpx:TrackPointExtension>
            <gpxtpx:hr>96</gpxtpx:hr>
          </gpxtpx:TrackPointExtension>
        </extensions>
      </trkpt>
      <trkpt lat="38.83775631969582" lon="121.50849614632295">
        <ele>11.993840188719332</ele>
        <time>2026-07-14T08:09:21Z</time>
        <extensions>
          <gpxtpx:TrackPointExtension>
            <gpxtpx:hr>96</gpxtpx:hr>
          </gpxtpx:TrackPointExtension>
        </extensions>
      </trkpt>
      <trkpt lat="38.837749596484876" lon="121.50848333623831">
        <ele>11.97690634150058</ele>
        <time>2026-07-14T08:09:22Z</time>
        <extensions>
          <gpxtpx:TrackPointExtension>
            <gpxtpx:hr>96</gpxtpx:hr>
          </gpxtpx:TrackPointExtension>
        </extensions>
      </trkpt>
      <trkpt lat="38.837743778623164" lon="121.50846954519912">
        <ele>11.962730932049453</ele>
        <time>2026-07-14T08:09:23Z</time>
        <extensions>
          <gpxtpx:TrackPointExtension>
            <gpxtpx:hr>96</gpxtpx:hr>
          </gpxtpx:TrackPointExtension>
        </extensions>
      </trkpt>
      <trkpt lat="38.83773773540792" lon="121.50845571477178">
        <ele>11.953179162926972</ele>
        <time>2026-07-14T08:09:24Z</time>
        <extensions>
          <gpxtpx:TrackPointExtension>
            <gpxtpx:hr>96</gpxtpx:hr>
          </gpxtpx:TrackPointExtension>
        </extensions>
      </trkpt>
      <trkpt lat="38.837730710030016" lon="121.50844310444089">
        <ele>11.949211686849594</ele>
        <time>2026-07-14T08:09:25Z</time>
        <extensions>
          <gpxtpx:TrackPointExtension>
            <gpxtpx:hr>96</gpxtpx:hr>
          </gpxtpx:TrackPointExtension>
        </extensions>
      </trkpt>
      <trkpt lat="38.8377224285871" lon="121.50843215162573">
        <ele>11.950903528369963</ele>
        <time>2026-07-14T08:09:26Z</time>
        <extensions>
          <gpxtpx:TrackPointExtension>
            <gpxtpx:hr>96</gpxtpx:hr>
          </gpxtpx:TrackPointExtension>
        </extensions>
      </trkpt>
      <trkpt lat="38.837713578565264" lon="121.50842256523907">
        <ele>11.957477953284979</ele>
        <time>2026-07-14T08:09:27Z</time>
        <extensions>
          <gpxtpx:TrackPointExtension>
            <gpxtpx:hr>96</gpxtpx:hr>
          </gpxtpx:TrackPointExtension>
        </extensions>
      </trkpt>
      <trkpt lat="38.837704390269835" lon="121.5084138903189">
        <ele>11.967721845954657</ele>
        <time>2026-07-14T08:09:28Z</time>
        <extensions>
          <gpxtpx:TrackPointExtension>
            <gpxtpx:hr>96</gpxtpx:hr>
          </gpxtpx:TrackPointExtension>
        </extensions>
      </trkpt>
      <trkpt lat="38.83769521850185" lon="121.50840511045675">
        <ele>11.980150029994547</ele>
        <time>2026-07-14T08:09:29Z</time>
        <extensions>
          <gpxtpx:TrackPointExtension>
            <gpxtpx:hr>96</gpxtpx:hr>
          </gpxtpx:TrackPointExtension>
        </extensions>
      </trkpt>
      <trkpt lat="38.837686457106614" lon="121.50839561384714">
        <ele>11.993244176730514</ele>
        <time>2026-07-14T08:09:30Z</time>
        <extensions>
          <gpxtpx:TrackPointExtension>
            <gpxtpx:hr>97</gpxtpx:hr>
          </gpxtpx:TrackPointExtension>
        </extensions>
      </trkpt>
      <trkpt lat="38.8376778700223" lon="121.50838569337047">
        <ele>12.005233737640083</ele>
        <time>2026-07-14T08:09:31Z</time>
        <extensions>
          <gpxtpx:TrackPointExtension>
            <gpxtpx:hr>97</gpxtpx:hr>
          </gpxtpx:TrackPointExtension>
        </extensions>
      </trkpt>
      <trkpt lat="38.83766906409098" lon="121.50837606667737">
        <ele>12.014916217885911</ele>
        <time>2026-07-14T08:09:32Z</time>
        <extensions>
          <gpxtpx:TrackPointExtension>
            <gpxtpx:hr>97</gpxtpx:hr>
          </gpxtpx:TrackPointExtension>
        </extensions>
      </trkpt>
      <trkpt lat="38.837659976155244" lon="121.50836709830837">
        <ele>12.021627821028233</ele>
        <time>2026-07-14T08:09:33Z</time>
        <extensions>
          <gpxtpx:TrackPointExtension>
            <gpxtpx:hr>97</gpxtpx:hr>
          </gpxtpx:TrackPointExtension>
        </extensions>
      </trkpt>
      <trkpt lat="38.83765198461669" lon="121.50835962750173">
        <ele>12.025152284651995</ele>
        <time>2026-07-14T08:09:34Z</time>
        <extensions>
          <gpxtpx:TrackPointExtension>
            <gpxtpx:hr>97</gpxtpx:hr>
          </gpxtpx:TrackPointExtension>
        </extensions>
      </trkpt>
      <trkpt lat="38.83764424132737" lon="121.5083512004345">
        <ele>12.025607201270759</ele>
        <time>2026-07-14T08:09:35Z</time>
        <extensions>
          <gpxtpx:TrackPointExtension>
            <gpxtpx:hr>97</gpxtpx:hr>
          </gpxtpx:TrackPointExtension>
        </extensions>
      </trkpt>
      <trkpt lat="38.83763586093973" lon="121.50834336915564">
        <ele>12.022787351161242</ele>
        <time>2026-07-14T08:09:36Z</time>
        <extensions>
          <gpxtpx:TrackPointExtension>
            <gpxtpx:hr>93</gpxtpx:hr>
          </gpxtpx:TrackPointExtension>
        </extensions>
      </trkpt>
      <trkpt lat="38.83762665285547" lon="121.50833640883369">
        <ele>12.016091731376946</ele>
        <time>2026-07-14T08:09:37Z</time>
        <extensions>
          <gpxtpx:TrackPointExtension>
            <gpxtpx:hr>93</gpxtpx:hr>
          </gpxtpx:TrackPointExtension>
        </extensions>
      </trkpt>
      <trkpt lat="38.8376170997491" lon="121.50833054887991">
        <ele>12.004520220682025</ele>
        <time>2026-07-14T08:09:38Z</time>
        <extensions>
          <gpxtpx:TrackPointExtension>
            <gpxtpx:hr>93</gpxtpx:hr>
          </gpxtpx:TrackPointExtension>
        </extensions>
      </trkpt>
      <trkpt lat="38.8376078973473" lon="121.50832455261347">
        <ele>11.98689073882997</ele>
        <time>2026-07-14T08:09:39Z</time>
        <extensions>
          <gpxtpx:TrackPointExtension>
            <gpxtpx:hr>93</gpxtpx:hr>
          </gpxtpx:TrackPointExtension>
        </extensions>
      </trkpt>
      <trkpt lat="38.83759937468563" lon="121.50831753513354">
        <ele>11.962024786509573</ele>
        <time>2026-07-14T08:09:40Z</time>
        <extensions>
          <gpxtpx:TrackPointExtension>
            <gpxtpx:hr>93</gpxtpx:hr>
          </gpxtpx:TrackPointExtension>
        </extensions>
      </trkpt>
      <trkpt lat="38.837591375397984" lon="121.50830985752873">
        <ele>11.929496267810464</ele>
        <time>2026-07-14T08:09:41Z</time>
        <extensions>
          <gpxtpx:TrackPointExtension>
            <gpxtpx:hr>93</gpxtpx:hr>
          </gpxtpx:TrackPointExtension>
        </extensions>
      </trkpt>
      <trkpt lat="38.83758324276282" lon="121.5083022178393">
        <ele>11.889320841059089</ele>
        <time>2026-07-14T08:09:42Z</time>
        <extensions>
          <gpxtpx:TrackPointExtension>
            <gpxtpx:hr>93</gpxtpx:hr>
          </gpxtpx:TrackPointExtension>
        </extensions>
      </trkpt>
      <trkpt lat="38.83757482178974" lon="121.50829515391888">
        <ele>11.842190424911678</ele>
        <time>2026-07-14T08:09:43Z</time>
        <extensions>
          <gpxtpx:TrackPointExtension>
            <gpxtpx:hr>94</gpxtpx:hr>
          </gpxtpx:TrackPointExtension>
        </extensions>
      </trkpt>
      <trkpt lat="38.837566654301696" lon="121.50828872440096">
        <ele>11.789679783396423</ele>
        <time>2026-07-14T08:09:44Z</time>
        <extensions>
          <gpxtpx:TrackPointExtension>
            <gpxtpx:hr>94</gpxtpx:hr>
          </gpxtpx:TrackPointExtension>
        </extensions>
      </trkpt>
      <trkpt lat="38.83755918281715" lon="121.50828210773437">
        <ele>11.733911491930485</ele>
        <time>2026-07-14T08:09:45Z</time>
        <extensions>
          <gpxtpx:TrackPointExtension>
            <gpxtpx:hr>94</gpxtpx:hr>
          </gpxtpx:TrackPointExtension>
        </extensions>
      </trkpt>
      <trkpt lat="38.837551178022316" lon="121.50827473173474">
        <ele>11.67732097953558</ele>
        <time>2026-07-14T08:09:46Z</time>
        <extensions>
          <gpxtpx:TrackPointExtension>
            <gpxtpx:hr>94</gpxtpx:hr>
          </gpxtpx:TrackPointExtension>
        </extensions>
      </trkpt>
      <trkpt lat="38.8375421542535" lon="121.50826651219822">
        <ele>11.622554474510252</ele>
        <time>2026-07-14T08:09:47Z</time>
        <extensions>
          <gpxtpx:TrackPointExtension>
            <gpxtpx:hr>94</gpxtpx:hr>
          </gpxtpx:TrackPointExtension>
        </extensions>
      </trkpt>
      <trkpt lat="38.83753269561773" lon="121.50825783344152">
        <ele>11.57204582169652</ele>
        <time>2026-07-14T08:09:48Z</time>
        <extensions>
          <gpxtpx:TrackPointExtension>
            <gpxtpx:hr>94</gpxtpx:hr>
          </gpxtpx:TrackPointExtension>
        </extensions>
      </trkpt>
      <trkpt lat="38.837523663997565" lon="121.50824876494421">
        <ele>11.527428089641035</ele>
        <time>2026-07-14T08:09:49Z</time>
        <extensions>
          <gpxtpx:TrackPointExtension>
            <gpxtpx:hr>93</gpxtpx:hr>
          </gpxtpx:TrackPointExtension>
        </extensions>
      </trkpt>
      <trkpt lat="38.83751454000189" lon="121.50823834282792">
        <ele>11.48965325858444</ele>
        <time>2026-07-14T08:09:50Z</time>
        <extensions>
          <gpxtpx:TrackPointExtension>
            <gpxtpx:hr>93</gpxtpx:hr>
          </gpxtpx:TrackPointExtension>
        </extensions>
      </trkpt>
      <trkpt lat="38.83750525173297" lon="121.5082272597334">
        <ele>11.45909305755049</ele>
        <time>2026-07-14T08:09:51Z</time>
        <extensions>
          <gpxtpx:TrackPointExtension>
            <gpxtpx:hr>93</gpxtpx:hr>
          </gpxtpx:TrackPointExtension>
        </extensions>
      </trkpt>
      <trkpt lat="38.83749696632236" lon="121.50821706805934">
        <ele>11.435295443050563</ele>
        <time>2026-07-14T08:09:52Z</time>
        <extensions>
          <gpxtpx:TrackPointExtension>
            <gpxtpx:hr>93</gpxtpx:hr>
          </gpxtpx:TrackPointExtension>
        </extensions>
      </trkpt>
      <trkpt lat="38.83749114200224" lon="121.50821009781106">
        <ele>11.416903055272996</ele>
        <time>2026-07-14T08:09:53Z</time>
        <extensions>
          <gpxtpx:TrackPointExtension>
            <gpxtpx:hr>93</gpxtpx:hr>
          </gpxtpx:TrackPointExtension>
        </extensions>
      </trkpt>
      <trkpt lat="38.83748788837214" lon="121.5082067173132">
        <ele>11.402151002548635</ele>
        <time>2026-07-14T08:09:54Z</time>
        <extensions>
          <gpxtpx:TrackPointExtension>
            <gpxtpx:hr>93</gpxtpx:hr>
          </gpxtpx:TrackPointExtension>
        </extensions>
      </trkpt>
      <trkpt lat="38.83748681932847" lon="121.50820601054079">
        <ele>11.389108473435044</ele>
        <time>2026-07-14T08:09:55Z</time>
        <extensions>
          <gpxtpx:TrackPointExtension>
            <gpxtpx:hr>93</gpxtpx:hr>
          </gpxtpx:TrackPointExtension>
        </extensions>
      </trkpt>
      <trkpt lat="38.837487557130984" lon="121.50820779171188">
        <ele>11.376051318831742</ele>
        <time>2026-07-14T08:09:56Z</time>
        <extensions>
          <gpxtpx:TrackPointExtension>
            <gpxtpx:hr>93</gpxtpx:hr>
          </gpxtpx:TrackPointExtension>
        </extensions>
      </trkpt>
      <trkpt lat="38.837488419681975" lon="121.50821021234458">
        <ele>11.361883936449885</ele>
        <time>2026-07-14T08:09:57Z</time>
        <extensions>
          <gpxtpx:TrackPointExtension>
            <gpxtpx:hr>94</gpxtpx:hr>
          </gpxtpx:TrackPointExtension>
        </extensions>
      </trkpt>
      <trkpt lat="38.837488686129184" lon="121.5082123844584">
        <ele>11.346485091373324</ele>
        <time>2026-07-14T08:09:58Z</time>
        <extensions>
          <gpxtpx:TrackPointExtension>
            <gpxtpx:hr>94</gpxtpx:hr>
          </gpxtpx:TrackPointExtension>
        </extensions>
      </trkpt>
      <trkpt lat="38.83748851241898" lon="121.50821438987245">
        <ele>11.330412806943059</ele>
        <time>2026-07-14T08:09:59Z</time>
        <extensions>
          <gpxtpx:TrackPointExtension>
            <gpxtpx:hr>94</gpxtpx:hr>
          </gpxtpx:TrackPointExtension>
        </extensions>
      </trkpt>
      <trkpt lat="38.83748799481935" lon="121.50821593612201">
        <ele>11.314624457620084</ele>
        <time>2026-07-14T08:10:00Z</time>
        <extensions>
          <gpxtpx:TrackPointExtension>
            <gpxtpx:hr>94</gpxtpx:hr>
          </gpxtpx:TrackPointExtension>
        </extensions>
      </trkpt>
      <trkpt lat="38.83748682958369" lon="121.50821632658608">
        <ele>11.299995608627796</ele>
        <time>2026-07-14T08:10:01Z</time>
        <extensions>
          <gpxtpx:TrackPointExtension>
            <gpxtpx:hr>94</gpxtpx:hr>
          </gpxtpx:TrackPointExtension>
        </extensions>
      </trkpt>
      <trkpt lat="38.837485913712555" lon="121.50821672362234">
        <ele>11.287010193802416</ele>
        <time>2026-07-14T08:10:02Z</time>
        <extensions>
          <gpxtpx:TrackPointExtension>
            <gpxtpx:hr>94</gpxtpx:hr>
          </gpxtpx:TrackPointExtension>
        </extensions>
      </trkpt>
      <trkpt lat="38.83748582427907" lon="121.50821795509138">
        <ele>11.275372819975019</ele>
        <time>2026-07-14T08:10:03Z</time>
        <extensions>
          <gpxtpx:TrackPointExtension>
            <gpxtpx:hr>94</gpxtpx:hr>
          </gpxtpx:TrackPointExtension>
        </extensions>
      </trkpt>
      <trkpt lat="38.837486190935756" lon="121.5082193475895">
        <ele>11.264825705438852</ele>
        <time>2026-07-14T08:10:04Z</time>
        <extensions>
          <gpxtpx:TrackPointExtension>
            <gpxtpx:hr>99</gpxtpx:hr>
          </gpxtpx:TrackPointExtension>
        </extensions>
      </trkpt>
      <trkpt lat="38.83748671195173" lon="121.50822046243756">
        <ele>11.254809251986444</ele>
        <time>2026-07-14T08:10:05Z</time>
        <extensions>
          <gpxtpx:TrackPointExtension>
            <gpxtpx:hr>99</gpxtpx:hr>
          </gpxtpx:TrackPointExtension>
        </extensions>
      </trkpt>
      <trkpt lat="38.83748716105877" lon="121.50822122273533">
        <ele>11.244967746548355</ele>
        <time>2026-07-14T08:10:06Z</time>
        <extensions>
          <gpxtpx:TrackPointExtension>
            <gpxtpx:hr>99</gpxtpx:hr>
          </gpxtpx:TrackPointExtension>
        </extensions>
      </trkpt>
      <trkpt lat="38.83748733778201" lon="121.50822159028577">
        <ele>11.235455840826035</ele>
        <time>2026-07-14T08:10:07Z</time>
        <extensions>
          <gpxtpx:TrackPointExtension>
            <gpxtpx:hr>99</gpxtpx:hr>
          </gpxtpx:TrackPointExtension>
        </extensions>
      </trkpt>
      <trkpt lat="38.83748674000824" lon="121.50822103029634">
        <ele>11.226981527172029</ele>
        <time>2026-07-14T08:10:08Z</time>
        <extensions>
          <gpxtpx:TrackPointExtension>
            <gpxtpx:hr>99</gpxtpx:hr>
          </gpxtpx:TrackPointExtension>
        </extensions>
      </trkpt>
      <trkpt lat="38.83748480485126" lon="121.50821889081746">
        <ele>11.220685604959726</ele>
        <time>2026-07-14T08:10:09Z</time>
        <extensions>
          <gpxtpx:TrackPointExtension>
            <gpxtpx:hr>100</gpxtpx:hr>
          </gpxtpx:TrackPointExtension>
        </extensions>
      </trkpt>
      <trkpt lat="38.837480821373646" lon="121.50821431119128">
        <ele>11.218154646456242</ele>
        <time>2026-07-14T08:10:10Z</time>
        <extensions>
          <gpxtpx:TrackPointExtension>
            <gpxtpx:hr>100</gpxtpx:hr>
          </gpxtpx:TrackPointExtension>
        </extensions>
      </trkpt>
      <trkpt lat="38.837475660640216" lon="121.50820902139027">
        <ele>11.221062201075256</ele>
        <time>2026-07-14T08:10:11Z</time>
        <extensions>
          <gpxtpx:TrackPointExtension>
            <gpxtpx:hr>100</gpxtpx:hr>
          </gpxtpx:TrackPointExtension>
        </extensions>
      </trkpt>
      <trkpt lat="38.83746970983801" lon="121.50820369381617">
        <ele>11.230700111016631</ele>
        <time>2026-07-14T08:10:12Z</time>
        <extensions>
          <gpxtpx:TrackPointExtension>
            <gpxtpx:hr>99</gpxtpx:hr>
          </gpxtpx:TrackPointExtension>
        </extensions>
      </trkpt>
      <trkpt lat="38.83746154578972" lon="121.50819703895458">
        <ele>11.247836275957525</ele>
        <time>2026-07-14T08:10:13Z</time>
        <extensions>
          <gpxtpx:TrackPointExtension>
            <gpxtpx:hr>99</gpxtpx:hr>
          </gpxtpx:TrackPointExtension>
        </extensions>
      </trkpt>
      <trkpt lat="38.837451746168874" lon="121.50819032405">
        <ele>11.272259623743594</ele>
        <time>2026-07-14T08:10:14Z</time>
        <extensions>
          <gpxtpx:TrackPointExtension>
            <gpxtpx:hr>99</gpxtpx:hr>
          </gpxtpx:TrackPointExtension>
        </extensions>
      </trkpt>
      <trkpt lat="38.83744206947014" lon="121.50818481772603">
        <ele>11.302889389917254</ele>
        <time>2026-07-14T08:10:15Z</time>
        <extensions>
          <gpxtpx:TrackPointExtension>
            <gpxtpx:hr>99</gpxtpx:hr>
          </gpxtpx:TrackPointExtension>
        </extensions>
      </trkpt>
      <trkpt lat="38.83743324143726" lon="121.5081806903221">
        <ele>11.33800549339503</ele>
        <time>2026-07-14T08:10:16Z</time>
        <extensions>
          <gpxtpx:TrackPointExtension>
            <gpxtpx:hr>98</gpxtpx:hr>
          </gpxtpx:TrackPointExtension>
        </extensions>
      </trkpt>
      <trkpt lat="38.83742501465346" lon="121.50817702281442">
        <ele>11.375639906153083</ele>
        <time>2026-07-14T08:10:17Z</time>
        <extensions>
          <gpxtpx:TrackPointExtension>
            <gpxtpx:hr>98</gpxtpx:hr>
          </gpxtpx:TrackPointExtension>
        </extensions>
      </trkpt>
      <trkpt lat="38.83741645425538" lon="121.50817246481647">
        <ele>11.413788030855358</ele>
        <time>2026-07-14T08:10:18Z</time>
        <extensions>
          <gpxtpx:TrackPointExtension>
            <gpxtpx:hr>98</gpxtpx:hr>
          </gpxtpx:TrackPointExtension>
        </extensions>
      </trkpt>
      <trkpt lat="38.83740656174285" lon="121.50816623834417">
        <ele>11.450696688145399</ele>
        <time>2026-07-14T08:10:19Z</time>
        <extensions>
          <gpxtpx:TrackPointExtension>
            <gpxtpx:hr>98</gpxtpx:hr>
          </gpxtpx:TrackPointExtension>
        </extensions>
      </trkpt>
      <trkpt lat="38.83739561302846" lon="121.50815832826066">
        <ele>11.485148041509092</ele>
        <time>2026-07-14T08:10:20Z</time>
        <extensions>
          <gpxtpx:TrackPointExtension>
            <gpxtpx:hr>98</gpxtpx:hr>
          </gpxtpx:TrackPointExtension>
        </extensions>
      </trkpt>
      <trkpt lat="38.83738504478787" lon="121.50814956899761">
        <ele>11.516646752133965</ele>
        <time>2026-07-14T08:10:21Z</time>
        <extensions>
          <gpxtpx:TrackPointExtension>
            <gpxtpx:hr>99</gpxtpx:hr>
          </gpxtpx:TrackPointExtension>
        </extensions>
      </trkpt>
      <trkpt lat="38.83737666474057" lon="121.50814172453694">
        <ele>11.544839311391115</ele>
        <time>2026-07-14T08:10:22Z</time>
        <extensions>
          <gpxtpx:TrackPointExtension>
            <gpxtpx:hr>99</gpxtpx:hr>
          </gpxtpx:TrackPointExtension>
        </extensions>
      </trkpt>
      <trkpt lat="38.837370293754184" lon="121.50813469074848">
        <ele>11.569859627634287</ele>
        <time>2026-07-14T08:10:23Z</time>
        <extensions>
          <gpxtpx:TrackPointExtension>
            <gpxtpx:hr>99</gpxtpx:hr>
          </gpxtpx:TrackPointExtension>
        </extensions>
      </trkpt>
      <trkpt lat="38.837364974435474" lon="121.50812750494376">
        <ele>11.591972088441253</ele>
        <time>2026-07-14T08:10:24Z</time>
        <extensions>
          <gpxtpx:TrackPointExtension>
            <gpxtpx:hr>99</gpxtpx:hr>
          </gpxtpx:TrackPointExtension>
        </extensions>
      </trkpt>
      <trkpt lat="38.83735978210777" lon="121.50811843904339">
        <ele>11.611291437409818</ele>
        <time>2026-07-14T08:10:25Z</time>
        <extensions>
          <gpxtpx:TrackPointExtension>
            <gpxtpx:hr>98</gpxtpx:hr>
          </gpxtpx:TrackPointExtension>
        </extensions>
      </trkpt>
      <trkpt lat="38.83735320441351" lon="121.50810579862065">
        <ele>11.627466401085258</ele>
        <time>2026-07-14T08:10:26Z</time>
        <extensions>
          <gpxtpx:TrackPointExtension>
            <gpxtpx:hr>98</gpxtpx:hr>
          </gpxtpx:TrackPointExtension>
        </extensions>
      </trkpt>
      <trkpt lat="38.837344919380364" lon="121.5080904887004">
        <ele>11.640040931291878</ele>
        <time>2026-07-14T08:10:27Z</time>
        <extensions>
          <gpxtpx:TrackPointExtension>
            <gpxtpx:hr>98</gpxtpx:hr>
          </gpxtpx:TrackPointExtension>
        </extensions>
      </trkpt>
      <trkpt lat="38.83733621645887" lon="121.50807604591911">
        <ele>11.648212255910039</ele>
        <time>2026-07-14T08:10:28Z</time>
        <extensions>
          <gpxtpx:TrackPointExtension>
            <gpxtpx:hr>98</gpxtpx:hr>
          </gpxtpx:TrackPointExtension>
        </extensions>
      </trkpt>
      <trkpt lat="38.83732765545426" lon="121.50806489249449">
        <ele>11.651141072623432</ele>
        <time>2026-07-14T08:10:29Z</time>
        <extensions>
          <gpxtpx:TrackPointExtension>
            <gpxtpx:hr>98</gpxtpx:hr>
          </gpxtpx:TrackPointExtension>
        </extensions>
      </trkpt>
      <trkpt lat="38.83731890098746" lon="121.50805705638176">
        <ele>11.648278214968741</ele>
        <time>2026-07-14T08:10:30Z</time>
        <extensions>
          <gpxtpx:TrackPointExtension>
            <gpxtpx:hr>98</gpxtpx:hr>
          </gpxtpx:TrackPointExtension>
        </extensions>
      </trkpt>
      <trkpt lat="38.83731015364289" lon="121.50805092215423">
        <ele>11.639731452800333</ele>
        <time>2026-07-14T08:10:31Z</time>
        <extensions>
          <gpxtpx:TrackPointExtension>
            <gpxtpx:hr>96</gpxtpx:hr>
          </gpxtpx:TrackPointExtension>
        </extensions>
      </trkpt>
      <trkpt lat="38.837301869772126" lon="121.50804478690833">
        <ele>11.626329327002168</ele>
        <time>2026-07-14T08:10:32Z</time>
        <extensions>
          <gpxtpx:TrackPointExtension>
            <gpxtpx:hr>96</gpxtpx:hr>
          </gpxtpx:TrackPointExtension>
        </extensions>
      </trkpt>
      <trkpt lat="38.83729342577128" lon="121.50803796839702">
        <ele>11.609587648883462</ele>
        <time>2026-07-14T08:10:33Z</time>
        <extensions>
          <gpxtpx:TrackPointExtension>
            <gpxtpx:hr>96</gpxtpx:hr>
          </gpxtpx:TrackPointExtension>
        </extensions>
      </trkpt>
      <trkpt lat="38.83728404660181" lon="121.50803064496246">
        <ele>11.591256508603692</ele>
        <time>2026-07-14T08:10:34Z</time>
        <extensions>
          <gpxtpx:TrackPointExtension>
            <gpxtpx:hr>96</gpxtpx:hr>
          </gpxtpx:TrackPointExtension>
        </extensions>
      </trkpt>
      <trkpt lat="38.83727414758422" lon="121.50802371666526">
        <ele>11.572876094840467</ele>
        <time>2026-07-14T08:10:35Z</time>
        <extensions>
          <gpxtpx:TrackPointExtension>
            <gpxtpx:hr>96</gpxtpx:hr>
          </gpxtpx:TrackPointExtension>
        </extensions>
      </trkpt>
      <trkpt lat="38.83726462146027" lon="121.50801813075549">
        <ele>11.555488953366876</ele>
        <time>2026-07-14T08:10:36Z</time>
        <extensions>
          <gpxtpx:TrackPointExtension>
            <gpxtpx:hr>96</gpxtpx:hr>
          </gpxtpx:TrackPointExtension>
        </extensions>
      </trkpt>
      <trkpt lat="38.83725560509466" lon="121.50801318095576">
        <ele>11.539575985632837</ele>
        <time>2026-07-14T08:10:37Z</time>
        <extensions>
          <gpxtpx:TrackPointExtension>
            <gpxtpx:hr>96</gpxtpx:hr>
          </gpxtpx:TrackPointExtension>
        </extensions>
      </trkpt>
      <trkpt lat="38.837246561760296" lon="121.5080076415945">
        <ele>11.525011053308845</ele>
        <time>2026-07-14T08:10:38Z</time>
        <extensions>
          <gpxtpx:TrackPointExtension>
            <gpxtpx:hr>96</gpxtpx:hr>
          </gpxtpx:TrackPointExtension>
        </extensions>
      </trkpt>
      <trkpt lat="38.83723798714775" lon="121.5080007135948">
        <ele>11.51122567243874</ele>
        <time>2026-07-14T08:10:39Z</time>
        <extensions>
          <gpxtpx:TrackPointExtension>
            <gpxtpx:hr>96</gpxtpx:hr>
          </gpxtpx:TrackPointExtension>
        </extensions>
      </trkpt>
      <trkpt lat="38.837229645944504" lon="121.50799252597625">
        <ele>11.497392698191106</ele>
        <time>2026-07-14T08:10:40Z</time>
        <extensions>
          <gpxtpx:TrackPointExtension>
            <gpxtpx:hr>96</gpxtpx:hr>
          </gpxtpx:TrackPointExtension>
        </extensions>
      </trkpt>
      <trkpt lat="38.83722104995699" lon="121.50798378173086">
        <ele>11.482577932067215</ele>
        <time>2026-07-14T08:10:41Z</time>
        <extensions>
          <gpxtpx:TrackPointExtension>
            <gpxtpx:hr>96</gpxtpx:hr>
          </gpxtpx:TrackPointExtension>
        </extensions>
      </trkpt>
      <trkpt lat="38.83721255708534" lon="121.50797545013059">
        <ele>11.466152584180236</ele>
        <time>2026-07-14T08:10:42Z</time>
        <extensions>
          <gpxtpx:TrackPointExtension>
            <gpxtpx:hr>96</gpxtpx:hr>
          </gpxtpx:TrackPointExtension>
        </extensions>
      </trkpt>
      <trkpt lat="38.83720465799108" lon="121.50796814796266">
        <ele>11.447826305404305</ele>
        <time>2026-07-14T08:10:43Z</time>
        <extensions>
          <gpxtpx:TrackPointExtension>
            <gpxtpx:hr>96</gpxtpx:hr>
          </gpxtpx:TrackPointExtension>
        </extensions>
      </trkpt>
      <trkpt lat="38.83719761124849" lon="121.507962153056">
        <ele>11.427735147066414</ele>
        <time>2026-07-14T08:10:44Z</time>
        <extensions>
          <gpxtpx:TrackPointExtension>
            <gpxtpx:hr>96</gpxtpx:hr>
          </gpxtpx:TrackPointExtension>
        </extensions>
      </trkpt>
      <trkpt lat="38.83719102578552" lon="121.5079567027575">
        <ele>11.406521677970886</ele>
        <time>2026-07-14T08:10:45Z</time>
        <extensions>
          <gpxtpx:TrackPointExtension>
            <gpxtpx:hr>97</gpxtpx:hr>
          </gpxtpx:TrackPointExtension>
        </extensions>
      </trkpt>
      <trkpt lat="38.83718425728709" lon="121.50795050553928">
        <ele>11.38507059123367</ele>
        <time>2026-07-14T08:10:46Z</time>
        <extensions>
          <gpxtpx:TrackPointExtension>
            <gpxtpx:hr>97</gpxtpx:hr>
          </gpxtpx:TrackPointExtension>
        </extensions>
      </trkpt>
      <trkpt lat="38.83717683368184" lon="121.50794316247853">
        <ele>11.364169009961188</ele>
        <time>2026-07-14T08:10:47Z</time>
        <extensions>
          <gpxtpx:TrackPointExtension>
            <gpxtpx:hr>97</gpxtpx:hr>
          </gpxtpx:TrackPointExtension>
        </extensions>
      </trkpt>
      <trkpt lat="38.83716894601497" lon="121.5079355550404">
        <ele>11.34451689850539</ele>
        <time>2026-07-14T08:10:48Z</time>
        <extensions>
          <gpxtpx:TrackPointExtension>
            <gpxtpx:hr>97</gpxtpx:hr>
          </gpxtpx:TrackPointExtension>
        </extensions>
      </trkpt>
      <trkpt lat="38.83716080025856" lon="121.50792811856543">
        <ele>11.326789858750999</ele>
        <time>2026-07-14T08:10:49Z</time>
        <extensions>
          <gpxtpx:TrackPointExtension>
            <gpxtpx:hr>97</gpxtpx:hr>
          </gpxtpx:TrackPointExtension>
        </extensions>
      </trkpt>
      <trkpt lat="38.83715265052438" lon="121.5079209284578">
        <ele>11.311350260861218</ele>
        <time>2026-07-14T08:10:50Z</time>
        <extensions>
          <gpxtpx:TrackPointExtension>
            <gpxtpx:hr>97</gpxtpx:hr>
          </gpxtpx:TrackPointExtension>
        </extensions>
      </trkpt>
      <trkpt lat="38.83714481397122" lon="121.5079138125793">
        <ele>11.298359691165388</ele>
        <time>2026-07-14T08:10:51Z</time>
        <extensions>
          <gpxtpx:TrackPointExtension>
            <gpxtpx:hr>97</gpxtpx:hr>
          </gpxtpx:TrackPointExtension>
        </extensions>
      </trkpt>
      <trkpt lat="38.83713693438035" lon="121.50790574581234">
        <ele>11.287596044130623</ele>
        <time>2026-07-14T08:10:52Z</time>
        <extensions>
          <gpxtpx:TrackPointExtension>
            <gpxtpx:hr>96</gpxtpx:hr>
          </gpxtpx:TrackPointExtension>
        </extensions>
      </trkpt>
      <trkpt lat="38.83712791149714" lon="121.50789602890423">
        <ele>11.278447068296373</ele>
        <time>2026-07-14T08:10:53Z</time>
        <extensions>
          <gpxtpx:TrackPointExtension>
            <gpxtpx:hr>96</gpxtpx:hr>
          </gpxtpx:TrackPointExtension>
        </extensions>
      </trkpt>
      <trkpt lat="38.837117499791745" lon="121.50788480408913">
        <ele>11.269995666109025</ele>
        <time>2026-07-14T08:10:54Z</time>
        <extensions>
          <gpxtpx:TrackPointExtension>
            <gpxtpx:hr>96</gpxtpx:hr>
          </gpxtpx:TrackPointExtension>
        </extensions>
      </trkpt>
      <trkpt lat="38.837106839232106" lon="121.50787333973383">
        <ele>11.261073417030275</ele>
        <time>2026-07-14T08:10:55Z</time>
        <extensions>
          <gpxtpx:TrackPointExtension>
            <gpxtpx:hr>96</gpxtpx:hr>
          </gpxtpx:TrackPointExtension>
        </extensions>
      </trkpt>
      <trkpt lat="38.83709697370279" lon="121.50786263314916">
        <ele>11.250456581823528</ele>
        <time>2026-07-14T08:10:56Z</time>
        <extensions>
          <gpxtpx:TrackPointExtension>
            <gpxtpx:hr>96</gpxtpx:hr>
          </gpxtpx:TrackPointExtension>
        </extensions>
      </trkpt>
      <trkpt lat="38.83708791590919" lon="121.50785270589023">
        <ele>11.237119526602328</ele>
        <time>2026-07-14T08:10:57Z</time>
        <extensions>
          <gpxtpx:TrackPointExtension>
            <gpxtpx:hr>96</gpxtpx:hr>
          </gpxtpx:TrackPointExtension>
        </extensions>
      </trkpt>
      <trkpt lat="38.837079040426126" lon="121.50784293959732">
        <ele>11.220367287285626</ele>
        <time>2026-07-14T08:10:58Z</time>
        <extensions>
          <gpxtpx:TrackPointExtension>
            <gpxtpx:hr>96</gpxtpx:hr>
          </gpxtpx:TrackPointExtension>
        </extensions>
      </trkpt>
      <trkpt lat="38.83706984375853" lon="121.50783259343994">
        <ele>11.199829182587564</ele>
        <time>2026-07-14T08:10:59Z</time>
        <extensions>
          <gpxtpx:TrackPointExtension>
            <gpxtpx:hr>95</gpxtpx:hr>
          </gpxtpx:TrackPointExtension>
        </extensions>
      </trkpt>
      <trkpt lat="38.83706033610829" lon="121.50782240405144">
        <ele>11.175609081052244</ele>
        <time>2026-07-14T08:11:00Z</time>
        <extensions>
          <gpxtpx:TrackPointExtension>
            <gpxtpx:hr>95</gpxtpx:hr>
          </gpxtpx:TrackPointExtension>
        </extensions>
      </trkpt>
      <trkpt lat="38.83705143265697" lon="121.50781347698799">
        <ele>11.14803250785917</ele>
        <time>2026-07-14T08:11:01Z</time>
        <extensions>
          <gpxtpx:TrackPointExtension>
            <gpxtpx:hr>95</gpxtpx:hr>
          </gpxtpx:TrackPointExtension>
        </extensions>
      </trkpt>
      <trkpt lat="38.83704433276694" lon="121.50780636962298">
        <ele>11.11774093285203</ele>
        <time>2026-07-14T08:11:02Z</time>
        <extensions>
          <gpxtpx:TrackPointExtension>
            <gpxtpx:hr>95</gpxtpx:hr>
          </gpxtpx:TrackPointExtension>
        </extensions>
      </trkpt>
      <trkpt lat="38.83703883859009" lon="121.50780046573959">
        <ele>11.085809409618378</ele>
        <time>2026-07-14T08:11:03Z</time>
        <extensions>
          <gpxtpx:TrackPointExtension>
            <gpxtpx:hr>96</gpxtpx:hr>
          </gpxtpx:TrackPointExtension>
        </extensions>
      </trkpt>
      <trkpt lat="38.8370335093924" lon="121.50779415408174">
        <ele>11.053385297767818</ele>
        <time>2026-07-14T08:11:04Z</time>
        <extensions>
          <gpxtpx:TrackPointExtension>
            <gpxtpx:hr>96</gpxtpx:hr>
          </gpxtpx:TrackPointExtension>
        </extensions>
      </trkpt>
      <trkpt lat="38.837027133427355" lon="121.50778688014661">
        <ele>11.021741431206465</ele>
        <time>2026-07-14T08:11:05Z</time>
        <extensions>
          <gpxtpx:TrackPointExtension>
            <gpxtpx:hr>96</gpxtpx:hr>
          </gpxtpx:TrackPointExtension>
        </extensions>
      </trkpt>
      <trkpt lat="38.83701941986857" lon="121.50777841473784">
        <ele>10.992257518693805</ele>
        <time>2026-07-14T08:11:06Z</time>
        <extensions>
          <gpxtpx:TrackPointExtension>
            <gpxtpx:hr>96</gpxtpx:hr>
          </gpxtpx:TrackPointExtension>
        </extensions>
      </trkpt>
      <trkpt lat="38.837010777853976" lon="121.50776875795339">
        <ele>10.96623205486685</ele>
        <time>2026-07-14T08:11:07Z</time>
        <extensions>
          <gpxtpx:TrackPointExtension>
            <gpxtpx:hr>96</gpxtpx:hr>
          </gpxtpx:TrackPointExtension>
        </extensions>
      </trkpt>
      <trkpt lat="38.83700193601391" lon="121.50775881552251">
        <ele>10.944449830800295</ele>
        <time>2026-07-14T08:11:08Z</time>
        <extensions>
          <gpxtpx:TrackPointExtension>
            <gpxtpx:hr>96</gpxtpx:hr>
          </gpxtpx:TrackPointExtension>
        </extensions>
      </trkpt>
      <trkpt lat="38.83699444259844" lon="121.50774989768449">
        <ele>10.927458198741078</ele>
        <time>2026-07-14T08:11:09Z</time>
        <extensions>
          <gpxtpx:TrackPointExtension>
            <gpxtpx:hr>96</gpxtpx:hr>
          </gpxtpx:TrackPointExtension>
        </extensions>
      </trkpt>
      <trkpt lat="38.83698913049029" lon="121.50774233422375">
        <ele>10.915576936677098</ele>
        <time>2026-07-14T08:11:10Z</time>
        <extensions>
          <gpxtpx:TrackPointExtension>
            <gpxtpx:hr>96</gpxtpx:hr>
          </gpxtpx:TrackPointExtension>
        </extensions>
      </trkpt>
      <trkpt lat="38.83698551141153" lon="121.50773502400322">
        <ele>10.908662591129541</ele>
        <time>2026-07-14T08:11:11Z</time>
        <extensions>
          <gpxtpx:TrackPointExtension>
            <gpxtpx:hr>96</gpxtpx:hr>
          </gpxtpx:TrackPointExtension>
        </extensions>
      </trkpt>
      <trkpt lat="38.836982392517534" lon="121.50772740255358">
        <ele>10.90591680444777</ele>
        <time>2026-07-14T08:11:12Z</time>
        <extensions>
          <gpxtpx:TrackPointExtension>
            <gpxtpx:hr>96</gpxtpx:hr>
          </gpxtpx:TrackPointExtension>
        </extensions>
      </trkpt>
      <trkpt lat="38.8369791505621" lon="121.50771930557791">
        <ele>10.905998430214822</ele>
        <time>2026-07-14T08:11:13Z</time>
        <extensions>
          <gpxtpx:TrackPointExtension>
            <gpxtpx:hr>96</gpxtpx:hr>
          </gpxtpx:TrackPointExtension>
        </extensions>
      </trkpt>
      <trkpt lat="38.83697588933394" lon="121.50771064709704">
        <ele>10.90717700496316</ele>
        <time>2026-07-14T08:11:14Z</time>
        <extensions>
          <gpxtpx:TrackPointExtension>
            <gpxtpx:hr>96</gpxtpx:hr>
          </gpxtpx:TrackPointExtension>
        </extensions>
      </trkpt>
      <trkpt lat="38.83697194189157" lon="121.50770115686828">
        <ele>10.907740771770477</ele>
        <time>2026-07-14T08:11:15Z</time>
        <extensions>
          <gpxtpx:TrackPointExtension>
            <gpxtpx:hr>96</gpxtpx:hr>
          </gpxtpx:TrackPointExtension>
        </extensions>
      </trkpt>
      <trkpt lat="38.83696662161321" lon="121.50769135847581">
        <ele>10.90634844917804</ele>
        <time>2026-07-14T08:11:16Z</time>
        <extensions>
          <gpxtpx:TrackPointExtension>
            <gpxtpx:hr>96</gpxtpx:hr>
          </gpxtpx:TrackPointExtension>
        </extensions>
      </trkpt>
      <trkpt lat="38.83696011631112" lon="121.50768156443479">
        <ele>10.902334746904671</ele>
        <time>2026-07-14T08:11:17Z</time>
        <extensions>
          <gpxtpx:TrackPointExtension>
            <gpxtpx:hr>96</gpxtpx:hr>
          </gpxtpx:TrackPointExtension>
        </extensions>
      </trkpt>
      <trkpt lat="38.836952161345195" lon="121.50767176791125">
        <ele>10.896076002158225</ele>
        <time>2026-07-14T08:11:18Z</time>
        <extensions>
          <gpxtpx:TrackPointExtension>
            <gpxtpx:hr>97</gpxtpx:hr>
          </gpxtpx:TrackPointExtension>
        </extensions>
      </trkpt>
      <trkpt lat="38.83694284726491" lon="121.50766145228901">
        <ele>10.888540255837142</ele>
        <time>2026-07-14T08:11:19Z</time>
        <extensions>
          <gpxtpx:TrackPointExtension>
            <gpxtpx:hr>97</gpxtpx:hr>
          </gpxtpx:TrackPointExtension>
        </extensions>
      </trkpt>
      <trkpt lat="38.83693251893947" lon="121.50765078032563">
        <ele>10.88077770639211</ele>
        <time>2026-07-14T08:11:20Z</time>
        <extensions>
          <gpxtpx:TrackPointExtension>
            <gpxtpx:hr>97</gpxtpx:hr>
          </gpxtpx:TrackPointExtension>
        </extensions>
      </trkpt>
      <trkpt lat="38.83692192938397" lon="121.50764019529586">
        <ele>10.873727980069816</ele>
        <time>2026-07-14T08:11:21Z</time>
        <extensions>
          <gpxtpx:TrackPointExtension>
            <gpxtpx:hr>97</gpxtpx:hr>
          </gpxtpx:TrackPointExtension>
        </extensions>
      </trkpt>
      <trkpt lat="38.83691018128934" lon="121.50763037613117">
        <ele>10.868330296128988</ele>
        <time>2026-07-14T08:11:22Z</time>
        <extensions>
          <gpxtpx:TrackPointExtension>
            <gpxtpx:hr>97</gpxtpx:hr>
          </gpxtpx:TrackPointExtension>
        </extensions>
      </trkpt>
      <trkpt lat="38.83689758787247" lon="121.50762201136271">
        <ele>10.86494963336736</ele>
        <time>2026-07-14T08:11:23Z</time>
        <extensions>
          <gpxtpx:TrackPointExtension>
            <gpxtpx:hr>98</gpxtpx:hr>
          </gpxtpx:TrackPointExtension>
        </extensions>
      </trkpt>
      <trkpt lat="38.83688382180514" lon="121.50761361447171">
        <ele>10.863723060116172</ele>
        <time>2026-07-14T08:11:24Z</time>
        <extensions>
          <gpxtpx:TrackPointExtension>
            <gpxtpx:hr>98</gpxtpx:hr>
          </gpxtpx:TrackPointExtension>
        </extensions>
      </trkpt>
      <trkpt lat="38.836868263059046" lon="121.50760362424938">
        <ele>10.864439270459116</ele>
        <time>2026-07-14T08:11:25Z</time>
        <extensions>
          <gpxtpx:TrackPointExtension>
            <gpxtpx:hr>98</gpxtpx:hr>
          </gpxtpx:TrackPointExtension>
        </extensions>
      </trkpt>
      <trkpt lat="38.83685170168681" lon="121.5075926297341">
        <ele>10.866450432687998</ele>
        <time>2026-07-14T08:11:26Z</time>
        <extensions>
          <gpxtpx:TrackPointExtension>
            <gpxtpx:hr>98</gpxtpx:hr>
          </gpxtpx:TrackPointExtension>
        </extensions>
      </trkpt>
      <trkpt lat="38.836836500452016" lon="121.50758233692501">
        <ele>10.868454407900572</ele>
        <time>2026-07-14T08:11:27Z</time>
        <extensions>
          <gpxtpx:TrackPointExtension>
            <gpxtpx:hr>98</gpxtpx:hr>
          </gpxtpx:TrackPointExtension>
        </extensions>
      </trkpt>
      <trkpt lat="38.83682315719982" lon="121.50757342693196">
        <ele>10.869281121529639</ele>
        <time>2026-07-14T08:11:28Z</time>
        <extensions>
          <gpxtpx:TrackPointExtension>
            <gpxtpx:hr>98</gpxtpx:hr>
          </gpxtpx:TrackPointExtension>
        </extensions>
      </trkpt>
      <trkpt lat="38.83681039407427" lon="121.50756569040237">
        <ele>10.867640402168036</ele>
        <time>2026-07-14T08:11:29Z</time>
        <extensions>
          <gpxtpx:TrackPointExtension>
            <gpxtpx:hr>99</gpxtpx:hr>
          </gpxtpx:TrackPointExtension>
        </extensions>
      </trkpt>
      <trkpt lat="38.83679696685847" lon="121.50755859745405">
        <ele>10.862521989271045</ele>
        <time>2026-07-14T08:11:30Z</time>
        <extensions>
          <gpxtpx:TrackPointExtension>
            <gpxtpx:hr>99</gpxtpx:hr>
          </gpxtpx:TrackPointExtension>
        </extensions>
      </trkpt>
      <trkpt lat="38.83678212785655" lon="121.50755026257528">
        <ele>10.85355868935585</ele>
        <time>2026-07-14T08:11:31Z</time>
        <extensions>
          <gpxtpx:TrackPointExtension>
            <gpxtpx:hr>99</gpxtpx:hr>
          </gpxtpx:TrackPointExtension>
        </extensions>
      </trkpt>
      <trkpt lat="38.83676687616479" lon="121.50753939809798">
        <ele>10.841161027550697</ele>
        <time>2026-07-14T08:11:32Z</time>
        <extensions>
          <gpxtpx:TrackPointExtension>
            <gpxtpx:hr>99</gpxtpx:hr>
          </gpxtpx:TrackPointExtension>
        </extensions>
      </trkpt>
      <trkpt lat="38.83675259806842" lon="121.50752688893368">
        <ele>10.826273180544376</ele>
        <time>2026-07-14T08:11:33Z</time>
        <extensions>
          <gpxtpx:TrackPointExtension>
            <gpxtpx:hr>99</gpxtpx:hr>
          </gpxtpx:TrackPointExtension>
        </extensions>
      </trkpt>
      <trkpt lat="38.83674007970317" lon="121.50751393341744">
        <ele>10.810486636124551</ele>
        <time>2026-07-14T08:11:34Z</time>
        <extensions>
          <gpxtpx:TrackPointExtension>
            <gpxtpx:hr>99</gpxtpx:hr>
          </gpxtpx:TrackPointExtension>
        </extensions>
      </trkpt>
      <trkpt lat="38.836729135153625" lon="121.50750120612531">
        <ele>10.795719692483544</ele>
        <time>2026-07-14T08:11:35Z</time>
        <extensions>
          <gpxtpx:TrackPointExtension>
            <gpxtpx:hr>99</gpxtpx:hr>
          </gpxtpx:TrackPointExtension>
        </extensions>
      </trkpt>
      <trkpt lat="38.83671972279077" lon="121.50748997013011">
        <ele>10.783404727466404</ele>
        <time>2026-07-14T08:11:36Z</time>
        <extensions>
          <gpxtpx:TrackPointExtension>
            <gpxtpx:hr>98</gpxtpx:hr>
          </gpxtpx:TrackPointExtension>
        </extensions>
      </trkpt>
      <trkpt lat="38.83671132067248" lon="121.50747999458329">
        <ele>10.774403346702456</ele>
        <time>2026-07-14T08:11:37Z</time>
        <extensions>
          <gpxtpx:TrackPointExtension>
            <gpxtpx:hr>98</gpxtpx:hr>
          </gpxtpx:TrackPointExtension>
        </extensions>
      </trkpt>
      <trkpt lat="38.83670287947373" lon="121.50746968668722">
        <ele>10.768707770854235</ele>
        <time>2026-07-14T08:11:38Z</time>
        <extensions>
          <gpxtpx:TrackPointExtension>
            <gpxtpx:hr>98</gpxtpx:hr>
          </gpxtpx:TrackPointExtension>
        </extensions>
      </trkpt>
      <trkpt lat="38.836693781891135" lon="121.50745750339253">
        <ele>10.765372661873698</ele>
        <time>2026-07-14T08:11:39Z</time>
        <extensions>
          <gpxtpx:TrackPointExtension>
            <gpxtpx:hr>98</gpxtpx:hr>
          </gpxtpx:TrackPointExtension>
        </extensions>
      </trkpt>
      <trkpt lat="38.83668528086375" lon="121.50744428900089">
        <ele>10.762663767673075</ele>
        <time>2026-07-14T08:11:40Z</time>
        <extensions>
          <gpxtpx:TrackPointExtension>
            <gpxtpx:hr>98</gpxtpx:hr>
          </gpxtpx:TrackPointExtension>
        </extensions>
      </trkpt>
      <trkpt lat="38.83667911270283" lon="121.50743060640588">
        <ele>10.75862855091691</ele>
        <time>2026-07-14T08:11:41Z</time>
        <extensions>
          <gpxtpx:TrackPointExtension>
            <gpxtpx:hr>98</gpxtpx:hr>
          </gpxtpx:TrackPointExtension>
        </extensions>
      </trkpt>
      <trkpt lat="38.83667711270551" lon="121.5074168194098">
        <ele>10.751245328225195</ele>
        <time>2026-07-14T08:11:42Z</time>
        <extensions>
          <gpxtpx:TrackPointExtension>
            <gpxtpx:hr>98</gpxtpx:hr>
          </gpxtpx:TrackPointExtension>
        </extensions>
      </trkpt>
      <trkpt lat="38.836679548978665" lon="121.50740372063541">
        <ele>10.739043693989515</ele>
        <time>2026-07-14T08:11:43Z</time>
        <extensions>
          <gpxtpx:TrackPointExtension>
            <gpxtpx:hr>98</gpxtpx:hr>
          </gpxtpx:TrackPointExtension>
        </extensions>
      </trkpt>
      <trkpt lat="38.83668543596184" lon="121.5073902379184">
        <ele>10.721373301930726</ele>
        <time>2026-07-14T08:11:44Z</time>
        <extensions>
          <gpxtpx:TrackPointExtension>
            <gpxtpx:hr>98</gpxtpx:hr>
          </gpxtpx:TrackPointExtension>
        </extensions>
      </trkpt>
      <trkpt lat="38.8366932798929" lon="121.50737609651439">
        <ele>10.698531445115805</ele>
        <time>2026-07-14T08:11:45Z</time>
        <extensions>
          <gpxtpx:TrackPointExtension>
            <gpxtpx:hr>99</gpxtpx:hr>
          </gpxtpx:TrackPointExtension>
        </extensions>
      </trkpt>
      <trkpt lat="38.8367011875722" lon="121.50736280576506">
        <ele>10.671865181997418</ele>
        <time>2026-07-14T08:11:46Z</time>
        <extensions>
          <gpxtpx:TrackPointExtension>
            <gpxtpx:hr>99</gpxtpx:hr>
          </gpxtpx:TrackPointExtension>
        </extensions>
      </trkpt>
      <trkpt lat="38.83670734201276" lon="121.50735071849354">
        <ele>10.64333510864526</ele>
        <time>2026-07-14T08:11:47Z</time>
        <extensions>
          <gpxtpx:TrackPointExtension>
            <gpxtpx:hr>99</gpxtpx:hr>
          </gpxtpx:TrackPointExtension>
        </extensions>
      </trkpt>
      <trkpt lat="38.83671129793982" lon="121.5073410622809">
        <ele>10.614981395192444</ele>
        <time>2026-07-14T08:11:48Z</time>
        <extensions>
          <gpxtpx:TrackPointExtension>
            <gpxtpx:hr>99</gpxtpx:hr>
          </gpxtpx:TrackPointExtension>
        </extensions>
      </trkpt>
      <trkpt lat="38.83671465622938" lon="121.5073334676884">
        <ele>10.588596175424755</ele>
        <time>2026-07-14T08:11:49Z</time>
        <extensions>
          <gpxtpx:TrackPointExtension>
            <gpxtpx:hr>99</gpxtpx:hr>
          </gpxtpx:TrackPointExtension>
        </extensions>
      </trkpt>
      <trkpt lat="38.8367193860412" lon="121.50732508408689">
        <ele>10.565513765439391</ele>
        <time>2026-07-14T08:11:50Z</time>
        <extensions>
          <gpxtpx:TrackPointExtension>
            <gpxtpx:hr>99</gpxtpx:hr>
          </gpxtpx:TrackPointExtension>
        </extensions>
      </trkpt>
      <trkpt lat="38.83672573118543" lon="121.50731592952528">
        <ele>10.54654186964035</ele>
        <time>2026-07-14T08:11:51Z</time>
        <extensions>
          <gpxtpx:TrackPointExtension>
            <gpxtpx:hr>99</gpxtpx:hr>
          </gpxtpx:TrackPointExtension>
        </extensions>
      </trkpt>
      <trkpt lat="38.836732831579006" lon="121.50730475337353">
        <ele>10.531910439953208</ele>
        <time>2026-07-14T08:11:52Z</time>
        <extensions>
          <gpxtpx:TrackPointExtension>
            <gpxtpx:hr>97</gpxtpx:hr>
          </gpxtpx:TrackPointExtension>
        </extensions>
      </trkpt>
      <trkpt lat="38.83673956386613" lon="121.50729072457693">
        <ele>10.521410835906863</ele>
        <time>2026-07-14T08:11:53Z</time>
        <extensions>
          <gpxtpx:TrackPointExtension>
            <gpxtpx:hr>97</gpxtpx:hr>
          </gpxtpx:TrackPointExtension>
        </extensions>
      </trkpt>
      <trkpt lat="38.83674540370871" lon="121.50727662129833">
        <ele>10.514557018876076</ele>
        <time>2026-07-14T08:11:54Z</time>
        <extensions>
          <gpxtpx:TrackPointExtension>
            <gpxtpx:hr>97</gpxtpx:hr>
          </gpxtpx:TrackPointExtension>
        </extensions>
      </trkpt>
      <trkpt lat="38.83675127086802" lon="121.507262706406">
        <ele>10.510612570680678</ele>
        <time>2026-07-14T08:11:55Z</time>
        <extensions>
          <gpxtpx:TrackPointExtension>
            <gpxtpx:hr>97</gpxtpx:hr>
          </gpxtpx:TrackPointExtension>
        </extensions>
      </trkpt>
      <trkpt lat="38.83675769157881" lon="121.50724756606454">
        <ele>10.508893700316548</ele>
        <time>2026-07-14T08:11:56Z</time>
        <extensions>
          <gpxtpx:TrackPointExtension>
            <gpxtpx:hr>97</gpxtpx:hr>
          </gpxtpx:TrackPointExtension>
        </extensions>
      </trkpt>
      <trkpt lat="38.83676389025249" lon="121.50723273101609">
        <ele>10.508841602131724</ele>
        <time>2026-07-14T08:11:57Z</time>
        <extensions>
          <gpxtpx:TrackPointExtension>
            <gpxtpx:hr>97</gpxtpx:hr>
          </gpxtpx:TrackPointExtension>
        </extensions>
      </trkpt>
      <trkpt lat="38.83676985335386" lon="121.50721915310562">
        <ele>10.510177483782172</ele>
        <time>2026-07-14T08:11:58Z</time>
        <extensions>
          <gpxtpx:TrackPointExtension>
            <gpxtpx:hr>97</gpxtpx:hr>
          </gpxtpx:TrackPointExtension>
        </extensions>
      </trkpt>
      <trkpt lat="38.836776503676155" lon="121.50720655117496">
        <ele>10.512958628125489</ele>
        <time>2026-07-14T08:11:59Z</time>
        <extensions>
          <gpxtpx:TrackPointExtension>
            <gpxtpx:hr>98</gpxtpx:hr>
          </gpxtpx:TrackPointExtension>
        </extensions>
      </trkpt>
      <trkpt lat="38.83678434354735" lon="121.50719493209445">
        <ele>10.517393222078681</ele>
        <time>2026-07-14T08:12:00Z</time>
        <extensions>
          <gpxtpx:TrackPointExtension>
            <gpxtpx:hr>98</gpxtpx:hr>
          </gpxtpx:TrackPointExtension>
        </extensions>
      </trkpt>
      <trkpt lat="38.836793606945115" lon="121.50718378193541">
        <ele>10.523895570077002</ele>
        <time>2026-07-14T08:12:01Z</time>
        <extensions>
          <gpxtpx:TrackPointExtension>
            <gpxtpx:hr>98</gpxtpx:hr>
          </gpxtpx:TrackPointExtension>
        </extensions>
      </trkpt>
      <trkpt lat="38.83680427523861" lon="121.50717255592087">
        <ele>10.53291198052466</ele>
        <time>2026-07-14T08:12:02Z</time>
        <extensions>
          <gpxtpx:TrackPointExtension>
            <gpxtpx:hr>98</gpxtpx:hr>
          </gpxtpx:TrackPointExtension>
        </extensions>
      </trkpt>
      <trkpt lat="38.83681546329583" lon="121.50716179887078">
        <ele>10.54481874871999</ele>
        <time>2026-07-14T08:12:03Z</time>
        <extensions>
          <gpxtpx:TrackPointExtension>
            <gpxtpx:hr>98</gpxtpx:hr>
          </gpxtpx:TrackPointExtension>
        </extensions>
      </trkpt>
      <trkpt lat="38.8368251797189" lon="121.50715186385531">
        <ele>10.559900402091444</ele>
        <time>2026-07-14T08:12:04Z</time>
        <extensions>
          <gpxtpx:TrackPointExtension>
            <gpxtpx:hr>98</gpxtpx:hr>
          </gpxtpx:TrackPointExtension>
        </extensions>
      </trkpt>
      <trkpt lat="38.836831940699554" lon="121.50714267249485">
        <ele>10.578339419327676</ele>
        <time>2026-07-14T08:12:05Z</time>
        <extensions>
          <gpxtpx:TrackPointExtension>
            <gpxtpx:hr>98</gpxtpx:hr>
          </gpxtpx:TrackPointExtension>
        </extensions>
      </trkpt>
      <trkpt lat="38.83683687613627" lon="121.50713196498604">
        <ele>10.600174150429666</ele>
        <time>2026-07-14T08:12:06Z</time>
        <extensions>
          <gpxtpx:TrackPointExtension>
            <gpxtpx:hr>98</gpxtpx:hr>
          </gpxtpx:TrackPointExtension>
        </extensions>
      </trkpt>
      <trkpt lat="38.83684183587405" lon="121.50711852798612">
        <ele>10.625341257080436</ele>
        <time>2026-07-14T08:12:07Z</time>
        <extensions>
          <gpxtpx:TrackPointExtension>
            <gpxtpx:hr>98</gpxtpx:hr>
          </gpxtpx:TrackPointExtension>
        </extensions>
      </trkpt>
      <trkpt lat="38.83684758076885" lon="121.507104226089">
        <ele>10.653707577846944</ele>
        <time>2026-07-14T08:12:08Z</time>
        <extensions>
          <gpxtpx:TrackPointExtension>
            <gpxtpx:hr>98</gpxtpx:hr>
          </gpxtpx:TrackPointExtension>
        </extensions>
      </trkpt>
      <trkpt lat="38.836854137466446" lon="121.5070905436714">
        <ele>10.685097676701844</ele>
        <time>2026-07-14T08:12:09Z</time>
        <extensions>
          <gpxtpx:TrackPointExtension>
            <gpxtpx:hr>98</gpxtpx:hr>
          </gpxtpx:TrackPointExtension>
        </extensions>
      </trkpt>
      <trkpt lat="38.83686168860167" lon="121.50707811238904">
        <ele>10.719299204647541</ele>
        <time>2026-07-14T08:12:10Z</time>
        <extensions>
          <gpxtpx:TrackPointExtension>
            <gpxtpx:hr>97</gpxtpx:hr>
          </gpxtpx:TrackPointExtension>
        </extensions>
      </trkpt>
      <trkpt lat="38.836869561723645" lon="121.50706671594399">
        <ele>10.7558803698048</ele>
        <time>2026-07-14T08:12:11Z</time>
        <extensions>
          <gpxtpx:TrackPointExtension>
            <gpxtpx:hr>97</gpxtpx:hr>
          </gpxtpx:TrackPointExtension>
        </extensions>
      </trkpt>
      <trkpt lat="38.836877310516975" lon="121.50705614719709">
        <ele>10.79424671921879</ele>
        <time>2026-07-14T08:12:12Z</time>
        <extensions>
          <gpxtpx:TrackPointExtension>
            <gpxtpx:hr>97</gpxtpx:hr>
          </gpxtpx:TrackPointExtension>
        </extensions>
      </trkpt>
      <trkpt lat="38.83688464938243" lon="121.5070464654041">
        <ele>10.833819184452295</ele>
        <time>2026-07-14T08:12:13Z</time>
        <extensions>
          <gpxtpx:TrackPointExtension>
            <gpxtpx:hr>97</gpxtpx:hr>
          </gpxtpx:TrackPointExtension>
        </extensions>
      </trkpt>
      <trkpt lat="38.836891185742" lon="121.5070378577122">
        <ele>10.873884814791381</ele>
        <time>2026-07-14T08:12:14Z</time>
        <extensions>
          <gpxtpx:TrackPointExtension>
            <gpxtpx:hr>97</gpxtpx:hr>
          </gpxtpx:TrackPointExtension>
        </extensions>
      </trkpt>
      <trkpt lat="38.83689756570135" lon="121.50702927477131">
        <ele>10.913701850920916</ele>
        <time>2026-07-14T08:12:15Z</time>
        <extensions>
          <gpxtpx:TrackPointExtension>
            <gpxtpx:hr>97</gpxtpx:hr>
          </gpxtpx:TrackPointExtension>
        </extensions>
      </trkpt>
      <trkpt lat="38.83690524242375" lon="121.50701867963582">
        <ele>10.952655421569943</ele>
        <time>2026-07-14T08:12:16Z</time>
        <extensions>
          <gpxtpx:TrackPointExtension>
            <gpxtpx:hr>97</gpxtpx:hr>
          </gpxtpx:TrackPointExtension>
        </extensions>
      </trkpt>
      <trkpt lat="38.83691454471981" lon="121.50700646176588">
        <ele>10.990282312966883</ele>
        <time>2026-07-14T08:12:17Z</time>
        <extensions>
          <gpxtpx:TrackPointExtension>
            <gpxtpx:hr>97</gpxtpx:hr>
          </gpxtpx:TrackPointExtension>
        </extensions>
      </trkpt>
      <trkpt lat="38.83692482819537" lon="121.5069943619389">
        <ele>11.026155402883887</ele>
        <time>2026-07-14T08:12:18Z</time>
        <extensions>
          <gpxtpx:TrackPointExtension>
            <gpxtpx:hr>97</gpxtpx:hr>
          </gpxtpx:TrackPointExtension>
        </extensions>
      </trkpt>
      <trkpt lat="38.83693510066487" lon="121.50698305558528">
        <ele>11.059888329356909</ele>
        <time>2026-07-14T08:12:19Z</time>
        <extensions>
          <gpxtpx:TrackPointExtension>
            <gpxtpx:hr>97</gpxtpx:hr>
          </gpxtpx:TrackPointExtension>
        </extensions>
      </trkpt>
      <trkpt lat="38.83694419874654" lon="121.50697340639971">
        <ele>11.091297222301364</ele>
        <time>2026-07-14T08:12:20Z</time>
        <extensions>
          <gpxtpx:TrackPointExtension>
            <gpxtpx:hr>97</gpxtpx:hr>
          </gpxtpx:TrackPointExtension>
        </extensions>
      </trkpt>
      <trkpt lat="38.83695194851369" lon="121.50696461955567">
        <ele>11.120451650582254</ele>
        <time>2026-07-14T08:12:21Z</time>
        <extensions>
          <gpxtpx:TrackPointExtension>
            <gpxtpx:hr>97</gpxtpx:hr>
          </gpxtpx:TrackPointExtension>
        </extensions>
      </trkpt>
      <trkpt lat="38.83695934801634" lon="121.50695420745008">
        <ele>11.147627593018115</ele>
        <time>2026-07-14T08:12:22Z</time>
        <extensions>
          <gpxtpx:TrackPointExtension>
            <gpxtpx:hr>97</gpxtpx:hr>
          </gpxtpx:TrackPointExtension>
        </extensions>
      </trkpt>
      <trkpt lat="38.836967190300484" lon="121.50694080408239">
        <ele>11.173340228386223</ele>
        <time>2026-07-14T08:12:23Z</time>
        <extensions>
          <gpxtpx:TrackPointExtension>
            <gpxtpx:hr>97</gpxtpx:hr>
          </gpxtpx:TrackPointExtension>
        </extensions>
      </trkpt>
      <trkpt lat="38.836974707796585" lon="121.50692591267754">
        <ele>11.198232838883996</ele>
        <time>2026-07-14T08:12:24Z</time>
        <extensions>
          <gpxtpx:TrackPointExtension>
            <gpxtpx:hr>97</gpxtpx:hr>
          </gpxtpx:TrackPointExtension>
        </extensions>
      </trkpt>
      <trkpt lat="38.836981486527606" lon="121.50691208626984">
        <ele>11.222885923460126</ele>
        <time>2026-07-14T08:12:25Z</time>
        <extensions>
          <gpxtpx:TrackPointExtension>
            <gpxtpx:hr>97</gpxtpx:hr>
          </gpxtpx:TrackPointExtension>
        </extensions>
      </trkpt>
      <trkpt lat="38.83698781907045" lon="121.5068999497134">
        <ele>11.247570227831602</ele>
        <time>2026-07-14T08:12:26Z</time>
        <extensions>
          <gpxtpx:TrackPointExtension>
            <gpxtpx:hr>97</gpxtpx:hr>
          </gpxtpx:TrackPointExtension>
        </extensions>
      </trkpt>
      <trkpt lat="38.836993512840124" lon="121.50688821283902">
        <ele>11.272090695798397</ele>
        <time>2026-07-14T08:12:27Z</time>
        <extensions>
          <gpxtpx:TrackPointExtension>
            <gpxtpx:hr>98</gpxtpx:hr>
          </gpxtpx:TrackPointExtension>
        </extensions>
      </trkpt>
      <trkpt lat="38.83699891605569" lon="121.50687524646622">
        <ele>11.296059624291956</ele>
        <time>2026-07-14T08:12:28Z</time>
        <extensions>
          <gpxtpx:TrackPointExtension>
            <gpxtpx:hr>98</gpxtpx:hr>
          </gpxtpx:TrackPointExtension>
        </extensions>
      </trkpt>
      <trkpt lat="38.83700461507957" lon="121.50686043437075">
        <ele>11.318895029835403</ele>
        <time>2026-07-14T08:12:29Z</time>
        <extensions>
          <gpxtpx:TrackPointExtension>
            <gpxtpx:hr>98</gpxtpx:hr>
          </gpxtpx:TrackPointExtension>
        </extensions>
      </trkpt>
      <trkpt lat="38.83701060450016" lon="121.5068443062106">
        <ele>11.339978175237775</ele>
        <time>2026-07-14T08:12:30Z</time>
        <extensions>
          <gpxtpx:TrackPointExtension>
            <gpxtpx:hr>98</gpxtpx:hr>
          </gpxtpx:TrackPointExtension>
        </extensions>
      </trkpt>
      <trkpt lat="38.83701586361078" lon="121.50682923838463">
        <ele>11.358776172623038</ele>
        <time>2026-07-14T08:12:31Z</time>
        <extensions>
          <gpxtpx:TrackPointExtension>
            <gpxtpx:hr>98</gpxtpx:hr>
          </gpxtpx:TrackPointExtension>
        </extensions>
      </trkpt>
      <trkpt lat="38.83702040060875" lon="121.50681534255916">
        <ele>11.375024915672839</ele>
        <time>2026-07-14T08:12:32Z</time>
        <extensions>
          <gpxtpx:TrackPointExtension>
            <gpxtpx:hr>98</gpxtpx:hr>
          </gpxtpx:TrackPointExtension>
        </extensions>
      </trkpt>
      <trkpt lat="38.83702552888393" lon="121.50680122297175">
        <ele>11.388507342897356</ele>
        <time>2026-07-14T08:12:33Z</time>
        <extensions>
          <gpxtpx:TrackPointExtension>
            <gpxtpx:hr>98</gpxtpx:hr>
          </gpxtpx:TrackPointExtension>
        </extensions>
      </trkpt>
      <trkpt lat="38.837031977165985" lon="121.50678755859931">
        <ele>11.399134953506291</ele>
        <time>2026-07-14T08:12:34Z</time>
        <extensions>
          <gpxtpx:TrackPointExtension>
            <gpxtpx:hr>98</gpxtpx:hr>
          </gpxtpx:TrackPointExtension>
        </extensions>
      </trkpt>
      <trkpt lat="38.8370397037098" lon="121.50677474925673">
        <ele>11.40697630122304</ele>
        <time>2026-07-14T08:12:35Z</time>
        <extensions>
          <gpxtpx:TrackPointExtension>
            <gpxtpx:hr>98</gpxtpx:hr>
          </gpxtpx:TrackPointExtension>
        </extensions>
      </trkpt>
      <trkpt lat="38.83704843080983" lon="121.50676224363912">
        <ele>11.41233772970736</ele>
        <time>2026-07-14T08:12:36Z</time>
        <extensions>
          <gpxtpx:TrackPointExtension>
            <gpxtpx:hr>98</gpxtpx:hr>
          </gpxtpx:TrackPointExtension>
        </extensions>
      </trkpt>
      <trkpt lat="38.8370575551241" lon="121.50674946814401">
        <ele>11.415666600689292</ele>
        <time>2026-07-14T08:12:37Z</time>
        <extensions>
          <gpxtpx:TrackPointExtension>
            <gpxtpx:hr>98</gpxtpx:hr>
          </gpxtpx:TrackPointExtension>
        </extensions>
      </trkpt>
      <trkpt lat="38.83706625881253" lon="121.50673641698332">
        <ele>11.417619058862329</ele>
        <time>2026-07-14T08:12:38Z</time>
        <extensions>
          <gpxtpx:TrackPointExtension>
            <gpxtpx:hr>98</gpxtpx:hr>
          </gpxtpx:TrackPointExtension>
        </extensions>
      </trkpt>
      <trkpt lat="38.83707355118508" lon="121.50672391381032">
        <ele>11.419014058075845</ele>
        <time>2026-07-14T08:12:39Z</time>
        <extensions>
          <gpxtpx:TrackPointExtension>
            <gpxtpx:hr>99</gpxtpx:hr>
          </gpxtpx:TrackPointExtension>
        </extensions>
      </trkpt>
      <trkpt lat="38.83707940103121" lon="121.50671321574879">
        <ele>11.420678327791393</ele>
        <time>2026-07-14T08:12:40Z</time>
        <extensions>
          <gpxtpx:TrackPointExtension>
            <gpxtpx:hr>99</gpxtpx:hr>
          </gpxtpx:TrackPointExtension>
        </extensions>
      </trkpt>
      <trkpt lat="38.837085310866854" lon="121.50670338678445">
        <ele>11.423188362270594</ele>
        <time>2026-07-14T08:12:41Z</time>
        <extensions>
          <gpxtpx:TrackPointExtension>
            <gpxtpx:hr>99</gpxtpx:hr>
          </gpxtpx:TrackPointExtension>
        </extensions>
      </trkpt>
      <trkpt lat="38.83709189864407" lon="121.50669309267059">
        <ele>11.426935952156782</ele>
        <time>2026-07-14T08:12:42Z</time>
        <extensions>
          <gpxtpx:TrackPointExtension>
            <gpxtpx:hr>99</gpxtpx:hr>
          </gpxtpx:TrackPointExtension>
        </extensions>
      </trkpt>
      <trkpt lat="38.83709966738179" lon="121.5066819436034">
        <ele>11.432021170854568</ele>
        <time>2026-07-14T08:12:43Z</time>
        <extensions>
          <gpxtpx:TrackPointExtension>
            <gpxtpx:hr>99</gpxtpx:hr>
          </gpxtpx:TrackPointExtension>
        </extensions>
      </trkpt>
      <trkpt lat="38.83710867667199" lon="121.50666989409665">
        <ele>11.438324872404337</ele>
        <time>2026-07-14T08:12:44Z</time>
        <extensions>
          <gpxtpx:TrackPointExtension>
            <gpxtpx:hr>99</gpxtpx:hr>
          </gpxtpx:TrackPointExtension>
        </extensions>
      </trkpt>
      <trkpt lat="38.83711798900012" lon="121.50665767214183">
        <ele>11.44563732855022</ele>
        <time>2026-07-14T08:12:45Z</time>
        <extensions>
          <gpxtpx:TrackPointExtension>
            <gpxtpx:hr>99</gpxtpx:hr>
          </gpxtpx:TrackPointExtension>
        </extensions>
      </trkpt>
      <trkpt lat="38.83712667518874" lon="121.50664544796993">
        <ele>11.453859439119697</ele>
        <time>2026-07-14T08:12:46Z</time>
        <extensions>
          <gpxtpx:TrackPointExtension>
            <gpxtpx:hr>99</gpxtpx:hr>
          </gpxtpx:TrackPointExtension>
        </extensions>
      </trkpt>
      <trkpt lat="38.83713430498977" lon="121.50663325320556">
        <ele>11.462983753532171</ele>
        <time>2026-07-14T08:12:47Z</time>
        <extensions>
          <gpxtpx:TrackPointExtension>
            <gpxtpx:hr>98</gpxtpx:hr>
          </gpxtpx:TrackPointExtension>
        </extensions>
      </trkpt>
      <trkpt lat="38.83714017993592" lon="121.50662145763975">
        <ele>11.473117349669337</ele>
        <time>2026-07-14T08:12:48Z</time>
        <extensions>
          <gpxtpx:TrackPointExtension>
            <gpxtpx:hr>98</gpxtpx:hr>
          </gpxtpx:TrackPointExtension>
        </extensions>
      </trkpt>
      <trkpt lat="38.83714533168967" lon="121.50660919982839">
        <ele>11.484389385208488</ele>
        <time>2026-07-14T08:12:49Z</time>
        <extensions>
          <gpxtpx:TrackPointExtension>
            <gpxtpx:hr>98</gpxtpx:hr>
          </gpxtpx:TrackPointExtension>
        </extensions>
      </trkpt>
      <trkpt lat="38.83715167776389" lon="121.50659554241618">
        <ele>11.496874173171818</ele>
        <time>2026-07-14T08:12:50Z</time>
        <extensions>
          <gpxtpx:TrackPointExtension>
            <gpxtpx:hr>98</gpxtpx:hr>
          </gpxtpx:TrackPointExtension>
        </extensions>
      </trkpt>
      <trkpt lat="38.83715884360826" lon="121.50658138686427">
        <ele>11.510519409552217</ele>
        <time>2026-07-14T08:12:51Z</time>
        <extensions>
          <gpxtpx:TrackPointExtension>
            <gpxtpx:hr>99</gpxtpx:hr>
          </gpxtpx:TrackPointExtension>
        </extensions>
      </trkpt>
      <trkpt lat="38.837165335666825" lon="121.50656693110152">
        <ele>11.525088127702475</ele>
        <time>2026-07-14T08:12:52Z</time>
        <extensions>
          <gpxtpx:TrackPointExtension>
            <gpxtpx:hr>99</gpxtpx:hr>
          </gpxtpx:TrackPointExtension>
        </extensions>
      </trkpt>
      <trkpt lat="38.83717123934898" lon="121.50655285897525">
        <ele>11.540212138555944</ele>
        <time>2026-07-14T08:12:53Z</time>
        <extensions>
          <gpxtpx:TrackPointExtension>
            <gpxtpx:hr>99</gpxtpx:hr>
          </gpxtpx:TrackPointExtension>
        </extensions>
      </trkpt>
      <trkpt lat="38.83717672384431" lon="121.50654082309762">
        <ele>11.55549470987171</ele>
        <time>2026-07-14T08:12:54Z</time>
        <extensions>
          <gpxtpx:TrackPointExtension>
            <gpxtpx:hr>99</gpxtpx:hr>
          </gpxtpx:TrackPointExtension>
        </extensions>
      </trkpt>
      <trkpt lat="38.837181639387936" lon="121.50653089995414">
        <ele>11.570647886022925</ele>
        <time>2026-07-14T08:12:55Z</time>
        <extensions>
          <gpxtpx:TrackPointExtension>
            <gpxtpx:hr>99</gpxtpx:hr>
          </gpxtpx:TrackPointExtension>
        </extensions>
      </trkpt>
      <trkpt lat="38.83718669901663" lon="121.50652212848503">
        <ele>11.585456655360758</ele>
        <time>2026-07-14T08:12:56Z</time>
        <extensions>
          <gpxtpx:TrackPointExtension>
            <gpxtpx:hr>99</gpxtpx:hr>
          </gpxtpx:TrackPointExtension>
        </extensions>
      </trkpt>
      <trkpt lat="38.837192431549205" lon="121.50651305930488">
        <ele>11.599904721602798</ele>
        <time>2026-07-14T08:12:57Z</time>
        <extensions>
          <gpxtpx:TrackPointExtension>
            <gpxtpx:hr>99</gpxtpx:hr>
          </gpxtpx:TrackPointExtension>
        </extensions>
      </trkpt>
      <trkpt lat="38.837199384177524" lon="121.50650284091203">
        <ele>11.61414385959506</ele>
        <time>2026-07-14T08:12:58Z</time>
        <extensions>
          <gpxtpx:TrackPointExtension>
            <gpxtpx:hr>99</gpxtpx:hr>
          </gpxtpx:TrackPointExtension>
        </extensions>
      </trkpt>
      <trkpt lat="38.837207115569335" lon="121.50649190475275">
        <ele>11.628443733789027</ele>
        <time>2026-07-14T08:12:59Z</time>
        <extensions>
          <gpxtpx:TrackPointExtension>
            <gpxtpx:hr>99</gpxtpx:hr>
          </gpxtpx:TrackPointExtension>
        </extensions>
      </trkpt>
      <trkpt lat="38.837214020362794" lon="121.50648089929098">
        <ele>11.64295041654259</ele>
        <time>2026-07-14T08:13:00Z</time>
        <extensions>
          <gpxtpx:TrackPointExtension>
            <gpxtpx:hr>99</gpxtpx:hr>
          </gpxtpx:TrackPointExtension>
        </extensions>
      </trkpt>
      <trkpt lat="38.83721988102054" lon="121.50647013711118">
        <ele>11.657931338995695</ele>
        <time>2026-07-14T08:13:01Z</time>
        <extensions>
          <gpxtpx:TrackPointExtension>
            <gpxtpx:hr>99</gpxtpx:hr>
          </gpxtpx:TrackPointExtension>
        </extensions>
      </trkpt>
      <trkpt lat="38.8372255074592" lon="121.50645971903973">
        <ele>11.673491306602955</ele>
        <time>2026-07-14T08:13:02Z</time>
        <extensions>
          <gpxtpx:TrackPointExtension>
            <gpxtpx:hr>99</gpxtpx:hr>
          </gpxtpx:TrackPointExtension>
        </extensions>
      </trkpt>
      <trkpt lat="38.83723148637234" lon="121.50644917939103">
        <ele>11.6895588375628</ele>
        <time>2026-07-14T08:13:03Z</time>
        <extensions>
          <gpxtpx:TrackPointExtension>
            <gpxtpx:hr>99</gpxtpx:hr>
          </gpxtpx:TrackPointExtension>
        </extensions>
      </trkpt>
      <trkpt lat="38.83723838187467" lon="121.50643737589283">
        <ele>11.705925383605063</ele>
        <time>2026-07-14T08:13:04Z</time>
        <extensions>
          <gpxtpx:TrackPointExtension>
            <gpxtpx:hr>99</gpxtpx:hr>
          </gpxtpx:TrackPointExtension>
        </extensions>
      </trkpt>
      <trkpt lat="38.83724643518037" lon="121.50642383028527">
        <ele>11.721975177526474</ele>
        <time>2026-07-14T08:13:05Z</time>
        <extensions>
          <gpxtpx:TrackPointExtension>
            <gpxtpx:hr>99</gpxtpx:hr>
          </gpxtpx:TrackPointExtension>
        </extensions>
      </trkpt>
      <trkpt lat="38.837254619255305" lon="121.50641034436168">
        <ele>11.736788498237729</ele>
        <time>2026-07-14T08:13:06Z</time>
        <extensions>
          <gpxtpx:TrackPointExtension>
            <gpxtpx:hr>99</gpxtpx:hr>
          </gpxtpx:TrackPointExtension>
        </extensions>
      </trkpt>
      <trkpt lat="38.837260782531196" lon="121.50639839741119">
        <ele>11.749292181804776</ele>
        <time>2026-07-14T08:13:07Z</time>
        <extensions>
          <gpxtpx:TrackPointExtension>
            <gpxtpx:hr>99</gpxtpx:hr>
          </gpxtpx:TrackPointExtension>
        </extensions>
      </trkpt>
      <trkpt lat="38.83726479899334" lon="121.50638750687024">
        <ele>11.758403712883592</ele>
        <time>2026-07-14T08:13:08Z</time>
        <extensions>
          <gpxtpx:TrackPointExtension>
            <gpxtpx:hr>99</gpxtpx:hr>
          </gpxtpx:TrackPointExtension>
        </extensions>
      </trkpt>
      <trkpt lat="38.837267917217936" lon="121.50637616084009">
        <ele>11.76306566875428</ele>
        <time>2026-07-14T08:13:09Z</time>
        <extensions>
          <gpxtpx:TrackPointExtension>
            <gpxtpx:hr>99</gpxtpx:hr>
          </gpxtpx:TrackPointExtension>
        </extensions>
      </trkpt>
      <trkpt lat="38.83727014455671" lon="121.5063636658288">
        <ele>11.76280196942389</ele>
        <time>2026-07-14T08:13:10Z</time>
        <extensions>
          <gpxtpx:TrackPointExtension>
            <gpxtpx:hr>99</gpxtpx:hr>
          </gpxtpx:TrackPointExtension>
        </extensions>
      </trkpt>
      <trkpt lat="38.83727098542436" lon="121.50635085643843">
        <ele>11.757510794326663</ele>
        <time>2026-07-14T08:13:11Z</time>
        <extensions>
          <gpxtpx:TrackPointExtension>
            <gpxtpx:hr>99</gpxtpx:hr>
          </gpxtpx:TrackPointExtension>
        </extensions>
      </trkpt>
      <trkpt lat="38.83727059738442" lon="121.5063384094518">
        <ele>11.74763004295528</ele>
        <time>2026-07-14T08:13:12Z</time>
        <extensions>
          <gpxtpx:TrackPointExtension>
            <gpxtpx:hr>99</gpxtpx:hr>
          </gpxtpx:TrackPointExtension>
        </extensions>
      </trkpt>
      <trkpt lat="38.83726889448827" lon="121.50632327127653">
        <ele>11.734182581305504</ele>
        <time>2026-07-14T08:13:13Z</time>
        <extensions>
          <gpxtpx:TrackPointExtension>
            <gpxtpx:hr>99</gpxtpx:hr>
          </gpxtpx:TrackPointExtension>
        </extensions>
      </trkpt>
      <trkpt lat="38.83726611742784" lon="121.50630471609834">
        <ele>11.71864166110754</ele>
        <time>2026-07-14T08:13:14Z</time>
        <extensions>
          <gpxtpx:TrackPointExtension>
            <gpxtpx:hr>99</gpxtpx:hr>
          </gpxtpx:TrackPointExtension>
        </extensions>
      </trkpt>
      <trkpt lat="38.83726327318864" lon="121.50628608553838">
        <ele>11.702609656378627</ele>
        <time>2026-07-14T08:13:15Z</time>
        <extensions>
          <gpxtpx:TrackPointExtension>
            <gpxtpx:hr>98</gpxtpx:hr>
          </gpxtpx:TrackPointExtension>
        </extensions>
      </trkpt>
      <trkpt lat="38.83726105230535" lon="121.50626875034528">
        <ele>11.687724087387323</ele>
        <time>2026-07-14T08:13:16Z</time>
        <extensions>
          <gpxtpx:TrackPointExtension>
            <gpxtpx:hr>98</gpxtpx:hr>
          </gpxtpx:TrackPointExtension>
        </extensions>
      </trkpt>
      <trkpt lat="38.83726109345439" lon="121.50625221395352">
        <ele>11.67542383633554</ele>
        <time>2026-07-14T08:13:17Z</time>
        <extensions>
          <gpxtpx:TrackPointExtension>
            <gpxtpx:hr>98</gpxtpx:hr>
          </gpxtpx:TrackPointExtension>
        </extensions>
      </trkpt>
      <trkpt lat="38.83726489838367" lon="121.50623663673069">
        <ele>11.666784485802054</ele>
        <time>2026-07-14T08:13:18Z</time>
        <extensions>
          <gpxtpx:TrackPointExtension>
            <gpxtpx:hr>98</gpxtpx:hr>
          </gpxtpx:TrackPointExtension>
        </extensions>
      </trkpt>
      <trkpt lat="38.8372716461037" lon="121.50622312421761">
        <ele>11.662481043487787</ele>
        <time>2026-07-14T08:13:19Z</time>
        <extensions>
          <gpxtpx:TrackPointExtension>
            <gpxtpx:hr>98</gpxtpx:hr>
          </gpxtpx:TrackPointExtension>
        </extensions>
      </trkpt>
      <trkpt lat="38.8372804639815" lon="121.50620968380032">
        <ele>11.66250997968018</ele>
        <time>2026-07-14T08:13:20Z</time>
        <extensions>
          <gpxtpx:TrackPointExtension>
            <gpxtpx:hr>98</gpxtpx:hr>
          </gpxtpx:TrackPointExtension>
        </extensions>
      </trkpt>
      <trkpt lat="38.83729058063836" lon="121.50619525003037">
        <ele>11.666335705667734</ele>
        <time>2026-07-14T08:13:21Z</time>
        <extensions>
          <gpxtpx:TrackPointExtension>
            <gpxtpx:hr>98</gpxtpx:hr>
          </gpxtpx:TrackPointExtension>
        </extensions>
      </trkpt>
      <trkpt lat="38.83730043612253" lon="121.50618123031079">
        <ele>11.673027493990958</ele>
        <time>2026-07-14T08:13:22Z</time>
        <extensions>
          <gpxtpx:TrackPointExtension>
            <gpxtpx:hr>99</gpxtpx:hr>
          </gpxtpx:TrackPointExtension>
        </extensions>
      </trkpt>
      <trkpt lat="38.83730877167757" lon="121.50616799552971">
        <ele>11.681473796255887</ele>
        <time>2026-07-14T08:13:23Z</time>
        <extensions>
          <gpxtpx:TrackPointExtension>
            <gpxtpx:hr>99</gpxtpx:hr>
          </gpxtpx:TrackPointExtension>
        </extensions>
      </trkpt>
      <trkpt lat="38.83731499468091" lon="121.50615578126703">
        <ele>11.69052906613797</ele>
        <time>2026-07-14T08:13:24Z</time>
        <extensions>
          <gpxtpx:TrackPointExtension>
            <gpxtpx:hr>99</gpxtpx:hr>
          </gpxtpx:TrackPointExtension>
        </extensions>
      </trkpt>
      <trkpt lat="38.83731983801496" lon="121.50614467840221">
        <ele>11.69930254202336</ele>
        <time>2026-07-14T08:13:25Z</time>
        <extensions>
          <gpxtpx:TrackPointExtension>
            <gpxtpx:hr>99</gpxtpx:hr>
          </gpxtpx:TrackPointExtension>
        </extensions>
      </trkpt>
      <trkpt lat="38.83732499229164" lon="121.50613305843935">
        <ele>11.707197322510183</ele>
        <time>2026-07-14T08:13:26Z</time>
        <extensions>
          <gpxtpx:TrackPointExtension>
            <gpxtpx:hr>99</gpxtpx:hr>
          </gpxtpx:TrackPointExtension>
        </extensions>
      </trkpt>
      <trkpt lat="38.83733151054441" lon="121.5061190517569">
        <ele>11.713902316056192</ele>
        <time>2026-07-14T08:13:27Z</time>
        <extensions>
          <gpxtpx:TrackPointExtension>
            <gpxtpx:hr>99</gpxtpx:hr>
          </gpxtpx:TrackPointExtension>
        </extensions>
      </trkpt>
      <trkpt lat="38.83733872514836" lon="121.50610331602941">
        <ele>11.719068262726068</ele>
        <time>2026-07-14T08:13:28Z</time>
        <extensions>
          <gpxtpx:TrackPointExtension>
            <gpxtpx:hr>99</gpxtpx:hr>
          </gpxtpx:TrackPointExtension>
        </extensions>
      </trkpt>
      <trkpt lat="38.83734582468089" lon="121.50608732522316">
        <ele>11.722597134299576</ele>
        <time>2026-07-14T08:13:29Z</time>
        <extensions>
          <gpxtpx:TrackPointExtension>
            <gpxtpx:hr>98</gpxtpx:hr>
          </gpxtpx:TrackPointExtension>
        </extensions>
      </trkpt>
      <trkpt lat="38.83735238103082" lon="121.50607216325149">
        <ele>11.724599739536643</ele>
        <time>2026-07-14T08:13:30Z</time>
        <extensions>
          <gpxtpx:TrackPointExtension>
            <gpxtpx:hr>98</gpxtpx:hr>
          </gpxtpx:TrackPointExtension>
        </extensions>
      </trkpt>
      <trkpt lat="38.837357616376515" lon="121.50605804561896">
        <ele>11.725282083265483</ele>
        <time>2026-07-14T08:13:31Z</time>
        <extensions>
          <gpxtpx:TrackPointExtension>
            <gpxtpx:hr>98</gpxtpx:hr>
          </gpxtpx:TrackPointExtension>
        </extensions>
      </trkpt>
      <trkpt lat="38.83736215256465" lon="121.5060430117412">
        <ele>11.724832389503717</ele>
        <time>2026-07-14T08:13:32Z</time>
        <extensions>
          <gpxtpx:TrackPointExtension>
            <gpxtpx:hr>98</gpxtpx:hr>
          </gpxtpx:TrackPointExtension>
        </extensions>
      </trkpt>
      <trkpt lat="38.83736769686328" lon="121.50602583313922">
        <ele>11.723076717928052</ele>
        <time>2026-07-14T08:13:33Z</time>
        <extensions>
          <gpxtpx:TrackPointExtension>
            <gpxtpx:hr>98</gpxtpx:hr>
          </gpxtpx:TrackPointExtension>
        </extensions>
      </trkpt>
      <trkpt lat="38.837374789424" lon="121.5060086964597">
        <ele>11.719544108957052</ele>
        <time>2026-07-14T08:13:34Z</time>
        <extensions>
          <gpxtpx:TrackPointExtension>
            <gpxtpx:hr>98</gpxtpx:hr>
          </gpxtpx:TrackPointExtension>
        </extensions>
      </trkpt>
      <trkpt lat="38.83738251201576" lon="121.5059931511778">
        <ele>11.713623475283384</ele>
        <time>2026-07-14T08:13:35Z</time>
        <extensions>
          <gpxtpx:TrackPointExtension>
            <gpxtpx:hr>98</gpxtpx:hr>
          </gpxtpx:TrackPointExtension>
        </extensions>
      </trkpt>
      <trkpt lat="38.8373903126872" lon="121.50597874387857">
        <ele>11.704743725247681</ele>
        <time>2026-07-14T08:13:36Z</time>
        <extensions>
          <gpxtpx:TrackPointExtension>
            <gpxtpx:hr>98</gpxtpx:hr>
          </gpxtpx:TrackPointExtension>
        </extensions>
      </trkpt>
      <trkpt lat="38.837397854426264" lon="121.50596616699193">
        <ele>11.692408637143672</ele>
        <time>2026-07-14T08:13:37Z</time>
        <extensions>
          <gpxtpx:TrackPointExtension>
            <gpxtpx:hr>98</gpxtpx:hr>
          </gpxtpx:TrackPointExtension>
        </extensions>
      </trkpt>
      <trkpt lat="38.83740475284537" lon="121.50595535238676">
        <ele>11.676686421968043</ele>
        <time>2026-07-14T08:13:38Z</time>
        <extensions>
          <gpxtpx:TrackPointExtension>
            <gpxtpx:hr>98</gpxtpx:hr>
          </gpxtpx:TrackPointExtension>
        </extensions>
      </trkpt>
      <trkpt lat="38.837412270960414" lon="121.50594436280704">
        <ele>11.657992042601109</ele>
        <time>2026-07-14T08:13:39Z</time>
        <extensions>
          <gpxtpx:TrackPointExtension>
            <gpxtpx:hr>98</gpxtpx:hr>
          </gpxtpx:TrackPointExtension>
        </extensions>
      </trkpt>
      <trkpt lat="38.8374216698372" lon="121.50593232441322">
        <ele>11.636919712647796</ele>
        <time>2026-07-14T08:13:40Z</time>
        <extensions>
          <gpxtpx:TrackPointExtension>
            <gpxtpx:hr>98</gpxtpx:hr>
          </gpxtpx:TrackPointExtension>
        </extensions>
      </trkpt>
      <trkpt lat="38.837431335003416" lon="121.50591981589949">
        <ele>11.614128082059324</ele>
        <time>2026-07-14T08:13:41Z</time>
        <extensions>
          <gpxtpx:TrackPointExtension>
            <gpxtpx:hr>97</gpxtpx:hr>
          </gpxtpx:TrackPointExtension>
        </extensions>
      </trkpt>
      <trkpt lat="38.837440172440985" lon="121.50590743256836">
        <ele>11.590446253307164</ele>
        <time>2026-07-14T08:13:42Z</time>
        <extensions>
          <gpxtpx:TrackPointExtension>
            <gpxtpx:hr>97</gpxtpx:hr>
          </gpxtpx:TrackPointExtension>
        </extensions>
      </trkpt>
      <trkpt lat="38.837448041677725" lon="121.50589565227969">
        <ele>11.56687175668776</ele>
        <time>2026-07-14T08:13:43Z</time>
        <extensions>
          <gpxtpx:TrackPointExtension>
            <gpxtpx:hr>97</gpxtpx:hr>
          </gpxtpx:TrackPointExtension>
        </extensions>
      </trkpt>
      <trkpt lat="38.837455533163755" lon="121.5058849479451">
        <ele>11.544331021606922</ele>
        <time>2026-07-14T08:13:44Z</time>
        <extensions>
          <gpxtpx:TrackPointExtension>
            <gpxtpx:hr>97</gpxtpx:hr>
          </gpxtpx:TrackPointExtension>
        </extensions>
      </trkpt>
      <trkpt lat="38.83746305512516" lon="121.50587495511313">
        <ele>11.52346989326179</ele>
        <time>2026-07-14T08:13:45Z</time>
        <extensions>
          <gpxtpx:TrackPointExtension>
            <gpxtpx:hr>100</gpxtpx:hr>
          </gpxtpx:TrackPointExtension>
        </extensions>
      </trkpt>
      <trkpt lat="38.83747061343411" lon="121.5058647935878">
        <ele>11.504606076516211</ele>
        <time>2026-07-14T08:13:46Z</time>
        <extensions>
          <gpxtpx:TrackPointExtension>
            <gpxtpx:hr>100</gpxtpx:hr>
          </gpxtpx:TrackPointExtension>
        </extensions>
      </trkpt>
      <trkpt lat="38.837478285918614" lon="121.50585393585804">
        <ele>11.487694893963635</ele>
        <time>2026-07-14T08:13:47Z</time>
        <extensions>
          <gpxtpx:TrackPointExtension>
            <gpxtpx:hr>100</gpxtpx:hr>
          </gpxtpx:TrackPointExtension>
        </extensions>
      </trkpt>
      <trkpt lat="38.83748520185053" lon="121.50584265927776">
        <ele>11.472263932228088</ele>
        <time>2026-07-14T08:13:48Z</time>
        <extensions>
          <gpxtpx:TrackPointExtension>
            <gpxtpx:hr>100</gpxtpx:hr>
          </gpxtpx:TrackPointExtension>
        </extensions>
      </trkpt>
      <trkpt lat="38.83749110465481" lon="121.50583117670946">
        <ele>11.457704019732773</ele>
        <time>2026-07-14T08:13:49Z</time>
        <extensions>
          <gpxtpx:TrackPointExtension>
            <gpxtpx:hr>100</gpxtpx:hr>
          </gpxtpx:TrackPointExtension>
        </extensions>
      </trkpt>
      <trkpt lat="38.837496919208604" lon="121.50581925516997">
        <ele>11.443551201373339</ele>
        <time>2026-07-14T08:13:50Z</time>
        <extensions>
          <gpxtpx:TrackPointExtension>
            <gpxtpx:hr>100</gpxtpx:hr>
          </gpxtpx:TrackPointExtension>
        </extensions>
      </trkpt>
      <trkpt lat="38.83750333207708" lon="121.50580671585195">
        <ele>11.429585399106145</ele>
        <time>2026-07-14T08:13:51Z</time>
        <extensions>
          <gpxtpx:TrackPointExtension>
            <gpxtpx:hr>100</gpxtpx:hr>
          </gpxtpx:TrackPointExtension>
        </extensions>
      </trkpt>
      <trkpt lat="38.83751069507826" lon="121.50579323368086">
        <ele>11.41569050308317</ele>
        <time>2026-07-14T08:13:52Z</time>
        <extensions>
          <gpxtpx:TrackPointExtension>
            <gpxtpx:hr>99</gpxtpx:hr>
          </gpxtpx:TrackPointExtension>
        </extensions>
      </trkpt>
      <trkpt lat="38.83751891755816" lon="121.50577877446823">
        <ele>11.401877770200372</ele>
        <time>2026-07-14T08:13:53Z</time>
        <extensions>
          <gpxtpx:TrackPointExtension>
            <gpxtpx:hr>99</gpxtpx:hr>
          </gpxtpx:TrackPointExtension>
        </extensions>
      </trkpt>
      <trkpt lat="38.837526536285125" lon="121.50576471419537">
        <ele>11.388166783377528</ele>
        <time>2026-07-14T08:13:54Z</time>
        <extensions>
          <gpxtpx:TrackPointExtension>
            <gpxtpx:hr>99</gpxtpx:hr>
          </gpxtpx:TrackPointExtension>
        </extensions>
      </trkpt>
      <trkpt lat="38.837532869124395" lon="121.50575099302297">
        <ele>11.374487798660994</ele>
        <time>2026-07-14T08:13:55Z</time>
        <extensions>
          <gpxtpx:TrackPointExtension>
            <gpxtpx:hr>99</gpxtpx:hr>
          </gpxtpx:TrackPointExtension>
        </extensions>
      </trkpt>
      <trkpt lat="38.837539042953935" lon="121.50573672892284">
        <ele>11.360841020010412</ele>
        <time>2026-07-14T08:13:56Z</time>
        <extensions>
          <gpxtpx:TrackPointExtension>
            <gpxtpx:hr>99</gpxtpx:hr>
          </gpxtpx:TrackPointExtension>
        </extensions>
      </trkpt>
      <trkpt lat="38.837545449830436" lon="121.50572321168794">
        <ele>11.34731129091233</ele>
        <time>2026-07-14T08:13:57Z</time>
        <extensions>
          <gpxtpx:TrackPointExtension>
            <gpxtpx:hr>99</gpxtpx:hr>
          </gpxtpx:TrackPointExtension>
        </extensions>
      </trkpt>
      <trkpt lat="38.837551709053976" lon="121.50571129461774">
        <ele>11.334144278429449</ele>
        <time>2026-07-14T08:13:58Z</time>
        <extensions>
          <gpxtpx:TrackPointExtension>
            <gpxtpx:hr>99</gpxtpx:hr>
          </gpxtpx:TrackPointExtension>
        </extensions>
      </trkpt>
      <trkpt lat="38.8375580103137" lon="121.50570046701237">
        <ele>11.321743561886251</ele>
        <time>2026-07-14T08:13:59Z</time>
        <extensions>
          <gpxtpx:TrackPointExtension>
            <gpxtpx:hr>99</gpxtpx:hr>
          </gpxtpx:TrackPointExtension>
        </extensions>
      </trkpt>
      <trkpt lat="38.83756538408616" lon="121.50568945563506">
        <ele>11.310642905533314</ele>
        <time>2026-07-14T08:14:00Z</time>
        <extensions>
          <gpxtpx:TrackPointExtension>
            <gpxtpx:hr>99</gpxtpx:hr>
          </gpxtpx:TrackPointExtension>
        </extensions>
      </trkpt>
      <trkpt lat="38.83757395971278" lon="121.50567803671377">
        <ele>11.301277135498822</ele>
        <time>2026-07-14T08:14:01Z</time>
        <extensions>
          <gpxtpx:TrackPointExtension>
            <gpxtpx:hr>99</gpxtpx:hr>
          </gpxtpx:TrackPointExtension>
        </extensions>
      </trkpt>
      <trkpt lat="38.83758372246327" lon="121.50566616626159">
        <ele>11.293928122147918</ele>
        <time>2026-07-14T08:14:02Z</time>
        <extensions>
          <gpxtpx:TrackPointExtension>
            <gpxtpx:hr>99</gpxtpx:hr>
          </gpxtpx:TrackPointExtension>
        </extensions>
      </trkpt>
      <trkpt lat="38.83759405343154" lon="121.50565403538265">
        <ele>11.288727403618395</ele>
        <time>2026-07-14T08:14:03Z</time>
        <extensions>
          <gpxtpx:TrackPointExtension>
            <gpxtpx:hr>99</gpxtpx:hr>
          </gpxtpx:TrackPointExtension>
        </extensions>
      </trkpt>
      <trkpt lat="38.83760332344473" lon="121.50564230125981">
        <ele>11.285673735663295</ele>
        <time>2026-07-14T08:14:04Z</time>
        <extensions>
          <gpxtpx:TrackPointExtension>
            <gpxtpx:hr>99</gpxtpx:hr>
          </gpxtpx:TrackPointExtension>
        </extensions>
      </trkpt>
      <trkpt lat="38.83761107679439" lon="121.50563103057146">
        <ele>11.28459051065147</ele>
        <time>2026-07-14T08:14:05Z</time>
        <extensions>
          <gpxtpx:TrackPointExtension>
            <gpxtpx:hr>100</gpxtpx:hr>
          </gpxtpx:TrackPointExtension>
        </extensions>
      </trkpt>
      <trkpt lat="38.83761859624693" lon="121.5056196031289">
        <ele>11.285101776011288</ele>
        <time>2026-07-14T08:14:06Z</time>
        <extensions>
          <gpxtpx:TrackPointExtension>
            <gpxtpx:hr>100</gpxtpx:hr>
          </gpxtpx:TrackPointExtension>
        </extensions>
      </trkpt>
      <trkpt lat="38.83762671181301" lon="121.50560801228492">
        <ele>11.286715898662806</ele>
        <time>2026-07-14T08:14:07Z</time>
        <extensions>
          <gpxtpx:TrackPointExtension>
            <gpxtpx:hr>100</gpxtpx:hr>
          </gpxtpx:TrackPointExtension>
        </extensions>
      </trkpt>
      <trkpt lat="38.83763513898128" lon="121.50559656054655">
        <ele>11.289065198041499</ele>
        <time>2026-07-14T08:14:08Z</time>
        <extensions>
          <gpxtpx:TrackPointExtension>
            <gpxtpx:hr>100</gpxtpx:hr>
          </gpxtpx:TrackPointExtension>
        </extensions>
      </trkpt>
      <trkpt lat="38.837643841977304" lon="121.50558498972437">
        <ele>11.292148446664214</ele>
        <time>2026-07-14T08:14:09Z</time>
        <extensions>
          <gpxtpx:TrackPointExtension>
            <gpxtpx:hr>100</gpxtpx:hr>
          </gpxtpx:TrackPointExtension>
        </extensions>
      </trkpt>
      <trkpt lat="38.83765251120919" lon="121.50557362093987">
        <ele>11.296333719976246</ele>
        <time>2026-07-14T08:14:10Z</time>
        <extensions>
          <gpxtpx:TrackPointExtension>
            <gpxtpx:hr>104</gpxtpx:hr>
          </gpxtpx:TrackPointExtension>
        </extensions>
      </trkpt>
      <trkpt lat="38.837661344102145" lon="121.505561917517">
        <ele>11.301873115822673</ele>
        <time>2026-07-14T08:14:11Z</time>
        <extensions>
          <gpxtpx:TrackPointExtension>
            <gpxtpx:hr>104</gpxtpx:hr>
          </gpxtpx:TrackPointExtension>
        </extensions>
      </trkpt>
      <trkpt lat="38.837670292770326" lon="121.50554912786987">
        <ele>11.309043895453215</ele>
        <time>2026-07-14T08:14:12Z</time>
        <extensions>
          <gpxtpx:TrackPointExtension>
            <gpxtpx:hr>104</gpxtpx:hr>
          </gpxtpx:TrackPointExtension>
        </extensions>
      </trkpt>
      <trkpt lat="38.837678694186344" lon="121.50553593159283">
        <ele>11.31803852878511</ele>
        <time>2026-07-14T08:14:13Z</time>
        <extensions>
          <gpxtpx:TrackPointExtension>
            <gpxtpx:hr>104</gpxtpx:hr>
          </gpxtpx:TrackPointExtension>
        </extensions>
      </trkpt>
      <trkpt lat="38.837686402183174" lon="121.50552314152067">
        <ele>11.328870944678783</ele>
        <time>2026-07-14T08:14:14Z</time>
        <extensions>
          <gpxtpx:TrackPointExtension>
            <gpxtpx:hr>104</gpxtpx:hr>
          </gpxtpx:TrackPointExtension>
        </extensions>
      </trkpt>
      <trkpt lat="38.83769365506199" lon="121.50551111038345">
        <ele>11.341344208456576</ele>
        <time>2026-07-14T08:14:15Z</time>
        <extensions>
          <gpxtpx:TrackPointExtension>
            <gpxtpx:hr>104</gpxtpx:hr>
          </gpxtpx:TrackPointExtension>
        </extensions>
      </trkpt>
      <trkpt lat="38.83770139463062" lon="121.50549916746272">
        <ele>11.355324204079807</ele>
        <time>2026-07-14T08:14:16Z</time>
        <extensions>
          <gpxtpx:TrackPointExtension>
            <gpxtpx:hr>104</gpxtpx:hr>
          </gpxtpx:TrackPointExtension>
        </extensions>
      </trkpt>
      <trkpt lat="38.837709513122554" lon="121.50548729412691">
        <ele>11.370549383573234</ele>
        <time>2026-07-14T08:14:17Z</time>
        <extensions>
          <gpxtpx:TrackPointExtension>
            <gpxtpx:hr>102</gpxtpx:hr>
          </gpxtpx:TrackPointExtension>
        </extensions>
      </trkpt>
      <trkpt lat="38.83771717407928" lon="121.50547581070717">
        <ele>11.386462983675301</ele>
        <time>2026-07-14T08:14:18Z</time>
        <extensions>
          <gpxtpx:TrackPointExtension>
            <gpxtpx:hr>102</gpxtpx:hr>
          </gpxtpx:TrackPointExtension>
        </extensions>
      </trkpt>
      <trkpt lat="38.83772392625306" lon="121.50546454037848">
        <ele>11.402191812172532</ele>
        <time>2026-07-14T08:14:19Z</time>
        <extensions>
          <gpxtpx:TrackPointExtension>
            <gpxtpx:hr>102</gpxtpx:hr>
          </gpxtpx:TrackPointExtension>
        </extensions>
      </trkpt>
      <trkpt lat="38.83772973045837" lon="121.50545288086616">
        <ele>11.417100734077394</ele>
        <time>2026-07-14T08:14:20Z</time>
        <extensions>
          <gpxtpx:TrackPointExtension>
            <gpxtpx:hr>102</gpxtpx:hr>
          </gpxtpx:TrackPointExtension>
        </extensions>
      </trkpt>
      <trkpt lat="38.83773576098607" lon="121.5054406093439">
        <ele>11.430851543322206</ele>
        <time>2026-07-14T08:14:21Z</time>
        <extensions>
          <gpxtpx:TrackPointExtension>
            <gpxtpx:hr>102</gpxtpx:hr>
          </gpxtpx:TrackPointExtension>
        </extensions>
      </trkpt>
      <trkpt lat="38.837743097824585" lon="121.50542775743025">
        <ele>11.443443610332906</ele>
        <time>2026-07-14T08:14:22Z</time>
        <extensions>
          <gpxtpx:TrackPointExtension>
            <gpxtpx:hr>102</gpxtpx:hr>
          </gpxtpx:TrackPointExtension>
        </extensions>
      </trkpt>
      <trkpt lat="38.83775163982787" lon="121.50541466763357">
        <ele>11.455134563148022</ele>
        <time>2026-07-14T08:14:23Z</time>
        <extensions>
          <gpxtpx:TrackPointExtension>
            <gpxtpx:hr>102</gpxtpx:hr>
          </gpxtpx:TrackPointExtension>
        </extensions>
      </trkpt>
      <trkpt lat="38.83776058274145" lon="121.50540176233852">
        <ele>11.46610537264496</ele>
        <time>2026-07-14T08:14:24Z</time>
        <extensions>
          <gpxtpx:TrackPointExtension>
            <gpxtpx:hr>102</gpxtpx:hr>
          </gpxtpx:TrackPointExtension>
        </extensions>
      </trkpt>
      <trkpt lat="38.83776961862727" lon="121.50538929342056">
        <ele>11.476281504146755</ele>
        <time>2026-07-14T08:14:25Z</time>
        <extensions>
          <gpxtpx:TrackPointExtension>
            <gpxtpx:hr>102</gpxtpx:hr>
          </gpxtpx:TrackPointExtension>
        </extensions>
      </trkpt>
      <trkpt lat="38.83777867527633" lon="121.50537710825552">
        <ele>11.48523779772222</ele>
        <time>2026-07-14T08:14:26Z</time>
        <extensions>
          <gpxtpx:TrackPointExtension>
            <gpxtpx:hr>102</gpxtpx:hr>
          </gpxtpx:TrackPointExtension>
        </extensions>
      </trkpt>
      <trkpt lat="38.837787474356006" lon="121.50536513079123">
        <ele>11.492273603565991</ele>
        <time>2026-07-14T08:14:27Z</time>
        <extensions>
          <gpxtpx:TrackPointExtension>
            <gpxtpx:hr>102</gpxtpx:hr>
          </gpxtpx:TrackPointExtension>
        </extensions>
      </trkpt>
      <trkpt lat="38.83779536212259" lon="121.50535382691228">
        <ele>11.496530626900494</ele>
        <time>2026-07-14T08:14:28Z</time>
        <extensions>
          <gpxtpx:TrackPointExtension>
            <gpxtpx:hr>102</gpxtpx:hr>
          </gpxtpx:TrackPointExtension>
        </extensions>
      </trkpt>
      <trkpt lat="38.837801972371416" lon="121.50534353265242">
        <ele>11.49744122941047</ele>
        <time>2026-07-14T08:14:29Z</time>
        <extensions>
          <gpxtpx:TrackPointExtension>
            <gpxtpx:hr>102</gpxtpx:hr>
          </gpxtpx:TrackPointExtension>
        </extensions>
      </trkpt>
      <trkpt lat="38.83780817951108" lon="121.50533412054625">
        <ele>11.494756110012531</ele>
        <time>2026-07-14T08:14:30Z</time>
        <extensions>
          <gpxtpx:TrackPointExtension>
            <gpxtpx:hr>102</gpxtpx:hr>
          </gpxtpx:TrackPointExtension>
        </extensions>
      </trkpt>
      <trkpt lat="38.83781505546204" lon="121.50532437950034">
        <ele>11.488623036071658</ele>
        <time>2026-07-14T08:14:31Z</time>
        <extensions>
          <gpxtpx:TrackPointExtension>
            <gpxtpx:hr>102</gpxtpx:hr>
          </gpxtpx:TrackPointExtension>
        </extensions>
      </trkpt>
      <trkpt lat="38.83782312942616" lon="121.50531322084525">
        <ele>11.479543359950185</ele>
        <time>2026-07-14T08:14:32Z</time>
        <extensions>
          <gpxtpx:TrackPointExtension>
            <gpxtpx:hr>101</gpxtpx:hr>
          </gpxtpx:TrackPointExtension>
        </extensions>
      </trkpt>
      <trkpt lat="38.83783266892524" lon="121.50530157458302">
        <ele>11.468192002736032</ele>
        <time>2026-07-14T08:14:33Z</time>
        <extensions>
          <gpxtpx:TrackPointExtension>
            <gpxtpx:hr>101</gpxtpx:hr>
          </gpxtpx:TrackPointExtension>
        </extensions>
      </trkpt>
      <trkpt lat="38.83784274721193" lon="121.50529040323458">
        <ele>11.45563061349094</ele>
        <time>2026-07-14T08:14:34Z</time>
        <extensions>
          <gpxtpx:TrackPointExtension>
            <gpxtpx:hr>101</gpxtpx:hr>
          </gpxtpx:TrackPointExtension>
        </extensions>
      </trkpt>
      <trkpt lat="38.83785239791114" lon="121.50527954928454">
        <ele>11.442948288284242</ele>
        <time>2026-07-14T08:14:35Z</time>
        <extensions>
          <gpxtpx:TrackPointExtension>
            <gpxtpx:hr>101</gpxtpx:hr>
          </gpxtpx:TrackPointExtension>
        </extensions>
      </trkpt>
      <trkpt lat="38.837861713819024" lon="121.50526880657976">
        <ele>11.431098179891706</ele>
        <time>2026-07-14T08:14:36Z</time>
        <extensions>
          <gpxtpx:TrackPointExtension>
            <gpxtpx:hr>101</gpxtpx:hr>
          </gpxtpx:TrackPointExtension>
        </extensions>
      </trkpt>
      <trkpt lat="38.83787184807866" lon="121.5052583670246">
        <ele>11.42081549577415</ele>
        <time>2026-07-14T08:14:37Z</time>
        <extensions>
          <gpxtpx:TrackPointExtension>
            <gpxtpx:hr>101</gpxtpx:hr>
          </gpxtpx:TrackPointExtension>
        </extensions>
      </trkpt>
      <trkpt lat="38.837882560359255" lon="121.50525170310813">
        <ele>11.412684353068471</ele>
        <time>2026-07-14T08:14:38Z</time>
        <extensions>
          <gpxtpx:TrackPointExtension>
            <gpxtpx:hr>102</gpxtpx:hr>
          </gpxtpx:TrackPointExtension>
        </extensions>
      </trkpt>
      <trkpt lat="38.83789084567573" lon="121.50525299338416">
        <ele>11.406865881755948</ele>
        <time>2026-07-14T08:14:39Z</time>
        <extensions>
          <gpxtpx:TrackPointExtension>
            <gpxtpx:hr>102</gpxtpx:hr>
          </gpxtpx:TrackPointExtension>
        </extensions>
      </trkpt>
      <trkpt lat="38.83789533797968" lon="121.50525956464469">
        <ele>11.403375425375998</ele>
        <time>2026-07-14T08:14:40Z</time>
        <extensions>
          <gpxtpx:TrackPointExtension>
            <gpxtpx:hr>102</gpxtpx:hr>
          </gpxtpx:TrackPointExtension>
        </extensions>
      </trkpt>
      <trkpt lat="38.8378980606601" lon="121.50526448445571">
        <ele>11.40220013819635</ele>
        <time>2026-07-14T08:14:41Z</time>
        <extensions>
          <gpxtpx:TrackPointExtension>
            <gpxtpx:hr>102</gpxtpx:hr>
          </gpxtpx:TrackPointExtension>
        </extensions>
      </trkpt>
      <trkpt lat="38.83790103592379" lon="121.50526420920788">
        <ele>11.403085608035326</ele>
        <time>2026-07-14T08:14:42Z</time>
        <extensions>
          <gpxtpx:TrackPointExtension>
            <gpxtpx:hr>102</gpxtpx:hr>
          </gpxtpx:TrackPointExtension>
        </extensions>
      </trkpt>
      <trkpt lat="38.837905391427036" lon="121.50525769815664">
        <ele>11.405577074736357</ele>
        <time>2026-07-14T08:14:43Z</time>
        <extensions>
          <gpxtpx:TrackPointExtension>
            <gpxtpx:hr>101</gpxtpx:hr>
          </gpxtpx:TrackPointExtension>
        </extensions>
      </trkpt>
      <trkpt lat="38.83791059856137" lon="121.50524531385608">
        <ele>11.40884038247168</ele>
        <time>2026-07-14T08:14:44Z</time>
        <extensions>
          <gpxtpx:TrackPointExtension>
            <gpxtpx:hr>101</gpxtpx:hr>
          </gpxtpx:TrackPointExtension>
        </extensions>
      </trkpt>
      <trkpt lat="38.83791566285718" lon="121.50523028218453">
        <ele>11.411733852699399</ele>
        <time>2026-07-14T08:14:45Z</time>
        <extensions>
          <gpxtpx:TrackPointExtension>
            <gpxtpx:hr>101</gpxtpx:hr>
          </gpxtpx:TrackPointExtension>
        </extensions>
      </trkpt>
      <trkpt lat="38.83792079797642" lon="121.50521566167824">
        <ele>11.412968426942825</ele>
        <time>2026-07-14T08:14:46Z</time>
        <extensions>
          <gpxtpx:TrackPointExtension>
            <gpxtpx:hr>101</gpxtpx:hr>
          </gpxtpx:TrackPointExtension>
        </extensions>
      </trkpt>
      <trkpt lat="38.83792621113993" lon="121.50520319116777">
        <ele>11.411401721648872</ele>
        <time>2026-07-14T08:14:47Z</time>
        <extensions>
          <gpxtpx:TrackPointExtension>
            <gpxtpx:hr>101</gpxtpx:hr>
          </gpxtpx:TrackPointExtension>
        </extensions>
      </trkpt>
      <trkpt lat="38.837931135850575" lon="121.50519326457949">
        <ele>11.406087243929505</ele>
        <time>2026-07-14T08:14:48Z</time>
        <extensions>
          <gpxtpx:TrackPointExtension>
            <gpxtpx:hr>101</gpxtpx:hr>
          </gpxtpx:TrackPointExtension>
        </extensions>
      </trkpt>
      <trkpt lat="38.83793484196964" lon="121.50518447929169">
        <ele>11.396491889841855</ele>
        <time>2026-07-14T08:14:49Z</time>
        <extensions>
          <gpxtpx:TrackPointExtension>
            <gpxtpx:hr>101</gpxtpx:hr>
          </gpxtpx:TrackPointExtension>
        </extensions>
      </trkpt>
      <trkpt lat="38.8379373462138" lon="121.50517621943258">
        <ele>11.382531695999205</ele>
        <time>2026-07-14T08:14:50Z</time>
        <extensions>
          <gpxtpx:TrackPointExtension>
            <gpxtpx:hr>101</gpxtpx:hr>
          </gpxtpx:TrackPointExtension>
        </extensions>
      </trkpt>
      <trkpt lat="38.83793874106795" lon="121.50516752509687">
        <ele>11.36452526692301</ele>
        <time>2026-07-14T08:14:51Z</time>
        <extensions>
          <gpxtpx:TrackPointExtension>
            <gpxtpx:hr>101</gpxtpx:hr>
          </gpxtpx:TrackPointExtension>
        </extensions>
      </trkpt>
      <trkpt lat="38.83793914706889" lon="121.50515808119222">
        <ele>11.343228473328054</ele>
        <time>2026-07-14T08:14:52Z</time>
        <extensions>
          <gpxtpx:TrackPointExtension>
            <gpxtpx:hr>101</gpxtpx:hr>
          </gpxtpx:TrackPointExtension>
        </extensions>
      </trkpt>
      <trkpt lat="38.83793872656298" lon="121.50514799140291">
        <ele>11.319669433869421</ele>
        <time>2026-07-14T08:14:53Z</time>
        <extensions>
          <gpxtpx:TrackPointExtension>
            <gpxtpx:hr>101</gpxtpx:hr>
          </gpxtpx:TrackPointExtension>
        </extensions>
      </trkpt>
      <trkpt lat="38.83793738791954" lon="121.50513728748608">
        <ele>11.294943294487894</ele>
        <time>2026-07-14T08:14:54Z</time>
        <extensions>
          <gpxtpx:TrackPointExtension>
            <gpxtpx:hr>101</gpxtpx:hr>
          </gpxtpx:TrackPointExtension>
        </extensions>
      </trkpt>
      <trkpt lat="38.83793516137492" lon="121.50512691365417">
        <ele>11.270054864697158</ele>
        <time>2026-07-14T08:14:55Z</time>
        <extensions>
          <gpxtpx:TrackPointExtension>
            <gpxtpx:hr>101</gpxtpx:hr>
          </gpxtpx:TrackPointExtension>
        </extensions>
      </trkpt>
      <trkpt lat="38.83793204922555" lon="121.50511669325381">
        <ele>11.245897462591529</ele>
        <time>2026-07-14T08:14:56Z</time>
        <extensions>
          <gpxtpx:TrackPointExtension>
            <gpxtpx:hr>101</gpxtpx:hr>
          </gpxtpx:TrackPointExtension>
        </extensions>
      </trkpt>
      <trkpt lat="38.83792730856418" lon="121.50510567350979">
        <ele>11.222898305393755</ele>
        <time>2026-07-14T08:14:57Z</time>
        <extensions>
          <gpxtpx:TrackPointExtension>
            <gpxtpx:hr>101</gpxtpx:hr>
          </gpxtpx:TrackPointExtension>
        </extensions>
      </trkpt>
      <trkpt lat="38.83792072652184" lon="121.50509400891008">
        <ele>11.201164595782757</ele>
        <time>2026-07-14T08:14:58Z</time>
        <extensions>
          <gpxtpx:TrackPointExtension>
            <gpxtpx:hr>102</gpxtpx:hr>
          </gpxtpx:TrackPointExtension>
        </extensions>
      </trkpt>
      <trkpt lat="38.83791344754787" lon="121.5050842148827">
        <ele>11.18055899720639</ele>
        <time>2026-07-14T08:14:59Z</time>
        <extensions>
          <gpxtpx:TrackPointExtension>
            <gpxtpx:hr>102</gpxtpx:hr>
          </gpxtpx:TrackPointExtension>
        </extensions>
      </trkpt>
      <trkpt lat="38.83790655257168" lon="121.50507836921497">
        <ele>11.16078716237098</ele>
        <time>2026-07-14T08:15:00Z</time>
        <extensions>
          <gpxtpx:TrackPointExtension>
            <gpxtpx:hr>102</gpxtpx:hr>
          </gpxtpx:TrackPointExtension>
        </extensions>
      </trkpt>
      <trkpt lat="38.83789969481339" lon="121.50507449633481">
        <ele>11.14133682101965</ele>
        <time>2026-07-14T08:15:01Z</time>
        <extensions>
          <gpxtpx:TrackPointExtension>
            <gpxtpx:hr>102</gpxtpx:hr>
          </gpxtpx:TrackPointExtension>
        </extensions>
      </trkpt>
      <trkpt lat="38.83789219364443" lon="121.50506992920447">
        <ele>11.121690667234361</ele>
        <time>2026-07-14T08:15:02Z</time>
        <extensions>
          <gpxtpx:TrackPointExtension>
            <gpxtpx:hr>101</gpxtpx:hr>
          </gpxtpx:TrackPointExtension>
        </extensions>
      </trkpt>
      <trkpt lat="38.83788422791161" lon="121.50506370157137">
        <ele>11.101362629793584</ele>
        <time>2026-07-14T08:15:03Z</time>
        <extensions>
          <gpxtpx:TrackPointExtension>
            <gpxtpx:hr>101</gpxtpx:hr>
          </gpxtpx:TrackPointExtension>
        </extensions>
      </trkpt>
      <trkpt lat="38.837876476781354" lon="121.50505573913554">
        <ele>11.08002263866365</ele>
        <time>2026-07-14T08:15:04Z</time>
        <extensions>
          <gpxtpx:TrackPointExtension>
            <gpxtpx:hr>101</gpxtpx:hr>
          </gpxtpx:TrackPointExtension>
        </extensions>
      </trkpt>
      <trkpt lat="38.83786894756586" lon="121.505046816202">
        <ele>11.057593571953475</ele>
        <time>2026-07-14T08:15:05Z</time>
        <extensions>
          <gpxtpx:TrackPointExtension>
            <gpxtpx:hr>101</gpxtpx:hr>
          </gpxtpx:TrackPointExtension>
        </extensions>
      </trkpt>
      <trkpt lat="38.83786120438525" lon="121.50503784013992">
        <ele>11.034310021437705</ele>
        <time>2026-07-14T08:15:06Z</time>
        <extensions>
          <gpxtpx:TrackPointExtension>
            <gpxtpx:hr>101</gpxtpx:hr>
          </gpxtpx:TrackPointExtension>
        </extensions>
      </trkpt>
      <trkpt lat="38.837853128290405" lon="121.50502837921793">
        <ele>11.01066154614091</ele>
        <time>2026-07-14T08:15:07Z</time>
        <extensions>
          <gpxtpx:TrackPointExtension>
            <gpxtpx:hr>101</gpxtpx:hr>
          </gpxtpx:TrackPointExtension>
        </extensions>
      </trkpt>
      <trkpt lat="38.83784562389527" lon="121.5050177678025">
        <ele>10.987264934927225</ele>
        <time>2026-07-14T08:15:08Z</time>
        <extensions>
          <gpxtpx:TrackPointExtension>
            <gpxtpx:hr>101</gpxtpx:hr>
          </gpxtpx:TrackPointExtension>
        </extensions>
      </trkpt>
      <trkpt lat="38.83784053001509" lon="121.50500642929083">
        <ele>10.964673939161003</ele>
        <time>2026-07-14T08:15:09Z</time>
        <extensions>
          <gpxtpx:TrackPointExtension>
            <gpxtpx:hr>101</gpxtpx:hr>
          </gpxtpx:TrackPointExtension>
        </extensions>
      </trkpt>
      <trkpt lat="38.83783862083658" lon="121.50499414698113">
        <ele>10.943308737128973</ele>
        <time>2026-07-14T08:15:10Z</time>
        <extensions>
          <gpxtpx:TrackPointExtension>
            <gpxtpx:hr>101</gpxtpx:hr>
          </gpxtpx:TrackPointExtension>
        </extensions>
      </trkpt>
      <trkpt lat="38.8378389655727" lon="121.50497919229345">
        <ele>10.923323513008654</ele>
        <time>2026-07-14T08:15:11Z</time>
        <extensions>
          <gpxtpx:TrackPointExtension>
            <gpxtpx:hr>101</gpxtpx:hr>
          </gpxtpx:TrackPointExtension>
        </extensions>
      </trkpt>
      <trkpt lat="38.83784017758082" lon="121.50496194000797">
        <ele>10.904773223213851</ele>
        <time>2026-07-14T08:15:12Z</time>
        <extensions>
          <gpxtpx:TrackPointExtension>
            <gpxtpx:hr>99</gpxtpx:hr>
          </gpxtpx:TrackPointExtension>
        </extensions>
      </trkpt>
      <trkpt lat="38.837840853480955" lon="121.50494386429976">
        <ele>10.887616005726159</ele>
        <time>2026-07-14T08:15:13Z</time>
        <extensions>
          <gpxtpx:TrackPointExtension>
            <gpxtpx:hr>99</gpxtpx:hr>
          </gpxtpx:TrackPointExtension>
        </extensions>
      </trkpt>
      <trkpt lat="38.837839547239255" lon="121.50492599763531">
        <ele>10.871720052324235</ele>
        <time>2026-07-14T08:15:14Z</time>
        <extensions>
          <gpxtpx:TrackPointExtension>
            <gpxtpx:hr>99</gpxtpx:hr>
          </gpxtpx:TrackPointExtension>
        </extensions>
      </trkpt>
      <trkpt lat="38.83783551293209" lon="121.5049097254589">
        <ele>10.857127747498453</ele>
        <time>2026-07-14T08:15:15Z</time>
        <extensions>
          <gpxtpx:TrackPointExtension>
            <gpxtpx:hr>99</gpxtpx:hr>
          </gpxtpx:TrackPointExtension>
        </extensions>
      </trkpt>
      <trkpt lat="38.837829189070234" lon="121.50489621515831">
        <ele>10.843994492664933</ele>
        <time>2026-07-14T08:15:16Z</time>
        <extensions>
          <gpxtpx:TrackPointExtension>
            <gpxtpx:hr>99</gpxtpx:hr>
          </gpxtpx:TrackPointExtension>
        </extensions>
      </trkpt>
      <trkpt lat="38.83782128353828" lon="121.50488424983794">
        <ele>10.832595354877412</ele>
        <time>2026-07-14T08:15:17Z</time>
        <extensions>
          <gpxtpx:TrackPointExtension>
            <gpxtpx:hr>99</gpxtpx:hr>
          </gpxtpx:TrackPointExtension>
        </extensions>
      </trkpt>
      <trkpt lat="38.83781211680273" lon="121.5048716049375">
        <ele>10.823319182731211</ele>
        <time>2026-07-14T08:15:18Z</time>
        <extensions>
          <gpxtpx:TrackPointExtension>
            <gpxtpx:hr>100</gpxtpx:hr>
          </gpxtpx:TrackPointExtension>
        </extensions>
      </trkpt>
      <trkpt lat="38.83780236558546" lon="121.50485711993757">
        <ele>10.816717863082886</ele>
        <time>2026-07-14T08:15:19Z</time>
        <extensions>
          <gpxtpx:TrackPointExtension>
            <gpxtpx:hr>100</gpxtpx:hr>
          </gpxtpx:TrackPointExtension>
        </extensions>
      </trkpt>
      <trkpt lat="38.83779263404141" lon="121.50484132344161">
        <ele>10.813071889802814</ele>
        <time>2026-07-14T08:15:20Z</time>
        <extensions>
          <gpxtpx:TrackPointExtension>
            <gpxtpx:hr>100</gpxtpx:hr>
          </gpxtpx:TrackPointExtension>
        </extensions>
      </trkpt>
      <trkpt lat="38.83778267233733" lon="121.50482587068294">
        <ele>10.812521171756089</ele>
        <time>2026-07-14T08:15:21Z</time>
        <extensions>
          <gpxtpx:TrackPointExtension>
            <gpxtpx:hr>100</gpxtpx:hr>
          </gpxtpx:TrackPointExtension>
        </extensions>
      </trkpt>
      <trkpt lat="38.83777255877249" lon="121.50481258008628">
        <ele>10.81495877634734</ele>
        <time>2026-07-14T08:15:22Z</time>
        <extensions>
          <gpxtpx:TrackPointExtension>
            <gpxtpx:hr>100</gpxtpx:hr>
          </gpxtpx:TrackPointExtension>
        </extensions>
      </trkpt>
      <trkpt lat="38.837762547751566" lon="121.50480200025471">
        <ele>10.819988790899515</ele>
        <time>2026-07-14T08:15:23Z</time>
        <extensions>
          <gpxtpx:TrackPointExtension>
            <gpxtpx:hr>100</gpxtpx:hr>
          </gpxtpx:TrackPointExtension>
        </extensions>
      </trkpt>
      <trkpt lat="38.83775239122221" lon="121.50479266324518">
        <ele>10.827002983540297</ele>
        <time>2026-07-14T08:15:24Z</time>
        <extensions>
          <gpxtpx:TrackPointExtension>
            <gpxtpx:hr>100</gpxtpx:hr>
          </gpxtpx:TrackPointExtension>
        </extensions>
      </trkpt>
      <trkpt lat="38.837742139104144" lon="121.50478309174193">
        <ele>10.834958878345788</ele>
        <time>2026-07-14T08:15:25Z</time>
        <extensions>
          <gpxtpx:TrackPointExtension>
            <gpxtpx:hr>100</gpxtpx:hr>
          </gpxtpx:TrackPointExtension>
        </extensions>
      </trkpt>
      <trkpt lat="38.837732036911724" lon="121.50477327555627">
        <ele>10.842675072140992</ele>
        <time>2026-07-14T08:15:26Z</time>
        <extensions>
          <gpxtpx:TrackPointExtension>
            <gpxtpx:hr>100</gpxtpx:hr>
          </gpxtpx:TrackPointExtension>
        </extensions>
      </trkpt>
      <trkpt lat="38.83772198480402" lon="121.50476392877069">
        <ele>10.849015437997878</ele>
        <time>2026-07-14T08:15:27Z</time>
        <extensions>
          <gpxtpx:TrackPointExtension>
            <gpxtpx:hr>100</gpxtpx:hr>
          </gpxtpx:TrackPointExtension>
        </extensions>
      </trkpt>
      <trkpt lat="38.837711463407935" lon="121.5047556744344">
        <ele>10.853040575049818</ele>
        <time>2026-07-14T08:15:28Z</time>
        <extensions>
          <gpxtpx:TrackPointExtension>
            <gpxtpx:hr>100</gpxtpx:hr>
          </gpxtpx:TrackPointExtension>
        </extensions>
      </trkpt>
      <trkpt lat="38.83769934149125" lon="121.50474768983825">
        <ele>10.854076311923563</ele>
        <time>2026-07-14T08:15:29Z</time>
        <extensions>
          <gpxtpx:TrackPointExtension>
            <gpxtpx:hr>100</gpxtpx:hr>
          </gpxtpx:TrackPointExtension>
        </extensions>
      </trkpt>
      <trkpt lat="38.83768571789981" lon="121.50473904093137">
        <ele>10.851888393983245</ele>
        <time>2026-07-14T08:15:30Z</time>
        <extensions>
          <gpxtpx:TrackPointExtension>
            <gpxtpx:hr>100</gpxtpx:hr>
          </gpxtpx:TrackPointExtension>
        </extensions>
      </trkpt>
      <trkpt lat="38.837672402943376" lon="121.50473002986757">
        <ele>10.84642006084323</ele>
        <time>2026-07-14T08:15:31Z</time>
        <extensions>
          <gpxtpx:TrackPointExtension>
            <gpxtpx:hr>100</gpxtpx:hr>
          </gpxtpx:TrackPointExtension>
        </extensions>
      </trkpt>
      <trkpt lat="38.83766013112313" lon="121.50472199410264">
        <ele>10.83776125498116</ele>
        <time>2026-07-14T08:15:32Z</time>
        <extensions>
          <gpxtpx:TrackPointExtension>
            <gpxtpx:hr>100</gpxtpx:hr>
          </gpxtpx:TrackPointExtension>
        </extensions>
      </trkpt>
      <trkpt lat="38.83764864866108" lon="121.50471560684959">
        <ele>10.826606390997767</ele>
        <time>2026-07-14T08:15:33Z</time>
        <extensions>
          <gpxtpx:TrackPointExtension>
            <gpxtpx:hr>99</gpxtpx:hr>
          </gpxtpx:TrackPointExtension>
        </extensions>
      </trkpt>
      <trkpt lat="38.83763704997778" lon="121.50470958686708">
        <ele>10.813826594501734</ele>
        <time>2026-07-14T08:15:34Z</time>
        <extensions>
          <gpxtpx:TrackPointExtension>
            <gpxtpx:hr>99</gpxtpx:hr>
          </gpxtpx:TrackPointExtension>
        </extensions>
      </trkpt>
      <trkpt lat="38.837624556829816" lon="121.50470249477512">
        <ele>10.800677513703704</ele>
        <time>2026-07-14T08:15:35Z</time>
        <extensions>
          <gpxtpx:TrackPointExtension>
            <gpxtpx:hr>99</gpxtpx:hr>
          </gpxtpx:TrackPointExtension>
        </extensions>
      </trkpt>
      <trkpt lat="38.837611745591474" lon="121.50469447548944">
        <ele>10.788743540644646</ele>
        <time>2026-07-14T08:15:36Z</time>
        <extensions>
          <gpxtpx:TrackPointExtension>
            <gpxtpx:hr>99</gpxtpx:hr>
          </gpxtpx:TrackPointExtension>
        </extensions>
      </trkpt>
      <trkpt lat="38.83759933490742" lon="121.50468597748139">
        <ele>10.779815121553838</ele>
        <time>2026-07-14T08:15:37Z</time>
        <extensions>
          <gpxtpx:TrackPointExtension>
            <gpxtpx:hr>99</gpxtpx:hr>
          </gpxtpx:TrackPointExtension>
        </extensions>
      </trkpt>
      <trkpt lat="38.83758844009881" lon="121.5046771009211">
        <ele>10.775358198210597</ele>
        <time>2026-07-14T08:15:38Z</time>
        <extensions>
          <gpxtpx:TrackPointExtension>
            <gpxtpx:hr>99</gpxtpx:hr>
          </gpxtpx:TrackPointExtension>
        </extensions>
      </trkpt>
      <trkpt lat="38.837579656746136" lon="121.50466696388568">
        <ele>10.776751860044897</ele>
        <time>2026-07-14T08:15:39Z</time>
        <extensions>
          <gpxtpx:TrackPointExtension>
            <gpxtpx:hr>99</gpxtpx:hr>
          </gpxtpx:TrackPointExtension>
        </extensions>
      </trkpt>
      <trkpt lat="38.83757274228633" lon="121.50465529432913">
        <ele>10.785057662986219</ele>
        <time>2026-07-14T08:15:40Z</time>
        <extensions>
          <gpxtpx:TrackPointExtension>
            <gpxtpx:hr>99</gpxtpx:hr>
          </gpxtpx:TrackPointExtension>
        </extensions>
      </trkpt>
      <trkpt lat="38.837567503657645" lon="121.50464377860695">
        <ele>10.800767830573022</ele>
        <time>2026-07-14T08:15:41Z</time>
        <extensions>
          <gpxtpx:TrackPointExtension>
            <gpxtpx:hr>99</gpxtpx:hr>
          </gpxtpx:TrackPointExtension>
        </extensions>
      </trkpt>
      <trkpt lat="38.83756309275057" lon="121.50463418066366">
        <ele>10.823523079045117</ele>
        <time>2026-07-14T08:15:42Z</time>
        <extensions>
          <gpxtpx:TrackPointExtension>
            <gpxtpx:hr>99</gpxtpx:hr>
          </gpxtpx:TrackPointExtension>
        </extensions>
      </trkpt>
      <trkpt lat="38.83755905843603" lon="121.50462688521642">
        <ele>10.852032995782793</ele>
        <time>2026-07-14T08:15:43Z</time>
        <extensions>
          <gpxtpx:TrackPointExtension>
            <gpxtpx:hr>99</gpxtpx:hr>
          </gpxtpx:TrackPointExtension>
        </extensions>
      </trkpt>
      <trkpt lat="38.83755563395473" lon="121.5046216599943">
        <ele>10.884377997368574</ele>
        <time>2026-07-14T08:15:44Z</time>
        <extensions>
          <gpxtpx:TrackPointExtension>
            <gpxtpx:hr>99</gpxtpx:hr>
          </gpxtpx:TrackPointExtension>
        </extensions>
      </trkpt>
      <trkpt lat="38.837553086547494" lon="121.50461908451669">
        <ele>10.918368299491704</ele>
        <time>2026-07-14T08:15:45Z</time>
        <extensions>
          <gpxtpx:TrackPointExtension>
            <gpxtpx:hr>100</gpxtpx:hr>
          </gpxtpx:TrackPointExtension>
        </extensions>
      </trkpt>
      <trkpt lat="38.83755139666178" lon="121.50461894259999">
        <ele>10.951938680373132</ele>
        <time>2026-07-14T08:15:46Z</time>
        <extensions>
          <gpxtpx:TrackPointExtension>
            <gpxtpx:hr>100</gpxtpx:hr>
          </gpxtpx:TrackPointExtension>
        </extensions>
      </trkpt>
      <trkpt lat="38.8375503040651" lon="121.5046199630083">
        <ele>10.983617655932903</ele>
        <time>2026-07-14T08:15:47Z</time>
        <extensions>
          <gpxtpx:TrackPointExtension>
            <gpxtpx:hr>100</gpxtpx:hr>
          </gpxtpx:TrackPointExtension>
        </extensions>
      </trkpt>
      <trkpt lat="38.83754956914774" lon="121.5046210354761">
        <ele>11.012515225447714</ele>
        <time>2026-07-14T08:15:48Z</time>
        <extensions>
          <gpxtpx:TrackPointExtension>
            <gpxtpx:hr>100</gpxtpx:hr>
          </gpxtpx:TrackPointExtension>
        </extensions>
      </trkpt>
      <trkpt lat="38.83754914878067" lon="121.50462179373244">
        <ele>11.038266176357865</ele>
        <time>2026-07-14T08:15:49Z</time>
        <extensions>
          <gpxtpx:TrackPointExtension>
            <gpxtpx:hr>100</gpxtpx:hr>
          </gpxtpx:TrackPointExtension>
        </extensions>
      </trkpt>
      <trkpt lat="38.83754883373448" lon="121.50462163872933">
        <ele>11.06088559050113</ele>
        <time>2026-07-14T08:15:50Z</time>
        <extensions>
          <gpxtpx:TrackPointExtension>
            <gpxtpx:hr>100</gpxtpx:hr>
          </gpxtpx:TrackPointExtension>
        </extensions>
      </trkpt>
      <trkpt lat="38.837548302772234" lon="121.50461982301074">
        <ele>11.080655105412006</ele>
        <time>2026-07-14T08:15:51Z</time>
        <extensions>
          <gpxtpx:TrackPointExtension>
            <gpxtpx:hr>100</gpxtpx:hr>
          </gpxtpx:TrackPointExtension>
        </extensions>
      </trkpt>
      <trkpt lat="38.83754750438885" lon="121.50461577119705">
        <ele>11.097861023619771</ele>
        <time>2026-07-14T08:15:52Z</time>
        <extensions>
          <gpxtpx:TrackPointExtension>
            <gpxtpx:hr>97</gpxtpx:hr>
          </gpxtpx:TrackPointExtension>
        </extensions>
      </trkpt>
      <trkpt lat="38.837545901135385" lon="121.50460846765102">
        <ele>11.112903618253767</ele>
        <time>2026-07-14T08:15:53Z</time>
        <extensions>
          <gpxtpx:TrackPointExtension>
            <gpxtpx:hr>97</gpxtpx:hr>
          </gpxtpx:TrackPointExtension>
        </extensions>
      </trkpt>
      <trkpt lat="38.83754411612095" lon="121.50459888892853">
        <ele>11.12621868122369</ele>
        <time>2026-07-14T08:15:54Z</time>
        <extensions>
          <gpxtpx:TrackPointExtension>
            <gpxtpx:hr>97</gpxtpx:hr>
          </gpxtpx:TrackPointExtension>
        </extensions>
      </trkpt>
      <trkpt lat="38.837542834497604" lon="121.5045883295895">
        <ele>11.138267321512103</ele>
        <time>2026-07-14T08:15:55Z</time>
        <extensions>
          <gpxtpx:TrackPointExtension>
            <gpxtpx:hr>97</gpxtpx:hr>
          </gpxtpx:TrackPointExtension>
        </extensions>
      </trkpt>
      <trkpt lat="38.837541814293935" lon="121.50457670584298">
        <ele>11.149507553316653</ele>
        <time>2026-07-14T08:15:56Z</time>
        <extensions>
          <gpxtpx:TrackPointExtension>
            <gpxtpx:hr>97</gpxtpx:hr>
          </gpxtpx:TrackPointExtension>
        </extensions>
      </trkpt>
      <trkpt lat="38.83754098077161" lon="121.50456387256612">
        <ele>11.160510915331542</ele>
        <time>2026-07-14T08:15:57Z</time>
        <extensions>
          <gpxtpx:TrackPointExtension>
            <gpxtpx:hr>97</gpxtpx:hr>
          </gpxtpx:TrackPointExtension>
        </extensions>
      </trkpt>
      <trkpt lat="38.8375398671459" lon="121.5045490471015">
        <ele>11.171929453499615</ele>
        <time>2026-07-14T08:15:58Z</time>
        <extensions>
          <gpxtpx:TrackPointExtension>
            <gpxtpx:hr>97</gpxtpx:hr>
          </gpxtpx:TrackPointExtension>
        </extensions>
      </trkpt>
      <trkpt lat="38.837538271671285" lon="121.5045333745339">
        <ele>11.18432077113539</ele>
        <time>2026-07-14T08:15:59Z</time>
        <extensions>
          <gpxtpx:TrackPointExtension>
            <gpxtpx:hr>93</gpxtpx:hr>
          </gpxtpx:TrackPointExtension>
        </extensions>
      </trkpt>
      <trkpt lat="38.83753633805363" lon="121.50451802878702">
        <ele>11.19800737220794</ele>
        <time>2026-07-14T08:16:00Z</time>
        <extensions>
          <gpxtpx:TrackPointExtension>
            <gpxtpx:hr>93</gpxtpx:hr>
          </gpxtpx:TrackPointExtension>
        </extensions>
      </trkpt>
      <trkpt lat="38.83753558877245" lon="121.5045039972102">
        <ele>11.213257500901818</ele>
        <time>2026-07-14T08:16:01Z</time>
        <extensions>
          <gpxtpx:TrackPointExtension>
            <gpxtpx:hr>93</gpxtpx:hr>
          </gpxtpx:TrackPointExtension>
        </extensions>
      </trkpt>
      <trkpt lat="38.837537711799776" lon="121.5044908531045">
        <ele>11.230095470324159</ele>
        <time>2026-07-14T08:16:02Z</time>
        <extensions>
          <gpxtpx:TrackPointExtension>
            <gpxtpx:hr>93</gpxtpx:hr>
          </gpxtpx:TrackPointExtension>
        </extensions>
      </trkpt>
      <trkpt lat="38.83754268627309" lon="121.50447754186784">
        <ele>11.248378518037498</ele>
        <time>2026-07-14T08:16:03Z</time>
        <extensions>
          <gpxtpx:TrackPointExtension>
            <gpxtpx:hr>93</gpxtpx:hr>
          </gpxtpx:TrackPointExtension>
        </extensions>
      </trkpt>
      <trkpt lat="38.83754979312163" lon="121.50446443466818">
        <ele>11.267968824133277</ele>
        <time>2026-07-14T08:16:04Z</time>
        <extensions>
          <gpxtpx:TrackPointExtension>
            <gpxtpx:hr>93</gpxtpx:hr>
          </gpxtpx:TrackPointExtension>
        </extensions>
      </trkpt>
      <trkpt lat="38.837558185592314" lon="121.50445142914987">
        <ele>11.288913132622838</ele>
        <time>2026-07-14T08:16:05Z</time>
        <extensions>
          <gpxtpx:TrackPointExtension>
            <gpxtpx:hr>93</gpxtpx:hr>
          </gpxtpx:TrackPointExtension>
        </extensions>
      </trkpt>
      <trkpt lat="38.83756670943752" lon="121.50443781970397">
        <ele>11.311367900110781</ele>
        <time>2026-07-14T08:16:06Z</time>
        <extensions>
          <gpxtpx:TrackPointExtension>
            <gpxtpx:hr>93</gpxtpx:hr>
          </gpxtpx:TrackPointExtension>
        </extensions>
      </trkpt>
      <trkpt lat="38.83757528556819" lon="121.50442377382466">
        <ele>11.34554659947753</ele>
        <time>2026-07-14T08:16:07Z</time>
        <extensions>
          <gpxtpx:TrackPointExtension>
            <gpxtpx:hr>96</gpxtpx:hr>
          </gpxtpx:TrackPointExtension>
        </extensions>
      </trkpt>
      <trkpt lat="38.83758445791691" lon="121.50440914871263">
        <ele>11.372570177540183</ele>
        <time>2026-07-14T08:16:08Z</time>
        <extensions>
          <gpxtpx:TrackPointExtension>
            <gpxtpx:hr>96</gpxtpx:hr>
          </gpxtpx:TrackPointExtension>
        </extensions>
      </trkpt>
      <trkpt lat="38.83759381009254" lon="121.50439463885701">
        <ele>11.38717717397958</ele>
        <time>2026-07-14T08:16:09Z</time>
        <extensions>
          <gpxtpx:TrackPointExtension>
            <gpxtpx:hr>96</gpxtpx:hr>
          </gpxtpx:TrackPointExtension>
        </extensions>
      </trkpt>
      <trkpt lat="38.83760324454323" lon="121.5043818647192">
        <ele>11.3839919436723</ele>
        <time>2026-07-14T08:16:10Z</time>
        <extensions>
          <gpxtpx:TrackPointExtension>
            <gpxtpx:hr>96</gpxtpx:hr>
          </gpxtpx:TrackPointExtension>
        </extensions>
      </trkpt>
      <trkpt lat="38.83761333669743" lon="121.50437058703359">
        <ele>11.357167675159872</ele>
        <time>2026-07-14T08:16:11Z</time>
        <extensions>
          <gpxtpx:TrackPointExtension>
            <gpxtpx:hr>97</gpxtpx:hr>
          </gpxtpx:TrackPointExtension>
        </extensions>
      </trkpt>
      <trkpt lat="38.83762404161644" lon="121.50436090950559">
        <ele>11.302208033390343</ele>
        <time>2026-07-14T08:16:12Z</time>
        <extensions>
          <gpxtpx:TrackPointExtension>
            <gpxtpx:hr>97</gpxtpx:hr>
          </gpxtpx:TrackPointExtension>
        </extensions>
      </trkpt>
      <trkpt lat="38.83763523069954" lon="121.50435296179931">
        <ele>11.215093612670898</ele>
        <time>2026-07-14T08:16:13Z</time>
        <extensions>
          <gpxtpx:TrackPointExtension>
            <gpxtpx:hr>97</gpxtpx:hr>
          </gpxtpx:TrackPointExtension>
        </extensions>
      </trkpt>
      <trkpt lat="38.83764665285533" lon="121.50434663247071">
        <ele>11.093566428869963</ele>
        <time>2026-07-14T08:16:14Z</time>
        <extensions>
          <gpxtpx:TrackPointExtension>
            <gpxtpx:hr>97</gpxtpx:hr>
          </gpxtpx:TrackPointExtension>
        </extensions>
      </trkpt>
      <trkpt lat="38.83765791294208" lon="121.50434120341406">
        <ele>10.937069128267467</ele>
        <time>2026-07-14T08:16:15Z</time>
        <extensions>
          <gpxtpx:TrackPointExtension>
            <gpxtpx:hr>96</gpxtpx:hr>
          </gpxtpx:TrackPointExtension>
        </extensions>
      </trkpt>
      <trkpt lat="38.83766938845551" lon="121.50433589741739">
        <ele>10.76175632700324</ele>
        <time>2026-07-14T08:16:16Z</time>
        <extensions>
          <gpxtpx:TrackPointExtension>
            <gpxtpx:hr>96</gpxtpx:hr>
          </gpxtpx:TrackPointExtension>
        </extensions>
      </trkpt>
      <trkpt lat="38.837681616606574" lon="121.50433067158598">
        <ele>10.579597482457757</ele>
        <time>2026-07-14T08:16:17Z</time>
        <extensions>
          <gpxtpx:TrackPointExtension>
            <gpxtpx:hr>96</gpxtpx:hr>
          </gpxtpx:TrackPointExtension>
        </extensions>
      </trkpt>
      <trkpt lat="38.837694298769755" lon="121.50432566519859">
        <ele>10.410988883115351</ele>
        <time>2026-07-14T08:16:18Z</time>
        <extensions>
          <gpxtpx:TrackPointExtension>
            <gpxtpx:hr>96</gpxtpx:hr>
          </gpxtpx:TrackPointExtension>
        </extensions>
      </trkpt>
      <trkpt lat="38.837707142327204" lon="121.50432038701929">
        <ele>10.238222101703286</ele>
        <time>2026-07-14T08:16:19Z</time>
        <extensions>
          <gpxtpx:TrackPointExtension>
            <gpxtpx:hr>96</gpxtpx:hr>
          </gpxtpx:TrackPointExtension>
        </extensions>
      </trkpt>
      <trkpt lat="38.837720082625836" lon="121.50431415379015">
        <ele>10.078316293656826</ele>
        <time>2026-07-14T08:16:20Z</time>
        <extensions>
          <gpxtpx:TrackPointExtension>
            <gpxtpx:hr>96</gpxtpx:hr>
          </gpxtpx:TrackPointExtension>
        </extensions>
      </trkpt>
      <trkpt lat="38.8377330535261" lon="121.50430681101074">
        <ele>9.947706012055278</ele>
        <time>2026-07-14T08:16:21Z</time>
        <extensions>
          <gpxtpx:TrackPointExtension>
            <gpxtpx:hr>96</gpxtpx:hr>
          </gpxtpx:TrackPointExtension>
        </extensions>
      </trkpt>
      <trkpt lat="38.83774559044612" lon="121.50429890341219">
        <ele>9.830880969762802</ele>
        <time>2026-07-14T08:16:22Z</time>
        <extensions>
          <gpxtpx:TrackPointExtension>
            <gpxtpx:hr>97</gpxtpx:hr>
          </gpxtpx:TrackPointExtension>
        </extensions>
      </trkpt>
      <trkpt lat="38.83775749645572" lon="121.50429064736835">
        <ele>9.722053932026029</ele>
        <time>2026-07-14T08:16:23Z</time>
        <extensions>
          <gpxtpx:TrackPointExtension>
            <gpxtpx:hr>97</gpxtpx:hr>
          </gpxtpx:TrackPointExtension>
        </extensions>
      </trkpt>
      <trkpt lat="38.83776914714194" lon="121.50428230921047">
        <ele>9.620993677526712</ele>
        <time>2026-07-14T08:16:24Z</time>
        <extensions>
          <gpxtpx:TrackPointExtension>
            <gpxtpx:hr>97</gpxtpx:hr>
          </gpxtpx:TrackPointExtension>
        </extensions>
      </trkpt>
      <trkpt lat="38.83778057839015" lon="121.50427410959763">
        <ele>9.538798170164227</ele>
        <time>2026-07-14T08:16:25Z</time>
        <extensions>
          <gpxtpx:TrackPointExtension>
            <gpxtpx:hr>97</gpxtpx:hr>
          </gpxtpx:TrackPointExtension>
        </extensions>
      </trkpt>
      <trkpt lat="38.83779159425136" lon="121.5042659052566">
        <ele>9.482751801609993</ele>
        <time>2026-07-14T08:16:26Z</time>
        <extensions>
          <gpxtpx:TrackPointExtension>
            <gpxtpx:hr>97</gpxtpx:hr>
          </gpxtpx:TrackPointExtension>
        </extensions>
      </trkpt>
      <trkpt lat="38.83780176378674" lon="121.50425770319518">
        <ele>9.429637219756842</ele>
        <time>2026-07-14T08:16:27Z</time>
        <extensions>
          <gpxtpx:TrackPointExtension>
            <gpxtpx:hr>97</gpxtpx:hr>
          </gpxtpx:TrackPointExtension>
        </extensions>
      </trkpt>
      <trkpt lat="38.837811500363486" lon="121.50424995791927">
        <ele>9.399166639894247</ele>
        <time>2026-07-14T08:16:28Z</time>
        <extensions>
          <gpxtpx:TrackPointExtension>
            <gpxtpx:hr>97</gpxtpx:hr>
          </gpxtpx:TrackPointExtension>
        </extensions>
      </trkpt>
      <trkpt lat="38.83782190846387" lon="121.50424286569404">
        <ele>9.356978630647063</ele>
        <time>2026-07-14T08:16:29Z</time>
        <extensions>
          <gpxtpx:TrackPointExtension>
            <gpxtpx:hr>98</gpxtpx:hr>
          </gpxtpx:TrackPointExtension>
        </extensions>
      </trkpt>
      <trkpt lat="38.83783285092211" lon="121.50423644714503">
        <ele>9.311189054511487</ele>
        <time>2026-07-14T08:16:30Z</time>
        <extensions>
          <gpxtpx:TrackPointExtension>
            <gpxtpx:hr>98</gpxtpx:hr>
          </gpxtpx:TrackPointExtension>
        </extensions>
      </trkpt>
      <trkpt lat="38.83784379992495" lon="121.5042304645471">
        <ele>9.275581180118024</ele>
        <time>2026-07-14T08:16:31Z</time>
        <extensions>
          <gpxtpx:TrackPointExtension>
            <gpxtpx:hr>98</gpxtpx:hr>
          </gpxtpx:TrackPointExtension>
        </extensions>
      </trkpt>
      <trkpt lat="38.83785489888065" lon="121.50422442222947">
        <ele>9.258555263280869</ele>
        <time>2026-07-14T08:16:32Z</time>
        <extensions>
          <gpxtpx:TrackPointExtension>
            <gpxtpx:hr>98</gpxtpx:hr>
          </gpxtpx:TrackPointExtension>
        </extensions>
      </trkpt>
      <trkpt lat="38.83786550263671" lon="121.50421807389738">
        <ele>9.268488165922463</ele>
        <time>2026-07-14T08:16:33Z</time>
        <extensions>
          <gpxtpx:TrackPointExtension>
            <gpxtpx:hr>99</gpxtpx:hr>
          </gpxtpx:TrackPointExtension>
        </extensions>
      </trkpt>
      <trkpt lat="38.837875294824116" lon="121.50421165811284">
        <ele>9.313938957639039</ele>
        <time>2026-07-14T08:16:34Z</time>
        <extensions>
          <gpxtpx:TrackPointExtension>
            <gpxtpx:hr>99</gpxtpx:hr>
          </gpxtpx:TrackPointExtension>
        </extensions>
      </trkpt>
      <trkpt lat="38.83788472103611" lon="121.50420523486314">
        <ele>9.346590848639607</ele>
        <time>2026-07-14T08:16:35Z</time>
        <extensions>
          <gpxtpx:TrackPointExtension>
            <gpxtpx:hr>99</gpxtpx:hr>
          </gpxtpx:TrackPointExtension>
        </extensions>
      </trkpt>
      <trkpt lat="38.83789417012015" lon="121.50419911323587">
        <ele>9.373124128207564</ele>
        <time>2026-07-14T08:16:36Z</time>
        <extensions>
          <gpxtpx:TrackPointExtension>
            <gpxtpx:hr>97</gpxtpx:hr>
          </gpxtpx:TrackPointExtension>
        </extensions>
      </trkpt>
      <trkpt lat="38.83790418601933" lon="121.50419333639442">
        <ele>9.407931564375758</ele>
        <time>2026-07-14T08:16:37Z</time>
        <extensions>
          <gpxtpx:TrackPointExtension>
            <gpxtpx:hr>97</gpxtpx:hr>
          </gpxtpx:TrackPointExtension>
        </extensions>
      </trkpt>
      <trkpt lat="38.83791464603125" lon="121.50418813386165">
        <ele>9.433612641878426</ele>
        <time>2026-07-14T08:16:38Z</time>
        <extensions>
          <gpxtpx:TrackPointExtension>
            <gpxtpx:hr>97</gpxtpx:hr>
          </gpxtpx:TrackPointExtension>
        </extensions>
      </trkpt>
      <trkpt lat="38.837925210190534" lon="121.50418331430087">
        <ele>9.44276656769216</ele>
        <time>2026-07-14T08:16:39Z</time>
        <extensions>
          <gpxtpx:TrackPointExtension>
            <gpxtpx:hr>97</gpxtpx:hr>
          </gpxtpx:TrackPointExtension>
        </extensions>
      </trkpt>
      <trkpt lat="38.83793565492416" lon="121.50417888472745">
        <ele>9.480659402906895</ele>
        <time>2026-07-14T08:16:40Z</time>
        <extensions>
          <gpxtpx:TrackPointExtension>
            <gpxtpx:hr>97</gpxtpx:hr>
          </gpxtpx:TrackPointExtension>
        </extensions>
      </trkpt>
      <trkpt lat="38.837945128128" lon="121.50417500001645">
        <ele>9.512122313492</ele>
        <time>2026-07-14T08:16:41Z</time>
        <extensions>
          <gpxtpx:TrackPointExtension>
            <gpxtpx:hr>97</gpxtpx:hr>
          </gpxtpx:TrackPointExtension>
        </extensions>
      </trkpt>
      <trkpt lat="38.8379535164602" lon="121.50417150962386">
        <ele>9.53997312951833</ele>
        <time>2026-07-14T08:16:42Z</time>
        <extensions>
          <gpxtpx:TrackPointExtension>
            <gpxtpx:hr>97</gpxtpx:hr>
          </gpxtpx:TrackPointExtension>
        </extensions>
      </trkpt>
      <trkpt lat="38.83796212189312" lon="121.50416803165847">
        <ele>9.544960527680814</ele>
        <time>2026-07-14T08:16:43Z</time>
        <extensions>
          <gpxtpx:TrackPointExtension>
            <gpxtpx:hr>97</gpxtpx:hr>
          </gpxtpx:TrackPointExtension>
        </extensions>
      </trkpt>
      <trkpt lat="38.83797098707537" lon="121.50416321855316">
        <ele>9.34870320558548</ele>
        <time>2026-07-14T08:16:44Z</time>
        <extensions>
          <gpxtpx:TrackPointExtension>
            <gpxtpx:hr>97</gpxtpx:hr>
          </gpxtpx:TrackPointExtension>
        </extensions>
      </trkpt>
      <trkpt lat="38.837980383279955" lon="121.50415840250767">
        <ele>9.117824343964458</ele>
        <time>2026-07-14T08:16:45Z</time>
        <extensions>
          <gpxtpx:TrackPointExtension>
            <gpxtpx:hr>97</gpxtpx:hr>
          </gpxtpx:TrackPointExtension>
        </extensions>
      </trkpt>
      <trkpt lat="38.8379906999548" lon="121.50415445589029">
        <ele>8.847472401335835</ele>
        <time>2026-07-14T08:16:46Z</time>
        <extensions>
          <gpxtpx:TrackPointExtension>
            <gpxtpx:hr>97</gpxtpx:hr>
          </gpxtpx:TrackPointExtension>
        </extensions>
      </trkpt>
      <trkpt lat="38.83800124290115" lon="121.50415152310138">
        <ele>8.533090241253376</ele>
        <time>2026-07-14T08:16:47Z</time>
        <extensions>
          <gpxtpx:TrackPointExtension>
            <gpxtpx:hr>97</gpxtpx:hr>
          </gpxtpx:TrackPointExtension>
        </extensions>
      </trkpt>
      <trkpt lat="38.838011731524645" lon="121.5041493570749">
        <ele>8.170685462653637</ele>
        <time>2026-07-14T08:16:48Z</time>
        <extensions>
          <gpxtpx:TrackPointExtension>
            <gpxtpx:hr>97</gpxtpx:hr>
          </gpxtpx:TrackPointExtension>
        </extensions>
      </trkpt>
      <trkpt lat="38.838022219819344" lon="121.50414755020321">
        <ele>7.757244699634612</ele>
        <time>2026-07-14T08:16:49Z</time>
        <extensions>
          <gpxtpx:TrackPointExtension>
            <gpxtpx:hr>97</gpxtpx:hr>
          </gpxtpx:TrackPointExtension>
        </extensions>
      </trkpt>
      <trkpt lat="38.83803253936329" lon="121.50414613137008">
        <ele>7.291022500023246</ele>
        <time>2026-07-14T08:16:50Z</time>
        <extensions>
          <gpxtpx:TrackPointExtension>
            <gpxtpx:hr>96</gpxtpx:hr>
          </gpxtpx:TrackPointExtension>
        </extensions>
      </trkpt>
      <trkpt lat="38.83804236656246" lon="121.50414540777031">
        <ele>6.772483455017209</ele>
        <time>2026-07-14T08:16:51Z</time>
        <extensions>
          <gpxtpx:TrackPointExtension>
            <gpxtpx:hr>96</gpxtpx:hr>
          </gpxtpx:TrackPointExtension>
        </extensions>
      </trkpt>
      <trkpt lat="38.83805079545598" lon="121.50414569584095">
        <ele>6.206461559981108</ele>
        <time>2026-07-14T08:16:52Z</time>
        <extensions>
          <gpxtpx:TrackPointExtension>
            <gpxtpx:hr>96</gpxtpx:hr>
          </gpxtpx:TrackPointExtension>
        </extensions>
      </trkpt>
      <trkpt lat="38.83805779786339" lon="121.50414755396324">
        <ele>5.604847259819508</ele>
        <time>2026-07-14T08:16:53Z</time>
        <extensions>
          <gpxtpx:TrackPointExtension>
            <gpxtpx:hr>96</gpxtpx:hr>
          </gpxtpx:TrackPointExtension>
        </extensions>
      </trkpt>
    </trkseg>
  </trk>
</gpx>