<?xml version="1.0" encoding="UTF-8"?>
<gpx xmlns="http://www.topografix.com/GPX/1/1" xmlns:gpxtpx="http://www.garmin.com/xmlschemas/TrackPointExtension/v1" xmlns:xsi="http://www.w3.org/2001/XMLSchema-instance" xsi:schemaLocation="http://www.topografix.com/GPX/1/1 http://www.topografix.com/GPX/1/1/gpx.xsd" version="1.1" creator="gpx.py -- https://github.com/tkrajina/gpxpy">
  <trk>
    <name>gpx from keep</name>
    <type>Run</type>
    <trkseg>
      <trkpt lat="38.83289613323672" lon="121.50841052463409">
        <ele>2.424923500046134</ele>
        <time>2024-08-20T13:45:37Z</time>
      </trkpt>
      <trkpt lat="38.832888480778664" lon="121.5084225650907">
        <ele>2.419986709021032</ele>
        <time>2024-08-20T13:45:38Z</time>
      </trkpt>
      <trkpt lat="38.832881291834774" lon="121.50843505977438">
        <ele>2.420516613870859</ele>
        <time>2024-08-20T13:45:39Z</time>
      </trkpt>
      <trkpt lat="38.832874051004325" lon="121.50844581520303">
        <ele>2.42637690436095</ele>
        <time>2024-08-20T13:45:40Z</time>
      </trkpt>
      <trkpt lat="38.83286654692693" lon="121.50845508400438">
        <ele>2.434901224449277</ele>
        <time>2024-08-20T13:45:41Z</time>
      </trkpt>
      <trkpt lat="38.83285910709909" lon="121.50846391361556">
        <ele>2.444195448420942</ele>
        <time>2024-08-20T13:45:42Z</time>
      </trkpt>
      <trkpt lat="38.83285157426861" lon="121.50847273896022">
        <ele>2.4532232396304607</ele>
        <time>2024-08-20T13:45:43Z</time>
      </trkpt>
      <trkpt lat="38.83284422406574" lon="121.50848123055471">
        <ele>2.4613924361765385</ele>
        <time>2024-08-20T13:45:44Z</time>
      </trkpt>
      <trkpt lat="38.83283797973547" lon="121.5084892443636">
        <ele>2.4690479710698128</ele>
        <time>2024-08-20T13:45:45Z</time>
      </trkpt>
      <trkpt lat="38.83283277177574" lon="121.50849673583312">
        <ele>2.4764641290530562</ele>
        <time>2024-08-20T13:45:46Z</time>
      </trkpt>
      <trkpt lat="38.83282748575271" lon="121.50850342272842">
        <ele>2.4839881220832467</ele>
        <time>2024-08-20T13:45:47Z</time>
      </trkpt>
      <trkpt lat="38.832821820401165" lon="121.50850942857181">
        <ele>2.4910874543711543</ele>
        <time>2024-08-20T13:45:48Z</time>
      </trkpt>
      <trkpt lat="38.8328159137028" lon="121.50851498698667">
        <ele>2.4964209031313658</ele>
        <time>2024-08-20T13:45:49Z</time>
      </trkpt>
      <trkpt lat="38.83280979387349" lon="121.50852045344108">
        <ele>2.49997182469815</ele>
        <time>2024-08-20T13:45:50Z</time>
      </trkpt>
      <trkpt lat="38.832803319003766" lon="121.508525747775">
        <ele>2.501919884234667</ele>
        <time>2024-08-20T13:45:51Z</time>
        <extensions>
          <gpxtpx:TrackPointExtension>
            <gpxtpx:hr>97</gpxtpx:hr>
          </gpxtpx:TrackPointExtension>
        </extensions>
      </trkpt>
      <trkpt lat="38.83279671441846" lon="121.50853132743592">
        <ele>2.5015283646062016</ele>
        <time>2024-08-20T13:45:52Z</time>
        <extensions>
          <gpxtpx:TrackPointExtension>
            <gpxtpx:hr>97</gpxtpx:hr>
          </gpxtpx:TrackPointExtension>
        </extensions>
      </trkpt>
      <trkpt lat="38.83279012331885" lon="121.50853731901188">
        <ele>2.4989575054496527</ele>
        <time>2024-08-20T13:45:53Z</time>
        <extensions>
          <gpxtpx:TrackPointExtension>
            <gpxtpx:hr>97</gpxtpx:hr>
          </gpxtpx:TrackPointExtension>
        </extensions>
      </trkpt>
      <trkpt lat="38.8327832806633" lon="121.50854238972485">
        <ele>2.4949647532776</ele>
        <time>2024-08-20T13:45:54Z</time>
        <extensions>
          <gpxtpx:TrackPointExtension>
            <gpxtpx:hr>97</gpxtpx:hr>
          </gpxtpx:TrackPointExtension>
        </extensions>
      </trkpt>
      <trkpt lat="38.83277667252388" lon="121.50854673080224">
        <ele>2.4904600204899907</ele>
        <time>2024-08-20T13:45:55Z</time>
        <extensions>
          <gpxtpx:TrackPointExtension>
            <gpxtpx:hr>97</gpxtpx:hr>
          </gpxtpx:TrackPointExtension>
        </extensions>
      </trkpt>
      <trkpt lat="38.83277079645648" lon="121.50855110663939">
        <ele>2.4850330743938684</ele>
        <time>2024-08-20T13:45:56Z</time>
        <extensions>
          <gpxtpx:TrackPointExtension>
            <gpxtpx:hr>97</gpxtpx:hr>
          </gpxtpx:TrackPointExtension>
        </extensions>
      </trkpt>
      <trkpt lat="38.83276486314354" lon="121.50855516652358">
        <ele>2.479336299933493</ele>
        <time>2024-08-20T13:45:57Z</time>
        <extensions>
          <gpxtpx:TrackPointExtension>
            <gpxtpx:hr>97</gpxtpx:hr>
          </gpxtpx:TrackPointExtension>
        </extensions>
      </trkpt>
      <trkpt lat="38.83275883031398" lon="121.50855898274409">
        <ele>2.473748349584639</ele>
        <time>2024-08-20T13:45:58Z</time>
        <extensions>
          <gpxtpx:TrackPointExtension>
            <gpxtpx:hr>97</gpxtpx:hr>
          </gpxtpx:TrackPointExtension>
        </extensions>
      </trkpt>
      <trkpt lat="38.832752726265106" lon="121.50856272428176">
        <ele>2.468103876337409</ele>
        <time>2024-08-20T13:45:59Z</time>
        <extensions>
          <gpxtpx:TrackPointExtension>
            <gpxtpx:hr>97</gpxtpx:hr>
          </gpxtpx:TrackPointExtension>
        </extensions>
      </trkpt>
      <trkpt lat="38.832746173527845" lon="121.50856699239411">
        <ele>2.4761701682582498</ele>
        <time>2024-08-20T13:46:00Z</time>
        <extensions>
          <gpxtpx:TrackPointExtension>
            <gpxtpx:hr>97</gpxtpx:hr>
          </gpxtpx:TrackPointExtension>
        </extensions>
      </trkpt>
      <trkpt lat="38.83273941766221" lon="121.50857152169887">
        <ele>2.4893520837649703</ele>
        <time>2024-08-20T13:46:01Z</time>
        <extensions>
          <gpxtpx:TrackPointExtension>
            <gpxtpx:hr>97</gpxtpx:hr>
          </gpxtpx:TrackPointExtension>
        </extensions>
      </trkpt>
      <trkpt lat="38.83273189478361" lon="121.50857497670266">
        <ele>2.512263753451407</ele>
        <time>2024-08-20T13:46:02Z</time>
        <extensions>
          <gpxtpx:TrackPointExtension>
            <gpxtpx:hr>97</gpxtpx:hr>
          </gpxtpx:TrackPointExtension>
        </extensions>
      </trkpt>
      <trkpt lat="38.83272382499671" lon="121.50857663063881">
        <ele>2.544357585720718</ele>
        <time>2024-08-20T13:46:03Z</time>
        <extensions>
          <gpxtpx:TrackPointExtension>
            <gpxtpx:hr>97</gpxtpx:hr>
          </gpxtpx:TrackPointExtension>
        </extensions>
      </trkpt>
      <trkpt lat="38.832715633341" lon="121.50857646676641">
        <ele>2.581787713803351</ele>
        <time>2024-08-20T13:46:04Z</time>
        <extensions>
          <gpxtpx:TrackPointExtension>
            <gpxtpx:hr>97</gpxtpx:hr>
          </gpxtpx:TrackPointExtension>
        </extensions>
      </trkpt>
      <trkpt lat="38.8327080634387" lon="121.5085755265087">
        <ele>2.614852816797793</ele>
        <time>2024-08-20T13:46:05Z</time>
        <extensions>
          <gpxtpx:TrackPointExtension>
            <gpxtpx:hr>92</gpxtpx:hr>
          </gpxtpx:TrackPointExtension>
        </extensions>
      </trkpt>
      <trkpt lat="38.83270449832277" lon="121.50857498550249">
        <ele>2.6520435828715563</ele>
        <time>2024-08-20T13:46:06Z</time>
        <extensions>
          <gpxtpx:TrackPointExtension>
            <gpxtpx:hr>92</gpxtpx:hr>
          </gpxtpx:TrackPointExtension>
        </extensions>
      </trkpt>
      <trkpt lat="38.832704373601146" lon="121.50857460587248">
        <ele>2.7009347900748253</ele>
        <time>2024-08-20T13:46:07Z</time>
        <extensions>
          <gpxtpx:TrackPointExtension>
            <gpxtpx:hr>92</gpxtpx:hr>
          </gpxtpx:TrackPointExtension>
        </extensions>
      </trkpt>
      <trkpt lat="38.83270441887249" lon="121.50857436161586">
        <ele>2.756358729675412</ele>
        <time>2024-08-20T13:46:08Z</time>
        <extensions>
          <gpxtpx:TrackPointExtension>
            <gpxtpx:hr>92</gpxtpx:hr>
          </gpxtpx:TrackPointExtension>
        </extensions>
      </trkpt>
      <trkpt lat="38.83270418339218" lon="121.50857437206396">
        <ele>2.808625288307667</ele>
        <time>2024-08-20T13:46:09Z</time>
        <extensions>
          <gpxtpx:TrackPointExtension>
            <gpxtpx:hr>94</gpxtpx:hr>
          </gpxtpx:TrackPointExtension>
        </extensions>
      </trkpt>
      <trkpt lat="38.83270150886553" lon="121.50857599004154">
        <ele>2.8611322520300746</ele>
        <time>2024-08-20T13:46:10Z</time>
        <extensions>
          <gpxtpx:TrackPointExtension>
            <gpxtpx:hr>94</gpxtpx:hr>
          </gpxtpx:TrackPointExtension>
        </extensions>
      </trkpt>
      <trkpt lat="38.83269491805947" lon="121.50858028747147">
        <ele>2.8980936482548714</ele>
        <time>2024-08-20T13:46:11Z</time>
        <extensions>
          <gpxtpx:TrackPointExtension>
            <gpxtpx:hr>94</gpxtpx:hr>
          </gpxtpx:TrackPointExtension>
        </extensions>
      </trkpt>
      <trkpt lat="38.83268576669121" lon="121.50858659485235">
        <ele>2.9165108911693096</ele>
        <time>2024-08-20T13:46:12Z</time>
        <extensions>
          <gpxtpx:TrackPointExtension>
            <gpxtpx:hr>94</gpxtpx:hr>
          </gpxtpx:TrackPointExtension>
        </extensions>
      </trkpt>
      <trkpt lat="38.832675531570075" lon="121.50859389380686">
        <ele>2.9007703233510256</ele>
        <time>2024-08-20T13:46:13Z</time>
        <extensions>
          <gpxtpx:TrackPointExtension>
            <gpxtpx:hr>94</gpxtpx:hr>
          </gpxtpx:TrackPointExtension>
        </extensions>
      </trkpt>
      <trkpt lat="38.83266504496382" lon="121.50860119517746">
        <ele>2.8671178072690964</ele>
        <time>2024-08-20T13:46:14Z</time>
        <extensions>
          <gpxtpx:TrackPointExtension>
            <gpxtpx:hr>94</gpxtpx:hr>
          </gpxtpx:TrackPointExtension>
        </extensions>
      </trkpt>
      <trkpt lat="38.83265466366922" lon="121.5086078493018">
        <ele>2.8227025577798486</ele>
        <time>2024-08-20T13:46:15Z</time>
        <extensions>
          <gpxtpx:TrackPointExtension>
            <gpxtpx:hr>94</gpxtpx:hr>
          </gpxtpx:TrackPointExtension>
        </extensions>
      </trkpt>
      <trkpt lat="38.83264444010237" lon="121.5086138697583">
        <ele>2.781278441660106</ele>
        <time>2024-08-20T13:46:16Z</time>
        <extensions>
          <gpxtpx:TrackPointExtension>
            <gpxtpx:hr>94</gpxtpx:hr>
          </gpxtpx:TrackPointExtension>
        </extensions>
      </trkpt>
      <trkpt lat="38.8326341768179" lon="121.50861941666">
        <ele>2.737730107270181</ele>
        <time>2024-08-20T13:46:17Z</time>
        <extensions>
          <gpxtpx:TrackPointExtension>
            <gpxtpx:hr>98</gpxtpx:hr>
          </gpxtpx:TrackPointExtension>
        </extensions>
      </trkpt>
      <trkpt lat="38.83262407002154" lon="121.50862452056363">
        <ele>2.7017153734341264</ele>
        <time>2024-08-20T13:46:18Z</time>
        <extensions>
          <gpxtpx:TrackPointExtension>
            <gpxtpx:hr>98</gpxtpx:hr>
          </gpxtpx:TrackPointExtension>
        </extensions>
      </trkpt>
      <trkpt lat="38.83261439960747" lon="121.50862920441372">
        <ele>2.6663841400295496</ele>
        <time>2024-08-20T13:46:19Z</time>
        <extensions>
          <gpxtpx:TrackPointExtension>
            <gpxtpx:hr>98</gpxtpx:hr>
          </gpxtpx:TrackPointExtension>
        </extensions>
      </trkpt>
      <trkpt lat="38.83260560698759" lon="121.5086333900622">
        <ele>2.625266283750534</ele>
        <time>2024-08-20T13:46:20Z</time>
        <extensions>
          <gpxtpx:TrackPointExtension>
            <gpxtpx:hr>98</gpxtpx:hr>
          </gpxtpx:TrackPointExtension>
        </extensions>
      </trkpt>
      <trkpt lat="38.83259730537592" lon="121.50863726483348">
        <ele>2.5872580567374825</ele>
        <time>2024-08-20T13:46:21Z</time>
        <extensions>
          <gpxtpx:TrackPointExtension>
            <gpxtpx:hr>98</gpxtpx:hr>
          </gpxtpx:TrackPointExtension>
        </extensions>
      </trkpt>
      <trkpt lat="38.8325883849352" lon="121.50864117224528">
        <ele>2.544352041557431</ele>
        <time>2024-08-20T13:46:22Z</time>
        <extensions>
          <gpxtpx:TrackPointExtension>
            <gpxtpx:hr>98</gpxtpx:hr>
          </gpxtpx:TrackPointExtension>
        </extensions>
      </trkpt>
      <trkpt lat="38.83257870956897" lon="121.50864517810916">
        <ele>2.5053564365953207</ele>
        <time>2024-08-20T13:46:23Z</time>
        <extensions>
          <gpxtpx:TrackPointExtension>
            <gpxtpx:hr>98</gpxtpx:hr>
          </gpxtpx:TrackPointExtension>
        </extensions>
      </trkpt>
      <trkpt lat="38.832568871432066" lon="121.50864897780515">
        <ele>2.4729848615825176</ele>
        <time>2024-08-20T13:46:24Z</time>
        <extensions>
          <gpxtpx:TrackPointExtension>
            <gpxtpx:hr>98</gpxtpx:hr>
          </gpxtpx:TrackPointExtension>
        </extensions>
      </trkpt>
      <trkpt lat="38.83255920827857" lon="121.50865230037351">
        <ele>2.4541926234960556</ele>
        <time>2024-08-20T13:46:25Z</time>
        <extensions>
          <gpxtpx:TrackPointExtension>
            <gpxtpx:hr>98</gpxtpx:hr>
          </gpxtpx:TrackPointExtension>
        </extensions>
      </trkpt>
      <trkpt lat="38.83254934706281" lon="121.50865551079418">
        <ele>2.4493126524612308</ele>
        <time>2024-08-20T13:46:26Z</time>
        <extensions>
          <gpxtpx:TrackPointExtension>
            <gpxtpx:hr>98</gpxtpx:hr>
          </gpxtpx:TrackPointExtension>
        </extensions>
      </trkpt>
      <trkpt lat="38.83253841229183" lon="121.50865906391306">
        <ele>2.4589103804901242</ele>
        <time>2024-08-20T13:46:27Z</time>
        <extensions>
          <gpxtpx:TrackPointExtension>
            <gpxtpx:hr>98</gpxtpx:hr>
          </gpxtpx:TrackPointExtension>
        </extensions>
      </trkpt>
      <trkpt lat="38.83252629780843" lon="121.50866302423985">
        <ele>2.4726163428276777</ele>
        <time>2024-08-20T13:46:28Z</time>
        <extensions>
          <gpxtpx:TrackPointExtension>
            <gpxtpx:hr>98</gpxtpx:hr>
          </gpxtpx:TrackPointExtension>
        </extensions>
      </trkpt>
      <trkpt lat="38.83251446490624" lon="121.50866698076021">
        <ele>2.496292542666197</ele>
        <time>2024-08-20T13:46:29Z</time>
        <extensions>
          <gpxtpx:TrackPointExtension>
            <gpxtpx:hr>98</gpxtpx:hr>
          </gpxtpx:TrackPointExtension>
        </extensions>
      </trkpt>
      <trkpt lat="38.83250334877888" lon="121.50866985036869">
        <ele>2.519081444479525</ele>
        <time>2024-08-20T13:46:30Z</time>
        <extensions>
          <gpxtpx:TrackPointExtension>
            <gpxtpx:hr>98</gpxtpx:hr>
          </gpxtpx:TrackPointExtension>
        </extensions>
      </trkpt>
      <trkpt lat="38.83249229252091" lon="121.5086714341306">
        <ele>2.5412619980052114</ele>
        <time>2024-08-20T13:46:31Z</time>
        <extensions>
          <gpxtpx:TrackPointExtension>
            <gpxtpx:hr>98</gpxtpx:hr>
          </gpxtpx:TrackPointExtension>
        </extensions>
      </trkpt>
      <trkpt lat="38.83248143790811" lon="121.5086719530517">
        <ele>2.560440299101174</ele>
        <time>2024-08-20T13:46:32Z</time>
        <extensions>
          <gpxtpx:TrackPointExtension>
            <gpxtpx:hr>98</gpxtpx:hr>
          </gpxtpx:TrackPointExtension>
        </extensions>
      </trkpt>
      <trkpt lat="38.832470647996836" lon="121.50867173255561">
        <ele>2.588305538520217</ele>
        <time>2024-08-20T13:46:33Z</time>
        <extensions>
          <gpxtpx:TrackPointExtension>
            <gpxtpx:hr>98</gpxtpx:hr>
          </gpxtpx:TrackPointExtension>
        </extensions>
      </trkpt>
      <trkpt lat="38.832459618399255" lon="121.50867142985713">
        <ele>2.612368956208229</ele>
        <time>2024-08-20T13:46:34Z</time>
        <extensions>
          <gpxtpx:TrackPointExtension>
            <gpxtpx:hr>98</gpxtpx:hr>
          </gpxtpx:TrackPointExtension>
        </extensions>
      </trkpt>
      <trkpt lat="38.83244888210351" lon="121.50867149767143">
        <ele>2.6287995846942067</ele>
        <time>2024-08-20T13:46:35Z</time>
        <extensions>
          <gpxtpx:TrackPointExtension>
            <gpxtpx:hr>91</gpxtpx:hr>
          </gpxtpx:TrackPointExtension>
        </extensions>
      </trkpt>
      <trkpt lat="38.83243841399572" lon="121.50867174022201">
        <ele>2.6555760642513633</ele>
        <time>2024-08-20T13:46:35Z</time>
        <extensions>
          <gpxtpx:TrackPointExtension>
            <gpxtpx:hr>91</gpxtpx:hr>
          </gpxtpx:TrackPointExtension>
        </extensions>
      </trkpt>
      <trkpt lat="38.83242745527565" lon="121.5086714962406">
        <ele>2.6814270094037056</ele>
        <time>2024-08-20T13:46:36Z</time>
        <extensions>
          <gpxtpx:TrackPointExtension>
            <gpxtpx:hr>91</gpxtpx:hr>
          </gpxtpx:TrackPointExtension>
        </extensions>
      </trkpt>
      <trkpt lat="38.83241612993046" lon="121.50867083519526">
        <ele>2.7190727023407817</ele>
        <time>2024-08-20T13:46:37Z</time>
        <extensions>
          <gpxtpx:TrackPointExtension>
            <gpxtpx:hr>91</gpxtpx:hr>
          </gpxtpx:TrackPointExtension>
        </extensions>
      </trkpt>
      <trkpt lat="38.832404697058365" lon="121.5086694735243">
        <ele>2.751775267533958</ele>
        <time>2024-08-20T13:46:38Z</time>
        <extensions>
          <gpxtpx:TrackPointExtension>
            <gpxtpx:hr>92</gpxtpx:hr>
          </gpxtpx:TrackPointExtension>
        </extensions>
      </trkpt>
      <trkpt lat="38.83239303309353" lon="121.50866683464298">
        <ele>2.7665405925363302</ele>
        <time>2024-08-20T13:46:39Z</time>
        <extensions>
          <gpxtpx:TrackPointExtension>
            <gpxtpx:hr>92</gpxtpx:hr>
          </gpxtpx:TrackPointExtension>
        </extensions>
      </trkpt>
      <trkpt lat="38.832381938037926" lon="121.50866399452045">
        <ele>2.7863902347162366</ele>
        <time>2024-08-20T13:46:40Z</time>
        <extensions>
          <gpxtpx:TrackPointExtension>
            <gpxtpx:hr>92</gpxtpx:hr>
          </gpxtpx:TrackPointExtension>
        </extensions>
      </trkpt>
      <trkpt lat="38.83237199727149" lon="121.50866203940006">
        <ele>2.8086808966472745</ele>
        <time>2024-08-20T13:46:41Z</time>
        <extensions>
          <gpxtpx:TrackPointExtension>
            <gpxtpx:hr>92</gpxtpx:hr>
          </gpxtpx:TrackPointExtension>
        </extensions>
      </trkpt>
      <trkpt lat="38.8323620367323" lon="121.5086599700876">
        <ele>2.818897274322808</ele>
        <time>2024-08-20T13:46:42Z</time>
        <extensions>
          <gpxtpx:TrackPointExtension>
            <gpxtpx:hr>89</gpxtpx:hr>
          </gpxtpx:TrackPointExtension>
        </extensions>
      </trkpt>
      <trkpt lat="38.83235172193137" lon="121.50865735456355">
        <ele>2.8309818878769875</ele>
        <time>2024-08-20T13:46:43Z</time>
        <extensions>
          <gpxtpx:TrackPointExtension>
            <gpxtpx:hr>89</gpxtpx:hr>
          </gpxtpx:TrackPointExtension>
        </extensions>
      </trkpt>
      <trkpt lat="38.83234236260665" lon="121.50865449791189">
        <ele>2.8467763187363744</ele>
        <time>2024-08-20T13:46:44Z</time>
        <extensions>
          <gpxtpx:TrackPointExtension>
            <gpxtpx:hr>89</gpxtpx:hr>
          </gpxtpx:TrackPointExtension>
        </extensions>
      </trkpt>
      <trkpt lat="38.83233328808203" lon="121.50865187130107">
        <ele>2.861208819784224</ele>
        <time>2024-08-20T13:46:45Z</time>
        <extensions>
          <gpxtpx:TrackPointExtension>
            <gpxtpx:hr>89</gpxtpx:hr>
          </gpxtpx:TrackPointExtension>
        </extensions>
      </trkpt>
      <trkpt lat="38.8323231573004" lon="121.50864957615136">
        <ele>2.883509587496519</ele>
        <time>2024-08-20T13:46:46Z</time>
        <extensions>
          <gpxtpx:TrackPointExtension>
            <gpxtpx:hr>89</gpxtpx:hr>
          </gpxtpx:TrackPointExtension>
        </extensions>
      </trkpt>
      <trkpt lat="38.832311817064486" lon="121.5086473745902">
        <ele>2.893590153194964</ele>
        <time>2024-08-20T13:46:47Z</time>
        <extensions>
          <gpxtpx:TrackPointExtension>
            <gpxtpx:hr>89</gpxtpx:hr>
          </gpxtpx:TrackPointExtension>
        </extensions>
      </trkpt>
      <trkpt lat="38.83230022496787" lon="121.50864518816151">
        <ele>2.9057586742565036</ele>
        <time>2024-08-20T13:46:48Z</time>
        <extensions>
          <gpxtpx:TrackPointExtension>
            <gpxtpx:hr>89</gpxtpx:hr>
          </gpxtpx:TrackPointExtension>
        </extensions>
      </trkpt>
      <trkpt lat="38.832288951029774" lon="121.50864319978777">
        <ele>2.9051725091412663</ele>
        <time>2024-08-20T13:46:49Z</time>
        <extensions>
          <gpxtpx:TrackPointExtension>
            <gpxtpx:hr>89</gpxtpx:hr>
          </gpxtpx:TrackPointExtension>
        </extensions>
      </trkpt>
      <trkpt lat="38.83227808238191" lon="121.50864111710868">
        <ele>2.8925450015813112</ele>
        <time>2024-08-20T13:46:50Z</time>
        <extensions>
          <gpxtpx:TrackPointExtension>
            <gpxtpx:hr>89</gpxtpx:hr>
          </gpxtpx:TrackPointExtension>
        </extensions>
      </trkpt>
      <trkpt lat="38.832266964899254" lon="121.50863805161576">
        <ele>2.8582338355481625</ele>
        <time>2024-08-20T13:46:51Z</time>
        <extensions>
          <gpxtpx:TrackPointExtension>
            <gpxtpx:hr>90</gpxtpx:hr>
          </gpxtpx:TrackPointExtension>
        </extensions>
      </trkpt>
      <trkpt lat="38.8322544918359" lon="121.50863351169443">
        <ele>2.796635501086712</ele>
        <time>2024-08-20T13:46:52Z</time>
        <extensions>
          <gpxtpx:TrackPointExtension>
            <gpxtpx:hr>90</gpxtpx:hr>
          </gpxtpx:TrackPointExtension>
        </extensions>
      </trkpt>
      <trkpt lat="38.832242063241175" lon="121.50862860093456">
        <ele>2.7273520696908236</ele>
        <time>2024-08-20T13:46:53Z</time>
        <extensions>
          <gpxtpx:TrackPointExtension>
            <gpxtpx:hr>90</gpxtpx:hr>
          </gpxtpx:TrackPointExtension>
        </extensions>
      </trkpt>
      <trkpt lat="38.8322290521127" lon="121.50862258908138">
        <ele>2.6418344490230083</ele>
        <time>2024-08-20T13:46:54Z</time>
        <extensions>
          <gpxtpx:TrackPointExtension>
            <gpxtpx:hr>90</gpxtpx:hr>
          </gpxtpx:TrackPointExtension>
        </extensions>
      </trkpt>
      <trkpt lat="38.83221567397976" lon="121.5086152668491">
        <ele>2.5794556569308043</ele>
        <time>2024-08-20T13:46:55Z</time>
        <extensions>
          <gpxtpx:TrackPointExtension>
            <gpxtpx:hr>90</gpxtpx:hr>
          </gpxtpx:TrackPointExtension>
        </extensions>
      </trkpt>
      <trkpt lat="38.832200129179746" lon="121.50860572256778">
        <ele>2.538392617367208</ele>
        <time>2024-08-20T13:46:56Z</time>
        <extensions>
          <gpxtpx:TrackPointExtension>
            <gpxtpx:hr>90</gpxtpx:hr>
          </gpxtpx:TrackPointExtension>
        </extensions>
      </trkpt>
      <trkpt lat="38.83218104017127" lon="121.50859329807527">
        <ele>2.498946338891983</ele>
        <time>2024-08-20T13:46:57Z</time>
        <extensions>
          <gpxtpx:TrackPointExtension>
            <gpxtpx:hr>90</gpxtpx:hr>
          </gpxtpx:TrackPointExtension>
        </extensions>
      </trkpt>
      <trkpt lat="38.83216474268026" lon="121.50858183526344">
        <ele>2.4603641936555505</ele>
        <time>2024-08-20T13:46:58Z</time>
        <extensions>
          <gpxtpx:TrackPointExtension>
            <gpxtpx:hr>91</gpxtpx:hr>
          </gpxtpx:TrackPointExtension>
        </extensions>
      </trkpt>
      <trkpt lat="38.832150677697115" lon="121.50857159443268">
        <ele>2.433767754584551</ele>
        <time>2024-08-20T13:46:59Z</time>
        <extensions>
          <gpxtpx:TrackPointExtension>
            <gpxtpx:hr>91</gpxtpx:hr>
          </gpxtpx:TrackPointExtension>
        </extensions>
      </trkpt>
      <trkpt lat="38.832135351966514" lon="121.50856118076948">
        <ele>2.3957194918766618</ele>
        <time>2024-08-20T13:47:00Z</time>
        <extensions>
          <gpxtpx:TrackPointExtension>
            <gpxtpx:hr>91</gpxtpx:hr>
          </gpxtpx:TrackPointExtension>
        </extensions>
      </trkpt>
      <trkpt lat="38.83211753306281" lon="121.50854808516378">
        <ele>2.3519103107973933</ele>
        <time>2024-08-20T13:47:01Z</time>
        <extensions>
          <gpxtpx:TrackPointExtension>
            <gpxtpx:hr>98</gpxtpx:hr>
          </gpxtpx:TrackPointExtension>
        </extensions>
      </trkpt>
      <trkpt lat="38.83209573806034" lon="121.50853089522799">
        <ele>2.3210966447368264</ele>
        <time>2024-08-20T13:47:02Z</time>
        <extensions>
          <gpxtpx:TrackPointExtension>
            <gpxtpx:hr>98</gpxtpx:hr>
          </gpxtpx:TrackPointExtension>
        </extensions>
      </trkpt>
      <trkpt lat="38.83207252947658" lon="121.50851328802021">
        <ele>2.2897422490641475</ele>
        <time>2024-08-20T13:47:03Z</time>
        <extensions>
          <gpxtpx:TrackPointExtension>
            <gpxtpx:hr>98</gpxtpx:hr>
          </gpxtpx:TrackPointExtension>
        </extensions>
      </trkpt>
      <trkpt lat="38.832050061688" lon="121.50849692043569">
        <ele>2.2831349996849895</ele>
        <time>2024-08-20T13:47:04Z</time>
        <extensions>
          <gpxtpx:TrackPointExtension>
            <gpxtpx:hr>98</gpxtpx:hr>
          </gpxtpx:TrackPointExtension>
        </extensions>
      </trkpt>
      <trkpt lat="38.83202769670314" lon="121.50848132650644">
        <ele>2.299538565799594</ele>
        <time>2024-08-20T13:47:05Z</time>
        <extensions>
          <gpxtpx:TrackPointExtension>
            <gpxtpx:hr>98</gpxtpx:hr>
          </gpxtpx:TrackPointExtension>
        </extensions>
      </trkpt>
      <trkpt lat="38.832004812537484" lon="121.50846613633439">
        <ele>2.3092334670946</ele>
        <time>2024-08-20T13:47:06Z</time>
        <extensions>
          <gpxtpx:TrackPointExtension>
            <gpxtpx:hr>103</gpxtpx:hr>
          </gpxtpx:TrackPointExtension>
        </extensions>
      </trkpt>
      <trkpt lat="38.831982313889256" lon="121.50845107492127">
        <ele>2.3266310188919306</ele>
        <time>2024-08-20T13:47:07Z</time>
        <extensions>
          <gpxtpx:TrackPointExtension>
            <gpxtpx:hr>103</gpxtpx:hr>
          </gpxtpx:TrackPointExtension>
        </extensions>
      </trkpt>
      <trkpt lat="38.83196110522316" lon="121.50843530595228">
        <ele>2.3414572328329086</ele>
        <time>2024-08-20T13:47:08Z</time>
        <extensions>
          <gpxtpx:TrackPointExtension>
            <gpxtpx:hr>103</gpxtpx:hr>
          </gpxtpx:TrackPointExtension>
        </extensions>
      </trkpt>
      <trkpt lat="38.83194183265651" lon="121.50841796853645">
        <ele>2.360303197056055</ele>
        <time>2024-08-20T13:47:09Z</time>
        <extensions>
          <gpxtpx:TrackPointExtension>
            <gpxtpx:hr>103</gpxtpx:hr>
          </gpxtpx:TrackPointExtension>
        </extensions>
      </trkpt>
      <trkpt lat="38.83192472861979" lon="121.50839958531354">
        <ele>2.3720380906015635</ele>
        <time>2024-08-20T13:47:10Z</time>
        <extensions>
          <gpxtpx:TrackPointExtension>
            <gpxtpx:hr>103</gpxtpx:hr>
          </gpxtpx:TrackPointExtension>
        </extensions>
      </trkpt>
      <trkpt lat="38.831909249499326" lon="121.50838120035932">
        <ele>2.385157828219235</ele>
        <time>2024-08-20T13:47:11Z</time>
        <extensions>
          <gpxtpx:TrackPointExtension>
            <gpxtpx:hr>103</gpxtpx:hr>
          </gpxtpx:TrackPointExtension>
        </extensions>
      </trkpt>
      <trkpt lat="38.831894732072705" lon="121.50836276484465">
        <ele>2.4060770887881517</ele>
        <time>2024-08-20T13:47:12Z</time>
        <extensions>
          <gpxtpx:TrackPointExtension>
            <gpxtpx:hr>103</gpxtpx:hr>
          </gpxtpx:TrackPointExtension>
        </extensions>
      </trkpt>
      <trkpt lat="38.831881222646416" lon="121.50834335711976">
        <ele>2.4453653544187546</ele>
        <time>2024-08-20T13:47:13Z</time>
        <extensions>
          <gpxtpx:TrackPointExtension>
            <gpxtpx:hr>103</gpxtpx:hr>
          </gpxtpx:TrackPointExtension>
        </extensions>
      </trkpt>
      <trkpt lat="38.831869437224775" lon="121.50832338076067">
        <ele>2.4675685707479715</ele>
        <time>2024-08-20T13:47:14Z</time>
        <extensions>
          <gpxtpx:TrackPointExtension>
            <gpxtpx:hr>103</gpxtpx:hr>
          </gpxtpx:TrackPointExtension>
        </extensions>
      </trkpt>
      <trkpt lat="38.83185937454817" lon="121.50830499960851">
        <ele>2.4963470306247473</ele>
        <time>2024-08-20T13:47:15Z</time>
        <extensions>
          <gpxtpx:TrackPointExtension>
            <gpxtpx:hr>103</gpxtpx:hr>
          </gpxtpx:TrackPointExtension>
        </extensions>
      </trkpt>
      <trkpt lat="38.831850472745764" lon="121.50828896827609">
        <ele>2.5254071336239576</ele>
        <time>2024-08-20T13:47:16Z</time>
        <extensions>
          <gpxtpx:TrackPointExtension>
            <gpxtpx:hr>103</gpxtpx:hr>
          </gpxtpx:TrackPointExtension>
        </extensions>
      </trkpt>
      <trkpt lat="38.8318425363886" lon="121.50827379090848">
        <ele>2.5514584137126803</ele>
        <time>2024-08-20T13:47:17Z</time>
        <extensions>
          <gpxtpx:TrackPointExtension>
            <gpxtpx:hr>103</gpxtpx:hr>
          </gpxtpx:TrackPointExtension>
        </extensions>
      </trkpt>
      <trkpt lat="38.83183549132035" lon="121.50825943062935">
        <ele>2.5825437186285853</ele>
        <time>2024-08-20T13:47:18Z</time>
      </trkpt>
      <trkpt lat="38.83182982726081" lon="121.50824791040432">
        <ele>2.6149321170523763</ele>
        <time>2024-08-20T13:47:19Z</time>
      </trkpt>
      <trkpt lat="38.83182565254468" lon="121.50823828946947">
        <ele>2.6439731745049357</ele>
        <time>2024-08-20T13:47:20Z</time>
      </trkpt>
      <trkpt lat="38.83182150010252" lon="121.50822725250475">
        <ele>2.678454052656889</ele>
        <time>2024-08-20T13:47:21Z</time>
      </trkpt>
      <trkpt lat="38.83181642250807" lon="121.50821399173138">
        <ele>2.7048097597435117</ele>
        <time>2024-08-20T13:47:22Z</time>
      </trkpt>
      <trkpt lat="38.83181073999334" lon="121.50819961916385">
        <ele>2.727800359018147</ele>
        <time>2024-08-20T13:47:23Z</time>
      </trkpt>
      <trkpt lat="38.83180484469515" lon="121.50818520230497">
        <ele>2.7422136748209596</ele>
        <time>2024-08-20T13:47:24Z</time>
      </trkpt>
      <trkpt lat="38.83179848362154" lon="121.5081706691743">
        <ele>2.760566661134362</ele>
        <time>2024-08-20T13:47:25Z</time>
      </trkpt>
      <trkpt lat="38.83179065951423" lon="121.50815438027922">
        <ele>2.7698553055524826</ele>
        <time>2024-08-20T13:47:26Z</time>
      </trkpt>
      <trkpt lat="38.83178121141061" lon="121.50813539536423">
        <ele>2.7770543452352285</ele>
        <time>2024-08-20T13:47:27Z</time>
      </trkpt>
      <trkpt lat="38.83177105969005" lon="121.5081155569564">
        <ele>2.787411469966173</ele>
        <time>2024-08-20T13:47:28Z</time>
      </trkpt>
      <trkpt lat="38.83176074422977" lon="121.50809688093479">
        <ele>2.8020918434485793</ele>
        <time>2024-08-20T13:47:29Z</time>
      </trkpt>
      <trkpt lat="38.83175025943197" lon="121.50807976384816">
        <ele>2.8101404486224055</ele>
        <time>2024-08-20T13:47:30Z</time>
      </trkpt>
      <trkpt lat="38.83174006610707" lon="121.50806286631784">
        <ele>2.818880350328982</ele>
        <time>2024-08-20T13:47:31Z</time>
      </trkpt>
      <trkpt lat="38.83173031277902" lon="121.50804521852537">
        <ele>2.8287829430773854</ele>
        <time>2024-08-20T13:47:32Z</time>
      </trkpt>
      <trkpt lat="38.831720655897975" lon="121.5080273123749">
        <ele>2.8519267346709967</ele>
        <time>2024-08-20T13:47:33Z</time>
      </trkpt>
      <trkpt lat="38.83171061605662" lon="121.50801002293007">
        <ele>2.8697888385504484</ele>
        <time>2024-08-20T13:47:34Z</time>
      </trkpt>
      <trkpt lat="38.831699512852495" lon="121.50799339357145">
        <ele>2.8895845720544457</ele>
        <time>2024-08-20T13:47:35Z</time>
      </trkpt>
      <trkpt lat="38.83168766209416" lon="121.50797646889342">
        <ele>2.9205866400152445</ele>
        <time>2024-08-20T13:47:36Z</time>
      </trkpt>
      <trkpt lat="38.831676433524635" lon="121.50795889234362">
        <ele>2.9589487593621016</ele>
        <time>2024-08-20T13:47:37Z</time>
        <extensions>
          <gpxtpx:TrackPointExtension>
            <gpxtpx:hr>107</gpxtpx:hr>
          </gpxtpx:TrackPointExtension>
        </extensions>
      </trkpt>
      <trkpt lat="38.83166703751397" lon="121.50794230340519">
        <ele>2.9987970674410462</ele>
        <time>2024-08-20T13:47:38Z</time>
        <extensions>
          <gpxtpx:TrackPointExtension>
            <gpxtpx:hr>107</gpxtpx:hr>
          </gpxtpx:TrackPointExtension>
        </extensions>
      </trkpt>
      <trkpt lat="38.83166064339633" lon="121.50792885083771">
        <ele>3.053145836107433</ele>
        <time>2024-08-20T13:47:39Z</time>
        <extensions>
          <gpxtpx:TrackPointExtension>
            <gpxtpx:hr>107</gpxtpx:hr>
          </gpxtpx:TrackPointExtension>
        </extensions>
      </trkpt>
      <trkpt lat="38.83165711087906" lon="121.50791950421296">
        <ele>3.117146885022521</ele>
        <time>2024-08-20T13:47:40Z</time>
        <extensions>
          <gpxtpx:TrackPointExtension>
            <gpxtpx:hr>107</gpxtpx:hr>
          </gpxtpx:TrackPointExtension>
        </extensions>
      </trkpt>
      <trkpt lat="38.831654512043926" lon="121.50791289535073">
        <ele>3.1816936433315277</ele>
        <time>2024-08-20T13:47:41Z</time>
        <extensions>
          <gpxtpx:TrackPointExtension>
            <gpxtpx:hr>107</gpxtpx:hr>
          </gpxtpx:TrackPointExtension>
        </extensions>
      </trkpt>
      <trkpt lat="38.83165137532145" lon="121.507907509954">
        <ele>3.25056363735348</ele>
        <time>2024-08-20T13:47:42Z</time>
        <extensions>
          <gpxtpx:TrackPointExtension>
            <gpxtpx:hr>107</gpxtpx:hr>
          </gpxtpx:TrackPointExtension>
        </extensions>
      </trkpt>
      <trkpt lat="38.831647856396934" lon="121.5079037304296">
        <ele>3.3309371788054705</ele>
        <time>2024-08-20T13:47:44Z</time>
        <extensions>
          <gpxtpx:TrackPointExtension>
            <gpxtpx:hr>107</gpxtpx:hr>
          </gpxtpx:TrackPointExtension>
        </extensions>
      </trkpt>
      <trkpt lat="38.83164401051061" lon="121.50790110799798">
        <ele>3.4206161918118596</ele>
        <time>2024-08-20T13:47:44Z</time>
        <extensions>
          <gpxtpx:TrackPointExtension>
            <gpxtpx:hr>107</gpxtpx:hr>
          </gpxtpx:TrackPointExtension>
        </extensions>
      </trkpt>
      <trkpt lat="38.83163804558262" lon="121.50789722570079">
        <ele>3.513286623172462</ele>
        <time>2024-08-20T13:47:45Z</time>
        <extensions>
          <gpxtpx:TrackPointExtension>
            <gpxtpx:hr>107</gpxtpx:hr>
          </gpxtpx:TrackPointExtension>
        </extensions>
      </trkpt>
      <trkpt lat="38.831628382862505" lon="121.50789007998314">
        <ele>3.5970950508490205</ele>
        <time>2024-08-20T13:47:46Z</time>
        <extensions>
          <gpxtpx:TrackPointExtension>
            <gpxtpx:hr>107</gpxtpx:hr>
          </gpxtpx:TrackPointExtension>
        </extensions>
      </trkpt>
      <trkpt lat="38.83161532070044" lon="121.50787991329513">
        <ele>3.6736293407157063</ele>
        <time>2024-08-20T13:47:47Z</time>
        <extensions>
          <gpxtpx:TrackPointExtension>
            <gpxtpx:hr>107</gpxtpx:hr>
          </gpxtpx:TrackPointExtension>
        </extensions>
      </trkpt>
      <trkpt lat="38.83160041610538" lon="121.50786839476416">
        <ele>3.7432622415944934</ele>
        <time>2024-08-20T13:47:48Z</time>
        <extensions>
          <gpxtpx:TrackPointExtension>
            <gpxtpx:hr>107</gpxtpx:hr>
          </gpxtpx:TrackPointExtension>
        </extensions>
      </trkpt>
      <trkpt lat="38.831586424215786" lon="121.50785838253853">
        <ele>3.8226151606068015</ele>
        <time>2024-08-20T13:47:49Z</time>
        <extensions>
          <gpxtpx:TrackPointExtension>
            <gpxtpx:hr>107</gpxtpx:hr>
          </gpxtpx:TrackPointExtension>
        </extensions>
      </trkpt>
      <trkpt lat="38.8315755212549" lon="121.50785155523636">
        <ele>3.8858564663678408</ele>
        <time>2024-08-20T13:47:50Z</time>
        <extensions>
          <gpxtpx:TrackPointExtension>
            <gpxtpx:hr>107</gpxtpx:hr>
          </gpxtpx:TrackPointExtension>
        </extensions>
      </trkpt>
      <trkpt lat="38.83156704344192" lon="121.50784661139733">
        <ele>3.9416335318237543</ele>
        <time>2024-08-20T13:47:51Z</time>
        <extensions>
          <gpxtpx:TrackPointExtension>
            <gpxtpx:hr>107</gpxtpx:hr>
          </gpxtpx:TrackPointExtension>
        </extensions>
      </trkpt>
      <trkpt lat="38.831557352051334" lon="121.50784033230127">
        <ele>3.9818146312609315</ele>
        <time>2024-08-20T13:47:52Z</time>
        <extensions>
          <gpxtpx:TrackPointExtension>
            <gpxtpx:hr>107</gpxtpx:hr>
          </gpxtpx:TrackPointExtension>
        </extensions>
      </trkpt>
      <trkpt lat="38.831543638887545" lon="121.50783102056285">
        <ele>4.0084307519719005</ele>
        <time>2024-08-20T13:47:53Z</time>
        <extensions>
          <gpxtpx:TrackPointExtension>
            <gpxtpx:hr>107</gpxtpx:hr>
          </gpxtpx:TrackPointExtension>
        </extensions>
      </trkpt>
      <trkpt lat="38.83152643783774" lon="121.50782085706409">
        <ele>4.0349148362874985</ele>
        <time>2024-08-20T13:47:54Z</time>
        <extensions>
          <gpxtpx:TrackPointExtension>
            <gpxtpx:hr>107</gpxtpx:hr>
          </gpxtpx:TrackPointExtension>
        </extensions>
      </trkpt>
      <trkpt lat="38.8315075295224" lon="121.50781145839048">
        <ele>4.049596921540797</ele>
        <time>2024-08-20T13:47:55Z</time>
        <extensions>
          <gpxtpx:TrackPointExtension>
            <gpxtpx:hr>107</gpxtpx:hr>
          </gpxtpx:TrackPointExtension>
        </extensions>
      </trkpt>
      <trkpt lat="38.83148843061476" lon="121.50780199443446">
        <ele>4.06814547162503</ele>
        <time>2024-08-20T13:47:56Z</time>
        <extensions>
          <gpxtpx:TrackPointExtension>
            <gpxtpx:hr>109</gpxtpx:hr>
          </gpxtpx:TrackPointExtension>
        </extensions>
      </trkpt>
      <trkpt lat="38.83146949950057" lon="121.5077928168007">
        <ele>4.08027358353138</ele>
        <time>2024-08-20T13:47:57Z</time>
        <extensions>
          <gpxtpx:TrackPointExtension>
            <gpxtpx:hr>109</gpxtpx:hr>
          </gpxtpx:TrackPointExtension>
        </extensions>
      </trkpt>
      <trkpt lat="38.83145055943244" lon="121.50778485971087">
        <ele>4.077364255674183</ele>
        <time>2024-08-20T13:47:58Z</time>
        <extensions>
          <gpxtpx:TrackPointExtension>
            <gpxtpx:hr>109</gpxtpx:hr>
          </gpxtpx:TrackPointExtension>
        </extensions>
      </trkpt>
      <trkpt lat="38.83143141083713" lon="121.50777814858232">
        <ele>4.047859002836049</ele>
        <time>2024-08-20T13:47:59Z</time>
        <extensions>
          <gpxtpx:TrackPointExtension>
            <gpxtpx:hr>109</gpxtpx:hr>
          </gpxtpx:TrackPointExtension>
        </extensions>
      </trkpt>
      <trkpt lat="38.831411944494754" lon="121.50777297389602">
        <ele>4.010064996778965</ele>
        <time>2024-08-20T13:48:00Z</time>
        <extensions>
          <gpxtpx:TrackPointExtension>
            <gpxtpx:hr>109</gpxtpx:hr>
          </gpxtpx:TrackPointExtension>
        </extensions>
      </trkpt>
      <trkpt lat="38.83139240875382" lon="121.50776873116976">
        <ele>3.9605396697297692</ele>
        <time>2024-08-20T13:48:01Z</time>
        <extensions>
          <gpxtpx:TrackPointExtension>
            <gpxtpx:hr>110</gpxtpx:hr>
          </gpxtpx:TrackPointExtension>
        </extensions>
      </trkpt>
      <trkpt lat="38.83137303958801" lon="121.50776435765856">
        <ele>3.9116308791562915</ele>
        <time>2024-08-20T13:48:02Z</time>
        <extensions>
          <gpxtpx:TrackPointExtension>
            <gpxtpx:hr>110</gpxtpx:hr>
          </gpxtpx:TrackPointExtension>
        </extensions>
      </trkpt>
      <trkpt lat="38.831353632707014" lon="121.50775911914735">
        <ele>3.8662704583257437</ele>
        <time>2024-08-20T13:48:03Z</time>
        <extensions>
          <gpxtpx:TrackPointExtension>
            <gpxtpx:hr>110</gpxtpx:hr>
          </gpxtpx:TrackPointExtension>
        </extensions>
      </trkpt>
      <trkpt lat="38.83133391040465" lon="121.50775418344055">
        <ele>3.80381899792701</ele>
        <time>2024-08-20T13:48:04Z</time>
        <extensions>
          <gpxtpx:TrackPointExtension>
            <gpxtpx:hr>110</gpxtpx:hr>
          </gpxtpx:TrackPointExtension>
        </extensions>
      </trkpt>
      <trkpt lat="38.83131369603314" lon="121.5077505569272">
        <ele>3.7284710370004177</ele>
        <time>2024-08-20T13:48:05Z</time>
        <extensions>
          <gpxtpx:TrackPointExtension>
            <gpxtpx:hr>110</gpxtpx:hr>
          </gpxtpx:TrackPointExtension>
        </extensions>
      </trkpt>
      <trkpt lat="38.83129268154117" lon="121.50774694820802">
        <ele>3.6535820746794343</ele>
        <time>2024-08-20T13:48:06Z</time>
        <extensions>
          <gpxtpx:TrackPointExtension>
            <gpxtpx:hr>112</gpxtpx:hr>
          </gpxtpx:TrackPointExtension>
        </extensions>
      </trkpt>
      <trkpt lat="38.83127118451192" lon="121.50774240098613">
        <ele>3.5792487105354667</ele>
        <time>2024-08-20T13:48:07Z</time>
        <extensions>
          <gpxtpx:TrackPointExtension>
            <gpxtpx:hr>112</gpxtpx:hr>
          </gpxtpx:TrackPointExtension>
        </extensions>
      </trkpt>
      <trkpt lat="38.831250122547985" lon="121.50773828337213">
        <ele>3.513144528493285</ele>
        <time>2024-08-20T13:48:08Z</time>
        <extensions>
          <gpxtpx:TrackPointExtension>
            <gpxtpx:hr>112</gpxtpx:hr>
          </gpxtpx:TrackPointExtension>
        </extensions>
      </trkpt>
      <trkpt lat="38.831229473495064" lon="121.50773563863167">
        <ele>3.447495996952057</ele>
        <time>2024-08-20T13:48:09Z</time>
        <extensions>
          <gpxtpx:TrackPointExtension>
            <gpxtpx:hr>112</gpxtpx:hr>
          </gpxtpx:TrackPointExtension>
        </extensions>
      </trkpt>
      <trkpt lat="38.83120849712635" lon="121.50773448591788">
        <ele>3.3796950485557318</ele>
        <time>2024-08-20T13:48:10Z</time>
        <extensions>
          <gpxtpx:TrackPointExtension>
            <gpxtpx:hr>112</gpxtpx:hr>
          </gpxtpx:TrackPointExtension>
        </extensions>
      </trkpt>
      <trkpt lat="38.83118725988422" lon="121.50773540445778">
        <ele>3.319215548224747</ele>
        <time>2024-08-20T13:48:11Z</time>
        <extensions>
          <gpxtpx:TrackPointExtension>
            <gpxtpx:hr>113</gpxtpx:hr>
          </gpxtpx:TrackPointExtension>
        </extensions>
      </trkpt>
      <trkpt lat="38.8311659735502" lon="121.5077384090451">
        <ele>3.281703632324934</ele>
        <time>2024-08-20T13:48:12Z</time>
        <extensions>
          <gpxtpx:TrackPointExtension>
            <gpxtpx:hr>113</gpxtpx:hr>
          </gpxtpx:TrackPointExtension>
        </extensions>
      </trkpt>
      <trkpt lat="38.8311441770717" lon="121.50774269368999">
        <ele>3.260203408077359</ele>
        <time>2024-08-20T13:48:13Z</time>
        <extensions>
          <gpxtpx:TrackPointExtension>
            <gpxtpx:hr>113</gpxtpx:hr>
          </gpxtpx:TrackPointExtension>
        </extensions>
      </trkpt>
      <trkpt lat="38.831121717463546" lon="121.50774784343227">
        <ele>3.238500989973545</ele>
        <time>2024-08-20T13:48:14Z</time>
        <extensions>
          <gpxtpx:TrackPointExtension>
            <gpxtpx:hr>113</gpxtpx:hr>
          </gpxtpx:TrackPointExtension>
        </extensions>
      </trkpt>
      <trkpt lat="38.83109944526939" lon="121.50775313528423">
        <ele>3.2390707340091467</ele>
        <time>2024-08-20T13:48:15Z</time>
        <extensions>
          <gpxtpx:TrackPointExtension>
            <gpxtpx:hr>113</gpxtpx:hr>
          </gpxtpx:TrackPointExtension>
        </extensions>
      </trkpt>
      <trkpt lat="38.831077188264665" lon="121.5077574152766">
        <ele>3.2477049473673105</ele>
        <time>2024-08-20T13:48:16Z</time>
        <extensions>
          <gpxtpx:TrackPointExtension>
            <gpxtpx:hr>113</gpxtpx:hr>
          </gpxtpx:TrackPointExtension>
        </extensions>
      </trkpt>
      <trkpt lat="38.83105449802459" lon="121.50776020286659">
        <ele>3.257820473983884</ele>
        <time>2024-08-20T13:48:17Z</time>
        <extensions>
          <gpxtpx:TrackPointExtension>
            <gpxtpx:hr>115</gpxtpx:hr>
          </gpxtpx:TrackPointExtension>
        </extensions>
      </trkpt>
      <trkpt lat="38.831031962710306" lon="121.50776176423052">
        <ele>3.2915188120678067</ele>
        <time>2024-08-20T13:48:18Z</time>
        <extensions>
          <gpxtpx:TrackPointExtension>
            <gpxtpx:hr>115</gpxtpx:hr>
          </gpxtpx:TrackPointExtension>
        </extensions>
      </trkpt>
      <trkpt lat="38.83100967766154" lon="121.5077631004749">
        <ele>3.3408842543140054</ele>
        <time>2024-08-20T13:48:19Z</time>
        <extensions>
          <gpxtpx:TrackPointExtension>
            <gpxtpx:hr>115</gpxtpx:hr>
          </gpxtpx:TrackPointExtension>
        </extensions>
      </trkpt>
      <trkpt lat="38.83098737627239" lon="121.50776382169353">
        <ele>3.403911991044879</ele>
        <time>2024-08-20T13:48:20Z</time>
        <extensions>
          <gpxtpx:TrackPointExtension>
            <gpxtpx:hr>115</gpxtpx:hr>
          </gpxtpx:TrackPointExtension>
        </extensions>
      </trkpt>
      <trkpt lat="38.83096561793035" lon="121.50776376434841">
        <ele>3.46332092769444</ele>
        <time>2024-08-20T13:48:21Z</time>
        <extensions>
          <gpxtpx:TrackPointExtension>
            <gpxtpx:hr>115</gpxtpx:hr>
          </gpxtpx:TrackPointExtension>
        </extensions>
      </trkpt>
      <trkpt lat="38.83094465394938" lon="121.50776347974339">
        <ele>3.514101406559348</ele>
        <time>2024-08-20T13:48:22Z</time>
        <extensions>
          <gpxtpx:TrackPointExtension>
            <gpxtpx:hr>115</gpxtpx:hr>
          </gpxtpx:TrackPointExtension>
        </extensions>
      </trkpt>
      <trkpt lat="38.83092383523066" lon="121.50776242209531">
        <ele>3.5567041048780084</ele>
        <time>2024-08-20T13:48:23Z</time>
        <extensions>
          <gpxtpx:TrackPointExtension>
            <gpxtpx:hr>115</gpxtpx:hr>
          </gpxtpx:TrackPointExtension>
        </extensions>
      </trkpt>
      <trkpt lat="38.83090296515439" lon="121.50776012309025">
        <ele>3.607412868179381</ele>
        <time>2024-08-20T13:48:24Z</time>
        <extensions>
          <gpxtpx:TrackPointExtension>
            <gpxtpx:hr>115</gpxtpx:hr>
          </gpxtpx:TrackPointExtension>
        </extensions>
      </trkpt>
      <trkpt lat="38.830882410696525" lon="121.50775704309834">
        <ele>3.6555099906399846</ele>
        <time>2024-08-20T13:48:25Z</time>
        <extensions>
          <gpxtpx:TrackPointExtension>
            <gpxtpx:hr>115</gpxtpx:hr>
          </gpxtpx:TrackPointExtension>
        </extensions>
      </trkpt>
      <trkpt lat="38.83086195926974" lon="121.50775250383177">
        <ele>3.699851095676422</ele>
        <time>2024-08-20T13:48:26Z</time>
        <extensions>
          <gpxtpx:TrackPointExtension>
            <gpxtpx:hr>115</gpxtpx:hr>
          </gpxtpx:TrackPointExtension>
        </extensions>
      </trkpt>
      <trkpt lat="38.830841226017114" lon="121.50774613855518">
        <ele>3.730535876005888</ele>
        <time>2024-08-20T13:48:27Z</time>
        <extensions>
          <gpxtpx:TrackPointExtension>
            <gpxtpx:hr>115</gpxtpx:hr>
          </gpxtpx:TrackPointExtension>
        </extensions>
      </trkpt>
      <trkpt lat="38.830820554896164" lon="121.50773902130783">
        <ele>3.773630389943719</ele>
        <time>2024-08-20T13:48:28Z</time>
        <extensions>
          <gpxtpx:TrackPointExtension>
            <gpxtpx:hr>115</gpxtpx:hr>
          </gpxtpx:TrackPointExtension>
        </extensions>
      </trkpt>
      <trkpt lat="38.830800006219185" lon="121.50773137147486">
        <ele>3.8122570142149925</ele>
        <time>2024-08-20T13:48:29Z</time>
        <extensions>
          <gpxtpx:TrackPointExtension>
            <gpxtpx:hr>115</gpxtpx:hr>
          </gpxtpx:TrackPointExtension>
        </extensions>
      </trkpt>
      <trkpt lat="38.8307793718587" lon="121.50772279771846">
        <ele>3.851653610356152</ele>
        <time>2024-08-20T13:48:30Z</time>
        <extensions>
          <gpxtpx:TrackPointExtension>
            <gpxtpx:hr>115</gpxtpx:hr>
          </gpxtpx:TrackPointExtension>
        </extensions>
      </trkpt>
      <trkpt lat="38.83075913586334" lon="121.507713696327">
        <ele>3.881844106130302</ele>
        <time>2024-08-20T13:48:31Z</time>
      </trkpt>
      <trkpt lat="38.83073966787143" lon="121.50770436367027">
        <ele>3.9179790914058685</ele>
        <time>2024-08-20T13:48:32Z</time>
      </trkpt>
      <trkpt lat="38.83072056444094" lon="121.50769455195945">
        <ele>3.9415417751297355</ele>
        <time>2024-08-20T13:48:33Z</time>
      </trkpt>
      <trkpt lat="38.83070149544" lon="121.5076840572298">
        <ele>3.9614029694348574</ele>
        <time>2024-08-20T13:48:34Z</time>
      </trkpt>
      <trkpt lat="38.830682544735645" lon="121.50767307977941">
        <ele>3.9868497541174293</ele>
        <time>2024-08-20T13:48:35Z</time>
      </trkpt>
      <trkpt lat="38.8306639789469" lon="121.50766174644217">
        <ele>4.005090162158012</ele>
        <time>2024-08-20T13:48:36Z</time>
      </trkpt>
      <trkpt lat="38.83064564853574" lon="121.50764987326954">
        <ele>4.01461345423013</ele>
        <time>2024-08-20T13:48:37Z</time>
      </trkpt>
      <trkpt lat="38.83062708569663" lon="121.50763731297866">
        <ele>4.020343818701804</ele>
        <time>2024-08-20T13:48:38Z</time>
      </trkpt>
      <trkpt lat="38.830608406398035" lon="121.50762439675849">
        <ele>4.027011213824153</ele>
        <time>2024-08-20T13:48:39Z</time>
      </trkpt>
      <trkpt lat="38.83058993174064" lon="121.5076117924695">
        <ele>4.018775910139084</ele>
        <time>2024-08-20T13:48:40Z</time>
      </trkpt>
      <trkpt lat="38.830571674640716" lon="121.50759966972066">
        <ele>4.026124117895961</ele>
        <time>2024-08-20T13:48:41Z</time>
      </trkpt>
      <trkpt lat="38.830553225601264" lon="121.50758723804539">
        <ele>4.032352416776121</ele>
        <time>2024-08-20T13:48:42Z</time>
      </trkpt>
      <trkpt lat="38.83053466091441" lon="121.50757424258104">
        <ele>4.036910797469318</ele>
        <time>2024-08-20T13:48:43Z</time>
      </trkpt>
      <trkpt lat="38.83051651790521" lon="121.5075616638624">
        <ele>4.03394912276417</ele>
        <time>2024-08-20T13:48:44Z</time>
      </trkpt>
      <trkpt lat="38.830499215569255" lon="121.50754851458117">
        <ele>4.026362367905676</ele>
        <time>2024-08-20T13:48:45Z</time>
      </trkpt>
      <trkpt lat="38.83048285211246" lon="121.50753267614589">
        <ele>4.00889004021883</ele>
        <time>2024-08-20T13:48:46Z</time>
      </trkpt>
      <trkpt lat="38.83046742271641" lon="121.50751419036338">
        <ele>3.994199762120843</ele>
        <time>2024-08-20T13:48:47Z</time>
      </trkpt>
      <trkpt lat="38.83045221750322" lon="121.50749423634267">
        <ele>3.986691548489034</ele>
        <time>2024-08-20T13:48:48Z</time>
      </trkpt>
      <trkpt lat="38.830436752515375" lon="121.50747297931456">
        <ele>3.9701212272047997</ele>
        <time>2024-08-20T13:48:49Z</time>
      </trkpt>
      <trkpt lat="38.83042137438616" lon="121.50745020291396">
        <ele>3.944607801735401</ele>
        <time>2024-08-20T13:48:50Z</time>
      </trkpt>
      <trkpt lat="38.83040620870518" lon="121.50742701465187">
        <ele>3.940558516420424</ele>
        <time>2024-08-20T13:48:51Z</time>
      </trkpt>
      <trkpt lat="38.83039140227887" lon="121.50740405698507">
        <ele>3.9305635327473283</ele>
        <time>2024-08-20T13:48:52Z</time>
      </trkpt>
      <trkpt lat="38.83037795569487" lon="121.5073800201688">
        <ele>3.9267387883737683</ele>
        <time>2024-08-20T13:48:53Z</time>
      </trkpt>
      <trkpt lat="38.83036592496152" lon="121.50735513437175">
        <ele>3.925746868364513</ele>
        <time>2024-08-20T13:48:54Z</time>
      </trkpt>
      <trkpt lat="38.830353977331534" lon="121.50733106616313">
        <ele>3.9258090890944004</ele>
        <time>2024-08-20T13:48:55Z</time>
      </trkpt>
      <trkpt lat="38.83034173406967" lon="121.50730722049218">
        <ele>3.9266713093966246</ele>
        <time>2024-08-20T13:48:56Z</time>
      </trkpt>
      <trkpt lat="38.83032971494766" lon="121.5072826639698">
        <ele>3.951078312471509</ele>
        <time>2024-08-20T13:48:57Z</time>
      </trkpt>
      <trkpt lat="38.83031781510007" lon="121.50725837734407">
        <ele>3.99075770098716</ele>
        <time>2024-08-20T13:48:58Z</time>
      </trkpt>
      <trkpt lat="38.830306049636306" lon="121.50723411682428">
        <ele>4.044572985731065</ele>
        <time>2024-08-20T13:48:59Z</time>
      </trkpt>
      <trkpt lat="38.830294584553805" lon="121.50720914084428">
        <ele>4.111361488699913</ele>
        <time>2024-08-20T13:49:00Z</time>
      </trkpt>
      <trkpt lat="38.830283370718284" lon="121.50718435704368">
        <ele>4.163546292111278</ele>
        <time>2024-08-20T13:49:01Z</time>
      </trkpt>
      <trkpt lat="38.83027293149445" lon="121.5071601524034">
        <ele>4.217213751748204</ele>
        <time>2024-08-20T13:49:02Z</time>
      </trkpt>
      <trkpt lat="38.830264190823456" lon="121.50713533826999">
        <ele>4.287438604049385</ele>
        <time>2024-08-20T13:49:03Z</time>
      </trkpt>
      <trkpt lat="38.83025682906682" lon="121.50710984029911">
        <ele>4.345921245403588</ele>
        <time>2024-08-20T13:49:04Z</time>
      </trkpt>
      <trkpt lat="38.83024933162212" lon="121.5070849642695">
        <ele>4.40131301805377</ele>
        <time>2024-08-20T13:49:05Z</time>
      </trkpt>
      <trkpt lat="38.83024142966479" lon="121.50706048171521">
        <ele>4.449393797665834</ele>
        <time>2024-08-20T13:49:06Z</time>
      </trkpt>
      <trkpt lat="38.83023418121007" lon="121.50703545228016">
        <ele>4.50242174975574</ele>
        <time>2024-08-20T13:49:07Z</time>
      </trkpt>
      <trkpt lat="38.83022770280107" lon="121.50701032865294">
        <ele>4.547816331498325</ele>
        <time>2024-08-20T13:49:08Z</time>
      </trkpt>
      <trkpt lat="38.83022089862149" lon="121.5069857575557">
        <ele>4.58400644082576</ele>
        <time>2024-08-20T13:49:09Z</time>
      </trkpt>
      <trkpt lat="38.83021333454273" lon="121.50696138922372">
        <ele>4.608622203581035</ele>
        <time>2024-08-20T13:49:10Z</time>
      </trkpt>
      <trkpt lat="38.83020504594345" lon="121.5069371638513">
        <ele>4.627406758256257</ele>
        <time>2024-08-20T13:49:11Z</time>
      </trkpt>
      <trkpt lat="38.830195865638515" lon="121.50691393206333">
        <ele>4.638280958868563</ele>
        <time>2024-08-20T13:49:12Z</time>
      </trkpt>
      <trkpt lat="38.83018613491547" lon="121.50689147600545">
        <ele>4.638487585820258</ele>
        <time>2024-08-20T13:49:13Z</time>
      </trkpt>
      <trkpt lat="38.83017609575953" lon="121.50686908319526">
        <ele>4.640637902542949</ele>
        <time>2024-08-20T13:49:14Z</time>
      </trkpt>
      <trkpt lat="38.830165304637994" lon="121.50684759105249">
        <ele>4.648861489258707</ele>
        <time>2024-08-20T13:49:15Z</time>
      </trkpt>
      <trkpt lat="38.83015343283494" lon="121.50682759564235">
        <ele>4.663138808682561</ele>
        <time>2024-08-20T13:49:16Z</time>
      </trkpt>
      <trkpt lat="38.830140339473004" lon="121.50680857566812">
        <ele>4.674021020531654</ele>
        <time>2024-08-20T13:49:17Z</time>
      </trkpt>
      <trkpt lat="38.83012618076825" lon="121.50679052612932">
        <ele>4.686743450351059</ele>
        <time>2024-08-20T13:49:18Z</time>
      </trkpt>
      <trkpt lat="38.830111212638506" lon="121.50677360552713">
        <ele>4.701186995021999</ele>
        <time>2024-08-20T13:49:19Z</time>
      </trkpt>
      <trkpt lat="38.83009597894463" lon="121.50675691769257">
        <ele>4.699585946276784</ele>
        <time>2024-08-20T13:49:20Z</time>
      </trkpt>
      <trkpt lat="38.8300805098908" lon="121.50674115016356">
        <ele>4.69922386482358</ele>
        <time>2024-08-20T13:49:21Z</time>
      </trkpt>
      <trkpt lat="38.83006446746877" lon="121.50672793316608">
        <ele>4.693206216208637</ele>
        <time>2024-08-20T13:49:22Z</time>
      </trkpt>
      <trkpt lat="38.83004763906443" lon="121.50671681054256">
        <ele>4.682222564704716</ele>
        <time>2024-08-20T13:49:23Z</time>
      </trkpt>
      <trkpt lat="38.830029930693584" lon="121.50670596364539">
        <ele>4.683578621596098</ele>
        <time>2024-08-20T13:49:24Z</time>
      </trkpt>
      <trkpt lat="38.83001167746628" lon="121.50669495720761">
        <ele>4.691283272579312</ele>
        <time>2024-08-20T13:49:25Z</time>
      </trkpt>
      <trkpt lat="38.82999306481619" lon="121.50668466307371">
        <ele>4.689609797671437</ele>
        <time>2024-08-20T13:49:26Z</time>
      </trkpt>
      <trkpt lat="38.82997381923724" lon="121.50667580512813">
        <ele>4.690087111666799</ele>
        <time>2024-08-20T13:49:27Z</time>
      </trkpt>
      <trkpt lat="38.82995416521428" lon="121.50666809139129">
        <ele>4.682405514642596</ele>
        <time>2024-08-20T13:49:28Z</time>
      </trkpt>
      <trkpt lat="38.8299346773781" lon="121.50666040442331">
        <ele>4.667431212961674</ele>
        <time>2024-08-20T13:49:29Z</time>
      </trkpt>
      <trkpt lat="38.82991547146998" lon="121.5066509879942">
        <ele>4.643463677726686</ele>
        <time>2024-08-20T13:49:30Z</time>
      </trkpt>
      <trkpt lat="38.82989671960918" lon="121.50664001114959">
        <ele>4.617972278036177</ele>
        <time>2024-08-20T13:49:31Z</time>
      </trkpt>
      <trkpt lat="38.82987852397403" lon="121.50662966193869">
        <ele>4.577105549164116</ele>
        <time>2024-08-20T13:49:32Z</time>
      </trkpt>
      <trkpt lat="38.829860193580735" lon="121.50661934791722">
        <ele>4.533739618957043</ele>
        <time>2024-08-20T13:49:33Z</time>
      </trkpt>
      <trkpt lat="38.82984118817088" lon="121.50660791946731">
        <ele>4.4869655994698405</ele>
        <time>2024-08-20T13:49:34Z</time>
      </trkpt>
      <trkpt lat="38.829822494571765" lon="121.50659542495755">
        <ele>4.442717249505222</ele>
        <time>2024-08-20T13:49:35Z</time>
      </trkpt>
      <trkpt lat="38.82980493189753" lon="121.50658216356842">
        <ele>4.389894573017955</ele>
        <time>2024-08-20T13:49:36Z</time>
      </trkpt>
      <trkpt lat="38.829788547729336" lon="121.50656819537336">
        <ele>4.326397248543799</ele>
        <time>2024-08-20T13:49:37Z</time>
      </trkpt>
      <trkpt lat="38.82977286145627" lon="121.50655344881973">
        <ele>4.257477173581719</ele>
        <time>2024-08-20T13:49:38Z</time>
      </trkpt>
      <trkpt lat="38.82975724309421" lon="121.50653893185377">
        <ele>4.185312549583614</ele>
        <time>2024-08-20T13:49:39Z</time>
      </trkpt>
      <trkpt lat="38.82974127720872" lon="121.50652444395496">
        <ele>4.111065894365311</ele>
        <time>2024-08-20T13:49:40Z</time>
      </trkpt>
      <trkpt lat="38.82972537509182" lon="121.5065085754492">
        <ele>4.041484011337161</ele>
        <time>2024-08-20T13:49:41Z</time>
      </trkpt>
      <trkpt lat="38.82970980760821" lon="121.50649239486044">
        <ele>3.983625967055559</ele>
        <time>2024-08-20T13:49:42Z</time>
      </trkpt>
      <trkpt lat="38.829694330707405" lon="121.50647679143563">
        <ele>3.9336078613996506</ele>
        <time>2024-08-20T13:49:43Z</time>
      </trkpt>
      <trkpt lat="38.829678875573386" lon="121.50646061532765">
        <ele>3.8962051095440984</ele>
        <time>2024-08-20T13:49:44Z</time>
      </trkpt>
      <trkpt lat="38.82966358106363" lon="121.5064437559749">
        <ele>3.8654148569330573</ele>
        <time>2024-08-20T13:49:45Z</time>
      </trkpt>
      <trkpt lat="38.829648263459184" lon="121.50642717120103">
        <ele>3.847657679580152</ele>
        <time>2024-08-20T13:49:46Z</time>
      </trkpt>
      <trkpt lat="38.829632849957406" lon="121.50641040735044">
        <ele>3.839126445353031</ele>
        <time>2024-08-20T13:49:47Z</time>
      </trkpt>
      <trkpt lat="38.82961719724559" lon="121.50639303627362">
        <ele>3.8359693689271808</ele>
        <time>2024-08-20T13:49:48Z</time>
      </trkpt>
      <trkpt lat="38.82960130241731" lon="121.50637602557822">
        <ele>3.8488346124067903</ele>
        <time>2024-08-20T13:49:49Z</time>
      </trkpt>
      <trkpt lat="38.82958545458972" lon="121.50635995099755">
        <ele>3.869762632995844</ele>
        <time>2024-08-20T13:49:50Z</time>
      </trkpt>
      <trkpt lat="38.82956974654516" lon="121.50634408174422">
        <ele>3.8911392726004124</ele>
        <time>2024-08-20T13:49:51Z</time>
      </trkpt>
      <trkpt lat="38.82955370644927" lon="121.50632807431147">
        <ele>3.9271948440000415</ele>
        <time>2024-08-20T13:49:52Z</time>
      </trkpt>
      <trkpt lat="38.829537271773354" lon="121.5063121051458">
        <ele>3.9660989083349705</ele>
        <time>2024-08-20T13:49:53Z</time>
      </trkpt>
      <trkpt lat="38.82952109995285" lon="121.50629554037576">
        <ele>3.990195982158184</ele>
        <time>2024-08-20T13:49:54Z</time>
      </trkpt>
      <trkpt lat="38.829506071085405" lon="121.50627703600291">
        <ele>4.015365504659712</ele>
        <time>2024-08-20T13:49:55Z</time>
      </trkpt>
      <trkpt lat="38.8294922033001" lon="121.50625744089739">
        <ele>4.045509587973356</ele>
        <time>2024-08-20T13:49:56Z</time>
      </trkpt>
      <trkpt lat="38.829478432047615" lon="121.50623847883523">
        <ele>4.076805833727121</ele>
        <time>2024-08-20T13:49:57Z</time>
      </trkpt>
      <trkpt lat="38.829463754355665" lon="121.50622041511505">
        <ele>4.097098216414452</ele>
        <time>2024-08-20T13:49:58Z</time>
      </trkpt>
      <trkpt lat="38.829448037486145" lon="121.50620325208514">
        <ele>4.117873092181981</ele>
        <time>2024-08-20T13:49:59Z</time>
      </trkpt>
      <trkpt lat="38.829431757016636" lon="121.50618723861402">
        <ele>4.1366648953408</ele>
        <time>2024-08-20T13:50:00Z</time>
      </trkpt>
      <trkpt lat="38.829415393479515" lon="121.50617130073724">
        <ele>4.147794087417424</ele>
        <time>2024-08-20T13:50:01Z</time>
      </trkpt>
      <trkpt lat="38.82939911106331" lon="121.50615490464345">
        <ele>4.142442635260522</ele>
        <time>2024-08-20T13:50:02Z</time>
      </trkpt>
      <trkpt lat="38.829382887627744" lon="121.5061390796833">
        <ele>4.141231034882367</ele>
        <time>2024-08-20T13:50:03Z</time>
      </trkpt>
      <trkpt lat="38.829366161676276" lon="121.50612480124856">
        <ele>4.129952277988195</ele>
        <time>2024-08-20T13:50:04Z</time>
      </trkpt>
      <trkpt lat="38.829348826183676" lon="121.50611139770406">
        <ele>4.070379929617047</ele>
        <time>2024-08-20T13:50:05Z</time>
      </trkpt>
      <trkpt lat="38.829331047375895" lon="121.50609901899368">
        <ele>4.055897676385939</ele>
        <time>2024-08-20T13:50:06Z</time>
      </trkpt>
      <trkpt lat="38.82931329831847" lon="121.50608691616068">
        <ele>4.030351371504366</ele>
        <time>2024-08-20T13:50:07Z</time>
      </trkpt>
      <trkpt lat="38.82929537927091" lon="121.5060754307882">
        <ele>3.9939709939062595</ele>
        <time>2024-08-20T13:50:08Z</time>
      </trkpt>
      <trkpt lat="38.8292765014065" lon="121.50606463956122">
        <ele>3.9579473193734884</ele>
        <time>2024-08-20T13:50:09Z</time>
      </trkpt>
      <trkpt lat="38.829256851200434" lon="121.50605424170476">
        <ele>3.925791664980352</ele>
        <time>2024-08-20T13:50:10Z</time>
      </trkpt>
      <trkpt lat="38.82923722064224" lon="121.50604459415075">
        <ele>3.902145888656378</ele>
        <time>2024-08-20T13:50:11Z</time>
      </trkpt>
      <trkpt lat="38.82921757835342" lon="121.50603607629243">
        <ele>3.8783491291105747</ele>
        <time>2024-08-20T13:50:12Z</time>
      </trkpt>
      <trkpt lat="38.82919759258615" lon="121.50602744655582">
        <ele>3.858043974265456</ele>
        <time>2024-08-20T13:50:13Z</time>
      </trkpt>
      <trkpt lat="38.82917725805109" lon="121.50601839745795">
        <ele>3.839040351100266</ele>
        <time>2024-08-20T13:50:14Z</time>
      </trkpt>
      <trkpt lat="38.829156755194916" lon="121.50601089684638">
        <ele>3.820944248698652</ele>
        <time>2024-08-20T13:50:15Z</time>
      </trkpt>
      <trkpt lat="38.8291365252671" lon="121.50600516782521">
        <ele>3.8087461199611425</ele>
        <time>2024-08-20T13:50:16Z</time>
      </trkpt>
      <trkpt lat="38.829116152569455" lon="121.50599960251478">
        <ele>3.807546983473003</ele>
        <time>2024-08-20T13:50:17Z</time>
      </trkpt>
      <trkpt lat="38.82909530498854" lon="121.50599321873929">
        <ele>3.815047513693571</ele>
        <time>2024-08-20T13:50:18Z</time>
      </trkpt>
      <trkpt lat="38.82907455698557" lon="121.50598621777304">
        <ele>3.8257639864459634</ele>
        <time>2024-08-20T13:50:19Z</time>
      </trkpt>
      <trkpt lat="38.829053692654135" lon="121.5059803438631">
        <ele>3.848776758648455</ele>
        <time>2024-08-20T13:50:20Z</time>
      </trkpt>
      <trkpt lat="38.82903232281845" lon="121.50597670167103">
        <ele>3.868247295729816</ele>
        <time>2024-08-20T13:50:21Z</time>
      </trkpt>
      <trkpt lat="38.82901114760392" lon="121.50597531020136">
        <ele>3.8953773863613605</ele>
        <time>2024-08-20T13:50:22Z</time>
      </trkpt>
      <trkpt lat="38.828990792990325" lon="121.50597576154348">
        <ele>3.928546722047031</ele>
        <time>2024-08-20T13:50:23Z</time>
      </trkpt>
      <trkpt lat="38.82897054265924" lon="121.50597698898095">
        <ele>3.9549836264923215</ele>
        <time>2024-08-20T13:50:24Z</time>
      </trkpt>
      <trkpt lat="38.82894969832446" lon="121.50597903175108">
        <ele>3.9844578532502055</ele>
        <time>2024-08-20T13:50:25Z</time>
      </trkpt>
      <trkpt lat="38.82892864068929" lon="121.50598303746953">
        <ele>4.00881674233824</ele>
        <time>2024-08-20T13:50:26Z</time>
      </trkpt>
      <trkpt lat="38.82890778203494" lon="121.50598948965022">
        <ele>4.029125415720046</ele>
        <time>2024-08-20T13:50:27Z</time>
      </trkpt>
      <trkpt lat="38.82888691276874" lon="121.50599824975228">
        <ele>4.041880706325173</ele>
        <time>2024-08-20T13:50:28Z</time>
      </trkpt>
      <trkpt lat="38.828866310031884" lon="121.50600891061812">
        <ele>4.067767834290862</ele>
        <time>2024-08-20T13:50:29Z</time>
      </trkpt>
      <trkpt lat="38.82884673721254" lon="121.50602083085897">
        <ele>4.092883440665901</ele>
        <time>2024-08-20T13:50:30Z</time>
      </trkpt>
      <trkpt lat="38.82882787231134" lon="121.5060330179956">
        <ele>4.102827882394195</ele>
        <time>2024-08-20T13:50:31Z</time>
      </trkpt>
      <trkpt lat="38.82880864447788" lon="121.50604473804962">
        <ele>4.11178900487721</ele>
        <time>2024-08-20T13:50:32Z</time>
      </trkpt>
      <trkpt lat="38.828789057734845" lon="121.50605537270917">
        <ele>4.115915396250784</ele>
        <time>2024-08-20T13:50:33Z</time>
      </trkpt>
      <trkpt lat="38.82876978402349" lon="121.50606477626168">
        <ele>4.111253377050161</ele>
        <time>2024-08-20T13:50:34Z</time>
      </trkpt>
      <trkpt lat="38.82875061697335" lon="121.5060729201491">
        <ele>4.095765450969338</ele>
        <time>2024-08-20T13:50:35Z</time>
      </trkpt>
      <trkpt lat="38.82873138374491" lon="121.50608074966158">
        <ele>4.075450599193573</ele>
        <time>2024-08-20T13:50:36Z</time>
      </trkpt>
      <trkpt lat="38.8287125521507" lon="121.50608926039408">
        <ele>4.04639636259526</ele>
        <time>2024-08-20T13:50:37Z</time>
      </trkpt>
      <trkpt lat="38.828694088444074" lon="121.50609826380331">
        <ele>4.03598556574434</ele>
        <time>2024-08-20T13:50:38Z</time>
      </trkpt>
      <trkpt lat="38.82867551576382" lon="121.50610827960071">
        <ele>4.021358453668654</ele>
        <time>2024-08-20T13:50:39Z</time>
      </trkpt>
      <trkpt lat="38.82865761260073" lon="121.50612045029814">
        <ele>4.006063940934837</ele>
        <time>2024-08-20T13:50:40Z</time>
      </trkpt>
      <trkpt lat="38.82864144528254" lon="121.50613521994829">
        <ele>4.0038211503997445</ele>
        <time>2024-08-20T13:50:41Z</time>
      </trkpt>
      <trkpt lat="38.82862646978408" lon="121.50615203203317">
        <ele>3.997784244827926</ele>
        <time>2024-08-20T13:50:42Z</time>
      </trkpt>
      <trkpt lat="38.828611534444065" lon="121.50616984519061">
        <ele>3.9903954565525055</ele>
        <time>2024-08-20T13:50:43Z</time>
      </trkpt>
      <trkpt lat="38.82859618806671" lon="121.50618770317872">
        <ele>3.9971907744184136</ele>
        <time>2024-08-20T13:50:44Z</time>
      </trkpt>
      <trkpt lat="38.828580776012224" lon="121.50620612775039">
        <ele>3.995154741220176</ele>
        <time>2024-08-20T13:50:45Z</time>
      </trkpt>
      <trkpt lat="38.82856557160288" lon="121.50622577824402">
        <ele>3.998136520385742</ele>
        <time>2024-08-20T13:50:46Z</time>
      </trkpt>
      <trkpt lat="38.828551115052484" lon="121.50624621474785">
        <ele>3.99757198151201</ele>
        <time>2024-08-20T13:50:47Z</time>
      </trkpt>
      <trkpt lat="38.828537645025676" lon="121.50626714208688">
        <ele>4.007088841870427</ele>
        <time>2024-08-20T13:50:48Z</time>
      </trkpt>
      <trkpt lat="38.82852446024644" lon="121.50628853656967">
        <ele>4.0187406642362475</ele>
        <time>2024-08-20T13:50:49Z</time>
      </trkpt>
      <trkpt lat="38.82851127170121" lon="121.50631005432193">
        <ele>4.004311217926443</ele>
        <time>2024-08-20T13:50:50Z</time>
      </trkpt>
      <trkpt lat="38.82849902231908" lon="121.5063327797792">
        <ele>3.9945015450939536</ele>
        <time>2024-08-20T13:50:51Z</time>
      </trkpt>
      <trkpt lat="38.828487801848965" lon="121.50635647740967">
        <ele>3.969935175962746</ele>
        <time>2024-08-20T13:50:52Z</time>
      </trkpt>
      <trkpt lat="38.828477199201686" lon="121.5063797677119">
        <ele>3.930902201682329</ele>
        <time>2024-08-20T13:50:53Z</time>
      </trkpt>
      <trkpt lat="38.828467960713965" lon="121.5064025556339">
        <ele>3.9012590842321515</ele>
        <time>2024-08-20T13:50:54Z</time>
      </trkpt>
      <trkpt lat="38.82846003832982" lon="121.50642472565116">
        <ele>3.8831434482708573</ele>
        <time>2024-08-20T13:50:55Z</time>
      </trkpt>
      <trkpt lat="38.82845260241078" lon="121.5064465256413">
        <ele>3.836733750998974</ele>
        <time>2024-08-20T13:50:56Z</time>
      </trkpt>
      <trkpt lat="38.82844559682879" lon="121.50646839422107">
        <ele>3.796880573965609</ele>
        <time>2024-08-20T13:50:57Z</time>
      </trkpt>
      <trkpt lat="38.82843966629333" lon="121.50649090324664">
        <ele>3.763192859478295</ele>
        <time>2024-08-20T13:50:58Z</time>
      </trkpt>
      <trkpt lat="38.82843497289856" lon="121.5065144612421">
        <ele>3.7285307934507728</ele>
        <time>2024-08-20T13:50:59Z</time>
      </trkpt>
      <trkpt lat="38.82843182408385" lon="121.50653909920437">
        <ele>3.7073651757091284</ele>
        <time>2024-08-20T13:51:00Z</time>
      </trkpt>
      <trkpt lat="38.82843034031202" lon="121.50656403583247">
        <ele>3.6859110817313194</ele>
        <time>2024-08-20T13:51:01Z</time>
      </trkpt>
      <trkpt lat="38.828429735577885" lon="121.50658893885229">
        <ele>3.6655660616233945</ele>
        <time>2024-08-20T13:51:02Z</time>
      </trkpt>
      <trkpt lat="38.82842866564598" lon="121.50661417854396">
        <ele>3.6591799845919013</ele>
        <time>2024-08-20T13:51:03Z</time>
      </trkpt>
      <trkpt lat="38.828426500566266" lon="121.50663965759557">
        <ele>3.6520782988518476</ele>
        <time>2024-08-20T13:51:04Z</time>
      </trkpt>
      <trkpt lat="38.82842393898093" lon="121.50666456794613">
        <ele>3.6282853670418262</ele>
        <time>2024-08-20T13:51:05Z</time>
      </trkpt>
      <trkpt lat="38.82842099646948" lon="121.50668883497333">
        <ele>3.608753491193056</ele>
        <time>2024-08-20T13:51:06Z</time>
      </trkpt>
      <trkpt lat="38.828417078755" lon="121.5067132208615">
        <ele>3.58758045732975</ele>
        <time>2024-08-20T13:51:07Z</time>
      </trkpt>
      <trkpt lat="38.828412594783686" lon="121.50673780421918">
        <ele>3.548518314026296</ele>
        <time>2024-08-20T13:51:08Z</time>
      </trkpt>
      <trkpt lat="38.82840780993707" lon="121.50676275841757">
        <ele>3.512173923663795</ele>
        <time>2024-08-20T13:51:09Z</time>
      </trkpt>
      <trkpt lat="38.82840246748296" lon="121.50678809228111">
        <ele>3.4692417131736875</ele>
        <time>2024-08-20T13:51:10Z</time>
      </trkpt>
      <trkpt lat="38.8283971076779" lon="121.50681257394035">
        <ele>3.4118403987959027</ele>
        <time>2024-08-20T13:51:11Z</time>
      </trkpt>
      <trkpt lat="38.82839301423288" lon="121.50683581696597">
        <ele>3.3612562138587236</ele>
        <time>2024-08-20T13:51:12Z</time>
      </trkpt>
      <trkpt lat="38.82838996282792" lon="121.5068590842974">
        <ele>3.3342222990468144</ele>
        <time>2024-08-20T13:51:13Z</time>
      </trkpt>
      <trkpt lat="38.82838620404358" lon="121.50688320585044">
        <ele>3.287894804030657</ele>
        <time>2024-08-20T13:51:14Z</time>
      </trkpt>
      <trkpt lat="38.82838160823499" lon="121.50690781136983">
        <ele>3.2513451678678393</ele>
        <time>2024-08-20T13:51:15Z</time>
      </trkpt>
      <trkpt lat="38.82837723971746" lon="121.50693281143961">
        <ele>3.2170632081106305</ele>
        <time>2024-08-20T13:51:16Z</time>
      </trkpt>
      <trkpt lat="38.82837335383736" lon="121.50695890863393">
        <ele>3.1879344787448645</ele>
        <time>2024-08-20T13:51:17Z</time>
      </trkpt>
      <trkpt lat="38.828370227683884" lon="121.506985876842">
        <ele>3.155867964029312</ele>
        <time>2024-08-20T13:51:18Z</time>
      </trkpt>
      <trkpt lat="38.82836785653463" lon="121.50701262710405">
        <ele>3.1249592304229736</ele>
        <time>2024-08-20T13:51:19Z</time>
      </trkpt>
      <trkpt lat="38.82836497005845" lon="121.50703892488576">
        <ele>3.1173399342224</ele>
        <time>2024-08-20T13:51:20Z</time>
      </trkpt>
      <trkpt lat="38.82836059246782" lon="121.50706485851549">
        <ele>3.1000049021095037</ele>
        <time>2024-08-20T13:51:21Z</time>
      </trkpt>
      <trkpt lat="38.828355149026926" lon="121.50709042660809">
        <ele>3.08564090449363</ele>
        <time>2024-08-20T13:51:22Z</time>
      </trkpt>
      <trkpt lat="38.828349522426024" lon="121.50711610988942">
        <ele>3.06823683809489</ele>
        <time>2024-08-20T13:51:23Z</time>
      </trkpt>
      <trkpt lat="38.8283442310124" lon="121.50714285667473">
        <ele>3.038065519183874</ele>
        <time>2024-08-20T13:51:24Z</time>
      </trkpt>
      <trkpt lat="38.828339113961675" lon="121.50717034044163">
        <ele>3.021320321597159</ele>
        <time>2024-08-20T13:51:25Z</time>
      </trkpt>
      <trkpt lat="38.82833389826303" lon="121.50719725702294">
        <ele>3.0100263077765703</ele>
        <time>2024-08-20T13:51:26Z</time>
      </trkpt>
      <trkpt lat="38.828328300124454" lon="121.50722363150376">
        <ele>2.992581564001739</ele>
        <time>2024-08-20T13:51:27Z</time>
      </trkpt>
      <trkpt lat="38.828322241806966" lon="121.50725051576781">
        <ele>3.000633055344224</ele>
        <time>2024-08-20T13:51:28Z</time>
      </trkpt>
      <trkpt lat="38.82831598005319" lon="121.507277618458">
        <ele>3.001280602067709</ele>
        <time>2024-08-20T13:51:29Z</time>
      </trkpt>
      <trkpt lat="38.8283093668322" lon="121.50730417168589">
        <ele>3.0100158657878637</ele>
        <time>2024-08-20T13:51:30Z</time>
      </trkpt>
      <trkpt lat="38.82830259714131" lon="121.50733036710984">
        <ele>3.033294820226729</ele>
        <time>2024-08-20T13:51:31Z</time>
      </trkpt>
      <trkpt lat="38.828296040426146" lon="121.5073565335707">
        <ele>3.0695411432534456</ele>
        <time>2024-08-20T13:51:32Z</time>
      </trkpt>
      <trkpt lat="38.82828970416425" lon="121.50738246645528">
        <ele>3.1097705867141485</ele>
        <time>2024-08-20T13:51:33Z</time>
      </trkpt>
      <trkpt lat="38.82828314721495" lon="121.50740833497562">
        <ele>3.181669618934393</ele>
        <time>2024-08-20T13:51:34Z</time>
      </trkpt>
      <trkpt lat="38.82827620052266" lon="121.50743452913629">
        <ele>3.256931888870895</ele>
        <time>2024-08-20T13:51:35Z</time>
      </trkpt>
      <trkpt lat="38.82826899317658" lon="121.50746034142821">
        <ele>3.318699913099408</ele>
        <time>2024-08-20T13:51:36Z</time>
      </trkpt>
      <trkpt lat="38.82826143692289" lon="121.50748584028767">
        <ele>3.4131508711725473</ele>
        <time>2024-08-20T13:51:37Z</time>
      </trkpt>
      <trkpt lat="38.828252888568606" lon="121.50751163881364">
        <ele>3.516925818286836</ele>
        <time>2024-08-20T13:51:38Z</time>
      </trkpt>
      <trkpt lat="38.82824374898144" lon="121.50753753470632">
        <ele>3.606586240231991</ele>
        <time>2024-08-20T13:51:39Z</time>
      </trkpt>
      <trkpt lat="38.828234552729526" lon="121.50756299466217">
        <ele>3.7026723362505436</ele>
        <time>2024-08-20T13:51:40Z</time>
      </trkpt>
      <trkpt lat="38.82822418289292" lon="121.5075872067845">
        <ele>3.7937593571841717</ele>
        <time>2024-08-20T13:51:41Z</time>
      </trkpt>
      <trkpt lat="38.82821269326476" lon="121.50761030979567">
        <ele>3.8906275695189834</ele>
        <time>2024-08-20T13:51:42Z</time>
      </trkpt>
      <trkpt lat="38.82820113763903" lon="121.50763319548055">
        <ele>3.9956106562167406</ele>
        <time>2024-08-20T13:51:43Z</time>
      </trkpt>
      <trkpt lat="38.82818926065508" lon="121.5076561015379">
        <ele>4.0937201557680964</ele>
        <time>2024-08-20T13:51:44Z</time>
      </trkpt>
      <trkpt lat="38.82817682157186" lon="121.50767859237763">
        <ele>4.184821338392794</ele>
        <time>2024-08-20T13:51:45Z</time>
      </trkpt>
      <trkpt lat="38.828164269370546" lon="121.50769999048093">
        <ele>4.268281298689544</ele>
        <time>2024-08-20T13:51:46Z</time>
      </trkpt>
      <trkpt lat="38.82815099550978" lon="121.5077197265131">
        <ele>4.339072949253023</ele>
        <time>2024-08-20T13:51:47Z</time>
      </trkpt>
      <trkpt lat="38.828136595927646" lon="121.50773781784339">
        <ele>4.394187807105482</ele>
        <time>2024-08-20T13:51:48Z</time>
      </trkpt>
      <trkpt lat="38.82812208410568" lon="121.5077547694857">
        <ele>4.436848270706832</ele>
        <time>2024-08-20T13:51:49Z</time>
      </trkpt>
      <trkpt lat="38.82810807847575" lon="121.50777154563232">
        <ele>4.473700247704983</ele>
        <time>2024-08-20T13:51:50Z</time>
      </trkpt>
      <trkpt lat="38.82809330982495" lon="121.50778893348058">
        <ele>4.504512180574238</ele>
        <time>2024-08-20T13:51:51Z</time>
      </trkpt>
      <trkpt lat="38.82807665651195" lon="121.50780684872089">
        <ele>4.5422388687729836</ele>
        <time>2024-08-20T13:51:52Z</time>
      </trkpt>
      <trkpt lat="38.82805871555553" lon="121.50782456903279">
        <ele>4.590296876616776</ele>
        <time>2024-08-20T13:51:53Z</time>
      </trkpt>
      <trkpt lat="38.82804041956187" lon="121.50784159156422">
        <ele>4.612405929714441</ele>
        <time>2024-08-20T13:51:54Z</time>
      </trkpt>
      <trkpt lat="38.82802210605011" lon="121.50785718457631">
        <ele>4.635867173783481</ele>
        <time>2024-08-20T13:51:55Z</time>
      </trkpt>
      <trkpt lat="38.828004321517426" lon="121.50787108431422">
        <ele>4.67340113222599</ele>
        <time>2024-08-20T13:51:56Z</time>
      </trkpt>
      <trkpt lat="38.82798743806389" lon="121.50788484091878">
        <ele>4.689064241014421</ele>
        <time>2024-08-20T13:51:57Z</time>
      </trkpt>
      <trkpt lat="38.827970596127344" lon="121.50789930485809">
        <ele>4.71608558204025</ele>
        <time>2024-08-20T13:51:58Z</time>
      </trkpt>
      <trkpt lat="38.82795273731616" lon="121.50791352330155">
        <ele>4.750298028811812</ele>
        <time>2024-08-20T13:51:59Z</time>
      </trkpt>
      <trkpt lat="38.82793420046611" lon="121.50792696304663">
        <ele>4.775048960931599</ele>
        <time>2024-08-20T13:52:00Z</time>
      </trkpt>
      <trkpt lat="38.827914823022724" lon="121.50793995103052">
        <ele>4.802111334167421</ele>
        <time>2024-08-20T13:52:01Z</time>
      </trkpt>
      <trkpt lat="38.82789427996645" lon="121.5079527747761">
        <ele>4.83524146489799</ele>
        <time>2024-08-20T13:52:02Z</time>
      </trkpt>
      <trkpt lat="38.82787379358304" lon="121.50796621141708">
        <ele>4.84887582436204</ele>
        <time>2024-08-20T13:52:03Z</time>
      </trkpt>
      <trkpt lat="38.82785383807076" lon="121.50798123229727">
        <ele>4.87538584228605</ele>
        <time>2024-08-20T13:52:04Z</time>
      </trkpt>
      <trkpt lat="38.82783387242186" lon="121.50799758743368">
        <ele>4.903421761468053</ele>
        <time>2024-08-20T13:52:05Z</time>
      </trkpt>
      <trkpt lat="38.82781390652969" lon="121.50801394829075">
        <ele>4.92441475763917</ele>
        <time>2024-08-20T13:52:06Z</time>
      </trkpt>
      <trkpt lat="38.82779421868439" lon="121.50802932377248">
        <ele>4.964433235116303</ele>
        <time>2024-08-20T13:52:07Z</time>
      </trkpt>
      <trkpt lat="38.827774037265165" lon="121.50804248986898">
        <ele>5.006933685392141</ele>
        <time>2024-08-20T13:52:08Z</time>
      </trkpt>
      <trkpt lat="38.82775310569995" lon="121.50805304684849">
        <ele>5.03537685982883</ele>
        <time>2024-08-20T13:52:09Z</time>
      </trkpt>
      <trkpt lat="38.82773230925291" lon="121.5080627364137">
        <ele>5.075821919366717</ele>
        <time>2024-08-20T13:52:10Z</time>
      </trkpt>
      <trkpt lat="38.82771193373261" lon="121.50807261477426">
        <ele>5.125556679442525</ele>
        <time>2024-08-20T13:52:11Z</time>
      </trkpt>
      <trkpt lat="38.827691529745756" lon="121.50808202752856">
        <ele>5.155665883794427</ele>
        <time>2024-08-20T13:52:12Z</time>
      </trkpt>
      <trkpt lat="38.82767138585853" lon="121.50809126115564">
        <ele>5.180305468849838</ele>
        <time>2024-08-20T13:52:13Z</time>
      </trkpt>
      <trkpt lat="38.82765107215122" lon="121.50810061866144">
        <ele>5.208445976488292</ele>
        <time>2024-08-20T13:52:14Z</time>
      </trkpt>
      <trkpt lat="38.82762985053212" lon="121.50810964021518">
        <ele>5.219020993448794</ele>
        <time>2024-08-20T13:52:15Z</time>
      </trkpt>
      <trkpt lat="38.82760807274201" lon="121.50811774901689">
        <ele>5.2274940786883235</ele>
        <time>2024-08-20T13:52:16Z</time>
      </trkpt>
      <trkpt lat="38.82758563078341" lon="121.50812404014756">
        <ele>5.2415638184174895</ele>
        <time>2024-08-20T13:52:17Z</time>
      </trkpt>
      <trkpt lat="38.827562072704254" lon="121.50812777462095">
        <ele>5.2462984835729</ele>
        <time>2024-08-20T13:52:18Z</time>
      </trkpt>
      <trkpt lat="38.827538359604866" lon="121.50812922125824">
        <ele>5.232310488820076</ele>
        <time>2024-08-20T13:52:19Z</time>
      </trkpt>
      <trkpt lat="38.82751541390944" lon="121.50812960359079">
        <ele>5.226374045945704</ele>
        <time>2024-08-20T13:52:20Z</time>
      </trkpt>
      <trkpt lat="38.82749271291528" lon="121.50812900436107">
        <ele>5.225137282162905</ele>
        <time>2024-08-20T13:52:21Z</time>
      </trkpt>
      <trkpt lat="38.82746961111929" lon="121.50812773701034">
        <ele>5.203741646371782</ele>
        <time>2024-08-20T13:52:22Z</time>
      </trkpt>
      <trkpt lat="38.827446796204775" lon="121.50812706948005">
        <ele>5.164462451823056</ele>
        <time>2024-08-20T13:52:23Z</time>
      </trkpt>
      <trkpt lat="38.82742526986193" lon="121.50812747982978">
        <ele>5.130525818094611</ele>
        <time>2024-08-20T13:52:24Z</time>
      </trkpt>
      <trkpt lat="38.82740486749983" lon="121.50812885866884">
        <ele>5.083002037368715</ele>
        <time>2024-08-20T13:52:25Z</time>
      </trkpt>
      <trkpt lat="38.82738496211162" lon="121.50813060645687">
        <ele>5.022509000264108</ele>
        <time>2024-08-20T13:52:26Z</time>
      </trkpt>
      <trkpt lat="38.82736515324606" lon="121.50813233437397">
        <ele>4.976019823923707</ele>
        <time>2024-08-20T13:52:27Z</time>
      </trkpt>
      <trkpt lat="38.827345028607006" lon="121.50813352926758">
        <ele>4.926379152573645</ele>
        <time>2024-08-20T13:52:28Z</time>
      </trkpt>
      <trkpt lat="38.82732418531641" lon="121.50813360758426">
        <ele>4.8597677843645215</ele>
        <time>2024-08-20T13:52:29Z</time>
      </trkpt>
      <trkpt lat="38.82730339832759" lon="121.508133701013">
        <ele>4.804352656938136</ele>
        <time>2024-08-20T13:52:30Z</time>
      </trkpt>
      <trkpt lat="38.82728346645561" lon="121.50813515958689">
        <ele>4.76713368203491</ele>
        <time>2024-08-20T13:52:31Z</time>
      </trkpt>
      <trkpt lat="38.82726408437777" lon="121.50813777992508">
        <ele>4.70330002065748</ele>
        <time>2024-08-20T13:52:32Z</time>
      </trkpt>
      <trkpt lat="38.8272447858704" lon="121.50814196497089">
        <ele>4.633485395461321</ele>
        <time>2024-08-20T13:52:33Z</time>
      </trkpt>
      <trkpt lat="38.82722573005312" lon="121.50814823181938">
        <ele>4.573270152322948</ele>
        <time>2024-08-20T13:52:34Z</time>
      </trkpt>
      <trkpt lat="38.82720680879236" lon="121.50815692971436">
        <ele>4.5006277756765485</ele>
        <time>2024-08-20T13:52:35Z</time>
      </trkpt>
      <trkpt lat="38.8271876041295" lon="121.50816757339214">
        <ele>4.414627050980926</ele>
        <time>2024-08-20T13:52:36Z</time>
      </trkpt>
      <trkpt lat="38.827168449950115" lon="121.50817904460837">
        <ele>4.3465139688923955</ele>
        <time>2024-08-20T13:52:37Z</time>
      </trkpt>
      <trkpt lat="38.82715034689083" lon="121.50819139580976">
        <ele>4.286230813711882</ele>
        <time>2024-08-20T13:52:38Z</time>
      </trkpt>
      <trkpt lat="38.827133182405035" lon="121.50820489490096">
        <ele>4.207857584580779</ele>
        <time>2024-08-20T13:52:39Z</time>
      </trkpt>
      <trkpt lat="38.82711607754465" lon="121.50821956565655">
        <ele>4.1241119066253304</ele>
        <time>2024-08-20T13:52:40Z</time>
      </trkpt>
      <trkpt lat="38.82709898034304" lon="121.50823498406021">
        <ele>4.049960317090154</ele>
        <time>2024-08-20T13:52:41Z</time>
      </trkpt>
      <trkpt lat="38.8270826912644" lon="121.50825072669471">
        <ele>3.954483990557492</ele>
        <time>2024-08-20T13:52:42Z</time>
      </trkpt>
      <trkpt lat="38.827067264110276" lon="121.5082671296391">
        <ele>3.860905689187348</ele>
        <time>2024-08-20T13:52:43Z</time>
      </trkpt>
      <trkpt lat="38.82705201004297" lon="121.50828437029776">
        <ele>3.7998348204419017</ele>
        <time>2024-08-20T13:52:44Z</time>
      </trkpt>
      <trkpt lat="38.82703696513452" lon="121.5083022631971">
        <ele>3.7213801397010684</ele>
        <time>2024-08-20T13:52:45Z</time>
      </trkpt>
      <trkpt lat="38.82702237944897" lon="121.50832094596932">
        <ele>3.6507716281339526</ele>
        <time>2024-08-20T13:52:46Z</time>
      </trkpt>
      <trkpt lat="38.82700829315662" lon="121.50834044497672">
        <ele>3.6012138165533543</ele>
        <time>2024-08-20T13:52:47Z</time>
      </trkpt>
      <trkpt lat="38.82699514126679" lon="121.50836089615815">
        <ele>3.566818035207689</ele>
        <time>2024-08-20T13:52:48Z</time>
      </trkpt>
      <trkpt lat="38.82698324572366" lon="121.50838191976113">
        <ele>3.520217332057655</ele>
        <time>2024-08-20T13:52:49Z</time>
      </trkpt>
      <trkpt lat="38.82697235471409" lon="121.50840284633375">
        <ele>3.4758363254368305</ele>
        <time>2024-08-20T13:52:50Z</time>
      </trkpt>
      <trkpt lat="38.82696162059178" lon="121.50842412628116">
        <ele>3.465035632252693</ele>
        <time>2024-08-20T13:52:51Z</time>
      </trkpt>
      <trkpt lat="38.82695068381279" lon="121.50844567580509">
        <ele>3.43618112616241</ele>
        <time>2024-08-20T13:52:52Z</time>
      </trkpt>
      <trkpt lat="38.82693976473148" lon="121.50846635840362">
        <ele>3.41437931265682</ele>
        <time>2024-08-20T13:52:53Z</time>
      </trkpt>
      <trkpt lat="38.826928543985396" lon="121.50848633749371">
        <ele>3.421942140907049</ele>
        <time>2024-08-20T13:52:54Z</time>
      </trkpt>
      <trkpt lat="38.82691705124708" lon="121.5085069412365">
        <ele>3.409429927356541</ele>
        <time>2024-08-20T13:52:55Z</time>
      </trkpt>
      <trkpt lat="38.82690590337517" lon="121.50852873275491">
        <ele>3.3822337640449405</ele>
        <time>2024-08-20T13:52:56Z</time>
      </trkpt>
      <trkpt lat="38.82689575747835" lon="121.50855116133708">
        <ele>3.371942893601954</ele>
        <time>2024-08-20T13:52:57Z</time>
      </trkpt>
      <trkpt lat="38.82688693568111" lon="121.5085740451844">
        <ele>3.3567138891667128</ele>
        <time>2024-08-20T13:52:58Z</time>
      </trkpt>
      <trkpt lat="38.82687890254751" lon="121.50859777649833">
        <ele>3.315003984607756</ele>
        <time>2024-08-20T13:52:59Z</time>
      </trkpt>
      <trkpt lat="38.826871162474575" lon="121.50862176223585">
        <ele>3.288742328993976</ele>
        <time>2024-08-20T13:53:00Z</time>
      </trkpt>
      <trkpt lat="38.82686406605533" lon="121.50864587042726">
        <ele>3.245256882160902</ele>
        <time>2024-08-20T13:53:01Z</time>
      </trkpt>
      <trkpt lat="38.826857651416056" lon="121.50867088425653">
        <ele>3.1754672676324844</ele>
        <time>2024-08-20T13:53:02Z</time>
      </trkpt>
      <trkpt lat="38.82685223848322" lon="121.50869687989986">
        <ele>3.1373470928519964</ele>
        <time>2024-08-20T13:53:03Z</time>
      </trkpt>
      <trkpt lat="38.82684850953191" lon="121.50872313837809">
        <ele>3.0761350886896253</ele>
        <time>2024-08-20T13:53:04Z</time>
      </trkpt>
      <trkpt lat="38.826846602276575" lon="121.50874959542423">
        <ele>3.0113752000033855</ele>
        <time>2024-08-20T13:53:05Z</time>
      </trkpt>
      <trkpt lat="38.82684608157331" lon="121.50877680353071">
        <ele>2.9728442393243313</ele>
        <time>2024-08-20T13:53:06Z</time>
      </trkpt>
      <trkpt lat="38.82684631641485" lon="121.50880447663454">
        <ele>2.9088687701150775</ele>
        <time>2024-08-20T13:53:07Z</time>
      </trkpt>
      <trkpt lat="38.82684703840959" lon="121.50883214869711">
        <ele>2.8394618341699243</ele>
        <time>2024-08-20T13:53:08Z</time>
      </trkpt>
      <trkpt lat="38.8268481742365" lon="121.5088600499833">
        <ele>2.7930902615189552</ele>
        <time>2024-08-20T13:53:09Z</time>
      </trkpt>
      <trkpt lat="38.82684945910873" lon="121.50888799279274">
        <ele>2.7233926728367805</ele>
        <time>2024-08-20T13:53:10Z</time>
      </trkpt>
      <trkpt lat="38.82685075573248" lon="121.50891538374519">
        <ele>2.67675709258765</ele>
        <time>2024-08-20T13:53:11Z</time>
      </trkpt>
      <trkpt lat="38.826852041182775" lon="121.50894266979823">
        <ele>2.6355035081505775</ele>
        <time>2024-08-20T13:53:12Z</time>
      </trkpt>
      <trkpt lat="38.82685351087319" lon="121.50897019946436">
        <ele>2.588246915489435</ele>
        <time>2024-08-20T13:53:13Z</time>
      </trkpt>
      <trkpt lat="38.82685532282898" lon="121.5089968615983">
        <ele>2.5713797053322196</ele>
        <time>2024-08-20T13:53:14Z</time>
      </trkpt>
      <trkpt lat="38.826858157026564" lon="121.50902260293077">
        <ele>2.5512351281940937</ele>
        <time>2024-08-20T13:53:15Z</time>
      </trkpt>
      <trkpt lat="38.82686194880761" lon="121.50904912262276">
        <ele>2.530262871645391</ele>
        <time>2024-08-20T13:53:16Z</time>
      </trkpt>
      <trkpt lat="38.82686556120949" lon="121.5090766321893">
        <ele>2.5266467928886414</ele>
        <time>2024-08-20T13:53:17Z</time>
      </trkpt>
      <trkpt lat="38.82686889257406" lon="121.50910395751357">
        <ele>2.536081977188587</ele>
        <time>2024-08-20T13:53:18Z</time>
      </trkpt>
      <trkpt lat="38.826872841082995" lon="121.50913082480068">
        <ele>2.5684592723846436</ele>
        <time>2024-08-20T13:53:19Z</time>
      </trkpt>
      <trkpt lat="38.82687763766491" lon="121.50915718699785">
        <ele>2.6044133557006717</ele>
        <time>2024-08-20T13:53:20Z</time>
      </trkpt>
      <trkpt lat="38.82688305795928" lon="121.50918289047435">
        <ele>2.6688267244026065</ele>
        <time>2024-08-20T13:53:21Z</time>
      </trkpt>
      <trkpt lat="38.82688903758427" lon="121.50920850629757">
        <ele>2.7241266034543514</ele>
        <time>2024-08-20T13:53:22Z</time>
      </trkpt>
      <trkpt lat="38.82689545100424" lon="121.50923452440465">
        <ele>2.7671661134809256</ele>
        <time>2024-08-20T13:53:23Z</time>
      </trkpt>
      <trkpt lat="38.8269018211067" lon="121.50926070312119">
        <ele>2.8138734688982368</ele>
        <time>2024-08-20T13:53:24Z</time>
      </trkpt>
      <trkpt lat="38.82690809517602" lon="121.50928712189788">
        <ele>2.8582909256219864</ele>
        <time>2024-08-20T13:53:25Z</time>
      </trkpt>
      <trkpt lat="38.82691425091827" lon="121.50931333527514">
        <ele>2.889928729273379</ele>
        <time>2024-08-20T13:53:26Z</time>
      </trkpt>
      <trkpt lat="38.82691944198587" lon="121.5093383147555">
        <ele>2.9026697343215346</ele>
        <time>2024-08-20T13:53:27Z</time>
      </trkpt>
      <trkpt lat="38.82692256887435" lon="121.50936285975567">
        <ele>2.9162793420255184</ele>
        <time>2024-08-20T13:53:28Z</time>
      </trkpt>
      <trkpt lat="38.82692274197848" lon="121.50938882121778">
        <ele>2.9062338871881366</ele>
        <time>2024-08-20T13:53:29Z</time>
      </trkpt>
      <trkpt lat="38.8269202537334" lon="121.50941549490882">
        <ele>2.869215490296483</ele>
        <time>2024-08-20T13:53:30Z</time>
      </trkpt>
      <trkpt lat="38.82691639762853" lon="121.50944149870658">
        <ele>2.8418725756928325</ele>
        <time>2024-08-20T13:53:31Z</time>
      </trkpt>
      <trkpt lat="38.82691205417653" lon="121.50946662896956">
        <ele>2.8039440950378776</ele>
        <time>2024-08-20T13:53:32Z</time>
      </trkpt>
      <trkpt lat="38.826907260034574" lon="121.50949142544361">
        <ele>2.7738119158893824</ele>
        <time>2024-08-20T13:53:33Z</time>
      </trkpt>
      <trkpt lat="38.82690175126299" lon="121.5095161997642">
        <ele>2.7328394688665867</ele>
        <time>2024-08-20T13:53:34Z</time>
      </trkpt>
      <trkpt lat="38.82689591583176" lon="121.5095410012486">
        <ele>2.636430125683546</ele>
        <time>2024-08-20T13:53:35Z</time>
      </trkpt>
      <trkpt lat="38.826890572494676" lon="121.50956611469212">
        <ele>2.5312586445361376</ele>
        <time>2024-08-20T13:53:36Z</time>
      </trkpt>
      <trkpt lat="38.826885181727896" lon="121.50959226577913">
        <ele>2.4220076501369476</ele>
        <time>2024-08-20T13:53:37Z</time>
      </trkpt>
      <trkpt lat="38.82687909897853" lon="121.50961858023867">
        <ele>2.338564713485539</ele>
        <time>2024-08-20T13:53:38Z</time>
      </trkpt>
      <trkpt lat="38.82687248457967" lon="121.50964473723185">
        <ele>2.2691958220675588</ele>
        <time>2024-08-20T13:53:39Z</time>
      </trkpt>
      <trkpt lat="38.82686586432151" lon="121.5096706849559">
        <ele>2.2158813970163465</ele>
        <time>2024-08-20T13:53:40Z</time>
      </trkpt>
      <trkpt lat="38.82685913442884" lon="121.50969621915488">
        <ele>2.1610139962285757</ele>
        <time>2024-08-20T13:53:41Z</time>
      </trkpt>
      <trkpt lat="38.82685177523065" lon="121.50972173777281">
        <ele>2.11574574559927</ele>
        <time>2024-08-20T13:53:42Z</time>
      </trkpt>
      <trkpt lat="38.82684290075024" lon="121.50974712626252">
        <ele>2.0900206193327904</ele>
        <time>2024-08-20T13:53:43Z</time>
      </trkpt>
      <trkpt lat="38.82683143031333" lon="121.5097696177672">
        <ele>2.0737996147945523</ele>
        <time>2024-08-20T13:53:44Z</time>
      </trkpt>
      <trkpt lat="38.82681681685821" lon="121.50978300514076">
        <ele>2.067993648350239</ele>
        <time>2024-08-20T13:53:45Z</time>
      </trkpt>
      <trkpt lat="38.8268016965699" lon="121.50978736419519">
        <ele>2.073888374492526</ele>
        <time>2024-08-20T13:53:46Z</time>
      </trkpt>
      <trkpt lat="38.826789664333376" lon="121.50979633267437">
        <ele>2.0885888673365116</ele>
        <time>2024-08-20T13:53:47Z</time>
      </trkpt>
      <trkpt lat="38.82678128472678" lon="121.50981927295784">
        <ele>2.1274489779025316</ele>
        <time>2024-08-20T13:53:48Z</time>
      </trkpt>
      <trkpt lat="38.82677472947225" lon="121.50985088077694">
        <ele>2.1946013383567333</ele>
        <time>2024-08-20T13:53:49Z</time>
      </trkpt>
      <trkpt lat="38.826767327221745" lon="121.50988378968546">
        <ele>2.2725292779505253</ele>
        <time>2024-08-20T13:53:50Z</time>
      </trkpt>
      <trkpt lat="38.82675819490948" lon="121.50991521034202">
        <ele>2.349682210944593</ele>
        <time>2024-08-20T13:53:51Z</time>
      </trkpt>
      <trkpt lat="38.82674868826721" lon="121.50994486288793">
        <ele>2.4453899916261435</ele>
        <time>2024-08-20T13:53:52Z</time>
      </trkpt>
      <trkpt lat="38.82673954236529" lon="121.50997322324646">
        <ele>2.5423986529931426</ele>
        <time>2024-08-20T13:53:53Z</time>
      </trkpt>
      <trkpt lat="38.82672983192951" lon="121.51000042995908">
        <ele>2.6304707480594516</ele>
        <time>2024-08-20T13:53:54Z</time>
      </trkpt>
      <trkpt lat="38.82671920642976" lon="121.51002611324995">
        <ele>2.734344703145325</ele>
        <time>2024-08-20T13:53:55Z</time>
      </trkpt>
      <trkpt lat="38.826708455087626" lon="121.51005072292635">
        <ele>2.83509021718055</ele>
        <time>2024-08-20T13:53:56Z</time>
      </trkpt>
      <trkpt lat="38.82669781309517" lon="121.51007497966407">
        <ele>2.928222870454192</ele>
        <time>2024-08-20T13:53:57Z</time>
      </trkpt>
      <trkpt lat="38.82668694204976" lon="121.51009943069145">
        <ele>3.019222643226385</ele>
        <time>2024-08-20T13:53:58Z</time>
      </trkpt>
      <trkpt lat="38.82667509582242" lon="121.51012380520713">
        <ele>3.1193337813019753</ele>
        <time>2024-08-20T13:53:59Z</time>
      </trkpt>
      <trkpt lat="38.82666092524974" lon="121.51014727237673">
        <ele>3.2011102102696896</ele>
        <time>2024-08-20T13:54:00Z</time>
      </trkpt>
      <trkpt lat="38.82664418161801" lon="121.5101690276899">
        <ele>3.2752160923555493</ele>
        <time>2024-08-20T13:54:01Z</time>
      </trkpt>
      <trkpt lat="38.826626459447326" lon="121.51018860684233">
        <ele>3.334624598734081</ele>
        <time>2024-08-20T13:54:02Z</time>
      </trkpt>
      <trkpt lat="38.82660894774407" lon="121.51020635302667">
        <ele>3.3776941215619445</ele>
        <time>2024-08-20T13:54:03Z</time>
      </trkpt>
      <trkpt lat="38.82659204438062" lon="121.51022381055651">
        <ele>3.418669480830431</ele>
        <time>2024-08-20T13:54:04Z</time>
      </trkpt>
      <trkpt lat="38.82657609417427" lon="121.51024188502232">
        <ele>3.454567571170628</ele>
        <time>2024-08-20T13:54:05Z</time>
      </trkpt>
      <trkpt lat="38.826560511026294" lon="121.5102607928535">
        <ele>3.4842448458075523</ele>
        <time>2024-08-20T13:54:06Z</time>
      </trkpt>
      <trkpt lat="38.826544412986216" lon="121.510280171671">
        <ele>3.5126534020528197</ele>
        <time>2024-08-20T13:54:07Z</time>
      </trkpt>
      <trkpt lat="38.82652823229965" lon="121.51029900180019">
        <ele>3.539876101538539</ele>
        <time>2024-08-20T13:54:08Z</time>
      </trkpt>
      <trkpt lat="38.82651261009615" lon="121.51031670716029">
        <ele>3.5622048201039433</ele>
        <time>2024-08-20T13:54:09Z</time>
      </trkpt>
      <trkpt lat="38.826496930215804" lon="121.51033338122612">
        <ele>3.581740887835622</ele>
        <time>2024-08-20T13:54:10Z</time>
      </trkpt>
      <trkpt lat="38.826480060400975" lon="121.51034881623579">
        <ele>3.593321103602648</ele>
        <time>2024-08-20T13:54:11Z</time>
      </trkpt>
      <trkpt lat="38.826461880424716" lon="121.51036271574051">
        <ele>3.5971130477264524</ele>
        <time>2024-08-20T13:54:12Z</time>
      </trkpt>
      <trkpt lat="38.826443438033365" lon="121.51037605824722">
        <ele>3.5960492864251137</ele>
        <time>2024-08-20T13:54:13Z</time>
      </trkpt>
      <trkpt lat="38.82642511015313" lon="121.51038989103809">
        <ele>3.5944787301123142</ele>
        <time>2024-08-20T13:54:14Z</time>
      </trkpt>
      <trkpt lat="38.82640643377542" lon="121.51040354314061">
        <ele>3.5940100476145744</ele>
        <time>2024-08-20T13:54:15Z</time>
        <extensions>
          <gpxtpx:TrackPointExtension>
            <gpxtpx:hr>147</gpxtpx:hr>
          </gpxtpx:TrackPointExtension>
        </extensions>
      </trkpt>
      <trkpt lat="38.82638703186639" lon="121.51041578016526">
        <ele>3.584076138213277</ele>
        <time>2024-08-20T13:54:16Z</time>
        <extensions>
          <gpxtpx:TrackPointExtension>
            <gpxtpx:hr>147</gpxtpx:hr>
          </gpxtpx:TrackPointExtension>
        </extensions>
      </trkpt>
      <trkpt lat="38.8263669467203" lon="121.51042605399363">
        <ele>3.559172119013965</ele>
        <time>2024-08-20T13:54:17Z</time>
        <extensions>
          <gpxtpx:TrackPointExtension>
            <gpxtpx:hr>147</gpxtpx:hr>
          </gpxtpx:TrackPointExtension>
        </extensions>
      </trkpt>
      <trkpt lat="38.82634649536619" lon="121.51043512164549">
        <ele>3.5391783816739917</ele>
        <time>2024-08-20T13:54:18Z</time>
        <extensions>
          <gpxtpx:TrackPointExtension>
            <gpxtpx:hr>147</gpxtpx:hr>
          </gpxtpx:TrackPointExtension>
        </extensions>
      </trkpt>
      <trkpt lat="38.8263260182452" lon="121.51044407046433">
        <ele>3.520174840465188</ele>
        <time>2024-08-20T13:54:19Z</time>
        <extensions>
          <gpxtpx:TrackPointExtension>
            <gpxtpx:hr>147</gpxtpx:hr>
          </gpxtpx:TrackPointExtension>
        </extensions>
      </trkpt>
      <trkpt lat="38.82630566295953" lon="121.51045263839556">
        <ele>3.490165422670543</ele>
        <time>2024-08-20T13:54:20Z</time>
        <extensions>
          <gpxtpx:TrackPointExtension>
            <gpxtpx:hr>147</gpxtpx:hr>
          </gpxtpx:TrackPointExtension>
        </extensions>
      </trkpt>
      <trkpt lat="38.82628523767238" lon="121.51046065891413">
        <ele>3.4610174149274826</ele>
        <time>2024-08-20T13:54:21Z</time>
        <extensions>
          <gpxtpx:TrackPointExtension>
            <gpxtpx:hr>147</gpxtpx:hr>
          </gpxtpx:TrackPointExtension>
        </extensions>
      </trkpt>
      <trkpt lat="38.826264809208766" lon="121.51046819651255">
        <ele>3.439633298665285</ele>
        <time>2024-08-20T13:54:22Z</time>
        <extensions>
          <gpxtpx:TrackPointExtension>
            <gpxtpx:hr>147</gpxtpx:hr>
          </gpxtpx:TrackPointExtension>
        </extensions>
      </trkpt>
      <trkpt lat="38.82624460626827" lon="121.5104745139913">
        <ele>3.432942643761635</ele>
        <time>2024-08-20T13:54:23Z</time>
        <extensions>
          <gpxtpx:TrackPointExtension>
            <gpxtpx:hr>147</gpxtpx:hr>
          </gpxtpx:TrackPointExtension>
        </extensions>
      </trkpt>
      <trkpt lat="38.82622452265774" lon="121.51047915396734">
        <ele>3.430037566460669</ele>
        <time>2024-08-20T13:54:24Z</time>
        <extensions>
          <gpxtpx:TrackPointExtension>
            <gpxtpx:hr>147</gpxtpx:hr>
          </gpxtpx:TrackPointExtension>
        </extensions>
      </trkpt>
      <trkpt lat="38.82620452501077" lon="121.5104828681057">
        <ele>3.4091848209500313</ele>
        <time>2024-08-20T13:54:25Z</time>
        <extensions>
          <gpxtpx:TrackPointExtension>
            <gpxtpx:hr>147</gpxtpx:hr>
          </gpxtpx:TrackPointExtension>
        </extensions>
      </trkpt>
      <trkpt lat="38.82618497402126" lon="121.51048689518883">
        <ele>3.3935453528538346</ele>
        <time>2024-08-20T13:54:26Z</time>
        <extensions>
          <gpxtpx:TrackPointExtension>
            <gpxtpx:hr>147</gpxtpx:hr>
          </gpxtpx:TrackPointExtension>
        </extensions>
      </trkpt>
      <trkpt lat="38.826166344156384" lon="121.51049124516327">
        <ele>3.394603230059147</ele>
        <time>2024-08-20T13:54:27Z</time>
        <extensions>
          <gpxtpx:TrackPointExtension>
            <gpxtpx:hr>147</gpxtpx:hr>
          </gpxtpx:TrackPointExtension>
        </extensions>
      </trkpt>
      <trkpt lat="38.82614865998495" lon="121.51049509609014">
        <ele>3.4109287839382887</ele>
        <time>2024-08-20T13:54:28Z</time>
        <extensions>
          <gpxtpx:TrackPointExtension>
            <gpxtpx:hr>154</gpxtpx:hr>
          </gpxtpx:TrackPointExtension>
        </extensions>
      </trkpt>
      <trkpt lat="38.82613108464561" lon="121.51049792282856">
        <ele>3.436550169251859</ele>
        <time>2024-08-20T13:54:29Z</time>
        <extensions>
          <gpxtpx:TrackPointExtension>
            <gpxtpx:hr>154</gpxtpx:hr>
          </gpxtpx:TrackPointExtension>
        </extensions>
      </trkpt>
      <trkpt lat="38.82611333551376" lon="121.51049981694439">
        <ele>3.4524632850661874</ele>
        <time>2024-08-20T13:54:30Z</time>
        <extensions>
          <gpxtpx:TrackPointExtension>
            <gpxtpx:hr>154</gpxtpx:hr>
          </gpxtpx:TrackPointExtension>
        </extensions>
      </trkpt>
      <trkpt lat="38.826096729984975" lon="121.51050196112394">
        <ele>3.4588294168934226</ele>
        <time>2024-08-20T13:54:31Z</time>
        <extensions>
          <gpxtpx:TrackPointExtension>
            <gpxtpx:hr>154</gpxtpx:hr>
          </gpxtpx:TrackPointExtension>
        </extensions>
      </trkpt>
      <trkpt lat="38.82608270487401" lon="121.51050502339545">
        <ele>3.4549601189792156</ele>
        <time>2024-08-20T13:54:32Z</time>
        <extensions>
          <gpxtpx:TrackPointExtension>
            <gpxtpx:hr>160</gpxtpx:hr>
          </gpxtpx:TrackPointExtension>
        </extensions>
      </trkpt>
      <trkpt lat="38.82607172343998" lon="121.51050843161431">
        <ele>3.4440757343545556</ele>
        <time>2024-08-20T13:54:33Z</time>
        <extensions>
          <gpxtpx:TrackPointExtension>
            <gpxtpx:hr>160</gpxtpx:hr>
          </gpxtpx:TrackPointExtension>
        </extensions>
      </trkpt>
      <trkpt lat="38.82606352229962" lon="121.51051124563206">
        <ele>3.4283950375393033</ele>
        <time>2024-08-20T13:54:34Z</time>
        <extensions>
          <gpxtpx:TrackPointExtension>
            <gpxtpx:hr>160</gpxtpx:hr>
          </gpxtpx:TrackPointExtension>
        </extensions>
      </trkpt>
      <trkpt lat="38.8260573569331" lon="121.51051304566636">
        <ele>3.4076248379424214</ele>
        <time>2024-08-20T13:54:35Z</time>
        <extensions>
          <gpxtpx:TrackPointExtension>
            <gpxtpx:hr>160</gpxtpx:hr>
          </gpxtpx:TrackPointExtension>
        </extensions>
      </trkpt>
      <trkpt lat="38.82605213932373" lon="121.51051430869747">
        <ele>3.3859779024496675</ele>
        <time>2024-08-20T13:54:36Z</time>
        <extensions>
          <gpxtpx:TrackPointExtension>
            <gpxtpx:hr>160</gpxtpx:hr>
          </gpxtpx:TrackPointExtension>
        </extensions>
      </trkpt>
      <trkpt lat="38.826047716994346" lon="121.51051527029908">
        <ele>3.3479534378275275</ele>
        <time>2024-08-20T13:54:37Z</time>
        <extensions>
          <gpxtpx:TrackPointExtension>
            <gpxtpx:hr>160</gpxtpx:hr>
          </gpxtpx:TrackPointExtension>
        </extensions>
      </trkpt>
      <trkpt lat="38.82604481154276" lon="121.5105157159761">
        <ele>3.299818431958556</ele>
        <time>2024-08-20T13:54:38Z</time>
        <extensions>
          <gpxtpx:TrackPointExtension>
            <gpxtpx:hr>158</gpxtpx:hr>
          </gpxtpx:TrackPointExtension>
        </extensions>
      </trkpt>
      <trkpt lat="38.8260435725255" lon="121.51051550868053">
        <ele>3.2314507542178035</ele>
        <time>2024-08-20T13:54:39Z</time>
        <extensions>
          <gpxtpx:TrackPointExtension>
            <gpxtpx:hr>158</gpxtpx:hr>
          </gpxtpx:TrackPointExtension>
        </extensions>
      </trkpt>
      <trkpt lat="38.82604431410412" lon="121.51051443939252">
        <ele>3.1519443411380053</ele>
        <time>2024-08-20T13:54:40Z</time>
        <extensions>
          <gpxtpx:TrackPointExtension>
            <gpxtpx:hr>158</gpxtpx:hr>
          </gpxtpx:TrackPointExtension>
        </extensions>
      </trkpt>
      <trkpt lat="38.82604731861338" lon="121.51051220880169">
        <ele>3.071007587015629</ele>
        <time>2024-08-20T13:54:41Z</time>
        <extensions>
          <gpxtpx:TrackPointExtension>
            <gpxtpx:hr>158</gpxtpx:hr>
          </gpxtpx:TrackPointExtension>
        </extensions>
      </trkpt>
      <trkpt lat="38.82605204926403" lon="121.51050898489031">
        <ele>2.985117930918932</ele>
        <time>2024-08-20T13:54:42Z</time>
        <extensions>
          <gpxtpx:TrackPointExtension>
            <gpxtpx:hr>158</gpxtpx:hr>
          </gpxtpx:TrackPointExtension>
        </extensions>
      </trkpt>
      <trkpt lat="38.82605778970922" lon="121.51050521133224">
        <ele>2.89970360416919</ele>
        <time>2024-08-20T13:54:43Z</time>
        <extensions>
          <gpxtpx:TrackPointExtension>
            <gpxtpx:hr>157</gpxtpx:hr>
          </gpxtpx:TrackPointExtension>
        </extensions>
      </trkpt>
      <trkpt lat="38.82606417375348" lon="121.51050119281068">
        <ele>2.822615464217961</ele>
        <time>2024-08-20T13:54:44Z</time>
        <extensions>
          <gpxtpx:TrackPointExtension>
            <gpxtpx:hr>157</gpxtpx:hr>
          </gpxtpx:TrackPointExtension>
        </extensions>
      </trkpt>
      <trkpt lat="38.82607100193001" lon="121.51049710877535">
        <ele>2.7480140272527933</ele>
        <time>2024-08-20T13:54:45Z</time>
        <extensions>
          <gpxtpx:TrackPointExtension>
            <gpxtpx:hr>157</gpxtpx:hr>
          </gpxtpx:TrackPointExtension>
        </extensions>
      </trkpt>
      <trkpt lat="38.82607820143751" lon="121.51049301947808">
        <ele>2.6771405646577477</ele>
        <time>2024-08-20T13:54:46Z</time>
        <extensions>
          <gpxtpx:TrackPointExtension>
            <gpxtpx:hr>157</gpxtpx:hr>
          </gpxtpx:TrackPointExtension>
        </extensions>
      </trkpt>
      <trkpt lat="38.82608574289852" lon="121.5104889534305">
        <ele>2.616288756020367</ele>
        <time>2024-08-20T13:54:47Z</time>
        <extensions>
          <gpxtpx:TrackPointExtension>
            <gpxtpx:hr>157</gpxtpx:hr>
          </gpxtpx:TrackPointExtension>
        </extensions>
      </trkpt>
      <trkpt lat="38.82609356314977" lon="121.51048501156208">
        <ele>2.558209741488099</ele>
        <time>2024-08-20T13:54:48Z</time>
        <extensions>
          <gpxtpx:TrackPointExtension>
            <gpxtpx:hr>154</gpxtpx:hr>
          </gpxtpx:TrackPointExtension>
        </extensions>
      </trkpt>
      <trkpt lat="38.826101630446296" lon="121.51048129951468">
        <ele>2.5109092090278864</ele>
        <time>2024-08-20T13:54:49Z</time>
        <extensions>
          <gpxtpx:TrackPointExtension>
            <gpxtpx:hr>154</gpxtpx:hr>
          </gpxtpx:TrackPointExtension>
        </extensions>
      </trkpt>
      <trkpt lat="38.82610995330321" lon="121.51047787807069">
        <ele>2.4676424181088805</ele>
        <time>2024-08-20T13:54:50Z</time>
        <extensions>
          <gpxtpx:TrackPointExtension>
            <gpxtpx:hr>154</gpxtpx:hr>
          </gpxtpx:TrackPointExtension>
        </extensions>
      </trkpt>
      <trkpt lat="38.826118463569195" lon="121.51047475359167">
        <ele>2.431296108290553</ele>
        <time>2024-08-20T13:54:51Z</time>
        <extensions>
          <gpxtpx:TrackPointExtension>
            <gpxtpx:hr>154</gpxtpx:hr>
          </gpxtpx:TrackPointExtension>
        </extensions>
      </trkpt>
      <trkpt lat="38.8261271031694" lon="121.51047187416783">
        <ele>2.4093873277306557</ele>
        <time>2024-08-20T13:54:52Z</time>
        <extensions>
          <gpxtpx:TrackPointExtension>
            <gpxtpx:hr>154</gpxtpx:hr>
          </gpxtpx:TrackPointExtension>
        </extensions>
      </trkpt>
      <trkpt lat="38.826135904833826" lon="121.51046915976384">
        <ele>2.3985745711252093</ele>
        <time>2024-08-20T13:54:53Z</time>
        <extensions>
          <gpxtpx:TrackPointExtension>
            <gpxtpx:hr>154</gpxtpx:hr>
          </gpxtpx:TrackPointExtension>
        </extensions>
      </trkpt>
      <trkpt lat="38.82614485114856" lon="121.5104665835584">
        <ele>2.3948738779872656</ele>
        <time>2024-08-20T13:54:54Z</time>
        <extensions>
          <gpxtpx:TrackPointExtension>
            <gpxtpx:hr>151</gpxtpx:hr>
          </gpxtpx:TrackPointExtension>
        </extensions>
      </trkpt>
      <trkpt lat="38.82615386794563" lon="121.51046409225398">
        <ele>2.39798694383353</ele>
        <time>2024-08-20T13:54:55Z</time>
        <extensions>
          <gpxtpx:TrackPointExtension>
            <gpxtpx:hr>151</gpxtpx:hr>
          </gpxtpx:TrackPointExtension>
        </extensions>
      </trkpt>
      <trkpt lat="38.82616292643918" lon="121.51046164584079">
        <ele>2.4075778517872095</ele>
        <time>2024-08-20T13:54:56Z</time>
        <extensions>
          <gpxtpx:TrackPointExtension>
            <gpxtpx:hr>151</gpxtpx:hr>
          </gpxtpx:TrackPointExtension>
        </extensions>
      </trkpt>
      <trkpt lat="38.82617200766884" lon="121.51045921962323">
        <ele>2.4153371630236506</ele>
        <time>2024-08-20T13:54:57Z</time>
        <extensions>
          <gpxtpx:TrackPointExtension>
            <gpxtpx:hr>151</gpxtpx:hr>
          </gpxtpx:TrackPointExtension>
        </extensions>
      </trkpt>
      <trkpt lat="38.82618103479196" lon="121.5104568797096">
        <ele>2.430609500966966</ele>
        <time>2024-08-20T13:54:58Z</time>
        <extensions>
          <gpxtpx:TrackPointExtension>
            <gpxtpx:hr>151</gpxtpx:hr>
          </gpxtpx:TrackPointExtension>
        </extensions>
      </trkpt>
      <trkpt lat="38.82619002565669" lon="121.51045463766638">
        <ele>2.44749687705189</ele>
        <time>2024-08-20T13:54:59Z</time>
        <extensions>
          <gpxtpx:TrackPointExtension>
            <gpxtpx:hr>149</gpxtpx:hr>
          </gpxtpx:TrackPointExtension>
        </extensions>
      </trkpt>
      <trkpt lat="38.82619906596768" lon="121.5104524310481">
        <ele>2.4638012563809752</ele>
        <time>2024-08-20T13:55:00Z</time>
        <extensions>
          <gpxtpx:TrackPointExtension>
            <gpxtpx:hr>149</gpxtpx:hr>
          </gpxtpx:TrackPointExtension>
        </extensions>
      </trkpt>
      <trkpt lat="38.82620802268412" lon="121.51045015471828">
        <ele>2.480428117327392</ele>
        <time>2024-08-20T13:55:01Z</time>
        <extensions>
          <gpxtpx:TrackPointExtension>
            <gpxtpx:hr>149</gpxtpx:hr>
          </gpxtpx:TrackPointExtension>
        </extensions>
      </trkpt>
      <trkpt lat="38.826216796032995" lon="121.51044766005283">
        <ele>2.500081028789282</ele>
        <time>2024-08-20T13:55:02Z</time>
        <extensions>
          <gpxtpx:TrackPointExtension>
            <gpxtpx:hr>148</gpxtpx:hr>
          </gpxtpx:TrackPointExtension>
        </extensions>
      </trkpt>
      <trkpt lat="38.826225470456215" lon="121.51044479689538">
        <ele>2.5198496486991644</ele>
        <time>2024-08-20T13:55:03Z</time>
        <extensions>
          <gpxtpx:TrackPointExtension>
            <gpxtpx:hr>148</gpxtpx:hr>
          </gpxtpx:TrackPointExtension>
        </extensions>
      </trkpt>
      <trkpt lat="38.826234167762195" lon="121.51044154606643">
        <ele>2.5171665800735354</ele>
        <time>2024-08-20T13:55:04Z</time>
        <extensions>
          <gpxtpx:TrackPointExtension>
            <gpxtpx:hr>148</gpxtpx:hr>
          </gpxtpx:TrackPointExtension>
        </extensions>
      </trkpt>
      <trkpt lat="38.826243010920365" lon="121.51043798009916">
        <ele>2.5170337334275246</ele>
        <time>2024-08-20T13:55:05Z</time>
        <extensions>
          <gpxtpx:TrackPointExtension>
            <gpxtpx:hr>148</gpxtpx:hr>
          </gpxtpx:TrackPointExtension>
        </extensions>
      </trkpt>
      <trkpt lat="38.82625231382141" lon="121.51043440227629">
        <ele>2.5105435019358993</ele>
        <time>2024-08-20T13:55:06Z</time>
        <extensions>
          <gpxtpx:TrackPointExtension>
            <gpxtpx:hr>145</gpxtpx:hr>
          </gpxtpx:TrackPointExtension>
        </extensions>
      </trkpt>
      <trkpt lat="38.8262629575182" lon="121.51043131277531">
        <ele>2.5076527567580342</ele>
        <time>2024-08-20T13:55:07Z</time>
        <extensions>
          <gpxtpx:TrackPointExtension>
            <gpxtpx:hr>145</gpxtpx:hr>
          </gpxtpx:TrackPointExtension>
        </extensions>
      </trkpt>
      <trkpt lat="38.82627493419965" lon="121.51042935844498">
        <ele>2.511756013147533</ele>
        <time>2024-08-20T13:55:08Z</time>
        <extensions>
          <gpxtpx:TrackPointExtension>
            <gpxtpx:hr>145</gpxtpx:hr>
          </gpxtpx:TrackPointExtension>
        </extensions>
      </trkpt>
      <trkpt lat="38.82628708979829" lon="121.5104271691551">
        <ele>2.523814675398171</ele>
        <time>2024-08-20T13:55:09Z</time>
        <extensions>
          <gpxtpx:TrackPointExtension>
            <gpxtpx:hr>145</gpxtpx:hr>
          </gpxtpx:TrackPointExtension>
        </extensions>
      </trkpt>
      <trkpt lat="38.826297450434275" lon="121.51042433741665">
        <ele>2.5300334077328444</ele>
        <time>2024-08-20T13:55:10Z</time>
        <extensions>
          <gpxtpx:TrackPointExtension>
            <gpxtpx:hr>145</gpxtpx:hr>
          </gpxtpx:TrackPointExtension>
        </extensions>
      </trkpt>
      <trkpt lat="38.826306174400294" lon="121.51042071620674">
        <ele>2.533351583406329</ele>
        <time>2024-08-20T13:55:11Z</time>
        <extensions>
          <gpxtpx:TrackPointExtension>
            <gpxtpx:hr>145</gpxtpx:hr>
          </gpxtpx:TrackPointExtension>
        </extensions>
      </trkpt>
      <trkpt lat="38.826315561728286" lon="121.51041528693658">
        <ele>2.5231767892837524</ele>
        <time>2024-08-20T13:55:12Z</time>
        <extensions>
          <gpxtpx:TrackPointExtension>
            <gpxtpx:hr>141</gpxtpx:hr>
          </gpxtpx:TrackPointExtension>
        </extensions>
      </trkpt>
      <trkpt lat="38.82632608631904" lon="121.51040913194802">
        <ele>2.507678484544158</ele>
        <time>2024-08-20T13:55:13Z</time>
        <extensions>
          <gpxtpx:TrackPointExtension>
            <gpxtpx:hr>141</gpxtpx:hr>
          </gpxtpx:TrackPointExtension>
        </extensions>
      </trkpt>
      <trkpt lat="38.82633682254989" lon="121.51040392726192">
        <ele>2.478272841311991</ele>
        <time>2024-08-20T13:55:14Z</time>
        <extensions>
          <gpxtpx:TrackPointExtension>
            <gpxtpx:hr>141</gpxtpx:hr>
          </gpxtpx:TrackPointExtension>
        </extensions>
      </trkpt>
      <trkpt lat="38.82634678530928" lon="121.51040005796725">
        <ele>2.447597580961883</ele>
        <time>2024-08-20T13:55:15Z</time>
        <extensions>
          <gpxtpx:TrackPointExtension>
            <gpxtpx:hr>141</gpxtpx:hr>
          </gpxtpx:TrackPointExtension>
        </extensions>
      </trkpt>
      <trkpt lat="38.8263557202079" lon="121.5103962941295">
        <ele>2.4137047892436385</ele>
        <time>2024-08-20T13:55:16Z</time>
        <extensions>
          <gpxtpx:TrackPointExtension>
            <gpxtpx:hr>141</gpxtpx:hr>
          </gpxtpx:TrackPointExtension>
        </extensions>
      </trkpt>
      <trkpt lat="38.826364545447206" lon="121.51039166273587">
        <ele>2.3785632830113173</ele>
        <time>2024-08-20T13:55:17Z</time>
        <extensions>
          <gpxtpx:TrackPointExtension>
            <gpxtpx:hr>141</gpxtpx:hr>
          </gpxtpx:TrackPointExtension>
        </extensions>
      </trkpt>
      <trkpt lat="38.82637422807417" lon="121.51038636163497">
        <ele>2.3451380599290133</ele>
        <time>2024-08-20T13:55:18Z</time>
        <extensions>
          <gpxtpx:TrackPointExtension>
            <gpxtpx:hr>138</gpxtpx:hr>
          </gpxtpx:TrackPointExtension>
        </extensions>
      </trkpt>
      <trkpt lat="38.82638439895444" lon="121.51038097939634">
        <ele>2.3155415058135986</ele>
        <time>2024-08-20T13:55:19Z</time>
        <extensions>
          <gpxtpx:TrackPointExtension>
            <gpxtpx:hr>138</gpxtpx:hr>
          </gpxtpx:TrackPointExtension>
        </extensions>
      </trkpt>
      <trkpt lat="38.82639441484604" lon="121.51037612727391">
        <ele>2.2934535834938288</ele>
        <time>2024-08-20T13:55:20Z</time>
        <extensions>
          <gpxtpx:TrackPointExtension>
            <gpxtpx:hr>138</gpxtpx:hr>
          </gpxtpx:TrackPointExtension>
        </extensions>
      </trkpt>
      <trkpt lat="38.82640336718449" lon="121.51037160910133">
        <ele>2.268962411209941</ele>
        <time>2024-08-20T13:55:21Z</time>
        <extensions>
          <gpxtpx:TrackPointExtension>
            <gpxtpx:hr>138</gpxtpx:hr>
          </gpxtpx:TrackPointExtension>
        </extensions>
      </trkpt>
      <trkpt lat="38.826411246515285" lon="121.51036690404818">
        <ele>2.2410563994199038</ele>
        <time>2024-08-20T13:55:22Z</time>
        <extensions>
          <gpxtpx:TrackPointExtension>
            <gpxtpx:hr>138</gpxtpx:hr>
          </gpxtpx:TrackPointExtension>
        </extensions>
      </trkpt>
      <trkpt lat="38.82641936217432" lon="121.51036173626827">
        <ele>2.2187626156955957</ele>
        <time>2024-08-20T13:55:23Z</time>
        <extensions>
          <gpxtpx:TrackPointExtension>
            <gpxtpx:hr>136</gpxtpx:hr>
          </gpxtpx:TrackPointExtension>
        </extensions>
      </trkpt>
      <trkpt lat="38.82642849630737" lon="121.51035591488713">
        <ele>2.208769578486681</ele>
        <time>2024-08-20T13:55:24Z</time>
        <extensions>
          <gpxtpx:TrackPointExtension>
            <gpxtpx:hr>136</gpxtpx:hr>
          </gpxtpx:TrackPointExtension>
        </extensions>
      </trkpt>
      <trkpt lat="38.82643806381158" lon="121.51034943071853">
        <ele>2.2151195658370852</ele>
        <time>2024-08-20T13:55:25Z</time>
        <extensions>
          <gpxtpx:TrackPointExtension>
            <gpxtpx:hr>136</gpxtpx:hr>
          </gpxtpx:TrackPointExtension>
        </extensions>
      </trkpt>
      <trkpt lat="38.82644715480625" lon="121.51034270397217">
        <ele>2.230848368257284</ele>
        <time>2024-08-20T13:55:26Z</time>
        <extensions>
          <gpxtpx:TrackPointExtension>
            <gpxtpx:hr>135</gpxtpx:hr>
          </gpxtpx:TrackPointExtension>
        </extensions>
      </trkpt>
      <trkpt lat="38.826455688352226" lon="121.51033641211512">
        <ele>2.2544391499832273</ele>
        <time>2024-08-20T13:55:27Z</time>
        <extensions>
          <gpxtpx:TrackPointExtension>
            <gpxtpx:hr>135</gpxtpx:hr>
          </gpxtpx:TrackPointExtension>
        </extensions>
      </trkpt>
      <trkpt lat="38.82646392561348" lon="121.5103304914441">
        <ele>2.276651158928871</ele>
        <time>2024-08-20T13:55:28Z</time>
        <extensions>
          <gpxtpx:TrackPointExtension>
            <gpxtpx:hr>135</gpxtpx:hr>
          </gpxtpx:TrackPointExtension>
        </extensions>
      </trkpt>
      <trkpt lat="38.82647238775042" lon="121.51032422378564">
        <ele>2.308031282387674</ele>
        <time>2024-08-20T13:55:29Z</time>
        <extensions>
          <gpxtpx:TrackPointExtension>
            <gpxtpx:hr>135</gpxtpx:hr>
          </gpxtpx:TrackPointExtension>
        </extensions>
      </trkpt>
      <trkpt lat="38.826481431801994" lon="121.51031710158782">
        <ele>2.342586237937212</ele>
        <time>2024-08-20T13:55:30Z</time>
        <extensions>
          <gpxtpx:TrackPointExtension>
            <gpxtpx:hr>135</gpxtpx:hr>
          </gpxtpx:TrackPointExtension>
        </extensions>
      </trkpt>
      <trkpt lat="38.82649060226065" lon="121.51030946043481">
        <ele>2.382569302804768</ele>
        <time>2024-08-20T13:55:31Z</time>
        <extensions>
          <gpxtpx:TrackPointExtension>
            <gpxtpx:hr>135</gpxtpx:hr>
          </gpxtpx:TrackPointExtension>
        </extensions>
      </trkpt>
      <trkpt lat="38.82649928660022" lon="121.51030182794095">
        <ele>2.4297427153214812</ele>
        <time>2024-08-20T13:55:32Z</time>
        <extensions>
          <gpxtpx:TrackPointExtension>
            <gpxtpx:hr>135</gpxtpx:hr>
          </gpxtpx:TrackPointExtension>
        </extensions>
      </trkpt>
      <trkpt lat="38.82650748842304" lon="121.51029451897882">
        <ele>2.4800408156588674</ele>
        <time>2024-08-20T13:55:33Z</time>
        <extensions>
          <gpxtpx:TrackPointExtension>
            <gpxtpx:hr>130</gpxtpx:hr>
          </gpxtpx:TrackPointExtension>
        </extensions>
      </trkpt>
      <trkpt lat="38.82651532792717" lon="121.51028735408315">
        <ele>2.5292240912094712</ele>
        <time>2024-08-20T13:55:34Z</time>
        <extensions>
          <gpxtpx:TrackPointExtension>
            <gpxtpx:hr>130</gpxtpx:hr>
          </gpxtpx:TrackPointExtension>
        </extensions>
      </trkpt>
      <trkpt lat="38.82652271308844" lon="121.51027985883798">
        <ele>2.5760014709085226</ele>
        <time>2024-08-20T13:55:35Z</time>
        <extensions>
          <gpxtpx:TrackPointExtension>
            <gpxtpx:hr>130</gpxtpx:hr>
          </gpxtpx:TrackPointExtension>
        </extensions>
      </trkpt>
      <trkpt lat="38.82652960786155" lon="121.5102717636194">
        <ele>2.6284495294094086</ele>
        <time>2024-08-20T13:55:36Z</time>
        <extensions>
          <gpxtpx:TrackPointExtension>
            <gpxtpx:hr>130</gpxtpx:hr>
          </gpxtpx:TrackPointExtension>
        </extensions>
      </trkpt>
      <trkpt lat="38.826535932619954" lon="121.51026341440527">
        <ele>2.671650644391775</ele>
        <time>2024-08-20T13:55:37Z</time>
        <extensions>
          <gpxtpx:TrackPointExtension>
            <gpxtpx:hr>130</gpxtpx:hr>
          </gpxtpx:TrackPointExtension>
        </extensions>
      </trkpt>
      <trkpt lat="38.82654160453461" lon="121.51025506512809">
        <ele>2.7077106311917305</ele>
        <time>2024-08-20T13:55:38Z</time>
        <extensions>
          <gpxtpx:TrackPointExtension>
            <gpxtpx:hr>130</gpxtpx:hr>
          </gpxtpx:TrackPointExtension>
        </extensions>
      </trkpt>
      <trkpt lat="38.826547186945156" lon="121.51024639032907">
        <ele>2.7381982300430536</ele>
        <time>2024-08-20T13:55:39Z</time>
        <extensions>
          <gpxtpx:TrackPointExtension>
            <gpxtpx:hr>130</gpxtpx:hr>
          </gpxtpx:TrackPointExtension>
        </extensions>
      </trkpt>
      <trkpt lat="38.826553131134" lon="121.51023753101403">
        <ele>2.77470560092479</ele>
        <time>2024-08-20T13:55:40Z</time>
        <extensions>
          <gpxtpx:TrackPointExtension>
            <gpxtpx:hr>129</gpxtpx:hr>
          </gpxtpx:TrackPointExtension>
        </extensions>
      </trkpt>
      <trkpt lat="38.8265597136889" lon="121.510228635846">
        <ele>2.810790902003646</ele>
        <time>2024-08-20T13:55:41Z</time>
        <extensions>
          <gpxtpx:TrackPointExtension>
            <gpxtpx:hr>129</gpxtpx:hr>
          </gpxtpx:TrackPointExtension>
        </extensions>
      </trkpt>
      <trkpt lat="38.8265666460687" lon="121.51021940120921">
        <ele>2.8455720022320747</ele>
        <time>2024-08-20T13:55:42Z</time>
        <extensions>
          <gpxtpx:TrackPointExtension>
            <gpxtpx:hr>129</gpxtpx:hr>
          </gpxtpx:TrackPointExtension>
        </extensions>
      </trkpt>
      <trkpt lat="38.82657304061375" lon="121.51021101180586">
        <ele>2.8789536161348224</ele>
        <time>2024-08-20T13:55:43Z</time>
        <extensions>
          <gpxtpx:TrackPointExtension>
            <gpxtpx:hr>129</gpxtpx:hr>
          </gpxtpx:TrackPointExtension>
        </extensions>
      </trkpt>
      <trkpt lat="38.82657905084783" lon="121.51020299876018">
        <ele>2.927199070341885</ele>
        <time>2024-08-20T13:55:44Z</time>
        <extensions>
          <gpxtpx:TrackPointExtension>
            <gpxtpx:hr>130</gpxtpx:hr>
          </gpxtpx:TrackPointExtension>
        </extensions>
      </trkpt>
      <trkpt lat="38.82658529791983" lon="121.51019380893811">
        <ele>2.979024021886289</ele>
        <time>2024-08-20T13:55:45Z</time>
        <extensions>
          <gpxtpx:TrackPointExtension>
            <gpxtpx:hr>130</gpxtpx:hr>
          </gpxtpx:TrackPointExtension>
        </extensions>
      </trkpt>
      <trkpt lat="38.82659105058692" lon="121.5101836535329">
        <ele>3.0282414192333817</ele>
        <time>2024-08-20T13:55:46Z</time>
        <extensions>
          <gpxtpx:TrackPointExtension>
            <gpxtpx:hr>130</gpxtpx:hr>
          </gpxtpx:TrackPointExtension>
        </extensions>
      </trkpt>
      <trkpt lat="38.82659504379915" lon="121.51017283588027">
        <ele>3.082789302803576</ele>
        <time>2024-08-20T13:55:47Z</time>
        <extensions>
          <gpxtpx:TrackPointExtension>
            <gpxtpx:hr>130</gpxtpx:hr>
          </gpxtpx:TrackPointExtension>
        </extensions>
      </trkpt>
      <trkpt lat="38.82659704738561" lon="121.51016153968833">
        <ele>3.1328429905697703</ele>
        <time>2024-08-20T13:55:48Z</time>
        <extensions>
          <gpxtpx:TrackPointExtension>
            <gpxtpx:hr>130</gpxtpx:hr>
          </gpxtpx:TrackPointExtension>
        </extensions>
      </trkpt>
      <trkpt lat="38.8265980651305" lon="121.51014995431447">
        <ele>3.1857819696888328</ele>
        <time>2024-08-20T13:55:49Z</time>
        <extensions>
          <gpxtpx:TrackPointExtension>
            <gpxtpx:hr>130</gpxtpx:hr>
          </gpxtpx:TrackPointExtension>
        </extensions>
      </trkpt>
      <trkpt lat="38.82659970648079" lon="121.5101383081888">
        <ele>3.2435578256845474</ele>
        <time>2024-08-20T13:55:50Z</time>
        <extensions>
          <gpxtpx:TrackPointExtension>
            <gpxtpx:hr>130</gpxtpx:hr>
          </gpxtpx:TrackPointExtension>
        </extensions>
      </trkpt>
      <trkpt lat="38.826603384675046" lon="121.51012746746053">
        <ele>3.2996878465637565</ele>
        <time>2024-08-20T13:55:51Z</time>
        <extensions>
          <gpxtpx:TrackPointExtension>
            <gpxtpx:hr>130</gpxtpx:hr>
          </gpxtpx:TrackPointExtension>
        </extensions>
      </trkpt>
      <trkpt lat="38.82660950255065" lon="121.51011890422141">
        <ele>3.3463347889482975</ele>
        <time>2024-08-20T13:55:52Z</time>
        <extensions>
          <gpxtpx:TrackPointExtension>
            <gpxtpx:hr>130</gpxtpx:hr>
          </gpxtpx:TrackPointExtension>
        </extensions>
      </trkpt>
      <trkpt lat="38.82661667350125" lon="121.51011214568818">
        <ele>3.401749868877232</ele>
        <time>2024-08-20T13:55:53Z</time>
        <extensions>
          <gpxtpx:TrackPointExtension>
            <gpxtpx:hr>127</gpxtpx:hr>
          </gpxtpx:TrackPointExtension>
        </extensions>
      </trkpt>
      <trkpt lat="38.8266239021287" lon="121.51010483749484">
        <ele>3.4573895381763577</ele>
        <time>2024-08-20T13:55:54Z</time>
        <extensions>
          <gpxtpx:TrackPointExtension>
            <gpxtpx:hr>127</gpxtpx:hr>
          </gpxtpx:TrackPointExtension>
        </extensions>
      </trkpt>
      <trkpt lat="38.82663108583027" lon="121.51009575200028">
        <ele>3.491118064150214</ele>
        <time>2024-08-20T13:55:55Z</time>
        <extensions>
          <gpxtpx:TrackPointExtension>
            <gpxtpx:hr>127</gpxtpx:hr>
          </gpxtpx:TrackPointExtension>
        </extensions>
      </trkpt>
      <trkpt lat="38.82663794575731" lon="121.51008531834597">
        <ele>3.5196900563314557</ele>
        <time>2024-08-20T13:55:56Z</time>
        <extensions>
          <gpxtpx:TrackPointExtension>
            <gpxtpx:hr>127</gpxtpx:hr>
          </gpxtpx:TrackPointExtension>
        </extensions>
      </trkpt>
      <trkpt lat="38.826644195383516" lon="121.51007555343007">
        <ele>3.547723039984703</ele>
        <time>2024-08-20T13:55:57Z</time>
        <extensions>
          <gpxtpx:TrackPointExtension>
            <gpxtpx:hr>127</gpxtpx:hr>
          </gpxtpx:TrackPointExtension>
        </extensions>
      </trkpt>
      <trkpt lat="38.82665020874389" lon="121.5100671921874">
        <ele>3.579863466322422</ele>
        <time>2024-08-20T13:55:58Z</time>
        <extensions>
          <gpxtpx:TrackPointExtension>
            <gpxtpx:hr>127</gpxtpx:hr>
          </gpxtpx:TrackPointExtension>
        </extensions>
      </trkpt>
      <trkpt lat="38.8266567168378" lon="121.51005877343492">
        <ele>3.6072299340739846</ele>
        <time>2024-08-20T13:55:59Z</time>
        <extensions>
          <gpxtpx:TrackPointExtension>
            <gpxtpx:hr>126</gpxtpx:hr>
          </gpxtpx:TrackPointExtension>
        </extensions>
      </trkpt>
      <trkpt lat="38.826663726086615" lon="121.5100493016034">
        <ele>3.612068976275623</ele>
        <time>2024-08-20T13:56:00Z</time>
        <extensions>
          <gpxtpx:TrackPointExtension>
            <gpxtpx:hr>126</gpxtpx:hr>
          </gpxtpx:TrackPointExtension>
        </extensions>
      </trkpt>
      <trkpt lat="38.82667077464092" lon="121.5100389865165">
        <ele>3.609605842269957</ele>
        <time>2024-08-20T13:56:01Z</time>
        <extensions>
          <gpxtpx:TrackPointExtension>
            <gpxtpx:hr>126</gpxtpx:hr>
          </gpxtpx:TrackPointExtension>
        </extensions>
      </trkpt>
      <trkpt lat="38.82667812818092" lon="121.5100280298353">
        <ele>3.610671882517636</ele>
        <time>2024-08-20T13:56:02Z</time>
        <extensions>
          <gpxtpx:TrackPointExtension>
            <gpxtpx:hr>126</gpxtpx:hr>
          </gpxtpx:TrackPointExtension>
        </extensions>
      </trkpt>
      <trkpt lat="38.82668565654267" lon="121.51001713234098">
        <ele>3.5973617574200034</ele>
        <time>2024-08-20T13:56:03Z</time>
        <extensions>
          <gpxtpx:TrackPointExtension>
            <gpxtpx:hr>125</gpxtpx:hr>
          </gpxtpx:TrackPointExtension>
        </extensions>
      </trkpt>
      <trkpt lat="38.82669376306441" lon="121.51000634898237">
        <ele>3.585320195183158</ele>
        <time>2024-08-20T13:56:04Z</time>
        <extensions>
          <gpxtpx:TrackPointExtension>
            <gpxtpx:hr>125</gpxtpx:hr>
          </gpxtpx:TrackPointExtension>
        </extensions>
      </trkpt>
      <trkpt lat="38.82670291095005" lon="121.50999452680674">
        <ele>3.5742057636380196</ele>
        <time>2024-08-20T13:56:05Z</time>
        <extensions>
          <gpxtpx:TrackPointExtension>
            <gpxtpx:hr>125</gpxtpx:hr>
          </gpxtpx:TrackPointExtension>
        </extensions>
      </trkpt>
      <trkpt lat="38.82671279465597" lon="121.50998163338375">
        <ele>3.5591962952166796</ele>
        <time>2024-08-20T13:56:06Z</time>
        <extensions>
          <gpxtpx:TrackPointExtension>
            <gpxtpx:hr>125</gpxtpx:hr>
          </gpxtpx:TrackPointExtension>
        </extensions>
      </trkpt>
      <trkpt lat="38.82672273683534" lon="121.50996954395592">
        <ele>3.536941017024219</ele>
        <time>2024-08-20T13:56:07Z</time>
        <extensions>
          <gpxtpx:TrackPointExtension>
            <gpxtpx:hr>125</gpxtpx:hr>
          </gpxtpx:TrackPointExtension>
        </extensions>
      </trkpt>
      <trkpt lat="38.826732717911256" lon="121.50995580935428">
        <ele>3.5175542663782835</ele>
        <time>2024-08-20T13:56:08Z</time>
        <extensions>
          <gpxtpx:TrackPointExtension>
            <gpxtpx:hr>125</gpxtpx:hr>
          </gpxtpx:TrackPointExtension>
        </extensions>
      </trkpt>
      <trkpt lat="38.82674243834507" lon="121.50993838261678">
        <ele>3.499420028179884</ele>
        <time>2024-08-20T13:56:09Z</time>
        <extensions>
          <gpxtpx:TrackPointExtension>
            <gpxtpx:hr>125</gpxtpx:hr>
          </gpxtpx:TrackPointExtension>
        </extensions>
      </trkpt>
      <trkpt lat="38.82675096490974" lon="121.50992033846222">
        <ele>3.4656652826815844</ele>
        <time>2024-08-20T13:56:10Z</time>
        <extensions>
          <gpxtpx:TrackPointExtension>
            <gpxtpx:hr>125</gpxtpx:hr>
          </gpxtpx:TrackPointExtension>
        </extensions>
      </trkpt>
      <trkpt lat="38.82675852181449" lon="121.50990176019661">
        <ele>3.4309144346043468</ele>
        <time>2024-08-20T13:56:11Z</time>
        <extensions>
          <gpxtpx:TrackPointExtension>
            <gpxtpx:hr>126</gpxtpx:hr>
          </gpxtpx:TrackPointExtension>
        </extensions>
      </trkpt>
      <trkpt lat="38.8267657655943" lon="121.50988211628231">
        <ele>3.402778135612607</ele>
        <time>2024-08-20T13:56:12Z</time>
        <extensions>
          <gpxtpx:TrackPointExtension>
            <gpxtpx:hr>126</gpxtpx:hr>
          </gpxtpx:TrackPointExtension>
        </extensions>
      </trkpt>
      <trkpt lat="38.82677317256527" lon="121.50986270143198">
        <ele>3.3695079684257507</ele>
        <time>2024-08-20T13:56:13Z</time>
        <extensions>
          <gpxtpx:TrackPointExtension>
            <gpxtpx:hr>126</gpxtpx:hr>
          </gpxtpx:TrackPointExtension>
        </extensions>
      </trkpt>
      <trkpt lat="38.826781287746904" lon="121.50984186033888">
        <ele>3.3285394245758653</ele>
        <time>2024-08-20T13:56:14Z</time>
        <extensions>
          <gpxtpx:TrackPointExtension>
            <gpxtpx:hr>126</gpxtpx:hr>
          </gpxtpx:TrackPointExtension>
        </extensions>
      </trkpt>
      <trkpt lat="38.82678954358855" lon="121.50981947069378">
        <ele>3.285543723963201</ele>
        <time>2024-08-20T13:56:15Z</time>
        <extensions>
          <gpxtpx:TrackPointExtension>
            <gpxtpx:hr>126</gpxtpx:hr>
          </gpxtpx:TrackPointExtension>
        </extensions>
      </trkpt>
      <trkpt lat="38.82679704652368" lon="121.50979850656289">
        <ele>3.238987180404365</ele>
        <time>2024-08-20T13:56:16Z</time>
        <extensions>
          <gpxtpx:TrackPointExtension>
            <gpxtpx:hr>126</gpxtpx:hr>
          </gpxtpx:TrackPointExtension>
        </extensions>
      </trkpt>
      <trkpt lat="38.826804947006764" lon="121.50977721910547">
        <ele>3.199259932152927</ele>
        <time>2024-08-20T13:56:17Z</time>
        <extensions>
          <gpxtpx:TrackPointExtension>
            <gpxtpx:hr>126</gpxtpx:hr>
          </gpxtpx:TrackPointExtension>
        </extensions>
      </trkpt>
      <trkpt lat="38.826812917437344" lon="121.50975620892962">
        <ele>3.161202154122293</ele>
        <time>2024-08-20T13:56:18Z</time>
        <extensions>
          <gpxtpx:TrackPointExtension>
            <gpxtpx:hr>134</gpxtpx:hr>
          </gpxtpx:TrackPointExtension>
        </extensions>
      </trkpt>
      <trkpt lat="38.826821083027546" lon="121.50973415714971">
        <ele>3.1315735802054405</ele>
        <time>2024-08-20T13:56:19Z</time>
        <extensions>
          <gpxtpx:TrackPointExtension>
            <gpxtpx:hr>134</gpxtpx:hr>
          </gpxtpx:TrackPointExtension>
        </extensions>
      </trkpt>
      <trkpt lat="38.82682977170945" lon="121.50970960330673">
        <ele>3.1151718124747276</ele>
        <time>2024-08-20T13:56:20Z</time>
        <extensions>
          <gpxtpx:TrackPointExtension>
            <gpxtpx:hr>134</gpxtpx:hr>
          </gpxtpx:TrackPointExtension>
        </extensions>
      </trkpt>
      <trkpt lat="38.82683809925191" lon="121.50968328884004">
        <ele>3.107035075314343</ele>
        <time>2024-08-20T13:56:21Z</time>
        <extensions>
          <gpxtpx:TrackPointExtension>
            <gpxtpx:hr>134</gpxtpx:hr>
          </gpxtpx:TrackPointExtension>
        </extensions>
      </trkpt>
      <trkpt lat="38.826845497978624" lon="121.50965495247857">
        <ele>3.0987031599506736</ele>
        <time>2024-08-20T13:56:22Z</time>
        <extensions>
          <gpxtpx:TrackPointExtension>
            <gpxtpx:hr>134</gpxtpx:hr>
          </gpxtpx:TrackPointExtension>
        </extensions>
      </trkpt>
      <trkpt lat="38.82685117293307" lon="121.50962648947433">
        <ele>3.0975297456607223</ele>
        <time>2024-08-20T13:56:23Z</time>
        <extensions>
          <gpxtpx:TrackPointExtension>
            <gpxtpx:hr>134</gpxtpx:hr>
          </gpxtpx:TrackPointExtension>
        </extensions>
      </trkpt>
      <trkpt lat="38.8268551988337" lon="121.50959908093567">
        <ele>3.108678716234863</ele>
        <time>2024-08-20T13:56:24Z</time>
        <extensions>
          <gpxtpx:TrackPointExtension>
            <gpxtpx:hr>135</gpxtpx:hr>
          </gpxtpx:TrackPointExtension>
        </extensions>
      </trkpt>
      <trkpt lat="38.82685805399279" lon="121.50957267376896">
        <ele>3.1237957142293453</ele>
        <time>2024-08-20T13:56:25Z</time>
        <extensions>
          <gpxtpx:TrackPointExtension>
            <gpxtpx:hr>135</gpxtpx:hr>
          </gpxtpx:TrackPointExtension>
        </extensions>
      </trkpt>
      <trkpt lat="38.82686050544159" lon="121.50954621678463">
        <ele>3.150712170638144</ele>
        <time>2024-08-20T13:56:26Z</time>
        <extensions>
          <gpxtpx:TrackPointExtension>
            <gpxtpx:hr>135</gpxtpx:hr>
          </gpxtpx:TrackPointExtension>
        </extensions>
      </trkpt>
      <trkpt lat="38.82686312051552" lon="121.50951948697853">
        <ele>3.1962693817913532</ele>
        <time>2024-08-20T13:56:27Z</time>
        <extensions>
          <gpxtpx:TrackPointExtension>
            <gpxtpx:hr>137</gpxtpx:hr>
          </gpxtpx:TrackPointExtension>
        </extensions>
      </trkpt>
      <trkpt lat="38.826865521467546" lon="121.50949312463717">
        <ele>3.25506339315325</ele>
        <time>2024-08-20T13:56:28Z</time>
        <extensions>
          <gpxtpx:TrackPointExtension>
            <gpxtpx:hr>137</gpxtpx:hr>
          </gpxtpx:TrackPointExtension>
        </extensions>
      </trkpt>
      <trkpt lat="38.82686737054744" lon="121.50946689905568">
        <ele>3.313637330196798</ele>
        <time>2024-08-20T13:56:29Z</time>
        <extensions>
          <gpxtpx:TrackPointExtension>
            <gpxtpx:hr>137</gpxtpx:hr>
          </gpxtpx:TrackPointExtension>
        </extensions>
      </trkpt>
      <trkpt lat="38.82686890409261" lon="121.50943999814272">
        <ele>3.3660823963582516</ele>
        <time>2024-08-20T13:56:30Z</time>
        <extensions>
          <gpxtpx:TrackPointExtension>
            <gpxtpx:hr>137</gpxtpx:hr>
          </gpxtpx:TrackPointExtension>
        </extensions>
      </trkpt>
      <trkpt lat="38.826869807570574" lon="121.509412609739">
        <ele>3.4246547613292933</ele>
        <time>2024-08-20T13:56:31Z</time>
        <extensions>
          <gpxtpx:TrackPointExtension>
            <gpxtpx:hr>140</gpxtpx:hr>
          </gpxtpx:TrackPointExtension>
        </extensions>
      </trkpt>
      <trkpt lat="38.82686993117475" lon="121.50938563569994">
        <ele>3.492124544456601</ele>
        <time>2024-08-20T13:56:32Z</time>
        <extensions>
          <gpxtpx:TrackPointExtension>
            <gpxtpx:hr>140</gpxtpx:hr>
          </gpxtpx:TrackPointExtension>
        </extensions>
      </trkpt>
      <trkpt lat="38.82686940429284" lon="121.50935898311636">
        <ele>3.552297355607152</ele>
        <time>2024-08-20T13:56:33Z</time>
        <extensions>
          <gpxtpx:TrackPointExtension>
            <gpxtpx:hr>140</gpxtpx:hr>
          </gpxtpx:TrackPointExtension>
        </extensions>
      </trkpt>
      <trkpt lat="38.82686782729089" lon="121.50933210809035">
        <ele>3.6134604839608073</ele>
        <time>2024-08-20T13:56:34Z</time>
        <extensions>
          <gpxtpx:TrackPointExtension>
            <gpxtpx:hr>140</gpxtpx:hr>
          </gpxtpx:TrackPointExtension>
        </extensions>
      </trkpt>
      <trkpt lat="38.826865364028" lon="121.50930542751121">
        <ele>3.6719569051638246</ele>
        <time>2024-08-20T13:56:35Z</time>
        <extensions>
          <gpxtpx:TrackPointExtension>
            <gpxtpx:hr>140</gpxtpx:hr>
          </gpxtpx:TrackPointExtension>
        </extensions>
      </trkpt>
      <trkpt lat="38.82686259558686" lon="121.50927924258444">
        <ele>3.7352738324552774</ele>
        <time>2024-08-20T13:56:36Z</time>
        <extensions>
          <gpxtpx:TrackPointExtension>
            <gpxtpx:hr>140</gpxtpx:hr>
          </gpxtpx:TrackPointExtension>
        </extensions>
      </trkpt>
      <trkpt lat="38.826859797267836" lon="121.50925309670912">
        <ele>3.790776515379548</ele>
        <time>2024-08-20T13:56:37Z</time>
        <extensions>
          <gpxtpx:TrackPointExtension>
            <gpxtpx:hr>140</gpxtpx:hr>
          </gpxtpx:TrackPointExtension>
        </extensions>
      </trkpt>
      <trkpt lat="38.82685682201939" lon="121.5092268484716">
        <ele>3.843371241353452</ele>
        <time>2024-08-20T13:56:38Z</time>
        <extensions>
          <gpxtpx:TrackPointExtension>
            <gpxtpx:hr>143</gpxtpx:hr>
          </gpxtpx:TrackPointExtension>
        </extensions>
      </trkpt>
      <trkpt lat="38.82685350665844" lon="121.5092009697056">
        <ele>3.876051257364452</ele>
        <time>2024-08-20T13:56:39Z</time>
        <extensions>
          <gpxtpx:TrackPointExtension>
            <gpxtpx:hr>143</gpxtpx:hr>
          </gpxtpx:TrackPointExtension>
        </extensions>
      </trkpt>
      <trkpt lat="38.82685005552028" lon="121.50917541783909">
        <ele>3.8991689002141356</ele>
        <time>2024-08-20T13:56:40Z</time>
        <extensions>
          <gpxtpx:TrackPointExtension>
            <gpxtpx:hr>143</gpxtpx:hr>
          </gpxtpx:TrackPointExtension>
        </extensions>
      </trkpt>
      <trkpt lat="38.826846642246295" lon="121.50914969899408">
        <ele>3.9133532010018826</ele>
        <time>2024-08-20T13:56:41Z</time>
        <extensions>
          <gpxtpx:TrackPointExtension>
            <gpxtpx:hr>143</gpxtpx:hr>
          </gpxtpx:TrackPointExtension>
        </extensions>
      </trkpt>
      <trkpt lat="38.826843333126064" lon="121.50912407290296">
        <ele>3.915520269423723</ele>
        <time>2024-08-20T13:56:42Z</time>
        <extensions>
          <gpxtpx:TrackPointExtension>
            <gpxtpx:hr>143</gpxtpx:hr>
          </gpxtpx:TrackPointExtension>
        </extensions>
      </trkpt>
      <trkpt lat="38.8268403212838" lon="121.50909891480634">
        <ele>3.9133034804835916</ele>
        <time>2024-08-20T13:56:43Z</time>
        <extensions>
          <gpxtpx:TrackPointExtension>
            <gpxtpx:hr>143</gpxtpx:hr>
          </gpxtpx:TrackPointExtension>
        </extensions>
      </trkpt>
      <trkpt lat="38.82683726532738" lon="121.5090737085505">
        <ele>3.900930411182344</ele>
        <time>2024-08-20T13:56:44Z</time>
        <extensions>
          <gpxtpx:TrackPointExtension>
            <gpxtpx:hr>144</gpxtpx:hr>
          </gpxtpx:TrackPointExtension>
        </extensions>
      </trkpt>
      <trkpt lat="38.82683390589755" lon="121.50904799995983">
        <ele>3.8857220327481627</ele>
        <time>2024-08-20T13:56:45Z</time>
        <extensions>
          <gpxtpx:TrackPointExtension>
            <gpxtpx:hr>144</gpxtpx:hr>
          </gpxtpx:TrackPointExtension>
        </extensions>
      </trkpt>
      <trkpt lat="38.826830502792994" lon="121.50902218424949">
        <ele>3.8739006156101823</ele>
        <time>2024-08-20T13:56:46Z</time>
        <extensions>
          <gpxtpx:TrackPointExtension>
            <gpxtpx:hr>144</gpxtpx:hr>
          </gpxtpx:TrackPointExtension>
        </extensions>
      </trkpt>
      <trkpt lat="38.8268270874548" lon="121.50899646331179">
        <ele>3.863738749176264</ele>
        <time>2024-08-20T13:56:47Z</time>
        <extensions>
          <gpxtpx:TrackPointExtension>
            <gpxtpx:hr>144</gpxtpx:hr>
          </gpxtpx:TrackPointExtension>
        </extensions>
      </trkpt>
      <trkpt lat="38.826823734593496" lon="121.50897006360083">
        <ele>3.8480665907263756</ele>
        <time>2024-08-20T13:56:48Z</time>
        <extensions>
          <gpxtpx:TrackPointExtension>
            <gpxtpx:hr>144</gpxtpx:hr>
          </gpxtpx:TrackPointExtension>
        </extensions>
      </trkpt>
      <trkpt lat="38.826820456898346" lon="121.50894272663349">
        <ele>3.839310320094228</ele>
        <time>2024-08-20T13:56:49Z</time>
        <extensions>
          <gpxtpx:TrackPointExtension>
            <gpxtpx:hr>147</gpxtpx:hr>
          </gpxtpx:TrackPointExtension>
        </extensions>
      </trkpt>
      <trkpt lat="38.82681779756761" lon="121.50891582395826">
        <ele>3.838961321860552</ele>
        <time>2024-08-20T13:56:50Z</time>
        <extensions>
          <gpxtpx:TrackPointExtension>
            <gpxtpx:hr>147</gpxtpx:hr>
          </gpxtpx:TrackPointExtension>
        </extensions>
      </trkpt>
      <trkpt lat="38.82681674837836" lon="121.50888970454179">
        <ele>3.8397437259554863</ele>
        <time>2024-08-20T13:56:51Z</time>
        <extensions>
          <gpxtpx:TrackPointExtension>
            <gpxtpx:hr>147</gpxtpx:hr>
          </gpxtpx:TrackPointExtension>
        </extensions>
      </trkpt>
      <trkpt lat="38.82681713108571" lon="121.50886377540284">
        <ele>3.8494178242981434</ele>
        <time>2024-08-20T13:56:52Z</time>
        <extensions>
          <gpxtpx:TrackPointExtension>
            <gpxtpx:hr>147</gpxtpx:hr>
          </gpxtpx:TrackPointExtension>
        </extensions>
      </trkpt>
      <trkpt lat="38.82681786320446" lon="121.50883840477799">
        <ele>3.8696386329829693</ele>
        <time>2024-08-20T13:56:53Z</time>
        <extensions>
          <gpxtpx:TrackPointExtension>
            <gpxtpx:hr>147</gpxtpx:hr>
          </gpxtpx:TrackPointExtension>
        </extensions>
      </trkpt>
      <trkpt lat="38.82681828700576" lon="121.50881344902133">
        <ele>3.8851026156917214</ele>
        <time>2024-08-20T13:56:54Z</time>
        <extensions>
          <gpxtpx:TrackPointExtension>
            <gpxtpx:hr>148</gpxtpx:hr>
          </gpxtpx:TrackPointExtension>
        </extensions>
      </trkpt>
      <trkpt lat="38.82681811253745" lon="121.50878803176842">
        <ele>3.905982995405793</ele>
        <time>2024-08-20T13:56:55Z</time>
        <extensions>
          <gpxtpx:TrackPointExtension>
            <gpxtpx:hr>148</gpxtpx:hr>
          </gpxtpx:TrackPointExtension>
        </extensions>
      </trkpt>
      <trkpt lat="38.8268177010233" lon="121.50876211321628">
        <ele>3.93579232878983</ele>
        <time>2024-08-20T13:56:56Z</time>
        <extensions>
          <gpxtpx:TrackPointExtension>
            <gpxtpx:hr>148</gpxtpx:hr>
          </gpxtpx:TrackPointExtension>
        </extensions>
      </trkpt>
      <trkpt lat="38.82681796868088" lon="121.50873635532035">
        <ele>3.9573958003893495</ele>
        <time>2024-08-20T13:56:57Z</time>
        <extensions>
          <gpxtpx:TrackPointExtension>
            <gpxtpx:hr>151</gpxtpx:hr>
          </gpxtpx:TrackPointExtension>
        </extensions>
      </trkpt>
      <trkpt lat="38.82681934134404" lon="121.50871074812649">
        <ele>3.9778643967583776</ele>
        <time>2024-08-20T13:56:58Z</time>
        <extensions>
          <gpxtpx:TrackPointExtension>
            <gpxtpx:hr>151</gpxtpx:hr>
          </gpxtpx:TrackPointExtension>
        </extensions>
      </trkpt>
      <trkpt lat="38.826821592381975" lon="121.50868491491396">
        <ele>4.006522307172418</ele>
        <time>2024-08-20T13:56:59Z</time>
        <extensions>
          <gpxtpx:TrackPointExtension>
            <gpxtpx:hr>151</gpxtpx:hr>
          </gpxtpx:TrackPointExtension>
        </extensions>
      </trkpt>
      <trkpt lat="38.826824185991384" lon="121.50865886792617">
        <ele>4.025767454877496</ele>
        <time>2024-08-20T13:57:00Z</time>
        <extensions>
          <gpxtpx:TrackPointExtension>
            <gpxtpx:hr>151</gpxtpx:hr>
          </gpxtpx:TrackPointExtension>
        </extensions>
      </trkpt>
      <trkpt lat="38.8268274221855" lon="121.50863230553722">
        <ele>4.044273634441197</ele>
        <time>2024-08-20T13:57:01Z</time>
        <extensions>
          <gpxtpx:TrackPointExtension>
            <gpxtpx:hr>151</gpxtpx:hr>
          </gpxtpx:TrackPointExtension>
        </extensions>
      </trkpt>
      <trkpt lat="38.826832518885304" lon="121.50860487294676">
        <ele>4.068329817615449</ele>
        <time>2024-08-20T13:57:02Z</time>
        <extensions>
          <gpxtpx:TrackPointExtension>
            <gpxtpx:hr>151</gpxtpx:hr>
          </gpxtpx:TrackPointExtension>
        </extensions>
      </trkpt>
      <trkpt lat="38.82683985498165" lon="121.5085773702398">
        <ele>4.088851789943874</ele>
        <time>2024-08-20T13:57:03Z</time>
        <extensions>
          <gpxtpx:TrackPointExtension>
            <gpxtpx:hr>153</gpxtpx:hr>
          </gpxtpx:TrackPointExtension>
        </extensions>
      </trkpt>
      <trkpt lat="38.82684862556645" lon="121.50855070459508">
        <ele>4.085709873586893</ele>
        <time>2024-08-20T13:57:04Z</time>
        <extensions>
          <gpxtpx:TrackPointExtension>
            <gpxtpx:hr>153</gpxtpx:hr>
          </gpxtpx:TrackPointExtension>
        </extensions>
      </trkpt>
      <trkpt lat="38.82685871612402" lon="121.50852507621109">
        <ele>4.084533150307834</ele>
        <time>2024-08-20T13:57:05Z</time>
        <extensions>
          <gpxtpx:TrackPointExtension>
            <gpxtpx:hr>153</gpxtpx:hr>
          </gpxtpx:TrackPointExtension>
        </extensions>
      </trkpt>
      <trkpt lat="38.82686912602573" lon="121.50849995373562">
        <ele>4.077894389629364</ele>
        <time>2024-08-20T13:57:06Z</time>
        <extensions>
          <gpxtpx:TrackPointExtension>
            <gpxtpx:hr>153</gpxtpx:hr>
          </gpxtpx:TrackPointExtension>
        </extensions>
      </trkpt>
      <trkpt lat="38.82687946053098" lon="121.50847476105807">
        <ele>4.066518699750304</ele>
        <time>2024-08-20T13:57:07Z</time>
        <extensions>
          <gpxtpx:TrackPointExtension>
            <gpxtpx:hr>153</gpxtpx:hr>
          </gpxtpx:TrackPointExtension>
        </extensions>
      </trkpt>
      <trkpt lat="38.82689098864961" lon="121.50844934526795">
        <ele>4.062793463468552</ele>
        <time>2024-08-20T13:57:08Z</time>
        <extensions>
          <gpxtpx:TrackPointExtension>
            <gpxtpx:hr>153</gpxtpx:hr>
          </gpxtpx:TrackPointExtension>
        </extensions>
      </trkpt>
      <trkpt lat="38.82690395964511" lon="121.50842437189387">
        <ele>4.060976956039667</ele>
        <time>2024-08-20T13:57:09Z</time>
        <extensions>
          <gpxtpx:TrackPointExtension>
            <gpxtpx:hr>153</gpxtpx:hr>
          </gpxtpx:TrackPointExtension>
        </extensions>
      </trkpt>
      <trkpt lat="38.82691743905405" lon="121.50840093536856">
        <ele>4.050199596211314</ele>
        <time>2024-08-20T13:57:10Z</time>
        <extensions>
          <gpxtpx:TrackPointExtension>
            <gpxtpx:hr>154</gpxtpx:hr>
          </gpxtpx:TrackPointExtension>
        </extensions>
      </trkpt>
      <trkpt lat="38.82693091241905" lon="121.5083790456125">
        <ele>4.037546982988715</ele>
        <time>2024-08-20T13:57:11Z</time>
        <extensions>
          <gpxtpx:TrackPointExtension>
            <gpxtpx:hr>154</gpxtpx:hr>
          </gpxtpx:TrackPointExtension>
        </extensions>
      </trkpt>
      <trkpt lat="38.82694502188485" lon="121.50835841860861">
        <ele>4.0302325040102005</ele>
        <time>2024-08-20T13:57:12Z</time>
        <extensions>
          <gpxtpx:TrackPointExtension>
            <gpxtpx:hr>154</gpxtpx:hr>
          </gpxtpx:TrackPointExtension>
        </extensions>
      </trkpt>
      <trkpt lat="38.8269592394832" lon="121.50833867197326">
        <ele>4.011458951048553</ele>
        <time>2024-08-20T13:57:13Z</time>
        <extensions>
          <gpxtpx:TrackPointExtension>
            <gpxtpx:hr>154</gpxtpx:hr>
          </gpxtpx:TrackPointExtension>
        </extensions>
      </trkpt>
      <trkpt lat="38.82697229296235" lon="121.50831884804778">
        <ele>3.999406569637358</ele>
        <time>2024-08-20T13:57:14Z</time>
        <extensions>
          <gpxtpx:TrackPointExtension>
            <gpxtpx:hr>154</gpxtpx:hr>
          </gpxtpx:TrackPointExtension>
        </extensions>
      </trkpt>
      <trkpt lat="38.826984928032005" lon="121.5082984593083">
        <ele>3.982837331481278</ele>
        <time>2024-08-20T13:57:15Z</time>
        <extensions>
          <gpxtpx:TrackPointExtension>
            <gpxtpx:hr>153</gpxtpx:hr>
          </gpxtpx:TrackPointExtension>
        </extensions>
      </trkpt>
      <trkpt lat="38.82699840478664" lon="121.50827791078092">
        <ele>3.9435127982869744</ele>
        <time>2024-08-20T13:57:16Z</time>
        <extensions>
          <gpxtpx:TrackPointExtension>
            <gpxtpx:hr>153</gpxtpx:hr>
          </gpxtpx:TrackPointExtension>
        </extensions>
      </trkpt>
      <trkpt lat="38.827012923845956" lon="121.50825825021585">
        <ele>3.8901257952675223</ele>
        <time>2024-08-20T13:57:17Z</time>
        <extensions>
          <gpxtpx:TrackPointExtension>
            <gpxtpx:hr>153</gpxtpx:hr>
          </gpxtpx:TrackPointExtension>
        </extensions>
      </trkpt>
      <trkpt lat="38.82702834465271" lon="121.50823978223438">
        <ele>3.8315074518322945</ele>
        <time>2024-08-20T13:57:18Z</time>
        <extensions>
          <gpxtpx:TrackPointExtension>
            <gpxtpx:hr>153</gpxtpx:hr>
          </gpxtpx:TrackPointExtension>
        </extensions>
      </trkpt>
      <trkpt lat="38.82704434474077" lon="121.50822219350198">
        <ele>3.781293611973524</ele>
        <time>2024-08-20T13:57:19Z</time>
        <extensions>
          <gpxtpx:TrackPointExtension>
            <gpxtpx:hr>153</gpxtpx:hr>
          </gpxtpx:TrackPointExtension>
        </extensions>
      </trkpt>
      <trkpt lat="38.82706079144599" lon="121.50820600204555">
        <ele>3.7269553523510695</ele>
        <time>2024-08-20T13:57:20Z</time>
        <extensions>
          <gpxtpx:TrackPointExtension>
            <gpxtpx:hr>153</gpxtpx:hr>
          </gpxtpx:TrackPointExtension>
        </extensions>
      </trkpt>
      <trkpt lat="38.82707797098047" lon="121.50819168852188">
        <ele>3.6754053151234984</ele>
        <time>2024-08-20T13:57:21Z</time>
        <extensions>
          <gpxtpx:TrackPointExtension>
            <gpxtpx:hr>153</gpxtpx:hr>
          </gpxtpx:TrackPointExtension>
        </extensions>
      </trkpt>
      <trkpt lat="38.82709604632817" lon="121.50817868776915">
        <ele>3.6061157984659076</ele>
        <time>2024-08-20T13:57:22Z</time>
        <extensions>
          <gpxtpx:TrackPointExtension>
            <gpxtpx:hr>153</gpxtpx:hr>
          </gpxtpx:TrackPointExtension>
        </extensions>
      </trkpt>
      <trkpt lat="38.82711480146018" lon="121.50816640103332">
        <ele>3.5283068055287004</ele>
        <time>2024-08-20T13:57:23Z</time>
        <extensions>
          <gpxtpx:TrackPointExtension>
            <gpxtpx:hr>153</gpxtpx:hr>
          </gpxtpx:TrackPointExtension>
        </extensions>
      </trkpt>
      <trkpt lat="38.827133656788746" lon="121.50815459589566">
        <ele>3.4478788934648037</ele>
        <time>2024-08-20T13:57:24Z</time>
        <extensions>
          <gpxtpx:TrackPointExtension>
            <gpxtpx:hr>154</gpxtpx:hr>
          </gpxtpx:TrackPointExtension>
        </extensions>
      </trkpt>
      <trkpt lat="38.82715258611312" lon="121.50814385331087">
        <ele>3.3594128396362066</ele>
        <time>2024-08-20T13:57:26Z</time>
        <extensions>
          <gpxtpx:TrackPointExtension>
            <gpxtpx:hr>154</gpxtpx:hr>
          </gpxtpx:TrackPointExtension>
        </extensions>
      </trkpt>
      <trkpt lat="38.82717137225766" lon="121.50813367802718">
        <ele>3.2640778133645654</ele>
        <time>2024-08-20T13:57:27Z</time>
        <extensions>
          <gpxtpx:TrackPointExtension>
            <gpxtpx:hr>154</gpxtpx:hr>
          </gpxtpx:TrackPointExtension>
        </extensions>
      </trkpt>
      <trkpt lat="38.82718933463477" lon="121.50812375185993">
        <ele>3.17554353736341</ele>
        <time>2024-08-20T13:57:28Z</time>
        <extensions>
          <gpxtpx:TrackPointExtension>
            <gpxtpx:hr>154</gpxtpx:hr>
          </gpxtpx:TrackPointExtension>
        </extensions>
      </trkpt>
      <trkpt lat="38.827207062781525" lon="121.50811480140732">
        <ele>3.0828222455456853</ele>
        <time>2024-08-20T13:57:29Z</time>
        <extensions>
          <gpxtpx:TrackPointExtension>
            <gpxtpx:hr>154</gpxtpx:hr>
          </gpxtpx:TrackPointExtension>
        </extensions>
      </trkpt>
      <trkpt lat="38.82722586325991" lon="121.50810641911761">
        <ele>2.9878890439867973</ele>
        <time>2024-08-20T13:57:30Z</time>
        <extensions>
          <gpxtpx:TrackPointExtension>
            <gpxtpx:hr>154</gpxtpx:hr>
          </gpxtpx:TrackPointExtension>
        </extensions>
      </trkpt>
      <trkpt lat="38.82724587118303" lon="121.50809829051865">
        <ele>2.900025922805071</ele>
        <time>2024-08-20T13:57:31Z</time>
        <extensions>
          <gpxtpx:TrackPointExtension>
            <gpxtpx:hr>154</gpxtpx:hr>
          </gpxtpx:TrackPointExtension>
        </extensions>
      </trkpt>
      <trkpt lat="38.82726609104922" lon="121.50809082259323">
        <ele>2.8296745819970965</ele>
        <time>2024-08-20T13:57:32Z</time>
        <extensions>
          <gpxtpx:TrackPointExtension>
            <gpxtpx:hr>154</gpxtpx:hr>
          </gpxtpx:TrackPointExtension>
        </extensions>
      </trkpt>
      <trkpt lat="38.827286155827615" lon="121.50808403458275">
        <ele>2.7566780457273126</ele>
        <time>2024-08-20T13:57:33Z</time>
        <extensions>
          <gpxtpx:TrackPointExtension>
            <gpxtpx:hr>154</gpxtpx:hr>
          </gpxtpx:TrackPointExtension>
        </extensions>
      </trkpt>
      <trkpt lat="38.82730641795124" lon="121.50807781729641">
        <ele>2.6752778021618724</ele>
        <time>2024-08-20T13:57:34Z</time>
        <extensions>
          <gpxtpx:TrackPointExtension>
            <gpxtpx:hr>155</gpxtpx:hr>
          </gpxtpx:TrackPointExtension>
        </extensions>
      </trkpt>
      <trkpt lat="38.827326960358846" lon="121.50807240874053">
        <ele>2.601258486509323</ele>
        <time>2024-08-20T13:57:35Z</time>
        <extensions>
          <gpxtpx:TrackPointExtension>
            <gpxtpx:hr>155</gpxtpx:hr>
          </gpxtpx:TrackPointExtension>
        </extensions>
      </trkpt>
      <trkpt lat="38.82734754687475" lon="121.50806737700239">
        <ele>2.5237530497834086</ele>
        <time>2024-08-20T13:57:36Z</time>
        <extensions>
          <gpxtpx:TrackPointExtension>
            <gpxtpx:hr>155</gpxtpx:hr>
          </gpxtpx:TrackPointExtension>
        </extensions>
      </trkpt>
      <trkpt lat="38.827368453702164" lon="121.50806268313951">
        <ele>2.4535229234024882</ele>
        <time>2024-08-20T13:57:37Z</time>
        <extensions>
          <gpxtpx:TrackPointExtension>
            <gpxtpx:hr>155</gpxtpx:hr>
          </gpxtpx:TrackPointExtension>
        </extensions>
      </trkpt>
      <trkpt lat="38.827389624652376" lon="121.50805927041922">
        <ele>2.392881328240037</ele>
        <time>2024-08-20T13:57:38Z</time>
        <extensions>
          <gpxtpx:TrackPointExtension>
            <gpxtpx:hr>155</gpxtpx:hr>
          </gpxtpx:TrackPointExtension>
        </extensions>
      </trkpt>
      <trkpt lat="38.827410730634995" lon="121.50805739411521">
        <ele>2.3388003231957555</ele>
        <time>2024-08-20T13:57:39Z</time>
        <extensions>
          <gpxtpx:TrackPointExtension>
            <gpxtpx:hr>155</gpxtpx:hr>
          </gpxtpx:TrackPointExtension>
        </extensions>
      </trkpt>
      <trkpt lat="38.82743219474182" lon="121.50805604926542">
        <ele>2.2969649815931916</ele>
        <time>2024-08-20T13:57:40Z</time>
        <extensions>
          <gpxtpx:TrackPointExtension>
            <gpxtpx:hr>155</gpxtpx:hr>
          </gpxtpx:TrackPointExtension>
        </extensions>
      </trkpt>
      <trkpt lat="38.82745410122371" lon="121.50805471817782">
        <ele>2.267646715976298</ele>
        <time>2024-08-20T13:57:41Z</time>
        <extensions>
          <gpxtpx:TrackPointExtension>
            <gpxtpx:hr>155</gpxtpx:hr>
          </gpxtpx:TrackPointExtension>
        </extensions>
      </trkpt>
      <trkpt lat="38.82747585936131" lon="121.50805422496629">
        <ele>2.242276579141617</ele>
        <time>2024-08-20T13:57:42Z</time>
        <extensions>
          <gpxtpx:TrackPointExtension>
            <gpxtpx:hr>155</gpxtpx:hr>
          </gpxtpx:TrackPointExtension>
        </extensions>
      </trkpt>
      <trkpt lat="38.827496814761325" lon="121.5080543803807">
        <ele>2.2296391651034355</ele>
        <time>2024-08-20T13:57:43Z</time>
        <extensions>
          <gpxtpx:TrackPointExtension>
            <gpxtpx:hr>157</gpxtpx:hr>
          </gpxtpx:TrackPointExtension>
        </extensions>
      </trkpt>
      <trkpt lat="38.82751688550965" lon="121.50805316428048">
        <ele>2.2320294929668307</ele>
        <time>2024-08-20T13:57:44Z</time>
        <extensions>
          <gpxtpx:TrackPointExtension>
            <gpxtpx:hr>157</gpxtpx:hr>
          </gpxtpx:TrackPointExtension>
        </extensions>
      </trkpt>
      <trkpt lat="38.82753645010843" lon="121.50805018259824">
        <ele>2.252288393676281</ele>
        <time>2024-08-20T13:57:45Z</time>
        <extensions>
          <gpxtpx:TrackPointExtension>
            <gpxtpx:hr>157</gpxtpx:hr>
          </gpxtpx:TrackPointExtension>
        </extensions>
      </trkpt>
      <trkpt lat="38.82755614816975" lon="121.50804597499376">
        <ele>2.2555765388533473</ele>
        <time>2024-08-20T13:57:46Z</time>
        <extensions>
          <gpxtpx:TrackPointExtension>
            <gpxtpx:hr>157</gpxtpx:hr>
          </gpxtpx:TrackPointExtension>
        </extensions>
      </trkpt>
      <trkpt lat="38.82757615584039" lon="121.50804058082005">
        <ele>2.2677296167239547</ele>
        <time>2024-08-20T13:57:47Z</time>
        <extensions>
          <gpxtpx:TrackPointExtension>
            <gpxtpx:hr>157</gpxtpx:hr>
          </gpxtpx:TrackPointExtension>
        </extensions>
      </trkpt>
      <trkpt lat="38.827596188430036" lon="121.50803515353859">
        <ele>2.2865171739831567</ele>
        <time>2024-08-20T13:57:48Z</time>
        <extensions>
          <gpxtpx:TrackPointExtension>
            <gpxtpx:hr>157</gpxtpx:hr>
          </gpxtpx:TrackPointExtension>
        </extensions>
      </trkpt>
      <trkpt lat="38.827616158026096" lon="121.50803011695191">
        <ele>2.2943590600043535</ele>
        <time>2024-08-20T13:57:49Z</time>
        <extensions>
          <gpxtpx:TrackPointExtension>
            <gpxtpx:hr>157</gpxtpx:hr>
          </gpxtpx:TrackPointExtension>
        </extensions>
      </trkpt>
      <trkpt lat="38.82763591261797" lon="121.50802441576019">
        <ele>2.3057036427780986</ele>
        <time>2024-08-20T13:57:50Z</time>
        <extensions>
          <gpxtpx:TrackPointExtension>
            <gpxtpx:hr>157</gpxtpx:hr>
          </gpxtpx:TrackPointExtension>
        </extensions>
      </trkpt>
      <trkpt lat="38.82765480745267" lon="121.50801761564605">
        <ele>2.3206989858299494</ele>
        <time>2024-08-20T13:57:51Z</time>
        <extensions>
          <gpxtpx:TrackPointExtension>
            <gpxtpx:hr>157</gpxtpx:hr>
          </gpxtpx:TrackPointExtension>
        </extensions>
      </trkpt>
      <trkpt lat="38.82767252961265" lon="121.50800991847267">
        <ele>2.3367739198729396</ele>
        <time>2024-08-20T13:57:52Z</time>
        <extensions>
          <gpxtpx:TrackPointExtension>
            <gpxtpx:hr>157</gpxtpx:hr>
          </gpxtpx:TrackPointExtension>
        </extensions>
      </trkpt>
      <trkpt lat="38.82768993216467" lon="121.5080011845866">
        <ele>2.3543506637215614</ele>
        <time>2024-08-20T13:57:53Z</time>
        <extensions>
          <gpxtpx:TrackPointExtension>
            <gpxtpx:hr>157</gpxtpx:hr>
          </gpxtpx:TrackPointExtension>
        </extensions>
      </trkpt>
      <trkpt lat="38.82770774674155" lon="121.5079918005606">
        <ele>2.3700931882485747</ele>
        <time>2024-08-20T13:57:54Z</time>
        <extensions>
          <gpxtpx:TrackPointExtension>
            <gpxtpx:hr>157</gpxtpx:hr>
          </gpxtpx:TrackPointExtension>
        </extensions>
      </trkpt>
      <trkpt lat="38.82772588558161" lon="121.50798253012077">
        <ele>2.378240549005568</ele>
        <time>2024-08-20T13:57:55Z</time>
        <extensions>
          <gpxtpx:TrackPointExtension>
            <gpxtpx:hr>157</gpxtpx:hr>
          </gpxtpx:TrackPointExtension>
        </extensions>
      </trkpt>
      <trkpt lat="38.82774382199247" lon="121.50797312540256">
        <ele>2.3849997092038393</ele>
        <time>2024-08-20T13:57:56Z</time>
        <extensions>
          <gpxtpx:TrackPointExtension>
            <gpxtpx:hr>157</gpxtpx:hr>
          </gpxtpx:TrackPointExtension>
        </extensions>
      </trkpt>
      <trkpt lat="38.82776147640974" lon="121.50796248173671">
        <ele>2.3902943693101406</ele>
        <time>2024-08-20T13:57:57Z</time>
        <extensions>
          <gpxtpx:TrackPointExtension>
            <gpxtpx:hr>157</gpxtpx:hr>
          </gpxtpx:TrackPointExtension>
        </extensions>
      </trkpt>
      <trkpt lat="38.82777905511387" lon="121.50795084465196">
        <ele>2.394487270154059</ele>
        <time>2024-08-20T13:57:58Z</time>
        <extensions>
          <gpxtpx:TrackPointExtension>
            <gpxtpx:hr>157</gpxtpx:hr>
          </gpxtpx:TrackPointExtension>
        </extensions>
      </trkpt>
      <trkpt lat="38.827796591179464" lon="121.50793981904745">
        <ele>2.3892456889152527</ele>
        <time>2024-08-20T13:57:59Z</time>
      </trkpt>
      <trkpt lat="38.8278140998674" lon="121.50792942452388">
        <ele>2.375405234284699</ele>
        <time>2024-08-20T13:58:00Z</time>
      </trkpt>
      <trkpt lat="38.827831858557026" lon="121.50791852821838">
        <ele>2.3631738713011146</ele>
        <time>2024-08-20T13:58:01Z</time>
      </trkpt>
      <trkpt lat="38.82784921009693" lon="121.5079065734063">
        <ele>2.3571720868349075</ele>
        <time>2024-08-20T13:58:02Z</time>
      </trkpt>
      <trkpt lat="38.827865738209134" lon="121.50789409329747">
        <ele>2.3402727637439966</ele>
        <time>2024-08-20T13:58:03Z</time>
      </trkpt>
      <trkpt lat="38.8278817932099" lon="121.50788163679233">
        <ele>2.3325588703155518</ele>
        <time>2024-08-20T13:58:04Z</time>
      </trkpt>
      <trkpt lat="38.82789751886127" lon="121.50786939450309">
        <ele>2.3348240684717894</ele>
        <time>2024-08-20T13:58:05Z</time>
      </trkpt>
      <trkpt lat="38.82791295145753" lon="121.50785765006505">
        <ele>2.3367553520947695</ele>
        <time>2024-08-20T13:58:06Z</time>
      </trkpt>
      <trkpt lat="38.82792822032482" lon="121.50784601324405">
        <ele>2.342701382935047</ele>
        <time>2024-08-20T13:58:07Z</time>
      </trkpt>
      <trkpt lat="38.827943601839706" lon="121.50783349115024">
        <ele>2.33545362111181</ele>
        <time>2024-08-20T13:58:08Z</time>
      </trkpt>
      <trkpt lat="38.82795893045492" lon="121.50781977950345">
        <ele>2.330709925852716</ele>
        <time>2024-08-20T13:58:09Z</time>
      </trkpt>
      <trkpt lat="38.82797363084264" lon="121.5078053738295">
        <ele>2.3409441523253918</ele>
        <time>2024-08-20T13:58:10Z</time>
      </trkpt>
      <trkpt lat="38.82798794808224" lon="121.5077905637432">
        <ele>2.350864650681615</ele>
        <time>2024-08-20T13:58:11Z</time>
      </trkpt>
      <trkpt lat="38.82800246737772" lon="121.5077751801779">
        <ele>2.351211305707693</ele>
        <time>2024-08-20T13:58:12Z</time>
      </trkpt>
      <trkpt lat="38.82801710298362" lon="121.50775905903198">
        <ele>2.3486373918130994</ele>
        <time>2024-08-20T13:58:13Z</time>
        <extensions>
          <gpxtpx:TrackPointExtension>
            <gpxtpx:hr>163</gpxtpx:hr>
          </gpxtpx:TrackPointExtension>
        </extensions>
      </trkpt>
      <trkpt lat="38.82803143256379" lon="121.50774219195732">
        <ele>2.34580853022635</ele>
        <time>2024-08-20T13:58:14Z</time>
        <extensions>
          <gpxtpx:TrackPointExtension>
            <gpxtpx:hr>163</gpxtpx:hr>
          </gpxtpx:TrackPointExtension>
        </extensions>
      </trkpt>
      <trkpt lat="38.828045237367455" lon="121.50772446374889">
        <ele>2.3515580911189318</ele>
        <time>2024-08-20T13:58:15Z</time>
        <extensions>
          <gpxtpx:TrackPointExtension>
            <gpxtpx:hr>163</gpxtpx:hr>
          </gpxtpx:TrackPointExtension>
        </extensions>
      </trkpt>
      <trkpt lat="38.8280588724521" lon="121.5077054954512">
        <ele>2.3584989393129945</ele>
        <time>2024-08-20T13:58:16Z</time>
        <extensions>
          <gpxtpx:TrackPointExtension>
            <gpxtpx:hr>163</gpxtpx:hr>
          </gpxtpx:TrackPointExtension>
        </extensions>
      </trkpt>
      <trkpt lat="38.828072208960094" lon="121.50768520861895">
        <ele>2.361034406349063</ele>
        <time>2024-08-20T13:58:17Z</time>
        <extensions>
          <gpxtpx:TrackPointExtension>
            <gpxtpx:hr>163</gpxtpx:hr>
          </gpxtpx:TrackPointExtension>
        </extensions>
      </trkpt>
      <trkpt lat="38.82808500484447" lon="121.50766456749228">
        <ele>2.3725403835996985</ele>
        <time>2024-08-20T13:58:18Z</time>
        <extensions>
          <gpxtpx:TrackPointExtension>
            <gpxtpx:hr>163</gpxtpx:hr>
          </gpxtpx:TrackPointExtension>
        </extensions>
      </trkpt>
      <trkpt lat="38.82809757306637" lon="121.50764414805785">
        <ele>2.385436880402267</ele>
        <time>2024-08-20T13:58:19Z</time>
        <extensions>
          <gpxtpx:TrackPointExtension>
            <gpxtpx:hr>163</gpxtpx:hr>
          </gpxtpx:TrackPointExtension>
        </extensions>
      </trkpt>
      <trkpt lat="38.82811040104238" lon="121.50762403335614">
        <ele>2.3955974569544196</ele>
        <time>2024-08-20T13:58:20Z</time>
        <extensions>
          <gpxtpx:TrackPointExtension>
            <gpxtpx:hr>163</gpxtpx:hr>
          </gpxtpx:TrackPointExtension>
        </extensions>
      </trkpt>
      <trkpt lat="38.82812370505487" lon="121.50760461826658">
        <ele>2.402151479385793</ele>
        <time>2024-08-20T13:58:21Z</time>
        <extensions>
          <gpxtpx:TrackPointExtension>
            <gpxtpx:hr>163</gpxtpx:hr>
          </gpxtpx:TrackPointExtension>
        </extensions>
      </trkpt>
      <trkpt lat="38.82813740016078" lon="121.5075855407894">
        <ele>2.417831833474338</ele>
        <time>2024-08-20T13:58:22Z</time>
        <extensions>
          <gpxtpx:TrackPointExtension>
            <gpxtpx:hr>163</gpxtpx:hr>
          </gpxtpx:TrackPointExtension>
        </extensions>
      </trkpt>
      <trkpt lat="38.8281515295655" lon="121.50756625740699">
        <ele>2.4405944906175137</ele>
        <time>2024-08-20T13:58:23Z</time>
        <extensions>
          <gpxtpx:TrackPointExtension>
            <gpxtpx:hr>163</gpxtpx:hr>
          </gpxtpx:TrackPointExtension>
        </extensions>
      </trkpt>
      <trkpt lat="38.82816574748075" lon="121.50754653138503">
        <ele>2.460344231687486</ele>
        <time>2024-08-20T13:58:24Z</time>
        <extensions>
          <gpxtpx:TrackPointExtension>
            <gpxtpx:hr>163</gpxtpx:hr>
          </gpxtpx:TrackPointExtension>
        </extensions>
      </trkpt>
      <trkpt lat="38.82817949420638" lon="121.50752680998951">
        <ele>2.479617570526898</ele>
        <time>2024-08-20T13:58:25Z</time>
        <extensions>
          <gpxtpx:TrackPointExtension>
            <gpxtpx:hr>164</gpxtpx:hr>
          </gpxtpx:TrackPointExtension>
        </extensions>
      </trkpt>
      <trkpt lat="38.82819245312331" lon="121.50750696452965">
        <ele>2.506568094715476</ele>
        <time>2024-08-20T13:58:26Z</time>
        <extensions>
          <gpxtpx:TrackPointExtension>
            <gpxtpx:hr>164</gpxtpx:hr>
          </gpxtpx:TrackPointExtension>
        </extensions>
      </trkpt>
      <trkpt lat="38.828204555111725" lon="121.50748659520869">
        <ele>2.5394710265100002</ele>
        <time>2024-08-20T13:58:27Z</time>
        <extensions>
          <gpxtpx:TrackPointExtension>
            <gpxtpx:hr>164</gpxtpx:hr>
          </gpxtpx:TrackPointExtension>
        </extensions>
      </trkpt>
      <trkpt lat="38.82821579503624" lon="121.50746617080274">
        <ele>2.5802331818267703</ele>
        <time>2024-08-20T13:58:28Z</time>
        <extensions>
          <gpxtpx:TrackPointExtension>
            <gpxtpx:hr>164</gpxtpx:hr>
          </gpxtpx:TrackPointExtension>
        </extensions>
      </trkpt>
      <trkpt lat="38.828226190385905" lon="121.50744573613467">
        <ele>2.6276491926983</ele>
        <time>2024-08-20T13:58:29Z</time>
        <extensions>
          <gpxtpx:TrackPointExtension>
            <gpxtpx:hr>164</gpxtpx:hr>
          </gpxtpx:TrackPointExtension>
        </extensions>
      </trkpt>
      <trkpt lat="38.82823580600851" lon="121.50742419156586">
        <ele>2.6824163533747196</ele>
        <time>2024-08-20T13:58:30Z</time>
        <extensions>
          <gpxtpx:TrackPointExtension>
            <gpxtpx:hr>163</gpxtpx:hr>
          </gpxtpx:TrackPointExtension>
        </extensions>
      </trkpt>
      <trkpt lat="38.82824479142355" lon="121.50740096006835">
        <ele>2.748906310647726</ele>
        <time>2024-08-20T13:58:31Z</time>
        <extensions>
          <gpxtpx:TrackPointExtension>
            <gpxtpx:hr>163</gpxtpx:hr>
          </gpxtpx:TrackPointExtension>
        </extensions>
      </trkpt>
      <trkpt lat="38.82825366834631" lon="121.50737738130712">
        <ele>2.8077264949679375</ele>
        <time>2024-08-20T13:58:32Z</time>
        <extensions>
          <gpxtpx:TrackPointExtension>
            <gpxtpx:hr>163</gpxtpx:hr>
          </gpxtpx:TrackPointExtension>
        </extensions>
      </trkpt>
      <trkpt lat="38.82826300188434" lon="121.50735458070282">
        <ele>2.8544884948059916</ele>
        <time>2024-08-20T13:58:33Z</time>
        <extensions>
          <gpxtpx:TrackPointExtension>
            <gpxtpx:hr>163</gpxtpx:hr>
          </gpxtpx:TrackPointExtension>
        </extensions>
      </trkpt>
      <trkpt lat="38.82827208023063" lon="121.5073319727507">
        <ele>2.9015542352572083</ele>
        <time>2024-08-20T13:58:34Z</time>
        <extensions>
          <gpxtpx:TrackPointExtension>
            <gpxtpx:hr>164</gpxtpx:hr>
          </gpxtpx:TrackPointExtension>
        </extensions>
      </trkpt>
      <trkpt lat="38.82828005862422" lon="121.50730900548675">
        <ele>2.9536887276917696</ele>
        <time>2024-08-20T13:58:35Z</time>
        <extensions>
          <gpxtpx:TrackPointExtension>
            <gpxtpx:hr>164</gpxtpx:hr>
          </gpxtpx:TrackPointExtension>
        </extensions>
      </trkpt>
      <trkpt lat="38.828286566900495" lon="121.50728551905134">
        <ele>2.999556447379291</ele>
        <time>2024-08-20T13:58:36Z</time>
        <extensions>
          <gpxtpx:TrackPointExtension>
            <gpxtpx:hr>164</gpxtpx:hr>
          </gpxtpx:TrackPointExtension>
        </extensions>
      </trkpt>
      <trkpt lat="38.82829183438598" lon="121.5072604235504">
        <ele>3.036855559796095</ele>
        <time>2024-08-20T13:58:37Z</time>
        <extensions>
          <gpxtpx:TrackPointExtension>
            <gpxtpx:hr>164</gpxtpx:hr>
          </gpxtpx:TrackPointExtension>
        </extensions>
      </trkpt>
      <trkpt lat="38.82829698515725" lon="121.5072333206622">
        <ele>3.0815884694457054</ele>
        <time>2024-08-20T13:58:38Z</time>
        <extensions>
          <gpxtpx:TrackPointExtension>
            <gpxtpx:hr>164</gpxtpx:hr>
          </gpxtpx:TrackPointExtension>
        </extensions>
      </trkpt>
      <trkpt lat="38.82830300647649" lon="121.507205734033">
        <ele>3.1224136082455516</ele>
        <time>2024-08-20T13:58:39Z</time>
        <extensions>
          <gpxtpx:TrackPointExtension>
            <gpxtpx:hr>164</gpxtpx:hr>
          </gpxtpx:TrackPointExtension>
        </extensions>
      </trkpt>
      <trkpt lat="38.82830973624811" lon="121.50717889384123">
        <ele>3.1609703497961164</ele>
        <time>2024-08-20T13:58:40Z</time>
        <extensions>
          <gpxtpx:TrackPointExtension>
            <gpxtpx:hr>164</gpxtpx:hr>
          </gpxtpx:TrackPointExtension>
        </extensions>
      </trkpt>
      <trkpt lat="38.82831605928985" lon="121.50715250119782">
        <ele>3.190991871058941</ele>
        <time>2024-08-20T13:58:41Z</time>
        <extensions>
          <gpxtpx:TrackPointExtension>
            <gpxtpx:hr>164</gpxtpx:hr>
          </gpxtpx:TrackPointExtension>
        </extensions>
      </trkpt>
      <trkpt lat="38.82832194518922" lon="121.5071263337726">
        <ele>3.2131528249010444</ele>
        <time>2024-08-20T13:58:42Z</time>
        <extensions>
          <gpxtpx:TrackPointExtension>
            <gpxtpx:hr>164</gpxtpx:hr>
          </gpxtpx:TrackPointExtension>
        </extensions>
      </trkpt>
      <trkpt lat="38.82832788108307" lon="121.50710049758024">
        <ele>3.2206560960039496</ele>
        <time>2024-08-20T13:58:43Z</time>
        <extensions>
          <gpxtpx:TrackPointExtension>
            <gpxtpx:hr>163</gpxtpx:hr>
          </gpxtpx:TrackPointExtension>
        </extensions>
      </trkpt>
      <trkpt lat="38.828333918023816" lon="121.50707429845896">
        <ele>3.2150137638673186</ele>
        <time>2024-08-20T13:58:44Z</time>
        <extensions>
          <gpxtpx:TrackPointExtension>
            <gpxtpx:hr>163</gpxtpx:hr>
          </gpxtpx:TrackPointExtension>
        </extensions>
      </trkpt>
      <trkpt lat="38.828339312021754" lon="121.50704705688894">
        <ele>3.210583718493581</ele>
        <time>2024-08-20T13:58:45Z</time>
        <extensions>
          <gpxtpx:TrackPointExtension>
            <gpxtpx:hr>163</gpxtpx:hr>
          </gpxtpx:TrackPointExtension>
        </extensions>
      </trkpt>
      <trkpt lat="38.828343949291735" lon="121.5070193925129">
        <ele>3.2058608466759324</ele>
        <time>2024-08-20T13:58:46Z</time>
        <extensions>
          <gpxtpx:TrackPointExtension>
            <gpxtpx:hr>163</gpxtpx:hr>
          </gpxtpx:TrackPointExtension>
        </extensions>
      </trkpt>
      <trkpt lat="38.82834829103313" lon="121.50699185702331">
        <ele>3.1960558919236064</ele>
        <time>2024-08-20T13:58:47Z</time>
        <extensions>
          <gpxtpx:TrackPointExtension>
            <gpxtpx:hr>163</gpxtpx:hr>
          </gpxtpx:TrackPointExtension>
        </extensions>
      </trkpt>
      <trkpt lat="38.82835256972299" lon="121.5069644224632">
        <ele>3.186984916217625</ele>
        <time>2024-08-20T13:58:48Z</time>
        <extensions>
          <gpxtpx:TrackPointExtension>
            <gpxtpx:hr>163</gpxtpx:hr>
          </gpxtpx:TrackPointExtension>
        </extensions>
      </trkpt>
      <trkpt lat="38.82835691857943" lon="121.50693744144218">
        <ele>3.177930391393602</ele>
        <time>2024-08-20T13:58:49Z</time>
        <extensions>
          <gpxtpx:TrackPointExtension>
            <gpxtpx:hr>164</gpxtpx:hr>
          </gpxtpx:TrackPointExtension>
        </extensions>
      </trkpt>
      <trkpt lat="38.82836059753361" lon="121.50691087855034">
        <ele>3.178151149302721</ele>
        <time>2024-08-20T13:58:50Z</time>
        <extensions>
          <gpxtpx:TrackPointExtension>
            <gpxtpx:hr>164</gpxtpx:hr>
          </gpxtpx:TrackPointExtension>
        </extensions>
      </trkpt>
      <trkpt lat="38.82836247912445" lon="121.50688398557195">
        <ele>3.183430246077478</ele>
        <time>2024-08-20T13:58:51Z</time>
        <extensions>
          <gpxtpx:TrackPointExtension>
            <gpxtpx:hr>164</gpxtpx:hr>
          </gpxtpx:TrackPointExtension>
        </extensions>
      </trkpt>
      <trkpt lat="38.828363340877026" lon="121.50685657268524">
        <ele>3.1766000324860215</ele>
        <time>2024-08-20T13:58:52Z</time>
        <extensions>
          <gpxtpx:TrackPointExtension>
            <gpxtpx:hr>164</gpxtpx:hr>
          </gpxtpx:TrackPointExtension>
        </extensions>
      </trkpt>
      <trkpt lat="38.82836502205094" lon="121.50682943467541">
        <ele>3.1709573175758123</ele>
        <time>2024-08-20T13:58:53Z</time>
        <extensions>
          <gpxtpx:TrackPointExtension>
            <gpxtpx:hr>164</gpxtpx:hr>
          </gpxtpx:TrackPointExtension>
        </extensions>
      </trkpt>
      <trkpt lat="38.82836748103295" lon="121.50680262578389">
        <ele>3.16931545548141</ele>
        <time>2024-08-20T13:58:54Z</time>
        <extensions>
          <gpxtpx:TrackPointExtension>
            <gpxtpx:hr>164</gpxtpx:hr>
          </gpxtpx:TrackPointExtension>
        </extensions>
      </trkpt>
      <trkpt lat="38.8283700550657" lon="121.50677569390305">
        <ele>3.151552964001894</ele>
        <time>2024-08-20T13:58:55Z</time>
        <extensions>
          <gpxtpx:TrackPointExtension>
            <gpxtpx:hr>164</gpxtpx:hr>
          </gpxtpx:TrackPointExtension>
        </extensions>
      </trkpt>
      <trkpt lat="38.828372465263264" lon="121.50674886304988">
        <ele>3.1342965215444565</ele>
        <time>2024-08-20T13:58:56Z</time>
        <extensions>
          <gpxtpx:TrackPointExtension>
            <gpxtpx:hr>164</gpxtpx:hr>
          </gpxtpx:TrackPointExtension>
        </extensions>
      </trkpt>
      <trkpt lat="38.82837453657195" lon="121.5067219970253">
        <ele>3.117291930131614</ele>
        <time>2024-08-20T13:58:57Z</time>
        <extensions>
          <gpxtpx:TrackPointExtension>
            <gpxtpx:hr>164</gpxtpx:hr>
          </gpxtpx:TrackPointExtension>
        </extensions>
      </trkpt>
      <trkpt lat="38.828376384178696" lon="121.50669423945773">
        <ele>3.0955750169232488</ele>
        <time>2024-08-20T13:58:58Z</time>
        <extensions>
          <gpxtpx:TrackPointExtension>
            <gpxtpx:hr>164</gpxtpx:hr>
          </gpxtpx:TrackPointExtension>
        </extensions>
      </trkpt>
      <trkpt lat="38.82837805164377" lon="121.50666519188854">
        <ele>3.075849830172956</ele>
        <time>2024-08-20T13:58:59Z</time>
        <extensions>
          <gpxtpx:TrackPointExtension>
            <gpxtpx:hr>164</gpxtpx:hr>
          </gpxtpx:TrackPointExtension>
        </extensions>
      </trkpt>
      <trkpt lat="38.82838013968783" lon="121.50663604840267">
        <ele>3.0674849385395646</ele>
        <time>2024-08-20T13:59:00Z</time>
        <extensions>
          <gpxtpx:TrackPointExtension>
            <gpxtpx:hr>164</gpxtpx:hr>
          </gpxtpx:TrackPointExtension>
        </extensions>
      </trkpt>
      <trkpt lat="38.828383272472905" lon="121.50660796829327">
        <ele>3.0576986614614725</ele>
        <time>2024-08-20T13:59:01Z</time>
        <extensions>
          <gpxtpx:TrackPointExtension>
            <gpxtpx:hr>164</gpxtpx:hr>
          </gpxtpx:TrackPointExtension>
        </extensions>
      </trkpt>
      <trkpt lat="38.82838750108519" lon="121.50658043387078">
        <ele>3.0473752887919545</ele>
        <time>2024-08-20T13:59:02Z</time>
        <extensions>
          <gpxtpx:TrackPointExtension>
            <gpxtpx:hr>164</gpxtpx:hr>
          </gpxtpx:TrackPointExtension>
        </extensions>
      </trkpt>
      <trkpt lat="38.82839254985382" lon="121.50655284906951">
        <ele>3.0343281691893935</ele>
        <time>2024-08-20T13:59:03Z</time>
        <extensions>
          <gpxtpx:TrackPointExtension>
            <gpxtpx:hr>164</gpxtpx:hr>
          </gpxtpx:TrackPointExtension>
        </extensions>
      </trkpt>
      <trkpt lat="38.82839814154036" lon="121.50652523114336">
        <ele>3.0122489677742124</ele>
        <time>2024-08-20T13:59:04Z</time>
        <extensions>
          <gpxtpx:TrackPointExtension>
            <gpxtpx:hr>164</gpxtpx:hr>
          </gpxtpx:TrackPointExtension>
        </extensions>
      </trkpt>
      <trkpt lat="38.82840416058863" lon="121.50649741842987">
        <ele>3.013677576556802</ele>
        <time>2024-08-20T13:59:05Z</time>
        <extensions>
          <gpxtpx:TrackPointExtension>
            <gpxtpx:hr>164</gpxtpx:hr>
          </gpxtpx:TrackPointExtension>
        </extensions>
      </trkpt>
      <trkpt lat="38.82841074430238" lon="121.50646935798825">
        <ele>3.0124509343877435</ele>
        <time>2024-08-20T13:59:06Z</time>
        <extensions>
          <gpxtpx:TrackPointExtension>
            <gpxtpx:hr>164</gpxtpx:hr>
          </gpxtpx:TrackPointExtension>
        </extensions>
      </trkpt>
      <trkpt lat="38.82841863647281" lon="121.50644197456268">
        <ele>3.006470606662333</ele>
        <time>2024-08-20T13:59:07Z</time>
        <extensions>
          <gpxtpx:TrackPointExtension>
            <gpxtpx:hr>165</gpxtpx:hr>
          </gpxtpx:TrackPointExtension>
        </extensions>
      </trkpt>
      <trkpt lat="38.82842801685986" lon="121.50641552491497">
        <ele>3.001429476775229</ele>
        <time>2024-08-20T13:59:08Z</time>
        <extensions>
          <gpxtpx:TrackPointExtension>
            <gpxtpx:hr>165</gpxtpx:hr>
          </gpxtpx:TrackPointExtension>
        </extensions>
      </trkpt>
      <trkpt lat="38.828438040473955" lon="121.5063893904752">
        <ele>2.9951972607523203</ele>
        <time>2024-08-20T13:59:09Z</time>
        <extensions>
          <gpxtpx:TrackPointExtension>
            <gpxtpx:hr>165</gpxtpx:hr>
          </gpxtpx:TrackPointExtension>
        </extensions>
      </trkpt>
      <trkpt lat="38.828448112942354" lon="121.50636399715737">
        <ele>2.9906706856563687</ele>
        <time>2024-08-20T13:59:10Z</time>
        <extensions>
          <gpxtpx:TrackPointExtension>
            <gpxtpx:hr>165</gpxtpx:hr>
          </gpxtpx:TrackPointExtension>
        </extensions>
      </trkpt>
      <trkpt lat="38.82845777210654" lon="121.50633925928231">
        <ele>2.9917154097929597</ele>
        <time>2024-08-20T13:59:11Z</time>
        <extensions>
          <gpxtpx:TrackPointExtension>
            <gpxtpx:hr>165</gpxtpx:hr>
          </gpxtpx:TrackPointExtension>
        </extensions>
      </trkpt>
      <trkpt lat="38.82846726799709" lon="121.50631475658473">
        <ele>2.984545052051544</ele>
        <time>2024-08-20T13:59:12Z</time>
        <extensions>
          <gpxtpx:TrackPointExtension>
            <gpxtpx:hr>165</gpxtpx:hr>
          </gpxtpx:TrackPointExtension>
        </extensions>
      </trkpt>
      <trkpt lat="38.82847784581705" lon="121.50629179487066">
        <ele>2.979253923520446</ele>
        <time>2024-08-20T13:59:13Z</time>
        <extensions>
          <gpxtpx:TrackPointExtension>
            <gpxtpx:hr>165</gpxtpx:hr>
          </gpxtpx:TrackPointExtension>
        </extensions>
      </trkpt>
      <trkpt lat="38.82848972587636" lon="121.50627110886515">
        <ele>2.9758761255070567</ele>
        <time>2024-08-20T13:59:14Z</time>
        <extensions>
          <gpxtpx:TrackPointExtension>
            <gpxtpx:hr>165</gpxtpx:hr>
          </gpxtpx:TrackPointExtension>
        </extensions>
      </trkpt>
      <trkpt lat="38.828503469231805" lon="121.5062529898378">
        <ele>2.966957035474479</ele>
        <time>2024-08-20T13:59:15Z</time>
        <extensions>
          <gpxtpx:TrackPointExtension>
            <gpxtpx:hr>165</gpxtpx:hr>
          </gpxtpx:TrackPointExtension>
        </extensions>
      </trkpt>
      <trkpt lat="38.828518615211415" lon="121.50623638627565">
        <ele>2.948368702083826</ele>
        <time>2024-08-20T13:59:16Z</time>
        <extensions>
          <gpxtpx:TrackPointExtension>
            <gpxtpx:hr>165</gpxtpx:hr>
          </gpxtpx:TrackPointExtension>
        </extensions>
      </trkpt>
      <trkpt lat="38.82853339306369" lon="121.50621972699767">
        <ele>2.9304295470938087</ele>
        <time>2024-08-20T13:59:17Z</time>
        <extensions>
          <gpxtpx:TrackPointExtension>
            <gpxtpx:hr>165</gpxtpx:hr>
          </gpxtpx:TrackPointExtension>
        </extensions>
      </trkpt>
      <trkpt lat="38.82854734767199" lon="121.50620308658127">
        <ele>2.907893408089876</ele>
        <time>2024-08-20T13:59:18Z</time>
        <extensions>
          <gpxtpx:TrackPointExtension>
            <gpxtpx:hr>165</gpxtpx:hr>
          </gpxtpx:TrackPointExtension>
        </extensions>
      </trkpt>
      <trkpt lat="38.82856065561112" lon="121.5061864515395">
        <ele>2.8851941535249352</ele>
        <time>2024-08-20T13:59:19Z</time>
        <extensions>
          <gpxtpx:TrackPointExtension>
            <gpxtpx:hr>165</gpxtpx:hr>
          </gpxtpx:TrackPointExtension>
        </extensions>
      </trkpt>
      <trkpt lat="38.828573242178344" lon="121.50617045301078">
        <ele>2.8609451185911894</ele>
        <time>2024-08-20T13:59:20Z</time>
        <extensions>
          <gpxtpx:TrackPointExtension>
            <gpxtpx:hr>165</gpxtpx:hr>
          </gpxtpx:TrackPointExtension>
        </extensions>
      </trkpt>
      <trkpt lat="38.828584235013906" lon="121.50615685392503">
        <ele>2.832993811927736</ele>
        <time>2024-08-20T13:59:21Z</time>
        <extensions>
          <gpxtpx:TrackPointExtension>
            <gpxtpx:hr>165</gpxtpx:hr>
          </gpxtpx:TrackPointExtension>
        </extensions>
      </trkpt>
      <trkpt lat="38.82859284205516" lon="121.50614630109652">
        <ele>2.8041262356564403</ele>
        <time>2024-08-20T13:59:22Z</time>
        <extensions>
          <gpxtpx:TrackPointExtension>
            <gpxtpx:hr>165</gpxtpx:hr>
          </gpxtpx:TrackPointExtension>
        </extensions>
      </trkpt>
      <trkpt lat="38.828599486864206" lon="121.50613862801599">
        <ele>2.778357431292534</ele>
        <time>2024-08-20T13:59:23Z</time>
        <extensions>
          <gpxtpx:TrackPointExtension>
            <gpxtpx:hr>165</gpxtpx:hr>
          </gpxtpx:TrackPointExtension>
        </extensions>
      </trkpt>
      <trkpt lat="38.82860553724987" lon="121.50613330193262">
        <ele>2.7542469780892134</ele>
        <time>2024-08-20T13:59:24Z</time>
        <extensions>
          <gpxtpx:TrackPointExtension>
            <gpxtpx:hr>165</gpxtpx:hr>
          </gpxtpx:TrackPointExtension>
        </extensions>
      </trkpt>
      <trkpt lat="38.82861216663266" lon="121.50612917210215">
        <ele>2.730405842885375</ele>
        <time>2024-08-20T13:59:25Z</time>
        <extensions>
          <gpxtpx:TrackPointExtension>
            <gpxtpx:hr>165</gpxtpx:hr>
          </gpxtpx:TrackPointExtension>
        </extensions>
      </trkpt>
      <trkpt lat="38.82861975870897" lon="121.50612524956188">
        <ele>2.7040931014344096</ele>
        <time>2024-08-20T13:59:26Z</time>
        <extensions>
          <gpxtpx:TrackPointExtension>
            <gpxtpx:hr>165</gpxtpx:hr>
          </gpxtpx:TrackPointExtension>
        </extensions>
      </trkpt>
      <trkpt lat="38.82862796444262" lon="121.50612108534688">
        <ele>2.681691985577345</ele>
        <time>2024-08-20T13:59:27Z</time>
        <extensions>
          <gpxtpx:TrackPointExtension>
            <gpxtpx:hr>165</gpxtpx:hr>
          </gpxtpx:TrackPointExtension>
        </extensions>
      </trkpt>
      <trkpt lat="38.8286362070733" lon="121.50611663748074">
        <ele>2.6613908018916845</ele>
        <time>2024-08-20T13:59:28Z</time>
        <extensions>
          <gpxtpx:TrackPointExtension>
            <gpxtpx:hr>164</gpxtpx:hr>
          </gpxtpx:TrackPointExtension>
        </extensions>
      </trkpt>
      <trkpt lat="38.82864412535365" lon="121.50611197655799">
        <ele>2.6241997200995684</ele>
        <time>2024-08-20T13:59:29Z</time>
        <extensions>
          <gpxtpx:TrackPointExtension>
            <gpxtpx:hr>164</gpxtpx:hr>
          </gpxtpx:TrackPointExtension>
        </extensions>
      </trkpt>
      <trkpt lat="38.82865176244401" lon="121.50610745538629">
        <ele>2.5897311354056</ele>
        <time>2024-08-20T13:59:30Z</time>
        <extensions>
          <gpxtpx:TrackPointExtension>
            <gpxtpx:hr>164</gpxtpx:hr>
          </gpxtpx:TrackPointExtension>
        </extensions>
      </trkpt>
      <trkpt lat="38.82865949266301" lon="121.50610309571819">
        <ele>2.577212150208652</ele>
        <time>2024-08-20T13:59:31Z</time>
        <extensions>
          <gpxtpx:TrackPointExtension>
            <gpxtpx:hr>164</gpxtpx:hr>
          </gpxtpx:TrackPointExtension>
        </extensions>
      </trkpt>
      <trkpt lat="38.828667418878986" lon="121.50609875618517">
        <ele>2.5683897668495774</ele>
        <time>2024-08-20T13:59:32Z</time>
        <extensions>
          <gpxtpx:TrackPointExtension>
            <gpxtpx:hr>164</gpxtpx:hr>
          </gpxtpx:TrackPointExtension>
        </extensions>
      </trkpt>
      <trkpt lat="38.82867520298736" lon="121.50609414513106">
        <ele>2.5596619453281164</ele>
        <time>2024-08-20T13:59:33Z</time>
        <extensions>
          <gpxtpx:TrackPointExtension>
            <gpxtpx:hr>164</gpxtpx:hr>
          </gpxtpx:TrackPointExtension>
        </extensions>
      </trkpt>
      <trkpt lat="38.82868260651544" lon="121.50608904380614">
        <ele>2.5616327999159694</ele>
        <time>2024-08-20T13:59:34Z</time>
        <extensions>
          <gpxtpx:TrackPointExtension>
            <gpxtpx:hr>162</gpxtpx:hr>
          </gpxtpx:TrackPointExtension>
        </extensions>
      </trkpt>
      <trkpt lat="38.828689760536136" lon="121.5060835293409">
        <ele>2.549144133925438</ele>
        <time>2024-08-20T13:59:35Z</time>
        <extensions>
          <gpxtpx:TrackPointExtension>
            <gpxtpx:hr>162</gpxtpx:hr>
          </gpxtpx:TrackPointExtension>
        </extensions>
      </trkpt>
      <trkpt lat="38.828697034684346" lon="121.50607772402651">
        <ele>2.546296479180455</ele>
        <time>2024-08-20T13:59:36Z</time>
        <extensions>
          <gpxtpx:TrackPointExtension>
            <gpxtpx:hr>162</gpxtpx:hr>
          </gpxtpx:TrackPointExtension>
        </extensions>
      </trkpt>
      <trkpt lat="38.82870461598692" lon="121.50607196676958">
        <ele>2.5514911310747266</ele>
        <time>2024-08-20T13:59:37Z</time>
        <extensions>
          <gpxtpx:TrackPointExtension>
            <gpxtpx:hr>162</gpxtpx:hr>
          </gpxtpx:TrackPointExtension>
        </extensions>
      </trkpt>
      <trkpt lat="38.82871252246737" lon="121.50606682851026">
        <ele>2.543946450576186</ele>
        <time>2024-08-20T13:59:38Z</time>
        <extensions>
          <gpxtpx:TrackPointExtension>
            <gpxtpx:hr>161</gpxtpx:hr>
          </gpxtpx:TrackPointExtension>
        </extensions>
      </trkpt>
      <trkpt lat="38.82872089933606" lon="121.50606270734312">
        <ele>2.5492133237421513</ele>
        <time>2024-08-20T13:59:39Z</time>
        <extensions>
          <gpxtpx:TrackPointExtension>
            <gpxtpx:hr>161</gpxtpx:hr>
          </gpxtpx:TrackPointExtension>
        </extensions>
      </trkpt>
      <trkpt lat="38.82872989573722" lon="121.50605981199267">
        <ele>2.5838662274181843</ele>
        <time>2024-08-20T13:59:40Z</time>
        <extensions>
          <gpxtpx:TrackPointExtension>
            <gpxtpx:hr>161</gpxtpx:hr>
          </gpxtpx:TrackPointExtension>
        </extensions>
      </trkpt>
      <trkpt lat="38.82873952029556" lon="121.50605747538448">
        <ele>2.616850788705051</ele>
        <time>2024-08-20T13:59:41Z</time>
        <extensions>
          <gpxtpx:TrackPointExtension>
            <gpxtpx:hr>161</gpxtpx:hr>
          </gpxtpx:TrackPointExtension>
        </extensions>
      </trkpt>
      <trkpt lat="38.82874971005298" lon="121.50605433947807">
        <ele>2.6511857621371746</ele>
        <time>2024-08-20T13:59:42Z</time>
        <extensions>
          <gpxtpx:TrackPointExtension>
            <gpxtpx:hr>158</gpxtpx:hr>
          </gpxtpx:TrackPointExtension>
        </extensions>
      </trkpt>
      <trkpt lat="38.828759784931556" lon="121.50605018937954">
        <ele>2.6847789818421006</ele>
        <time>2024-08-20T13:59:43Z</time>
        <extensions>
          <gpxtpx:TrackPointExtension>
            <gpxtpx:hr>158</gpxtpx:hr>
          </gpxtpx:TrackPointExtension>
        </extensions>
      </trkpt>
      <trkpt lat="38.828768919736405" lon="121.50604559599577">
        <ele>2.715151434764266</ele>
        <time>2024-08-20T13:59:44Z</time>
        <extensions>
          <gpxtpx:TrackPointExtension>
            <gpxtpx:hr>158</gpxtpx:hr>
          </gpxtpx:TrackPointExtension>
        </extensions>
      </trkpt>
      <trkpt lat="38.828777520608355" lon="121.50604110440948">
        <ele>2.7393995514139533</ele>
        <time>2024-08-20T13:59:45Z</time>
        <extensions>
          <gpxtpx:TrackPointExtension>
            <gpxtpx:hr>158</gpxtpx:hr>
          </gpxtpx:TrackPointExtension>
        </extensions>
      </trkpt>
      <trkpt lat="38.82878636891956" lon="121.50603654044681">
        <ele>2.8053651424124837</ele>
        <time>2024-08-20T13:59:46Z</time>
        <extensions>
          <gpxtpx:TrackPointExtension>
            <gpxtpx:hr>158</gpxtpx:hr>
          </gpxtpx:TrackPointExtension>
        </extensions>
      </trkpt>
      <trkpt lat="38.82879556241997" lon="121.50603158974747">
        <ele>2.8579412270337343</ele>
        <time>2024-08-20T13:59:47Z</time>
        <extensions>
          <gpxtpx:TrackPointExtension>
            <gpxtpx:hr>158</gpxtpx:hr>
          </gpxtpx:TrackPointExtension>
        </extensions>
      </trkpt>
      <trkpt lat="38.82880497566924" lon="121.50602653773979">
        <ele>2.886259974911809</ele>
        <time>2024-08-20T13:59:48Z</time>
        <extensions>
          <gpxtpx:TrackPointExtension>
            <gpxtpx:hr>158</gpxtpx:hr>
          </gpxtpx:TrackPointExtension>
        </extensions>
      </trkpt>
      <trkpt lat="38.828814548261605" lon="121.50602148260013">
        <ele>2.910072593949735</ele>
        <time>2024-08-20T13:59:49Z</time>
        <extensions>
          <gpxtpx:TrackPointExtension>
            <gpxtpx:hr>153</gpxtpx:hr>
          </gpxtpx:TrackPointExtension>
        </extensions>
      </trkpt>
      <trkpt lat="38.8288238963489" lon="121.50601663620238">
        <ele>2.9401268027722836</ele>
        <time>2024-08-20T13:59:50Z</time>
        <extensions>
          <gpxtpx:TrackPointExtension>
            <gpxtpx:hr>153</gpxtpx:hr>
          </gpxtpx:TrackPointExtension>
        </extensions>
      </trkpt>
      <trkpt lat="38.828832977698845" lon="121.50601213774641">
        <ele>2.9611674565821886</ele>
        <time>2024-08-20T13:59:51Z</time>
        <extensions>
          <gpxtpx:TrackPointExtension>
            <gpxtpx:hr>153</gpxtpx:hr>
          </gpxtpx:TrackPointExtension>
        </extensions>
      </trkpt>
      <trkpt lat="38.82884188312019" lon="121.50600794709781">
        <ele>2.9790121046826243</ele>
        <time>2024-08-20T13:59:52Z</time>
        <extensions>
          <gpxtpx:TrackPointExtension>
            <gpxtpx:hr>153</gpxtpx:hr>
          </gpxtpx:TrackPointExtension>
        </extensions>
      </trkpt>
      <trkpt lat="38.82885095919029" lon="121.50600356310619">
        <ele>3.000083020888269</ele>
        <time>2024-08-20T13:59:53Z</time>
        <extensions>
          <gpxtpx:TrackPointExtension>
            <gpxtpx:hr>153</gpxtpx:hr>
          </gpxtpx:TrackPointExtension>
        </extensions>
      </trkpt>
      <trkpt lat="38.828860302010305" lon="121.50599886835313">
        <ele>3.048211752437055</ele>
        <time>2024-08-20T13:59:54Z</time>
        <extensions>
          <gpxtpx:TrackPointExtension>
            <gpxtpx:hr>153</gpxtpx:hr>
          </gpxtpx:TrackPointExtension>
        </extensions>
      </trkpt>
      <trkpt lat="38.82886946677632" lon="121.50599445099415">
        <ele>3.0787472603842616</ele>
        <time>2024-08-20T13:59:55Z</time>
        <extensions>
          <gpxtpx:TrackPointExtension>
            <gpxtpx:hr>151</gpxtpx:hr>
          </gpxtpx:TrackPointExtension>
        </extensions>
      </trkpt>
      <trkpt lat="38.82887858616212" lon="121.50599058677149">
        <ele>3.1008546827360988</ele>
        <time>2024-08-20T13:59:56Z</time>
        <extensions>
          <gpxtpx:TrackPointExtension>
            <gpxtpx:hr>151</gpxtpx:hr>
          </gpxtpx:TrackPointExtension>
        </extensions>
      </trkpt>
      <trkpt lat="38.828887947267" lon="121.50598740470991">
        <ele>3.112561685964465</ele>
        <time>2024-08-20T13:59:57Z</time>
        <extensions>
          <gpxtpx:TrackPointExtension>
            <gpxtpx:hr>151</gpxtpx:hr>
          </gpxtpx:TrackPointExtension>
        </extensions>
      </trkpt>
      <trkpt lat="38.82889766771888" lon="121.50598468193934">
        <ele>3.12085944134742</ele>
        <time>2024-08-20T13:59:58Z</time>
        <extensions>
          <gpxtpx:TrackPointExtension>
            <gpxtpx:hr>148</gpxtpx:hr>
          </gpxtpx:TrackPointExtension>
        </extensions>
      </trkpt>
      <trkpt lat="38.828907552478995" lon="121.50598168936213">
        <ele>3.1118048382923007</ele>
        <time>2024-08-20T13:59:59Z</time>
        <extensions>
          <gpxtpx:TrackPointExtension>
            <gpxtpx:hr>148</gpxtpx:hr>
          </gpxtpx:TrackPointExtension>
        </extensions>
      </trkpt>
      <trkpt lat="38.82891750825497" lon="121.50597818270498">
        <ele>3.127523315139115</ele>
        <time>2024-08-20T14:00:00Z</time>
        <extensions>
          <gpxtpx:TrackPointExtension>
            <gpxtpx:hr>148</gpxtpx:hr>
          </gpxtpx:TrackPointExtension>
        </extensions>
      </trkpt>
      <trkpt lat="38.828927529915745" lon="121.50597450867689">
        <ele>3.152704369276762</ele>
        <time>2024-08-20T14:00:01Z</time>
        <extensions>
          <gpxtpx:TrackPointExtension>
            <gpxtpx:hr>148</gpxtpx:hr>
          </gpxtpx:TrackPointExtension>
        </extensions>
      </trkpt>
      <trkpt lat="38.82893760368725" lon="121.50597085812818">
        <ele>3.180117161013186</ele>
        <time>2024-08-20T14:00:02Z</time>
        <extensions>
          <gpxtpx:TrackPointExtension>
            <gpxtpx:hr>148</gpxtpx:hr>
          </gpxtpx:TrackPointExtension>
        </extensions>
      </trkpt>
      <trkpt lat="38.82894760245936" lon="121.50596764541064">
        <ele>3.196787870489061</ele>
        <time>2024-08-20T14:00:03Z</time>
        <extensions>
          <gpxtpx:TrackPointExtension>
            <gpxtpx:hr>145</gpxtpx:hr>
          </gpxtpx:TrackPointExtension>
        </extensions>
      </trkpt>
      <trkpt lat="38.82895783316489" lon="121.50596611635159">
        <ele>3.218175671994686</ele>
        <time>2024-08-20T14:00:04Z</time>
        <extensions>
          <gpxtpx:TrackPointExtension>
            <gpxtpx:hr>145</gpxtpx:hr>
          </gpxtpx:TrackPointExtension>
        </extensions>
      </trkpt>
      <trkpt lat="38.82896799733992" lon="121.50596635034634">
        <ele>3.230370203964412</ele>
        <time>2024-08-20T14:00:05Z</time>
        <extensions>
          <gpxtpx:TrackPointExtension>
            <gpxtpx:hr>145</gpxtpx:hr>
          </gpxtpx:TrackPointExtension>
        </extensions>
      </trkpt>
      <trkpt lat="38.82897745202123" lon="121.5059671090661">
        <ele>3.2442971812561154</ele>
        <time>2024-08-20T14:00:06Z</time>
        <extensions>
          <gpxtpx:TrackPointExtension>
            <gpxtpx:hr>145</gpxtpx:hr>
          </gpxtpx:TrackPointExtension>
        </extensions>
      </trkpt>
      <trkpt lat="38.828986604833396" lon="121.50596783303118">
        <ele>3.253431432880461</ele>
        <time>2024-08-20T14:00:07Z</time>
        <extensions>
          <gpxtpx:TrackPointExtension>
            <gpxtpx:hr>145</gpxtpx:hr>
          </gpxtpx:TrackPointExtension>
        </extensions>
      </trkpt>
      <trkpt lat="38.828995843448865" lon="121.50596817070516">
        <ele>3.2741390811279416</ele>
        <time>2024-08-20T14:00:08Z</time>
        <extensions>
          <gpxtpx:TrackPointExtension>
            <gpxtpx:hr>145</gpxtpx:hr>
          </gpxtpx:TrackPointExtension>
        </extensions>
      </trkpt>
      <trkpt lat="38.82900523891957" lon="121.50596808188146">
        <ele>3.294097563251853</ele>
        <time>2024-08-20T14:00:09Z</time>
        <extensions>
          <gpxtpx:TrackPointExtension>
            <gpxtpx:hr>145</gpxtpx:hr>
          </gpxtpx:TrackPointExtension>
        </extensions>
      </trkpt>
      <trkpt lat="38.82901486461627" lon="121.5059675964149">
        <ele>3.301024173386395</ele>
        <time>2024-08-20T14:00:10Z</time>
        <extensions>
          <gpxtpx:TrackPointExtension>
            <gpxtpx:hr>145</gpxtpx:hr>
          </gpxtpx:TrackPointExtension>
        </extensions>
      </trkpt>
      <trkpt lat="38.82902452436756" lon="121.50596652662276">
        <ele>3.3132359087467194</ele>
        <time>2024-08-20T14:00:11Z</time>
        <extensions>
          <gpxtpx:TrackPointExtension>
            <gpxtpx:hr>140</gpxtpx:hr>
          </gpxtpx:TrackPointExtension>
        </extensions>
      </trkpt>
      <trkpt lat="38.82903354302301" lon="121.50596490126267">
        <ele>3.3280698945745826</ele>
        <time>2024-08-20T14:00:12Z</time>
        <extensions>
          <gpxtpx:TrackPointExtension>
            <gpxtpx:hr>140</gpxtpx:hr>
          </gpxtpx:TrackPointExtension>
        </extensions>
      </trkpt>
      <trkpt lat="38.829042335263765" lon="121.50596287233594">
        <ele>3.332863881252706</ele>
        <time>2024-08-20T14:00:13Z</time>
        <extensions>
          <gpxtpx:TrackPointExtension>
            <gpxtpx:hr>140</gpxtpx:hr>
          </gpxtpx:TrackPointExtension>
        </extensions>
      </trkpt>
      <trkpt lat="38.82905170338401" lon="121.50596090034578">
        <ele>3.332786712795496</ele>
        <time>2024-08-20T14:00:14Z</time>
        <extensions>
          <gpxtpx:TrackPointExtension>
            <gpxtpx:hr>140</gpxtpx:hr>
          </gpxtpx:TrackPointExtension>
        </extensions>
      </trkpt>
      <trkpt lat="38.82906132750413" lon="121.505959847897">
        <ele>3.3287155851721764</ele>
        <time>2024-08-20T14:00:15Z</time>
        <extensions>
          <gpxtpx:TrackPointExtension>
            <gpxtpx:hr>140</gpxtpx:hr>
          </gpxtpx:TrackPointExtension>
        </extensions>
      </trkpt>
      <trkpt lat="38.82907068562011" lon="121.50595998646">
        <ele>3.3154254034161568</ele>
        <time>2024-08-20T14:00:16Z</time>
        <extensions>
          <gpxtpx:TrackPointExtension>
            <gpxtpx:hr>140</gpxtpx:hr>
          </gpxtpx:TrackPointExtension>
        </extensions>
      </trkpt>
      <trkpt lat="38.82908025386994" lon="121.50596116710157">
        <ele>3.303296464495361</ele>
        <time>2024-08-20T14:00:17Z</time>
        <extensions>
          <gpxtpx:TrackPointExtension>
            <gpxtpx:hr>140</gpxtpx:hr>
          </gpxtpx:TrackPointExtension>
        </extensions>
      </trkpt>
      <trkpt lat="38.8290903574485" lon="121.50596306279593">
        <ele>3.28092198073864</ele>
        <time>2024-08-20T14:00:18Z</time>
        <extensions>
          <gpxtpx:TrackPointExtension>
            <gpxtpx:hr>140</gpxtpx:hr>
          </gpxtpx:TrackPointExtension>
        </extensions>
      </trkpt>
      <trkpt lat="38.829100460969165" lon="121.50596516288925">
        <ele>3.258265317417681</ele>
        <time>2024-08-20T14:00:19Z</time>
        <extensions>
          <gpxtpx:TrackPointExtension>
            <gpxtpx:hr>136</gpxtpx:hr>
          </gpxtpx:TrackPointExtension>
        </extensions>
      </trkpt>
      <trkpt lat="38.82911020969309" lon="121.505967002408">
        <ele>3.2267053546383977</ele>
        <time>2024-08-20T14:00:20Z</time>
        <extensions>
          <gpxtpx:TrackPointExtension>
            <gpxtpx:hr>136</gpxtpx:hr>
          </gpxtpx:TrackPointExtension>
        </extensions>
      </trkpt>
      <trkpt lat="38.829119692773055" lon="121.50596848654295">
        <ele>3.189289561472833</ele>
        <time>2024-08-20T14:00:21Z</time>
        <extensions>
          <gpxtpx:TrackPointExtension>
            <gpxtpx:hr>136</gpxtpx:hr>
          </gpxtpx:TrackPointExtension>
        </extensions>
      </trkpt>
      <trkpt lat="38.8291290748874" lon="121.50597001645947">
        <ele>3.1493268134072423</ele>
        <time>2024-08-20T14:00:22Z</time>
        <extensions>
          <gpxtpx:TrackPointExtension>
            <gpxtpx:hr>136</gpxtpx:hr>
          </gpxtpx:TrackPointExtension>
        </extensions>
      </trkpt>
      <trkpt lat="38.8291385987386" lon="121.50597205435687">
        <ele>3.1046735560521483</ele>
        <time>2024-08-20T14:00:23Z</time>
        <extensions>
          <gpxtpx:TrackPointExtension>
            <gpxtpx:hr>136</gpxtpx:hr>
          </gpxtpx:TrackPointExtension>
        </extensions>
      </trkpt>
      <trkpt lat="38.82914829455769" lon="121.50597483155447">
        <ele>3.0568757141008973</ele>
        <time>2024-08-20T14:00:24Z</time>
        <extensions>
          <gpxtpx:TrackPointExtension>
            <gpxtpx:hr>134</gpxtpx:hr>
          </gpxtpx:TrackPointExtension>
        </extensions>
      </trkpt>
      <trkpt lat="38.829157848192565" lon="121.50597829509205">
        <ele>3.007334771566093</ele>
        <time>2024-08-20T14:00:25Z</time>
        <extensions>
          <gpxtpx:TrackPointExtension>
            <gpxtpx:hr>134</gpxtpx:hr>
          </gpxtpx:TrackPointExtension>
        </extensions>
      </trkpt>
      <trkpt lat="38.82916708421559" lon="121.50598223251119">
        <ele>2.9544544527307153</ele>
        <time>2024-08-20T14:00:26Z</time>
        <extensions>
          <gpxtpx:TrackPointExtension>
            <gpxtpx:hr>134</gpxtpx:hr>
          </gpxtpx:TrackPointExtension>
        </extensions>
      </trkpt>
      <trkpt lat="38.829175738680384" lon="121.50598631826824">
        <ele>2.901073136366904</ele>
        <time>2024-08-20T14:00:27Z</time>
        <extensions>
          <gpxtpx:TrackPointExtension>
            <gpxtpx:hr>134</gpxtpx:hr>
          </gpxtpx:TrackPointExtension>
        </extensions>
      </trkpt>
      <trkpt lat="38.829184233322174" lon="121.5059903973411">
        <ele>2.847491219639778</ele>
        <time>2024-08-20T14:00:28Z</time>
        <extensions>
          <gpxtpx:TrackPointExtension>
            <gpxtpx:hr>134</gpxtpx:hr>
          </gpxtpx:TrackPointExtension>
        </extensions>
      </trkpt>
      <trkpt lat="38.829193100365636" lon="121.50599461305212">
        <ele>2.7977811843156815</ele>
        <time>2024-08-20T14:00:29Z</time>
        <extensions>
          <gpxtpx:TrackPointExtension>
            <gpxtpx:hr>134</gpxtpx:hr>
          </gpxtpx:TrackPointExtension>
        </extensions>
      </trkpt>
      <trkpt lat="38.829201978942656" lon="121.50599913463793">
        <ele>2.745495486073196</ele>
        <time>2024-08-20T14:00:30Z</time>
        <extensions>
          <gpxtpx:TrackPointExtension>
            <gpxtpx:hr>131</gpxtpx:hr>
          </gpxtpx:TrackPointExtension>
        </extensions>
      </trkpt>
      <trkpt lat="38.82921071236003" lon="121.50600391081399">
        <ele>2.6953137824311852</ele>
        <time>2024-08-20T14:00:31Z</time>
        <extensions>
          <gpxtpx:TrackPointExtension>
            <gpxtpx:hr>131</gpxtpx:hr>
          </gpxtpx:TrackPointExtension>
        </extensions>
      </trkpt>
      <trkpt lat="38.8292192628953" lon="121.50600896766592">
        <ele>2.6532070925459266</ele>
        <time>2024-08-20T14:00:32Z</time>
        <extensions>
          <gpxtpx:TrackPointExtension>
            <gpxtpx:hr>131</gpxtpx:hr>
          </gpxtpx:TrackPointExtension>
        </extensions>
      </trkpt>
      <trkpt lat="38.82922758614702" lon="121.50601467486364">
        <ele>2.612614438869059</ele>
        <time>2024-08-20T14:00:33Z</time>
        <extensions>
          <gpxtpx:TrackPointExtension>
            <gpxtpx:hr>131</gpxtpx:hr>
          </gpxtpx:TrackPointExtension>
        </extensions>
      </trkpt>
      <trkpt lat="38.82923571934511" lon="121.50602105876402">
        <ele>2.576595268212259</ele>
        <time>2024-08-20T14:00:34Z</time>
        <extensions>
          <gpxtpx:TrackPointExtension>
            <gpxtpx:hr>131</gpxtpx:hr>
          </gpxtpx:TrackPointExtension>
        </extensions>
      </trkpt>
      <trkpt lat="38.829243550321394" lon="121.50602758745468">
        <ele>2.5536065408959985</ele>
        <time>2024-08-20T14:00:35Z</time>
        <extensions>
          <gpxtpx:TrackPointExtension>
            <gpxtpx:hr>131</gpxtpx:hr>
          </gpxtpx:TrackPointExtension>
        </extensions>
      </trkpt>
      <trkpt lat="38.82925120828675" lon="121.50603378369779">
        <ele>2.5325890155509114</ele>
        <time>2024-08-20T14:00:36Z</time>
        <extensions>
          <gpxtpx:TrackPointExtension>
            <gpxtpx:hr>131</gpxtpx:hr>
          </gpxtpx:TrackPointExtension>
        </extensions>
      </trkpt>
      <trkpt lat="38.82925909867243" lon="121.5060395268074">
        <ele>2.5146000450477004</ele>
        <time>2024-08-20T14:00:37Z</time>
        <extensions>
          <gpxtpx:TrackPointExtension>
            <gpxtpx:hr>131</gpxtpx:hr>
          </gpxtpx:TrackPointExtension>
        </extensions>
      </trkpt>
      <trkpt lat="38.82926736971448" lon="121.5060448568454">
        <ele>2.5009241085499525</ele>
        <time>2024-08-20T14:00:38Z</time>
        <extensions>
          <gpxtpx:TrackPointExtension>
            <gpxtpx:hr>131</gpxtpx:hr>
          </gpxtpx:TrackPointExtension>
        </extensions>
      </trkpt>
      <trkpt lat="38.82927602380619" lon="121.5060496884704">
        <ele>2.4958721809089184</ele>
        <time>2024-08-20T14:00:39Z</time>
        <extensions>
          <gpxtpx:TrackPointExtension>
            <gpxtpx:hr>131</gpxtpx:hr>
          </gpxtpx:TrackPointExtension>
        </extensions>
      </trkpt>
      <trkpt lat="38.82928479600504" lon="121.5060540219551">
        <ele>2.5014381064102054</ele>
        <time>2024-08-20T14:00:40Z</time>
        <extensions>
          <gpxtpx:TrackPointExtension>
            <gpxtpx:hr>131</gpxtpx:hr>
          </gpxtpx:TrackPointExtension>
        </extensions>
      </trkpt>
      <trkpt lat="38.82929334784062" lon="121.50605807419188">
        <ele>2.5136250434443355</ele>
        <time>2024-08-20T14:00:41Z</time>
        <extensions>
          <gpxtpx:TrackPointExtension>
            <gpxtpx:hr>130</gpxtpx:hr>
          </gpxtpx:TrackPointExtension>
        </extensions>
      </trkpt>
      <trkpt lat="38.829301912580064" lon="121.5060622599379">
        <ele>2.530367058701813</ele>
        <time>2024-08-20T14:00:42Z</time>
        <extensions>
          <gpxtpx:TrackPointExtension>
            <gpxtpx:hr>130</gpxtpx:hr>
          </gpxtpx:TrackPointExtension>
        </extensions>
      </trkpt>
      <trkpt lat="38.829310551115555" lon="121.50606691579085">
        <ele>2.5382862938567996</ele>
        <time>2024-08-20T14:00:43Z</time>
        <extensions>
          <gpxtpx:TrackPointExtension>
            <gpxtpx:hr>130</gpxtpx:hr>
          </gpxtpx:TrackPointExtension>
        </extensions>
      </trkpt>
      <trkpt lat="38.829319095267685" lon="121.50607198126384">
        <ele>2.5585638750344515</ele>
        <time>2024-08-20T14:00:44Z</time>
        <extensions>
          <gpxtpx:TrackPointExtension>
            <gpxtpx:hr>130</gpxtpx:hr>
          </gpxtpx:TrackPointExtension>
        </extensions>
      </trkpt>
      <trkpt lat="38.82932735704389" lon="121.50607708974738">
        <ele>2.5849516931921244</ele>
        <time>2024-08-20T14:00:45Z</time>
        <extensions>
          <gpxtpx:TrackPointExtension>
            <gpxtpx:hr>130</gpxtpx:hr>
          </gpxtpx:TrackPointExtension>
        </extensions>
      </trkpt>
      <trkpt lat="38.829335461873086" lon="121.50608220083437">
        <ele>2.615833799354732</ele>
        <time>2024-08-20T14:00:46Z</time>
        <extensions>
          <gpxtpx:TrackPointExtension>
            <gpxtpx:hr>130</gpxtpx:hr>
          </gpxtpx:TrackPointExtension>
        </extensions>
      </trkpt>
      <trkpt lat="38.82934388415087" lon="121.50608768212003">
        <ele>2.6427089935168624</ele>
        <time>2024-08-20T14:00:47Z</time>
        <extensions>
          <gpxtpx:TrackPointExtension>
            <gpxtpx:hr>130</gpxtpx:hr>
          </gpxtpx:TrackPointExtension>
        </extensions>
      </trkpt>
      <trkpt lat="38.82935266188259" lon="121.5060936489088">
        <ele>2.66366508230567</ele>
        <time>2024-08-20T14:00:48Z</time>
        <extensions>
          <gpxtpx:TrackPointExtension>
            <gpxtpx:hr>130</gpxtpx:hr>
          </gpxtpx:TrackPointExtension>
        </extensions>
      </trkpt>
      <trkpt lat="38.8293616326215" lon="121.50610001532208">
        <ele>2.682652006857097</ele>
        <time>2024-08-20T14:00:49Z</time>
        <extensions>
          <gpxtpx:TrackPointExtension>
            <gpxtpx:hr>130</gpxtpx:hr>
          </gpxtpx:TrackPointExtension>
        </extensions>
      </trkpt>
      <trkpt lat="38.82937057601359" lon="121.5061068705287">
        <ele>2.700944198295474</ele>
        <time>2024-08-20T14:00:50Z</time>
        <extensions>
          <gpxtpx:TrackPointExtension>
            <gpxtpx:hr>130</gpxtpx:hr>
          </gpxtpx:TrackPointExtension>
        </extensions>
      </trkpt>
      <trkpt lat="38.82937931711824" lon="121.50611430289275">
        <ele>2.69318859372288</ele>
        <time>2024-08-20T14:00:51Z</time>
        <extensions>
          <gpxtpx:TrackPointExtension>
            <gpxtpx:hr>130</gpxtpx:hr>
          </gpxtpx:TrackPointExtension>
        </extensions>
      </trkpt>
      <trkpt lat="38.829387679831335" lon="121.50612189368202">
        <ele>2.6832781275734305</ele>
        <time>2024-08-20T14:00:52Z</time>
        <extensions>
          <gpxtpx:TrackPointExtension>
            <gpxtpx:hr>130</gpxtpx:hr>
          </gpxtpx:TrackPointExtension>
        </extensions>
      </trkpt>
      <trkpt lat="38.829395624913026" lon="121.50612917184556">
        <ele>2.6698572654277086</ele>
        <time>2024-08-20T14:00:53Z</time>
        <extensions>
          <gpxtpx:TrackPointExtension>
            <gpxtpx:hr>128</gpxtpx:hr>
          </gpxtpx:TrackPointExtension>
        </extensions>
      </trkpt>
      <trkpt lat="38.82940359023385" lon="121.50613612061363">
        <ele>2.6587694361805916</ele>
        <time>2024-08-20T14:00:54Z</time>
        <extensions>
          <gpxtpx:TrackPointExtension>
            <gpxtpx:hr>128</gpxtpx:hr>
          </gpxtpx:TrackPointExtension>
        </extensions>
      </trkpt>
      <trkpt lat="38.8294119580091" lon="121.50614330268645">
        <ele>2.6438262267038226</ele>
        <time>2024-08-20T14:00:55Z</time>
        <extensions>
          <gpxtpx:TrackPointExtension>
            <gpxtpx:hr>128</gpxtpx:hr>
          </gpxtpx:TrackPointExtension>
        </extensions>
      </trkpt>
      <trkpt lat="38.82942022901737" lon="121.5061509894867">
        <ele>2.622151842340827</ele>
        <time>2024-08-20T14:00:56Z</time>
        <extensions>
          <gpxtpx:TrackPointExtension>
            <gpxtpx:hr>128</gpxtpx:hr>
          </gpxtpx:TrackPointExtension>
        </extensions>
      </trkpt>
      <trkpt lat="38.82942794989074" lon="121.50615918071324">
        <ele>2.604538965970278</ele>
        <time>2024-08-20T14:00:57Z</time>
        <extensions>
          <gpxtpx:TrackPointExtension>
            <gpxtpx:hr>128</gpxtpx:hr>
          </gpxtpx:TrackPointExtension>
        </extensions>
      </trkpt>
      <trkpt lat="38.82943543475703" lon="121.5061678515098">
        <ele>2.587653103284538</ele>
        <time>2024-08-20T14:00:58Z</time>
        <extensions>
          <gpxtpx:TrackPointExtension>
            <gpxtpx:hr>128</gpxtpx:hr>
          </gpxtpx:TrackPointExtension>
        </extensions>
      </trkpt>
      <trkpt lat="38.829443153324384" lon="121.50617674692923">
        <ele>2.5647576171904802</ele>
        <time>2024-08-20T14:00:59Z</time>
        <extensions>
          <gpxtpx:TrackPointExtension>
            <gpxtpx:hr>128</gpxtpx:hr>
          </gpxtpx:TrackPointExtension>
        </extensions>
      </trkpt>
      <trkpt lat="38.82945130589" lon="121.50618608720833">
        <ele>2.5402957145124674</ele>
        <time>2024-08-20T14:01:00Z</time>
        <extensions>
          <gpxtpx:TrackPointExtension>
            <gpxtpx:hr>128</gpxtpx:hr>
          </gpxtpx:TrackPointExtension>
        </extensions>
      </trkpt>
      <trkpt lat="38.829459928112676" lon="121.50619681470933">
        <ele>2.5194585621356964</ele>
        <time>2024-08-20T14:01:01Z</time>
        <extensions>
          <gpxtpx:TrackPointExtension>
            <gpxtpx:hr>128</gpxtpx:hr>
          </gpxtpx:TrackPointExtension>
        </extensions>
      </trkpt>
      <trkpt lat="38.8294695875898" lon="121.50620990391005">
        <ele>2.498435982502997</ele>
        <time>2024-08-20T14:01:02Z</time>
        <extensions>
          <gpxtpx:TrackPointExtension>
            <gpxtpx:hr>128</gpxtpx:hr>
          </gpxtpx:TrackPointExtension>
        </extensions>
      </trkpt>
      <trkpt lat="38.82948133766207" lon="121.50622603168823">
        <ele>2.4820754202082753</ele>
        <time>2024-08-20T14:01:03Z</time>
        <extensions>
          <gpxtpx:TrackPointExtension>
            <gpxtpx:hr>128</gpxtpx:hr>
          </gpxtpx:TrackPointExtension>
        </extensions>
      </trkpt>
      <trkpt lat="38.82949488135978" lon="121.50624452601039">
        <ele>2.484424278140068</ele>
        <time>2024-08-20T14:01:04Z</time>
        <extensions>
          <gpxtpx:TrackPointExtension>
            <gpxtpx:hr>128</gpxtpx:hr>
          </gpxtpx:TrackPointExtension>
        </extensions>
      </trkpt>
      <trkpt lat="38.82950762987527" lon="121.50626066792111">
        <ele>2.494066442362964</ele>
        <time>2024-08-20T14:01:05Z</time>
        <extensions>
          <gpxtpx:TrackPointExtension>
            <gpxtpx:hr>128</gpxtpx:hr>
          </gpxtpx:TrackPointExtension>
        </extensions>
      </trkpt>
      <trkpt lat="38.82951884614676" lon="121.50627369731201">
        <ele>2.5053362362086773</ele>
        <time>2024-08-20T14:01:06Z</time>
        <extensions>
          <gpxtpx:TrackPointExtension>
            <gpxtpx:hr>128</gpxtpx:hr>
          </gpxtpx:TrackPointExtension>
        </extensions>
      </trkpt>
      <trkpt lat="38.82953132088484" lon="121.50628764331762">
        <ele>2.5234731044620275</ele>
        <time>2024-08-20T14:01:07Z</time>
        <extensions>
          <gpxtpx:TrackPointExtension>
            <gpxtpx:hr>131</gpxtpx:hr>
          </gpxtpx:TrackPointExtension>
        </extensions>
      </trkpt>
      <trkpt lat="38.82954525845642" lon="121.50630259982965">
        <ele>2.5351421497762203</ele>
        <time>2024-08-20T14:01:08Z</time>
        <extensions>
          <gpxtpx:TrackPointExtension>
            <gpxtpx:hr>131</gpxtpx:hr>
          </gpxtpx:TrackPointExtension>
        </extensions>
      </trkpt>
      <trkpt lat="38.82955905315887" lon="121.5063171966278">
        <ele>2.542185392230749</ele>
        <time>2024-08-20T14:01:09Z</time>
        <extensions>
          <gpxtpx:TrackPointExtension>
            <gpxtpx:hr>131</gpxtpx:hr>
          </gpxtpx:TrackPointExtension>
        </extensions>
      </trkpt>
      <trkpt lat="38.829572609655024" lon="121.50633107014357">
        <ele>2.5614020181819797</ele>
        <time>2024-08-20T14:01:10Z</time>
        <extensions>
          <gpxtpx:TrackPointExtension>
            <gpxtpx:hr>131</gpxtpx:hr>
          </gpxtpx:TrackPointExtension>
        </extensions>
      </trkpt>
      <trkpt lat="38.82958617050093" lon="121.50634472563188">
        <ele>2.5868669701740146</ele>
        <time>2024-08-20T14:01:11Z</time>
        <extensions>
          <gpxtpx:TrackPointExtension>
            <gpxtpx:hr>131</gpxtpx:hr>
          </gpxtpx:TrackPointExtension>
        </extensions>
      </trkpt>
      <trkpt lat="38.829599907048234" lon="121.50635884631764">
        <ele>2.612535296007991</ele>
        <time>2024-08-20T14:01:12Z</time>
        <extensions>
          <gpxtpx:TrackPointExtension>
            <gpxtpx:hr>131</gpxtpx:hr>
          </gpxtpx:TrackPointExtension>
        </extensions>
      </trkpt>
      <trkpt lat="38.829613961525396" lon="121.5063726127023">
        <ele>2.6376544879749417</ele>
        <time>2024-08-20T14:01:13Z</time>
        <extensions>
          <gpxtpx:TrackPointExtension>
            <gpxtpx:hr>135</gpxtpx:hr>
          </gpxtpx:TrackPointExtension>
        </extensions>
      </trkpt>
      <trkpt lat="38.82962783632887" lon="121.50638544218148">
        <ele>2.6734591852873564</ele>
        <time>2024-08-20T14:01:14Z</time>
        <extensions>
          <gpxtpx:TrackPointExtension>
            <gpxtpx:hr>135</gpxtpx:hr>
          </gpxtpx:TrackPointExtension>
        </extensions>
      </trkpt>
      <trkpt lat="38.82964166721805" lon="121.50639791255932">
        <ele>2.6997384056448936</ele>
        <time>2024-08-20T14:01:15Z</time>
        <extensions>
          <gpxtpx:TrackPointExtension>
            <gpxtpx:hr>135</gpxtpx:hr>
          </gpxtpx:TrackPointExtension>
        </extensions>
      </trkpt>
      <trkpt lat="38.82965626472467" lon="121.50641032831759">
        <ele>2.7225101636722684</ele>
        <time>2024-08-20T14:01:16Z</time>
        <extensions>
          <gpxtpx:TrackPointExtension>
            <gpxtpx:hr>135</gpxtpx:hr>
          </gpxtpx:TrackPointExtension>
        </extensions>
      </trkpt>
      <trkpt lat="38.82967178134794" lon="121.50642293053997">
        <ele>2.7566664665937424</ele>
        <time>2024-08-20T14:01:17Z</time>
        <extensions>
          <gpxtpx:TrackPointExtension>
            <gpxtpx:hr>135</gpxtpx:hr>
          </gpxtpx:TrackPointExtension>
        </extensions>
      </trkpt>
      <trkpt lat="38.82969079354422" lon="121.50643802140196">
        <ele>2.7720848293974996</ele>
        <time>2024-08-20T14:01:18Z</time>
        <extensions>
          <gpxtpx:TrackPointExtension>
            <gpxtpx:hr>135</gpxtpx:hr>
          </gpxtpx:TrackPointExtension>
        </extensions>
      </trkpt>
      <trkpt lat="38.829713787855425" lon="121.50645616858901">
        <ele>2.790348207578063</ele>
        <time>2024-08-20T14:01:19Z</time>
        <extensions>
          <gpxtpx:TrackPointExtension>
            <gpxtpx:hr>140</gpxtpx:hr>
          </gpxtpx:TrackPointExtension>
        </extensions>
      </trkpt>
      <trkpt lat="38.829737243361535" lon="121.50647533997933">
        <ele>2.7986523285508156</ele>
        <time>2024-08-20T14:01:20Z</time>
        <extensions>
          <gpxtpx:TrackPointExtension>
            <gpxtpx:hr>140</gpxtpx:hr>
          </gpxtpx:TrackPointExtension>
        </extensions>
      </trkpt>
      <trkpt lat="38.82975934859708" lon="121.50649394089251">
        <ele>2.783877865411341</ele>
        <time>2024-08-20T14:01:21Z</time>
        <extensions>
          <gpxtpx:TrackPointExtension>
            <gpxtpx:hr>140</gpxtpx:hr>
          </gpxtpx:TrackPointExtension>
        </extensions>
      </trkpt>
      <trkpt lat="38.829780214562675" lon="121.50651071029729">
        <ele>2.769173191860318</ele>
        <time>2024-08-20T14:01:22Z</time>
        <extensions>
          <gpxtpx:TrackPointExtension>
            <gpxtpx:hr>140</gpxtpx:hr>
          </gpxtpx:TrackPointExtension>
        </extensions>
      </trkpt>
      <trkpt lat="38.829800945209925" lon="121.50652528006965">
        <ele>2.770197338424623</ele>
        <time>2024-08-20T14:01:23Z</time>
        <extensions>
          <gpxtpx:TrackPointExtension>
            <gpxtpx:hr>140</gpxtpx:hr>
          </gpxtpx:TrackPointExtension>
        </extensions>
      </trkpt>
      <trkpt lat="38.82982132546777" lon="121.50653867977124">
        <ele>2.7544377762824297</ele>
        <time>2024-08-20T14:01:24Z</time>
        <extensions>
          <gpxtpx:TrackPointExtension>
            <gpxtpx:hr>140</gpxtpx:hr>
          </gpxtpx:TrackPointExtension>
        </extensions>
      </trkpt>
      <trkpt lat="38.829840458525965" lon="121.50655185824417">
        <ele>2.742374310269952</ele>
        <time>2024-08-20T14:01:25Z</time>
        <extensions>
          <gpxtpx:TrackPointExtension>
            <gpxtpx:hr>144</gpxtpx:hr>
          </gpxtpx:TrackPointExtension>
        </extensions>
      </trkpt>
      <trkpt lat="38.82985869947797" lon="121.50656513261319">
        <ele>2.7328867306932807</ele>
        <time>2024-08-20T14:01:26Z</time>
        <extensions>
          <gpxtpx:TrackPointExtension>
            <gpxtpx:hr>144</gpxtpx:hr>
          </gpxtpx:TrackPointExtension>
        </extensions>
      </trkpt>
      <trkpt lat="38.82987700946838" lon="121.50657840026663">
        <ele>2.716243398375809</ele>
        <time>2024-08-20T14:01:27Z</time>
        <extensions>
          <gpxtpx:TrackPointExtension>
            <gpxtpx:hr>144</gpxtpx:hr>
          </gpxtpx:TrackPointExtension>
        </extensions>
      </trkpt>
      <trkpt lat="38.829895557745125" lon="121.50659114526161">
        <ele>2.697754926979542</ele>
        <time>2024-08-20T14:01:28Z</time>
        <extensions>
          <gpxtpx:TrackPointExtension>
            <gpxtpx:hr>144</gpxtpx:hr>
          </gpxtpx:TrackPointExtension>
        </extensions>
      </trkpt>
      <trkpt lat="38.82991389537905" lon="121.50660396387967">
        <ele>2.6802032506093383</ele>
        <time>2024-08-20T14:01:29Z</time>
        <extensions>
          <gpxtpx:TrackPointExtension>
            <gpxtpx:hr>144</gpxtpx:hr>
          </gpxtpx:TrackPointExtension>
        </extensions>
      </trkpt>
      <trkpt lat="38.82993216726555" lon="121.50661702540071">
        <ele>2.6418610913679004</ele>
        <time>2024-08-20T14:01:30Z</time>
        <extensions>
          <gpxtpx:TrackPointExtension>
            <gpxtpx:hr>146</gpxtpx:hr>
          </gpxtpx:TrackPointExtension>
        </extensions>
      </trkpt>
      <trkpt lat="38.829950593378356" lon="121.50662945379635">
        <ele>2.592636532150209</ele>
        <time>2024-08-20T14:01:31Z</time>
        <extensions>
          <gpxtpx:TrackPointExtension>
            <gpxtpx:hr>146</gpxtpx:hr>
          </gpxtpx:TrackPointExtension>
        </extensions>
      </trkpt>
      <trkpt lat="38.82996880755706" lon="121.50664127503353">
        <ele>2.5388662237674</ele>
        <time>2024-08-20T14:01:32Z</time>
        <extensions>
          <gpxtpx:TrackPointExtension>
            <gpxtpx:hr>146</gpxtpx:hr>
          </gpxtpx:TrackPointExtension>
        </extensions>
      </trkpt>
      <trkpt lat="38.82998673932638" lon="121.50665296099181">
        <ele>2.492350763641298</ele>
        <time>2024-08-20T14:01:33Z</time>
        <extensions>
          <gpxtpx:TrackPointExtension>
            <gpxtpx:hr>146</gpxtpx:hr>
          </gpxtpx:TrackPointExtension>
        </extensions>
      </trkpt>
      <trkpt lat="38.83000500184947" lon="121.50666368181082">
        <ele>2.4438478341326118</ele>
        <time>2024-08-20T14:01:34Z</time>
        <extensions>
          <gpxtpx:TrackPointExtension>
            <gpxtpx:hr>146</gpxtpx:hr>
          </gpxtpx:TrackPointExtension>
        </extensions>
      </trkpt>
      <trkpt lat="38.83002368013564" lon="121.50667254817608">
        <ele>2.3949828166514635</ele>
        <time>2024-08-20T14:01:35Z</time>
        <extensions>
          <gpxtpx:TrackPointExtension>
            <gpxtpx:hr>148</gpxtpx:hr>
          </gpxtpx:TrackPointExtension>
        </extensions>
      </trkpt>
      <trkpt lat="38.83004229039455" lon="121.50668026821938">
        <ele>2.34412560146302</ele>
        <time>2024-08-20T14:01:36Z</time>
        <extensions>
          <gpxtpx:TrackPointExtension>
            <gpxtpx:hr>148</gpxtpx:hr>
          </gpxtpx:TrackPointExtension>
        </extensions>
      </trkpt>
      <trkpt lat="38.830060876083074" lon="121.50668826623878">
        <ele>2.296500979922712</ele>
        <time>2024-08-20T14:01:37Z</time>
        <extensions>
          <gpxtpx:TrackPointExtension>
            <gpxtpx:hr>148</gpxtpx:hr>
          </gpxtpx:TrackPointExtension>
        </extensions>
      </trkpt>
      <trkpt lat="38.83007944131108" lon="121.5066966360757">
        <ele>2.2596849808469415</ele>
        <time>2024-08-20T14:01:38Z</time>
        <extensions>
          <gpxtpx:TrackPointExtension>
            <gpxtpx:hr>148</gpxtpx:hr>
          </gpxtpx:TrackPointExtension>
        </extensions>
      </trkpt>
      <trkpt lat="38.830097722273635" lon="121.5067058660225">
        <ele>2.2263704696670175</ele>
        <time>2024-08-20T14:01:39Z</time>
        <extensions>
          <gpxtpx:TrackPointExtension>
            <gpxtpx:hr>148</gpxtpx:hr>
          </gpxtpx:TrackPointExtension>
        </extensions>
      </trkpt>
      <trkpt lat="38.83011551136035" lon="121.50671761696024">
        <ele>2.201305728405714</ele>
        <time>2024-08-20T14:01:40Z</time>
        <extensions>
          <gpxtpx:TrackPointExtension>
            <gpxtpx:hr>147</gpxtpx:hr>
          </gpxtpx:TrackPointExtension>
        </extensions>
      </trkpt>
      <trkpt lat="38.83013260773405" lon="121.50673218089783">
        <ele>2.191516383551061</ele>
        <time>2024-08-20T14:01:41Z</time>
        <extensions>
          <gpxtpx:TrackPointExtension>
            <gpxtpx:hr>147</gpxtpx:hr>
          </gpxtpx:TrackPointExtension>
        </extensions>
      </trkpt>
      <trkpt lat="38.83014879012335" lon="121.50674836616588">
        <ele>2.1955042090266943</ele>
        <time>2024-08-20T14:01:42Z</time>
        <extensions>
          <gpxtpx:TrackPointExtension>
            <gpxtpx:hr>147</gpxtpx:hr>
          </gpxtpx:TrackPointExtension>
        </extensions>
      </trkpt>
      <trkpt lat="38.83016452288473" lon="121.50676532013708">
        <ele>2.2018410796299577</ele>
        <time>2024-08-20T14:01:43Z</time>
        <extensions>
          <gpxtpx:TrackPointExtension>
            <gpxtpx:hr>147</gpxtpx:hr>
          </gpxtpx:TrackPointExtension>
        </extensions>
      </trkpt>
      <trkpt lat="38.83017997168606" lon="121.50678374172296">
        <ele>2.2242937050759792</ele>
        <time>2024-08-20T14:01:44Z</time>
        <extensions>
          <gpxtpx:TrackPointExtension>
            <gpxtpx:hr>147</gpxtpx:hr>
          </gpxtpx:TrackPointExtension>
        </extensions>
      </trkpt>
      <trkpt lat="38.83019461096387" lon="121.50680356897857">
        <ele>2.2561901854351163</ele>
        <time>2024-08-20T14:01:45Z</time>
        <extensions>
          <gpxtpx:TrackPointExtension>
            <gpxtpx:hr>149</gpxtpx:hr>
          </gpxtpx:TrackPointExtension>
        </extensions>
      </trkpt>
      <trkpt lat="38.83020781962461" lon="121.50682481373562">
        <ele>2.28616467025131</ele>
        <time>2024-08-20T14:01:46Z</time>
        <extensions>
          <gpxtpx:TrackPointExtension>
            <gpxtpx:hr>149</gpxtpx:hr>
          </gpxtpx:TrackPointExtension>
        </extensions>
      </trkpt>
      <trkpt lat="38.83021982131936" lon="121.50684837079997">
        <ele>2.3262711130082607</ele>
        <time>2024-08-20T14:01:47Z</time>
        <extensions>
          <gpxtpx:TrackPointExtension>
            <gpxtpx:hr>149</gpxtpx:hr>
          </gpxtpx:TrackPointExtension>
        </extensions>
      </trkpt>
      <trkpt lat="38.83023075648238" lon="121.50687355808088">
        <ele>2.3948360001668334</ele>
        <time>2024-08-20T14:01:48Z</time>
        <extensions>
          <gpxtpx:TrackPointExtension>
            <gpxtpx:hr>149</gpxtpx:hr>
          </gpxtpx:TrackPointExtension>
        </extensions>
      </trkpt>
      <trkpt lat="38.830240740494176" lon="121.5068983822492">
        <ele>2.4544540056958795</ele>
        <time>2024-08-20T14:01:49Z</time>
        <extensions>
          <gpxtpx:TrackPointExtension>
            <gpxtpx:hr>150</gpxtpx:hr>
          </gpxtpx:TrackPointExtension>
        </extensions>
      </trkpt>
      <trkpt lat="38.830250207206596" lon="121.50692257239102">
        <ele>2.519276110455394</ele>
        <time>2024-08-20T14:01:50Z</time>
        <extensions>
          <gpxtpx:TrackPointExtension>
            <gpxtpx:hr>150</gpxtpx:hr>
          </gpxtpx:TrackPointExtension>
        </extensions>
      </trkpt>
      <trkpt lat="38.83025961191049" lon="121.50694742290601">
        <ele>2.5801023738458753</ele>
        <time>2024-08-20T14:01:51Z</time>
        <extensions>
          <gpxtpx:TrackPointExtension>
            <gpxtpx:hr>150</gpxtpx:hr>
          </gpxtpx:TrackPointExtension>
        </extensions>
      </trkpt>
      <trkpt lat="38.83026877128859" lon="121.50697338226196">
        <ele>2.634307984262705</ele>
        <time>2024-08-20T14:01:52Z</time>
        <extensions>
          <gpxtpx:TrackPointExtension>
            <gpxtpx:hr>150</gpxtpx:hr>
          </gpxtpx:TrackPointExtension>
        </extensions>
      </trkpt>
      <trkpt lat="38.83027742393889" lon="121.50699973894778">
        <ele>2.708824520930648</ele>
        <time>2024-08-20T14:01:53Z</time>
        <extensions>
          <gpxtpx:TrackPointExtension>
            <gpxtpx:hr>151</gpxtpx:hr>
          </gpxtpx:TrackPointExtension>
        </extensions>
      </trkpt>
      <trkpt lat="38.83028562492197" lon="121.50702584932846">
        <ele>2.775093900039792</ele>
        <time>2024-08-20T14:01:54Z</time>
        <extensions>
          <gpxtpx:TrackPointExtension>
            <gpxtpx:hr>151</gpxtpx:hr>
          </gpxtpx:TrackPointExtension>
        </extensions>
      </trkpt>
      <trkpt lat="38.830292780665644" lon="121.50705158089298">
        <ele>2.8415561923757195</ele>
        <time>2024-08-20T14:01:55Z</time>
        <extensions>
          <gpxtpx:TrackPointExtension>
            <gpxtpx:hr>151</gpxtpx:hr>
          </gpxtpx:TrackPointExtension>
        </extensions>
      </trkpt>
      <trkpt lat="38.830298656190536" lon="121.50707683041003">
        <ele>2.894491232931614</ele>
        <time>2024-08-20T14:01:56Z</time>
        <extensions>
          <gpxtpx:TrackPointExtension>
            <gpxtpx:hr>151</gpxtpx:hr>
          </gpxtpx:TrackPointExtension>
        </extensions>
      </trkpt>
      <trkpt lat="38.83030418817661" lon="121.5071015566402">
        <ele>2.9385757138952613</ele>
        <time>2024-08-20T14:01:57Z</time>
        <extensions>
          <gpxtpx:TrackPointExtension>
            <gpxtpx:hr>151</gpxtpx:hr>
          </gpxtpx:TrackPointExtension>
        </extensions>
      </trkpt>
      <trkpt lat="38.830310415160824" lon="121.50712552056076">
        <ele>2.9779995642602444</ele>
        <time>2024-08-20T14:01:58Z</time>
        <extensions>
          <gpxtpx:TrackPointExtension>
            <gpxtpx:hr>151</gpxtpx:hr>
          </gpxtpx:TrackPointExtension>
        </extensions>
      </trkpt>
      <trkpt lat="38.830316941980335" lon="121.50714835288225">
        <ele>3.0122997080907226</ele>
        <time>2024-08-20T14:01:59Z</time>
        <extensions>
          <gpxtpx:TrackPointExtension>
            <gpxtpx:hr>151</gpxtpx:hr>
          </gpxtpx:TrackPointExtension>
        </extensions>
      </trkpt>
      <trkpt lat="38.83032292878357" lon="121.50717004997473">
        <ele>3.0342144379392266</ele>
        <time>2024-08-20T14:02:00Z</time>
        <extensions>
          <gpxtpx:TrackPointExtension>
            <gpxtpx:hr>152</gpxtpx:hr>
          </gpxtpx:TrackPointExtension>
        </extensions>
      </trkpt>
      <trkpt lat="38.83032849944713" lon="121.50719074534553">
        <ele>3.0461370227858424</ele>
        <time>2024-08-20T14:02:01Z</time>
        <extensions>
          <gpxtpx:TrackPointExtension>
            <gpxtpx:hr>152</gpxtpx:hr>
          </gpxtpx:TrackPointExtension>
        </extensions>
      </trkpt>
      <trkpt lat="38.8303339412694" lon="121.50721049951967">
        <ele>3.0459590489044785</ele>
        <time>2024-08-20T14:02:02Z</time>
        <extensions>
          <gpxtpx:TrackPointExtension>
            <gpxtpx:hr>152</gpxtpx:hr>
          </gpxtpx:TrackPointExtension>
        </extensions>
      </trkpt>
      <trkpt lat="38.830339520188936" lon="121.5072287329884">
        <ele>3.0643692603334785</ele>
        <time>2024-08-20T14:02:03Z</time>
        <extensions>
          <gpxtpx:TrackPointExtension>
            <gpxtpx:hr>152</gpxtpx:hr>
          </gpxtpx:TrackPointExtension>
        </extensions>
      </trkpt>
      <trkpt lat="38.83034571553094" lon="121.50724322146294">
        <ele>3.0749766044318676</ele>
        <time>2024-08-20T14:02:04Z</time>
        <extensions>
          <gpxtpx:TrackPointExtension>
            <gpxtpx:hr>152</gpxtpx:hr>
          </gpxtpx:TrackPointExtension>
        </extensions>
      </trkpt>
      <trkpt lat="38.83035221866814" lon="121.50725195075508">
        <ele>3.084144290536642</ele>
        <time>2024-08-20T14:02:05Z</time>
        <extensions>
          <gpxtpx:TrackPointExtension>
            <gpxtpx:hr>152</gpxtpx:hr>
          </gpxtpx:TrackPointExtension>
        </extensions>
      </trkpt>
      <trkpt lat="38.83035669992817" lon="121.50725490259863">
        <ele>3.081348822452128</ele>
        <time>2024-08-20T14:02:06Z</time>
        <extensions>
          <gpxtpx:TrackPointExtension>
            <gpxtpx:hr>154</gpxtpx:hr>
          </gpxtpx:TrackPointExtension>
        </extensions>
      </trkpt>
      <trkpt lat="38.83035823871664" lon="121.50725398559094">
        <ele>3.0811550775542855</ele>
        <time>2024-08-20T14:02:07Z</time>
        <extensions>
          <gpxtpx:TrackPointExtension>
            <gpxtpx:hr>154</gpxtpx:hr>
          </gpxtpx:TrackPointExtension>
        </extensions>
      </trkpt>
      <trkpt lat="38.83035839996674" lon="121.5072518580701">
        <ele>3.0826844228431582</ele>
        <time>2024-08-20T14:02:08Z</time>
        <extensions>
          <gpxtpx:TrackPointExtension>
            <gpxtpx:hr>154</gpxtpx:hr>
          </gpxtpx:TrackPointExtension>
        </extensions>
      </trkpt>
      <trkpt lat="38.83035833731227" lon="121.50725008791996">
        <ele>3.08557662460953</ele>
        <time>2024-08-20T14:02:09Z</time>
        <extensions>
          <gpxtpx:TrackPointExtension>
            <gpxtpx:hr>154</gpxtpx:hr>
          </gpxtpx:TrackPointExtension>
        </extensions>
      </trkpt>
      <trkpt lat="38.83035864219192" lon="121.50724951721467">
        <ele>3.1003076126798987</ele>
        <time>2024-08-20T14:02:10Z</time>
        <extensions>
          <gpxtpx:TrackPointExtension>
            <gpxtpx:hr>154</gpxtpx:hr>
          </gpxtpx:TrackPointExtension>
        </extensions>
      </trkpt>
      <trkpt lat="38.830359668368516" lon="121.50725086002966">
        <ele>3.116772503592074</ele>
        <time>2024-08-20T14:02:11Z</time>
        <extensions>
          <gpxtpx:TrackPointExtension>
            <gpxtpx:hr>153</gpxtpx:hr>
          </gpxtpx:TrackPointExtension>
        </extensions>
      </trkpt>
      <trkpt lat="38.83036174859267" lon="121.50725480701219">
        <ele>3.1350236842408776</ele>
        <time>2024-08-20T14:02:12Z</time>
        <extensions>
          <gpxtpx:TrackPointExtension>
            <gpxtpx:hr>153</gpxtpx:hr>
          </gpxtpx:TrackPointExtension>
        </extensions>
      </trkpt>
      <trkpt lat="38.830364290094394" lon="121.50726200619333">
        <ele>3.1548448810353875</ele>
        <time>2024-08-20T14:02:13Z</time>
        <extensions>
          <gpxtpx:TrackPointExtension>
            <gpxtpx:hr>153</gpxtpx:hr>
          </gpxtpx:TrackPointExtension>
        </extensions>
      </trkpt>
      <trkpt lat="38.83036653691474" lon="121.50727176181988">
        <ele>3.1688807792961597</ele>
        <time>2024-08-20T14:02:14Z</time>
        <extensions>
          <gpxtpx:TrackPointExtension>
            <gpxtpx:hr>153</gpxtpx:hr>
          </gpxtpx:TrackPointExtension>
        </extensions>
      </trkpt>
      <trkpt lat="38.8303681941751" lon="121.50728222292604">
        <ele>3.1933339294046164</ele>
        <time>2024-08-20T14:02:15Z</time>
        <extensions>
          <gpxtpx:TrackPointExtension>
            <gpxtpx:hr>153</gpxtpx:hr>
          </gpxtpx:TrackPointExtension>
        </extensions>
      </trkpt>
      <trkpt lat="38.830369212909396" lon="121.50729199370255">
        <ele>3.2083906726911664</ele>
        <time>2024-08-20T14:02:16Z</time>
        <extensions>
          <gpxtpx:TrackPointExtension>
            <gpxtpx:hr>153</gpxtpx:hr>
          </gpxtpx:TrackPointExtension>
        </extensions>
      </trkpt>
      <trkpt lat="38.830370223553956" lon="121.5073012379517">
        <ele>3.227358211763203</ele>
        <time>2024-08-20T14:02:17Z</time>
        <extensions>
          <gpxtpx:TrackPointExtension>
            <gpxtpx:hr>153</gpxtpx:hr>
          </gpxtpx:TrackPointExtension>
        </extensions>
      </trkpt>
      <trkpt lat="38.8303716209754" lon="121.50731044416369">
        <ele>3.2361530773341656</ele>
        <time>2024-08-20T14:02:18Z</time>
        <extensions>
          <gpxtpx:TrackPointExtension>
            <gpxtpx:hr>153</gpxtpx:hr>
          </gpxtpx:TrackPointExtension>
        </extensions>
      </trkpt>
      <trkpt lat="38.83037347831792" lon="121.50731926517679">
        <ele>3.255239770747721</ele>
        <time>2024-08-20T14:02:19Z</time>
        <extensions>
          <gpxtpx:TrackPointExtension>
            <gpxtpx:hr>149</gpxtpx:hr>
          </gpxtpx:TrackPointExtension>
        </extensions>
      </trkpt>
      <trkpt lat="38.83037619058158" lon="121.50732766154813">
        <ele>3.2746328050270677</ele>
        <time>2024-08-20T14:02:20Z</time>
        <extensions>
          <gpxtpx:TrackPointExtension>
            <gpxtpx:hr>149</gpxtpx:hr>
          </gpxtpx:TrackPointExtension>
        </extensions>
      </trkpt>
      <trkpt lat="38.83037952618512" lon="121.50733546090692">
        <ele>3.2864677468314767</ele>
        <time>2024-08-20T14:02:21Z</time>
        <extensions>
          <gpxtpx:TrackPointExtension>
            <gpxtpx:hr>149</gpxtpx:hr>
          </gpxtpx:TrackPointExtension>
        </extensions>
      </trkpt>
      <trkpt lat="38.83038321982674" lon="121.50734276445439">
        <ele>3.296222610399127</ele>
        <time>2024-08-20T14:02:22Z</time>
        <extensions>
          <gpxtpx:TrackPointExtension>
            <gpxtpx:hr>149</gpxtpx:hr>
          </gpxtpx:TrackPointExtension>
        </extensions>
      </trkpt>
      <trkpt lat="38.830387249111475" lon="121.50734985546354">
        <ele>3.304326401092112</ele>
        <time>2024-08-20T14:02:23Z</time>
        <extensions>
          <gpxtpx:TrackPointExtension>
            <gpxtpx:hr>149</gpxtpx:hr>
          </gpxtpx:TrackPointExtension>
        </extensions>
      </trkpt>
      <trkpt lat="38.83039149923952" lon="121.50735703248256">
        <ele>3.3099218336865306</ele>
        <time>2024-08-20T14:02:24Z</time>
        <extensions>
          <gpxtpx:TrackPointExtension>
            <gpxtpx:hr>149</gpxtpx:hr>
          </gpxtpx:TrackPointExtension>
        </extensions>
      </trkpt>
      <trkpt lat="38.83039593525599" lon="121.5073645884787">
        <ele>3.303767878562212</ele>
        <time>2024-08-20T14:02:25Z</time>
        <extensions>
          <gpxtpx:TrackPointExtension>
            <gpxtpx:hr>150</gpxtpx:hr>
          </gpxtpx:TrackPointExtension>
        </extensions>
      </trkpt>
      <trkpt lat="38.830400324172956" lon="121.50737260500102">
        <ele>3.2921212213113904</ele>
        <time>2024-08-20T14:02:26Z</time>
        <extensions>
          <gpxtpx:TrackPointExtension>
            <gpxtpx:hr>150</gpxtpx:hr>
          </gpxtpx:TrackPointExtension>
        </extensions>
      </trkpt>
      <trkpt lat="38.830404654839164" lon="121.50738108736907">
        <ele>3.2773484336212277</ele>
        <time>2024-08-20T14:02:27Z</time>
        <extensions>
          <gpxtpx:TrackPointExtension>
            <gpxtpx:hr>150</gpxtpx:hr>
          </gpxtpx:TrackPointExtension>
        </extensions>
      </trkpt>
      <trkpt lat="38.83040919513817" lon="121.5073897888003">
        <ele>3.257458107545972</ele>
        <time>2024-08-20T14:02:28Z</time>
        <extensions>
          <gpxtpx:TrackPointExtension>
            <gpxtpx:hr>150</gpxtpx:hr>
          </gpxtpx:TrackPointExtension>
        </extensions>
      </trkpt>
      <trkpt lat="38.83041433850651" lon="121.50739840056099">
        <ele>3.2267575673758984</ele>
        <time>2024-08-20T14:02:29Z</time>
        <extensions>
          <gpxtpx:TrackPointExtension>
            <gpxtpx:hr>150</gpxtpx:hr>
          </gpxtpx:TrackPointExtension>
        </extensions>
      </trkpt>
      <trkpt lat="38.83042030699433" lon="121.50740669836642">
        <ele>3.1967086056247354</ele>
        <time>2024-08-20T14:02:30Z</time>
        <extensions>
          <gpxtpx:TrackPointExtension>
            <gpxtpx:hr>150</gpxtpx:hr>
          </gpxtpx:TrackPointExtension>
        </extensions>
      </trkpt>
      <trkpt lat="38.83042693399989" lon="121.50741476842451">
        <ele>3.1663679918274283</ele>
        <time>2024-08-20T14:02:31Z</time>
        <extensions>
          <gpxtpx:TrackPointExtension>
            <gpxtpx:hr>150</gpxtpx:hr>
          </gpxtpx:TrackPointExtension>
        </extensions>
      </trkpt>
      <trkpt lat="38.83043380537143" lon="121.50742319857885">
        <ele>3.140667175874114</ele>
        <time>2024-08-20T14:02:32Z</time>
        <extensions>
          <gpxtpx:TrackPointExtension>
            <gpxtpx:hr>150</gpxtpx:hr>
          </gpxtpx:TrackPointExtension>
        </extensions>
      </trkpt>
      <trkpt lat="38.830440521191086" lon="121.50743218367705">
        <ele>3.1106763388961554</ele>
        <time>2024-08-20T14:02:33Z</time>
        <extensions>
          <gpxtpx:TrackPointExtension>
            <gpxtpx:hr>150</gpxtpx:hr>
          </gpxtpx:TrackPointExtension>
        </extensions>
      </trkpt>
      <trkpt lat="38.83044698869509" lon="121.50744118113649">
        <ele>3.074068165384233</ele>
        <time>2024-08-20T14:02:34Z</time>
        <extensions>
          <gpxtpx:TrackPointExtension>
            <gpxtpx:hr>150</gpxtpx:hr>
          </gpxtpx:TrackPointExtension>
        </extensions>
      </trkpt>
      <trkpt lat="38.83045336703859" lon="121.50744946486448">
        <ele>3.0342418383806944</ele>
        <time>2024-08-20T14:02:35Z</time>
        <extensions>
          <gpxtpx:TrackPointExtension>
            <gpxtpx:hr>150</gpxtpx:hr>
          </gpxtpx:TrackPointExtension>
        </extensions>
      </trkpt>
      <trkpt lat="38.83045989007872" lon="121.50745665174746">
        <ele>3.0001390259712934</ele>
        <time>2024-08-20T14:02:36Z</time>
        <extensions>
          <gpxtpx:TrackPointExtension>
            <gpxtpx:hr>150</gpxtpx:hr>
          </gpxtpx:TrackPointExtension>
        </extensions>
      </trkpt>
      <trkpt lat="38.830466857810634" lon="121.50746328260851">
        <ele>2.970083381049335</ele>
        <time>2024-08-20T14:02:37Z</time>
        <extensions>
          <gpxtpx:TrackPointExtension>
            <gpxtpx:hr>148</gpxtpx:hr>
          </gpxtpx:TrackPointExtension>
        </extensions>
      </trkpt>
      <trkpt lat="38.83047413687126" lon="121.50746998813875">
        <ele>2.9428581539541483</ele>
        <time>2024-08-20T14:02:38Z</time>
        <extensions>
          <gpxtpx:TrackPointExtension>
            <gpxtpx:hr>148</gpxtpx:hr>
          </gpxtpx:TrackPointExtension>
        </extensions>
      </trkpt>
      <trkpt lat="38.83048131995234" lon="121.50747681893898">
        <ele>2.9141602190211415</ele>
        <time>2024-08-20T14:02:39Z</time>
        <extensions>
          <gpxtpx:TrackPointExtension>
            <gpxtpx:hr>148</gpxtpx:hr>
          </gpxtpx:TrackPointExtension>
        </extensions>
      </trkpt>
      <trkpt lat="38.830488283738724" lon="121.50748352553063">
        <ele>2.8726336136460304</ele>
        <time>2024-08-20T14:02:40Z</time>
        <extensions>
          <gpxtpx:TrackPointExtension>
            <gpxtpx:hr>148</gpxtpx:hr>
          </gpxtpx:TrackPointExtension>
        </extensions>
      </trkpt>
      <trkpt lat="38.83049527496934" lon="121.50749004919079">
        <ele>2.8248383719474077</ele>
        <time>2024-08-20T14:02:41Z</time>
        <extensions>
          <gpxtpx:TrackPointExtension>
            <gpxtpx:hr>148</gpxtpx:hr>
          </gpxtpx:TrackPointExtension>
        </extensions>
      </trkpt>
      <trkpt lat="38.83050231762717" lon="121.50749654778981">
        <ele>2.782173748128116</ele>
        <time>2024-08-20T14:02:42Z</time>
        <extensions>
          <gpxtpx:TrackPointExtension>
            <gpxtpx:hr>148</gpxtpx:hr>
          </gpxtpx:TrackPointExtension>
        </extensions>
      </trkpt>
      <trkpt lat="38.83050941250665" lon="121.50750318125571">
        <ele>2.7405390283092856</ele>
        <time>2024-08-20T14:02:43Z</time>
        <extensions>
          <gpxtpx:TrackPointExtension>
            <gpxtpx:hr>147</gpxtpx:hr>
          </gpxtpx:TrackPointExtension>
        </extensions>
      </trkpt>
      <trkpt lat="38.83051663533378" lon="121.50750994713152">
        <ele>2.68846976198256</ele>
        <time>2024-08-20T14:02:44Z</time>
        <extensions>
          <gpxtpx:TrackPointExtension>
            <gpxtpx:hr>147</gpxtpx:hr>
          </gpxtpx:TrackPointExtension>
        </extensions>
      </trkpt>
      <trkpt lat="38.83052400934548" lon="121.5075167464218">
        <ele>2.642425366677344</ele>
        <time>2024-08-20T14:02:45Z</time>
        <extensions>
          <gpxtpx:TrackPointExtension>
            <gpxtpx:hr>147</gpxtpx:hr>
          </gpxtpx:TrackPointExtension>
        </extensions>
      </trkpt>
      <trkpt lat="38.83053143990969" lon="121.50752354251189">
        <ele>2.6012193989008665</ele>
        <time>2024-08-20T14:02:46Z</time>
        <extensions>
          <gpxtpx:TrackPointExtension>
            <gpxtpx:hr>147</gpxtpx:hr>
          </gpxtpx:TrackPointExtension>
        </extensions>
      </trkpt>
      <trkpt lat="38.83053860582039" lon="121.5075303758253">
        <ele>2.5834189699962735</ele>
        <time>2024-08-20T14:02:47Z</time>
        <extensions>
          <gpxtpx:TrackPointExtension>
            <gpxtpx:hr>147</gpxtpx:hr>
          </gpxtpx:TrackPointExtension>
        </extensions>
      </trkpt>
      <trkpt lat="38.83054560043852" lon="121.50753717283025">
        <ele>2.56469536293298</ele>
        <time>2024-08-20T14:02:48Z</time>
        <extensions>
          <gpxtpx:TrackPointExtension>
            <gpxtpx:hr>147</gpxtpx:hr>
          </gpxtpx:TrackPointExtension>
        </extensions>
      </trkpt>
      <trkpt lat="38.830553304636865" lon="121.507544153642">
        <ele>2.535558552481234</ele>
        <time>2024-08-20T14:02:49Z</time>
        <extensions>
          <gpxtpx:TrackPointExtension>
            <gpxtpx:hr>139</gpxtpx:hr>
          </gpxtpx:TrackPointExtension>
        </extensions>
      </trkpt>
      <trkpt lat="38.83056214884199" lon="121.50755116878459">
        <ele>2.502036329358816</ele>
        <time>2024-08-20T14:02:50Z</time>
        <extensions>
          <gpxtpx:TrackPointExtension>
            <gpxtpx:hr>139</gpxtpx:hr>
          </gpxtpx:TrackPointExtension>
        </extensions>
      </trkpt>
      <trkpt lat="38.83057112672149" lon="121.50755735824677">
        <ele>2.4745069723576307</ele>
        <time>2024-08-20T14:02:51Z</time>
        <extensions>
          <gpxtpx:TrackPointExtension>
            <gpxtpx:hr>139</gpxtpx:hr>
          </gpxtpx:TrackPointExtension>
        </extensions>
      </trkpt>
      <trkpt lat="38.830579144841344" lon="121.50756320771862">
        <ele>2.440811498090625</ele>
        <time>2024-08-20T14:02:52Z</time>
        <extensions>
          <gpxtpx:TrackPointExtension>
            <gpxtpx:hr>139</gpxtpx:hr>
          </gpxtpx:TrackPointExtension>
        </extensions>
      </trkpt>
      <trkpt lat="38.83058656265898" lon="121.50756969077104">
        <ele>2.418295077048242</ele>
        <time>2024-08-20T14:02:53Z</time>
        <extensions>
          <gpxtpx:TrackPointExtension>
            <gpxtpx:hr>139</gpxtpx:hr>
          </gpxtpx:TrackPointExtension>
        </extensions>
      </trkpt>
      <trkpt lat="38.83059416288674" lon="121.50757653942378">
        <ele>2.4112086314707994</ele>
        <time>2024-08-20T14:02:54Z</time>
        <extensions>
          <gpxtpx:TrackPointExtension>
            <gpxtpx:hr>139</gpxtpx:hr>
          </gpxtpx:TrackPointExtension>
        </extensions>
      </trkpt>
      <trkpt lat="38.830601812565206" lon="121.50758313841357">
        <ele>2.4025392327457666</ele>
        <time>2024-08-20T14:02:55Z</time>
        <extensions>
          <gpxtpx:TrackPointExtension>
            <gpxtpx:hr>137</gpxtpx:hr>
          </gpxtpx:TrackPointExtension>
        </extensions>
      </trkpt>
      <trkpt lat="38.830609074474054" lon="121.50758899721954">
        <ele>2.388435992412269</ele>
        <time>2024-08-20T14:02:56Z</time>
        <extensions>
          <gpxtpx:TrackPointExtension>
            <gpxtpx:hr>137</gpxtpx:hr>
          </gpxtpx:TrackPointExtension>
        </extensions>
      </trkpt>
      <trkpt lat="38.83061646681994" lon="121.5075949425049">
        <ele>2.369074230082333</ele>
        <time>2024-08-20T14:02:57Z</time>
        <extensions>
          <gpxtpx:TrackPointExtension>
            <gpxtpx:hr>137</gpxtpx:hr>
          </gpxtpx:TrackPointExtension>
        </extensions>
      </trkpt>
      <trkpt lat="38.830624136599226" lon="121.50760159248698">
        <ele>2.337021912448108</ele>
        <time>2024-08-20T14:02:58Z</time>
        <extensions>
          <gpxtpx:TrackPointExtension>
            <gpxtpx:hr>137</gpxtpx:hr>
          </gpxtpx:TrackPointExtension>
        </extensions>
      </trkpt>
      <trkpt lat="38.83063127511934" lon="121.50760824725381">
        <ele>2.3183825025334954</ele>
        <time>2024-08-20T14:02:59Z</time>
        <extensions>
          <gpxtpx:TrackPointExtension>
            <gpxtpx:hr>137</gpxtpx:hr>
          </gpxtpx:TrackPointExtension>
        </extensions>
      </trkpt>
      <trkpt lat="38.830637792026955" lon="121.50761449198723">
        <ele>2.299764171242714</ele>
        <time>2024-08-20T14:03:00Z</time>
        <extensions>
          <gpxtpx:TrackPointExtension>
            <gpxtpx:hr>136</gpxtpx:hr>
          </gpxtpx:TrackPointExtension>
        </extensions>
      </trkpt>
      <trkpt lat="38.8306442945486" lon="121.50762030263586">
        <ele>2.2775978865101933</ele>
        <time>2024-08-20T14:03:01Z</time>
        <extensions>
          <gpxtpx:TrackPointExtension>
            <gpxtpx:hr>136</gpxtpx:hr>
          </gpxtpx:TrackPointExtension>
        </extensions>
      </trkpt>
      <trkpt lat="38.830651325597046" lon="121.50762574729434">
        <ele>2.2395900543779135</ele>
        <time>2024-08-20T14:03:02Z</time>
        <extensions>
          <gpxtpx:TrackPointExtension>
            <gpxtpx:hr>136</gpxtpx:hr>
          </gpxtpx:TrackPointExtension>
        </extensions>
      </trkpt>
      <trkpt lat="38.83065909210476" lon="121.5076309164162">
        <ele>2.1993903648108244</ele>
        <time>2024-08-20T14:03:03Z</time>
        <extensions>
          <gpxtpx:TrackPointExtension>
            <gpxtpx:hr>136</gpxtpx:hr>
          </gpxtpx:TrackPointExtension>
        </extensions>
      </trkpt>
      <trkpt lat="38.830667372265445" lon="121.50763597112376">
        <ele>2.1632283609360456</ele>
        <time>2024-08-20T14:03:04Z</time>
        <extensions>
          <gpxtpx:TrackPointExtension>
            <gpxtpx:hr>133</gpxtpx:hr>
          </gpxtpx:TrackPointExtension>
        </extensions>
      </trkpt>
      <trkpt lat="38.83067557285576" lon="121.50764113865048">
        <ele>2.1313511449843645</ele>
        <time>2024-08-20T14:03:05Z</time>
        <extensions>
          <gpxtpx:TrackPointExtension>
            <gpxtpx:hr>133</gpxtpx:hr>
          </gpxtpx:TrackPointExtension>
        </extensions>
      </trkpt>
      <trkpt lat="38.83068318217277" lon="121.50764639464856">
        <ele>2.1165384436026216</ele>
        <time>2024-08-20T14:03:06Z</time>
        <extensions>
          <gpxtpx:TrackPointExtension>
            <gpxtpx:hr>133</gpxtpx:hr>
          </gpxtpx:TrackPointExtension>
        </extensions>
      </trkpt>
      <trkpt lat="38.83069028073129" lon="121.5076515177407">
        <ele>2.1017422154545784</ele>
        <time>2024-08-20T14:03:07Z</time>
        <extensions>
          <gpxtpx:TrackPointExtension>
            <gpxtpx:hr>133</gpxtpx:hr>
          </gpxtpx:TrackPointExtension>
        </extensions>
      </trkpt>
      <trkpt lat="38.830697073089794" lon="121.50765609512509">
        <ele>2.0723125832155347</ele>
        <time>2024-08-20T14:03:08Z</time>
        <extensions>
          <gpxtpx:TrackPointExtension>
            <gpxtpx:hr>133</gpxtpx:hr>
          </gpxtpx:TrackPointExtension>
        </extensions>
      </trkpt>
      <trkpt lat="38.83070374870273" lon="121.50765986791527">
        <ele>2.0637720804661512</ele>
        <time>2024-08-20T14:03:09Z</time>
        <extensions>
          <gpxtpx:TrackPointExtension>
            <gpxtpx:hr>133</gpxtpx:hr>
          </gpxtpx:TrackPointExtension>
        </extensions>
      </trkpt>
      <trkpt lat="38.83071071979353" lon="121.50766320363147">
        <ele>2.074610911309719</ele>
        <time>2024-08-20T14:03:10Z</time>
        <extensions>
          <gpxtpx:TrackPointExtension>
            <gpxtpx:hr>133</gpxtpx:hr>
          </gpxtpx:TrackPointExtension>
        </extensions>
      </trkpt>
      <trkpt lat="38.83071822031468" lon="121.50766651428226">
        <ele>2.0854112980887294</ele>
        <time>2024-08-20T14:03:11Z</time>
        <extensions>
          <gpxtpx:TrackPointExtension>
            <gpxtpx:hr>133</gpxtpx:hr>
          </gpxtpx:TrackPointExtension>
        </extensions>
      </trkpt>
      <trkpt lat="38.830726135258004" lon="121.50766982362592">
        <ele>2.1105099488049746</ele>
        <time>2024-08-20T14:03:12Z</time>
        <extensions>
          <gpxtpx:TrackPointExtension>
            <gpxtpx:hr>130</gpxtpx:hr>
          </gpxtpx:TrackPointExtension>
        </extensions>
      </trkpt>
      <trkpt lat="38.83073429214057" lon="121.50767340901156">
        <ele>2.1331929890438914</ele>
        <time>2024-08-20T14:03:13Z</time>
        <extensions>
          <gpxtpx:TrackPointExtension>
            <gpxtpx:hr>130</gpxtpx:hr>
          </gpxtpx:TrackPointExtension>
        </extensions>
      </trkpt>
      <trkpt lat="38.83074283534764" lon="121.50767747601395">
        <ele>2.162867872044444</ele>
        <time>2024-08-20T14:03:14Z</time>
        <extensions>
          <gpxtpx:TrackPointExtension>
            <gpxtpx:hr>130</gpxtpx:hr>
          </gpxtpx:TrackPointExtension>
        </extensions>
      </trkpt>
      <trkpt lat="38.83075230847768" lon="121.50768195144967">
        <ele>2.197472173720598</ele>
        <time>2024-08-20T14:03:15Z</time>
        <extensions>
          <gpxtpx:TrackPointExtension>
            <gpxtpx:hr>130</gpxtpx:hr>
          </gpxtpx:TrackPointExtension>
        </extensions>
      </trkpt>
      <trkpt lat="38.83076281008805" lon="121.50768668443003">
        <ele>2.2378363152965903</ele>
        <time>2024-08-20T14:03:16Z</time>
        <extensions>
          <gpxtpx:TrackPointExtension>
            <gpxtpx:hr>130</gpxtpx:hr>
          </gpxtpx:TrackPointExtension>
        </extensions>
      </trkpt>
      <trkpt lat="38.83077437718843" lon="121.5076913868112">
        <ele>2.274366189725697</ele>
        <time>2024-08-20T14:03:17Z</time>
        <extensions>
          <gpxtpx:TrackPointExtension>
            <gpxtpx:hr>130</gpxtpx:hr>
          </gpxtpx:TrackPointExtension>
        </extensions>
      </trkpt>
      <trkpt lat="38.83078628155791" lon="121.5076957063592">
        <ele>2.311367471702397</ele>
        <time>2024-08-20T14:03:18Z</time>
        <extensions>
          <gpxtpx:TrackPointExtension>
            <gpxtpx:hr>130</gpxtpx:hr>
          </gpxtpx:TrackPointExtension>
        </extensions>
      </trkpt>
      <trkpt lat="38.8307988089392" lon="121.50769999514371">
        <ele>2.344096071086824</ele>
        <time>2024-08-20T14:03:19Z</time>
        <extensions>
          <gpxtpx:TrackPointExtension>
            <gpxtpx:hr>130</gpxtpx:hr>
          </gpxtpx:TrackPointExtension>
        </extensions>
      </trkpt>
      <trkpt lat="38.83081273211948" lon="121.5077047423776">
        <ele>2.3767546406015754</ele>
        <time>2024-08-20T14:03:20Z</time>
        <extensions>
          <gpxtpx:TrackPointExtension>
            <gpxtpx:hr>130</gpxtpx:hr>
          </gpxtpx:TrackPointExtension>
        </extensions>
      </trkpt>
      <trkpt lat="38.830827771162454" lon="121.50770992514438">
        <ele>2.3982894914224744</ele>
        <time>2024-08-20T14:03:21Z</time>
        <extensions>
          <gpxtpx:TrackPointExtension>
            <gpxtpx:hr>130</gpxtpx:hr>
          </gpxtpx:TrackPointExtension>
        </extensions>
      </trkpt>
      <trkpt lat="38.83084504785902" lon="121.50771581555554">
        <ele>2.41337155085057</ele>
        <time>2024-08-20T14:03:22Z</time>
        <extensions>
          <gpxtpx:TrackPointExtension>
            <gpxtpx:hr>129</gpxtpx:hr>
          </gpxtpx:TrackPointExtension>
        </extensions>
      </trkpt>
      <trkpt lat="38.83086480876316" lon="121.50772235673263">
        <ele>2.4136033290997148</ele>
        <time>2024-08-20T14:03:23Z</time>
        <extensions>
          <gpxtpx:TrackPointExtension>
            <gpxtpx:hr>129</gpxtpx:hr>
          </gpxtpx:TrackPointExtension>
        </extensions>
      </trkpt>
      <trkpt lat="38.830884926622666" lon="121.5077286876182">
        <ele>2.4054329600185156</ele>
        <time>2024-08-20T14:03:24Z</time>
        <extensions>
          <gpxtpx:TrackPointExtension>
            <gpxtpx:hr>129</gpxtpx:hr>
          </gpxtpx:TrackPointExtension>
        </extensions>
      </trkpt>
      <trkpt lat="38.83090213859682" lon="121.50773323931888">
        <ele>2.4027666933834553</ele>
        <time>2024-08-20T14:03:25Z</time>
        <extensions>
          <gpxtpx:TrackPointExtension>
            <gpxtpx:hr>129</gpxtpx:hr>
          </gpxtpx:TrackPointExtension>
        </extensions>
      </trkpt>
      <trkpt lat="38.83091745617532" lon="121.50773585511529">
        <ele>2.3887767465785146</ele>
        <time>2024-08-20T14:03:26Z</time>
        <extensions>
          <gpxtpx:TrackPointExtension>
            <gpxtpx:hr>129</gpxtpx:hr>
          </gpxtpx:TrackPointExtension>
        </extensions>
      </trkpt>
      <trkpt lat="38.8309352550552" lon="121.50773793280601">
        <ele>2.3641927912831306</ele>
        <time>2024-08-20T14:03:27Z</time>
        <extensions>
          <gpxtpx:TrackPointExtension>
            <gpxtpx:hr>129</gpxtpx:hr>
          </gpxtpx:TrackPointExtension>
        </extensions>
      </trkpt>
      <trkpt lat="38.8309545633657" lon="121.50773951592363">
        <ele>2.338088841177523</ele>
        <time>2024-08-20T14:03:28Z</time>
        <extensions>
          <gpxtpx:TrackPointExtension>
            <gpxtpx:hr>129</gpxtpx:hr>
          </gpxtpx:TrackPointExtension>
        </extensions>
      </trkpt>
      <trkpt lat="38.830975530347516" lon="121.50774071996453">
        <ele>2.3068206487223506</ele>
        <time>2024-08-20T14:03:29Z</time>
        <extensions>
          <gpxtpx:TrackPointExtension>
            <gpxtpx:hr>136</gpxtpx:hr>
          </gpxtpx:TrackPointExtension>
        </extensions>
      </trkpt>
      <trkpt lat="38.830998196867625" lon="121.50774186246508">
        <ele>2.2704517850652337</ele>
        <time>2024-08-20T14:03:30Z</time>
        <extensions>
          <gpxtpx:TrackPointExtension>
            <gpxtpx:hr>136</gpxtpx:hr>
          </gpxtpx:TrackPointExtension>
        </extensions>
      </trkpt>
      <trkpt lat="38.83102039368761" lon="121.50774293928534">
        <ele>2.2323061786592007</ele>
        <time>2024-08-20T14:03:31Z</time>
        <extensions>
          <gpxtpx:TrackPointExtension>
            <gpxtpx:hr>136</gpxtpx:hr>
          </gpxtpx:TrackPointExtension>
        </extensions>
      </trkpt>
      <trkpt lat="38.83104226714525" lon="121.50774388254696">
        <ele>2.1862441701814532</ele>
        <time>2024-08-20T14:03:32Z</time>
        <extensions>
          <gpxtpx:TrackPointExtension>
            <gpxtpx:hr>136</gpxtpx:hr>
          </gpxtpx:TrackPointExtension>
        </extensions>
      </trkpt>
      <trkpt lat="38.83106394466685" lon="121.50774482625303">
        <ele>2.123394452035427</ele>
        <time>2024-08-20T14:03:33Z</time>
        <extensions>
          <gpxtpx:TrackPointExtension>
            <gpxtpx:hr>136</gpxtpx:hr>
          </gpxtpx:TrackPointExtension>
        </extensions>
      </trkpt>
      <trkpt lat="38.83108512734994" lon="121.50774525309326">
        <ele>2.0632709078490734</ele>
        <time>2024-08-20T14:03:34Z</time>
        <extensions>
          <gpxtpx:TrackPointExtension>
            <gpxtpx:hr>137</gpxtpx:hr>
          </gpxtpx:TrackPointExtension>
        </extensions>
      </trkpt>
      <trkpt lat="38.831106447319506" lon="121.50774430371091">
        <ele>2.0240049678832293</ele>
        <time>2024-08-20T14:03:35Z</time>
        <extensions>
          <gpxtpx:TrackPointExtension>
            <gpxtpx:hr>137</gpxtpx:hr>
          </gpxtpx:TrackPointExtension>
        </extensions>
      </trkpt>
      <trkpt lat="38.831128343074525" lon="121.50774240422803">
        <ele>1.9822350898757577</ele>
        <time>2024-08-20T14:03:36Z</time>
        <extensions>
          <gpxtpx:TrackPointExtension>
            <gpxtpx:hr>137</gpxtpx:hr>
          </gpxtpx:TrackPointExtension>
        </extensions>
      </trkpt>
      <trkpt lat="38.83115009636773" lon="121.50774097844445">
        <ele>1.938123732805252</ele>
        <time>2024-08-20T14:03:37Z</time>
        <extensions>
          <gpxtpx:TrackPointExtension>
            <gpxtpx:hr>139</gpxtpx:hr>
          </gpxtpx:TrackPointExtension>
        </extensions>
      </trkpt>
      <trkpt lat="38.83117153373487" lon="121.50773980534397">
        <ele>1.9107399927452207</ele>
        <time>2024-08-20T14:03:38Z</time>
        <extensions>
          <gpxtpx:TrackPointExtension>
            <gpxtpx:hr>139</gpxtpx:hr>
          </gpxtpx:TrackPointExtension>
        </extensions>
      </trkpt>
      <trkpt lat="38.83119325243179" lon="121.50773779955405">
        <ele>1.9050331450998783</ele>
        <time>2024-08-20T14:03:39Z</time>
        <extensions>
          <gpxtpx:TrackPointExtension>
            <gpxtpx:hr>139</gpxtpx:hr>
          </gpxtpx:TrackPointExtension>
        </extensions>
      </trkpt>
      <trkpt lat="38.831215029742424" lon="121.50773512226439">
        <ele>1.9024376524612308</ele>
        <time>2024-08-20T14:03:40Z</time>
        <extensions>
          <gpxtpx:TrackPointExtension>
            <gpxtpx:hr>139</gpxtpx:hr>
          </gpxtpx:TrackPointExtension>
        </extensions>
      </trkpt>
      <trkpt lat="38.8312362789928" lon="121.50773221134439">
        <ele>1.9113074643537402</ele>
        <time>2024-08-20T14:03:41Z</time>
        <extensions>
          <gpxtpx:TrackPointExtension>
            <gpxtpx:hr>139</gpxtpx:hr>
          </gpxtpx:TrackPointExtension>
        </extensions>
      </trkpt>
      <trkpt lat="38.83125729389038" lon="121.50772900656425">
        <ele>1.9206286454573274</ele>
        <time>2024-08-20T14:03:42Z</time>
        <extensions>
          <gpxtpx:TrackPointExtension>
            <gpxtpx:hr>139</gpxtpx:hr>
          </gpxtpx:TrackPointExtension>
        </extensions>
      </trkpt>
      <trkpt lat="38.831278779555504" lon="121.50772628872943">
        <ele>1.9243477443233132</ele>
        <time>2024-08-20T14:03:43Z</time>
        <extensions>
          <gpxtpx:TrackPointExtension>
            <gpxtpx:hr>146</gpxtpx:hr>
          </gpxtpx:TrackPointExtension>
        </extensions>
      </trkpt>
      <trkpt lat="38.831300409180145" lon="121.50772579928123">
        <ele>1.9486868605017662</ele>
        <time>2024-08-20T14:03:44Z</time>
        <extensions>
          <gpxtpx:TrackPointExtension>
            <gpxtpx:hr>146</gpxtpx:hr>
          </gpxtpx:TrackPointExtension>
        </extensions>
      </trkpt>
      <trkpt lat="38.831321733154645" lon="121.50772767572748">
        <ele>1.9823784539476037</ele>
        <time>2024-08-20T14:03:45Z</time>
        <extensions>
          <gpxtpx:TrackPointExtension>
            <gpxtpx:hr>146</gpxtpx:hr>
          </gpxtpx:TrackPointExtension>
        </extensions>
      </trkpt>
      <trkpt lat="38.83134304175552" lon="121.50773059902707">
        <ele>2.0080709336325526</ele>
        <time>2024-08-20T14:03:46Z</time>
        <extensions>
          <gpxtpx:TrackPointExtension>
            <gpxtpx:hr>146</gpxtpx:hr>
          </gpxtpx:TrackPointExtension>
        </extensions>
      </trkpt>
      <trkpt lat="38.831364223744124" lon="121.50773290463648">
        <ele>2.04021561704576</ele>
        <time>2024-08-20T14:03:47Z</time>
        <extensions>
          <gpxtpx:TrackPointExtension>
            <gpxtpx:hr>146</gpxtpx:hr>
          </gpxtpx:TrackPointExtension>
        </extensions>
      </trkpt>
      <trkpt lat="38.831384717709554" lon="121.50773508675093">
        <ele>2.088705793954432</ele>
        <time>2024-08-20T14:03:48Z</time>
        <extensions>
          <gpxtpx:TrackPointExtension>
            <gpxtpx:hr>146</gpxtpx:hr>
          </gpxtpx:TrackPointExtension>
        </extensions>
      </trkpt>
      <trkpt lat="38.83140462323073" lon="121.50773868879585">
        <ele>2.1182415252551436</ele>
        <time>2024-08-20T14:03:49Z</time>
        <extensions>
          <gpxtpx:TrackPointExtension>
            <gpxtpx:hr>146</gpxtpx:hr>
          </gpxtpx:TrackPointExtension>
        </extensions>
      </trkpt>
      <trkpt lat="38.83142433694435" lon="121.50774437012807">
        <ele>2.1469846460968256</ele>
        <time>2024-08-20T14:03:50Z</time>
        <extensions>
          <gpxtpx:TrackPointExtension>
            <gpxtpx:hr>149</gpxtpx:hr>
          </gpxtpx:TrackPointExtension>
        </extensions>
      </trkpt>
      <trkpt lat="38.831443722363076" lon="121.5077514151411">
        <ele>2.197712840512395</ele>
        <time>2024-08-20T14:03:51Z</time>
        <extensions>
          <gpxtpx:TrackPointExtension>
            <gpxtpx:hr>149</gpxtpx:hr>
          </gpxtpx:TrackPointExtension>
        </extensions>
      </trkpt>
      <trkpt lat="38.831462542407785" lon="121.50775927251692">
        <ele>2.2454930301755667</ele>
        <time>2024-08-20T14:03:52Z</time>
        <extensions>
          <gpxtpx:TrackPointExtension>
            <gpxtpx:hr>149</gpxtpx:hr>
          </gpxtpx:TrackPointExtension>
        </extensions>
      </trkpt>
      <trkpt lat="38.831481255250004" lon="121.50776833862892">
        <ele>2.266066702082753</ele>
        <time>2024-08-20T14:03:53Z</time>
        <extensions>
          <gpxtpx:TrackPointExtension>
            <gpxtpx:hr>149</gpxtpx:hr>
          </gpxtpx:TrackPointExtension>
        </extensions>
      </trkpt>
      <trkpt lat="38.83150011968336" lon="121.50777847392659">
        <ele>2.3102868730202317</ele>
        <time>2024-08-20T14:03:54Z</time>
        <extensions>
          <gpxtpx:TrackPointExtension>
            <gpxtpx:hr>150</gpxtpx:hr>
          </gpxtpx:TrackPointExtension>
        </extensions>
      </trkpt>
      <trkpt lat="38.83151844652421" lon="121.50778937261146">
        <ele>2.3367398688569665</ele>
        <time>2024-08-20T14:03:55Z</time>
        <extensions>
          <gpxtpx:TrackPointExtension>
            <gpxtpx:hr>150</gpxtpx:hr>
          </gpxtpx:TrackPointExtension>
        </extensions>
      </trkpt>
      <trkpt lat="38.83153641548914" lon="121.50780093414882">
        <ele>2.348531011492014</ele>
        <time>2024-08-20T14:03:56Z</time>
        <extensions>
          <gpxtpx:TrackPointExtension>
            <gpxtpx:hr>150</gpxtpx:hr>
          </gpxtpx:TrackPointExtension>
        </extensions>
      </trkpt>
      <trkpt lat="38.83155453533474" lon="121.50781292236475">
        <ele>2.351095698773861</ele>
        <time>2024-08-20T14:03:57Z</time>
        <extensions>
          <gpxtpx:TrackPointExtension>
            <gpxtpx:hr>152</gpxtpx:hr>
          </gpxtpx:TrackPointExtension>
        </extensions>
      </trkpt>
      <trkpt lat="38.83157255796734" lon="121.50782474614343">
        <ele>2.3444086210802197</ele>
        <time>2024-08-20T14:03:58Z</time>
        <extensions>
          <gpxtpx:TrackPointExtension>
            <gpxtpx:hr>152</gpxtpx:hr>
          </gpxtpx:TrackPointExtension>
        </extensions>
      </trkpt>
      <trkpt lat="38.83159017451947" lon="121.50783655333377">
        <ele>2.3247978119179606</ele>
        <time>2024-08-20T14:03:59Z</time>
        <extensions>
          <gpxtpx:TrackPointExtension>
            <gpxtpx:hr>152</gpxtpx:hr>
          </gpxtpx:TrackPointExtension>
        </extensions>
      </trkpt>
      <trkpt lat="38.83160743692258" lon="121.50784925870877">
        <ele>2.310322156175971</ele>
        <time>2024-08-20T14:04:00Z</time>
        <extensions>
          <gpxtpx:TrackPointExtension>
            <gpxtpx:hr>152</gpxtpx:hr>
          </gpxtpx:TrackPointExtension>
        </extensions>
      </trkpt>
      <trkpt lat="38.83162429283146" lon="121.50786351485671">
        <ele>2.3045950438827276</ele>
        <time>2024-08-20T14:04:01Z</time>
        <extensions>
          <gpxtpx:TrackPointExtension>
            <gpxtpx:hr>152</gpxtpx:hr>
          </gpxtpx:TrackPointExtension>
        </extensions>
      </trkpt>
      <trkpt lat="38.831640342126356" lon="121.50787914739898">
        <ele>2.2847482822835445</ele>
        <time>2024-08-20T14:04:02Z</time>
        <extensions>
          <gpxtpx:TrackPointExtension>
            <gpxtpx:hr>154</gpxtpx:hr>
          </gpxtpx:TrackPointExtension>
        </extensions>
      </trkpt>
      <trkpt lat="38.831655406195836" lon="121.50789556244177">
        <ele>2.2661818489432335</ele>
        <time>2024-08-20T14:04:03Z</time>
        <extensions>
          <gpxtpx:TrackPointExtension>
            <gpxtpx:hr>154</gpxtpx:hr>
          </gpxtpx:TrackPointExtension>
        </extensions>
      </trkpt>
      <trkpt lat="38.83167043731202" lon="121.50791271409463">
        <ele>2.240989805199206</ele>
        <time>2024-08-20T14:04:04Z</time>
        <extensions>
          <gpxtpx:TrackPointExtension>
            <gpxtpx:hr>154</gpxtpx:hr>
          </gpxtpx:TrackPointExtension>
        </extensions>
      </trkpt>
      <trkpt lat="38.83168570937081" lon="121.50793074267168">
        <ele>2.2137862015515566</ele>
        <time>2024-08-20T14:04:05Z</time>
        <extensions>
          <gpxtpx:TrackPointExtension>
            <gpxtpx:hr>154</gpxtpx:hr>
          </gpxtpx:TrackPointExtension>
        </extensions>
      </trkpt>
      <trkpt lat="38.83170041179087" lon="121.50794936959997">
        <ele>2.177503552287817</ele>
        <time>2024-08-20T14:04:06Z</time>
        <extensions>
          <gpxtpx:TrackPointExtension>
            <gpxtpx:hr>154</gpxtpx:hr>
          </gpxtpx:TrackPointExtension>
        </extensions>
      </trkpt>
      <trkpt lat="38.831714273239044" lon="121.50796927338281">
        <ele>2.1398240011185408</ele>
        <time>2024-08-20T14:04:07Z</time>
        <extensions>
          <gpxtpx:TrackPointExtension>
            <gpxtpx:hr>155</gpxtpx:hr>
          </gpxtpx:TrackPointExtension>
        </extensions>
      </trkpt>
      <trkpt lat="38.83172765339366" lon="121.50799092972096">
        <ele>2.1134209586307406</ele>
        <time>2024-08-20T14:04:08Z</time>
        <extensions>
          <gpxtpx:TrackPointExtension>
            <gpxtpx:hr>155</gpxtpx:hr>
          </gpxtpx:TrackPointExtension>
        </extensions>
      </trkpt>
      <trkpt lat="38.83174079808555" lon="121.50801300322406">
        <ele>2.1002522399649024</ele>
        <time>2024-08-20T14:04:09Z</time>
        <extensions>
          <gpxtpx:TrackPointExtension>
            <gpxtpx:hr>155</gpxtpx:hr>
          </gpxtpx:TrackPointExtension>
        </extensions>
      </trkpt>
      <trkpt lat="38.83175337051046" lon="121.50803505969138">
        <ele>2.0979419900104403</ele>
        <time>2024-08-20T14:04:10Z</time>
        <extensions>
          <gpxtpx:TrackPointExtension>
            <gpxtpx:hr>155</gpxtpx:hr>
          </gpxtpx:TrackPointExtension>
        </extensions>
      </trkpt>
      <trkpt lat="38.83176492928541" lon="121.50805820174891">
        <ele>2.102899952791631</ele>
        <time>2024-08-20T14:04:11Z</time>
        <extensions>
          <gpxtpx:TrackPointExtension>
            <gpxtpx:hr>155</gpxtpx:hr>
          </gpxtpx:TrackPointExtension>
        </extensions>
      </trkpt>
      <trkpt lat="38.83177585156836" lon="121.50808253665726">
        <ele>2.088872291147709</ele>
        <time>2024-08-20T14:04:12Z</time>
        <extensions>
          <gpxtpx:TrackPointExtension>
            <gpxtpx:hr>155</gpxtpx:hr>
          </gpxtpx:TrackPointExtension>
        </extensions>
      </trkpt>
      <trkpt lat="38.83178663558332" lon="121.50810688611496">
        <ele>2.0908888960257173</ele>
        <time>2024-08-20T14:04:13Z</time>
        <extensions>
          <gpxtpx:TrackPointExtension>
            <gpxtpx:hr>155</gpxtpx:hr>
          </gpxtpx:TrackPointExtension>
        </extensions>
      </trkpt>
      <trkpt lat="38.83179728273334" lon="121.50813066531455">
        <ele>2.1129674380645156</ele>
        <time>2024-08-20T14:04:14Z</time>
        <extensions>
          <gpxtpx:TrackPointExtension>
            <gpxtpx:hr>157</gpxtpx:hr>
          </gpxtpx:TrackPointExtension>
        </extensions>
      </trkpt>
      <trkpt lat="38.83180785374822" lon="121.5081546188031">
        <ele>2.1309803603217006</ele>
        <time>2024-08-20T14:04:15Z</time>
        <extensions>
          <gpxtpx:TrackPointExtension>
            <gpxtpx:hr>157</gpxtpx:hr>
          </gpxtpx:TrackPointExtension>
        </extensions>
      </trkpt>
      <trkpt lat="38.83181847360263" lon="121.50817868952535">
        <ele>2.1461821664124727</ele>
        <time>2024-08-20T14:04:16Z</time>
        <extensions>
          <gpxtpx:TrackPointExtension>
            <gpxtpx:hr>157</gpxtpx:hr>
          </gpxtpx:TrackPointExtension>
        </extensions>
      </trkpt>
      <trkpt lat="38.83182924510543" lon="121.50820166660574">
        <ele>2.1628885185346007</ele>
        <time>2024-08-20T14:04:17Z</time>
        <extensions>
          <gpxtpx:TrackPointExtension>
            <gpxtpx:hr>157</gpxtpx:hr>
          </gpxtpx:TrackPointExtension>
        </extensions>
      </trkpt>
      <trkpt lat="38.83183993461413" lon="121.5082235094121">
        <ele>2.179706033319235</ele>
        <time>2024-08-20T14:04:18Z</time>
        <extensions>
          <gpxtpx:TrackPointExtension>
            <gpxtpx:hr>157</gpxtpx:hr>
          </gpxtpx:TrackPointExtension>
        </extensions>
      </trkpt>
      <trkpt lat="38.831850833572716" lon="121.50824553178488">
        <ele>2.1956260539591312</ele>
        <time>2024-08-20T14:04:19Z</time>
        <extensions>
          <gpxtpx:TrackPointExtension>
            <gpxtpx:hr>157</gpxtpx:hr>
          </gpxtpx:TrackPointExtension>
        </extensions>
      </trkpt>
      <trkpt lat="38.83186211660485" lon="121.50826773411379">
        <ele>2.2078359154984355</ele>
        <time>2024-08-20T14:04:20Z</time>
        <extensions>
          <gpxtpx:TrackPointExtension>
            <gpxtpx:hr>157</gpxtpx:hr>
          </gpxtpx:TrackPointExtension>
        </extensions>
      </trkpt>
      <trkpt lat="38.83187345306429" lon="121.50828943897154">
        <ele>2.22489701397717</ele>
        <time>2024-08-20T14:04:21Z</time>
        <extensions>
          <gpxtpx:TrackPointExtension>
            <gpxtpx:hr>157</gpxtpx:hr>
          </gpxtpx:TrackPointExtension>
        </extensions>
      </trkpt>
      <trkpt lat="38.831884959363094" lon="121.50831044087015">
        <ele>2.234587606973946</ele>
        <time>2024-08-20T14:04:22Z</time>
        <extensions>
          <gpxtpx:TrackPointExtension>
            <gpxtpx:hr>157</gpxtpx:hr>
          </gpxtpx:TrackPointExtension>
        </extensions>
      </trkpt>
      <trkpt lat="38.83189667061341" lon="121.50833061175796">
        <ele>2.2400077152997255</ele>
        <time>2024-08-20T14:04:23Z</time>
        <extensions>
          <gpxtpx:TrackPointExtension>
            <gpxtpx:hr>157</gpxtpx:hr>
          </gpxtpx:TrackPointExtension>
        </extensions>
      </trkpt>
      <trkpt lat="38.83190826155423" lon="121.50834963118677">
        <ele>2.2546578720211983</ele>
        <time>2024-08-20T14:04:24Z</time>
        <extensions>
          <gpxtpx:TrackPointExtension>
            <gpxtpx:hr>157</gpxtpx:hr>
          </gpxtpx:TrackPointExtension>
        </extensions>
      </trkpt>
      <trkpt lat="38.83192018020296" lon="121.50836756566626">
        <ele>2.2645997162908316</ele>
        <time>2024-08-20T14:04:25Z</time>
        <extensions>
          <gpxtpx:TrackPointExtension>
            <gpxtpx:hr>157</gpxtpx:hr>
          </gpxtpx:TrackPointExtension>
        </extensions>
      </trkpt>
      <trkpt lat="38.83193285982113" lon="121.50838545651303">
        <ele>2.2645679535344243</ele>
        <time>2024-08-20T14:04:26Z</time>
        <extensions>
          <gpxtpx:TrackPointExtension>
            <gpxtpx:hr>158</gpxtpx:hr>
          </gpxtpx:TrackPointExtension>
        </extensions>
      </trkpt>
      <trkpt lat="38.83194596829484" lon="121.50840394024664">
        <ele>2.2565426640212536</ele>
        <time>2024-08-20T14:04:27Z</time>
        <extensions>
          <gpxtpx:TrackPointExtension>
            <gpxtpx:hr>158</gpxtpx:hr>
          </gpxtpx:TrackPointExtension>
        </extensions>
      </trkpt>
      <trkpt lat="38.8319590320747" lon="121.50842164352653">
        <ele>2.261255302466452</ele>
        <time>2024-08-20T14:04:28Z</time>
        <extensions>
          <gpxtpx:TrackPointExtension>
            <gpxtpx:hr>158</gpxtpx:hr>
          </gpxtpx:TrackPointExtension>
        </extensions>
      </trkpt>
      <trkpt lat="38.831972308963586" lon="121.50843775959052">
        <ele>2.2507352773100138</ele>
        <time>2024-08-20T14:04:29Z</time>
        <extensions>
          <gpxtpx:TrackPointExtension>
            <gpxtpx:hr>159</gpxtpx:hr>
          </gpxtpx:TrackPointExtension>
        </extensions>
      </trkpt>
      <trkpt lat="38.83198653440406" lon="121.5084527086607">
        <ele>2.236503745429218</ele>
        <time>2024-08-20T14:04:30Z</time>
        <extensions>
          <gpxtpx:TrackPointExtension>
            <gpxtpx:hr>159</gpxtpx:hr>
          </gpxtpx:TrackPointExtension>
        </extensions>
      </trkpt>
      <trkpt lat="38.832001606077235" lon="121.50846651701558">
        <ele>2.224525386467576</ele>
        <time>2024-08-20T14:04:31Z</time>
        <extensions>
          <gpxtpx:TrackPointExtension>
            <gpxtpx:hr>159</gpxtpx:hr>
          </gpxtpx:TrackPointExtension>
        </extensions>
      </trkpt>
      <trkpt lat="38.83201680848116" lon="121.50847918561492">
        <ele>2.201235762797296</ele>
        <time>2024-08-20T14:04:32Z</time>
        <extensions>
          <gpxtpx:TrackPointExtension>
            <gpxtpx:hr>159</gpxtpx:hr>
          </gpxtpx:TrackPointExtension>
        </extensions>
      </trkpt>
      <trkpt lat="38.83203200864073" lon="121.50849007692736">
        <ele>2.1903177043423057</ele>
        <time>2024-08-20T14:04:33Z</time>
        <extensions>
          <gpxtpx:TrackPointExtension>
            <gpxtpx:hr>160</gpxtpx:hr>
          </gpxtpx:TrackPointExtension>
        </extensions>
      </trkpt>
      <trkpt lat="38.83204772884418" lon="121.50849856077353">
        <ele>2.1826722882688046</ele>
        <time>2024-08-20T14:04:34Z</time>
        <extensions>
          <gpxtpx:TrackPointExtension>
            <gpxtpx:hr>160</gpxtpx:hr>
          </gpxtpx:TrackPointExtension>
        </extensions>
      </trkpt>
      <trkpt lat="38.832064659838466" lon="121.50850391716419">
        <ele>2.16847182251513</ele>
        <time>2024-08-20T14:04:35Z</time>
        <extensions>
          <gpxtpx:TrackPointExtension>
            <gpxtpx:hr>160</gpxtpx:hr>
          </gpxtpx:TrackPointExtension>
        </extensions>
      </trkpt>
      <trkpt lat="38.8320826545875" lon="121.50850573007666">
        <ele>2.156889511272311</ele>
        <time>2024-08-20T14:04:36Z</time>
        <extensions>
          <gpxtpx:TrackPointExtension>
            <gpxtpx:hr>160</gpxtpx:hr>
          </gpxtpx:TrackPointExtension>
        </extensions>
      </trkpt>
      <trkpt lat="38.832100735016155" lon="121.50850527071395">
        <ele>2.130796574987471</ele>
        <time>2024-08-20T14:04:37Z</time>
        <extensions>
          <gpxtpx:TrackPointExtension>
            <gpxtpx:hr>160</gpxtpx:hr>
          </gpxtpx:TrackPointExtension>
        </extensions>
      </trkpt>
      <trkpt lat="38.83211911404174" lon="121.50850439886459">
        <ele>2.112128066830337</ele>
        <time>2024-08-20T14:04:38Z</time>
        <extensions>
          <gpxtpx:TrackPointExtension>
            <gpxtpx:hr>160</gpxtpx:hr>
          </gpxtpx:TrackPointExtension>
        </extensions>
      </trkpt>
      <trkpt lat="38.83213844547607" lon="121.50850544026636">
        <ele>2.089282175526023</ele>
        <time>2024-08-20T14:04:39Z</time>
        <extensions>
          <gpxtpx:TrackPointExtension>
            <gpxtpx:hr>160</gpxtpx:hr>
          </gpxtpx:TrackPointExtension>
        </extensions>
      </trkpt>
      <trkpt lat="38.83215797828003" lon="121.50851041996275">
        <ele>2.0666006691753864</ele>
        <time>2024-08-20T14:04:40Z</time>
        <extensions>
          <gpxtpx:TrackPointExtension>
            <gpxtpx:hr>160</gpxtpx:hr>
          </gpxtpx:TrackPointExtension>
        </extensions>
      </trkpt>
      <trkpt lat="38.832177019478934" lon="121.50851829721095">
        <ele>2.037519403733313</ele>
        <time>2024-08-20T14:04:41Z</time>
        <extensions>
          <gpxtpx:TrackPointExtension>
            <gpxtpx:hr>160</gpxtpx:hr>
          </gpxtpx:TrackPointExtension>
        </extensions>
      </trkpt>
      <trkpt lat="38.83219589232068" lon="121.50852755917623">
        <ele>2.011081180535257</ele>
        <time>2024-08-20T14:04:42Z</time>
        <extensions>
          <gpxtpx:TrackPointExtension>
            <gpxtpx:hr>160</gpxtpx:hr>
          </gpxtpx:TrackPointExtension>
        </extensions>
      </trkpt>
      <trkpt lat="38.83221466925722" lon="121.50853757415511">
        <ele>1.9709747843444347</ele>
        <time>2024-08-20T14:04:43Z</time>
        <extensions>
          <gpxtpx:TrackPointExtension>
            <gpxtpx:hr>160</gpxtpx:hr>
          </gpxtpx:TrackPointExtension>
        </extensions>
      </trkpt>
      <trkpt lat="38.83223328303732" lon="121.50854754969475">
        <ele>1.926354923285544</ele>
        <time>2024-08-20T14:04:44Z</time>
        <extensions>
          <gpxtpx:TrackPointExtension>
            <gpxtpx:hr>160</gpxtpx:hr>
          </gpxtpx:TrackPointExtension>
        </extensions>
      </trkpt>
      <trkpt lat="38.832252442147244" lon="121.50855717234644">
        <ele>1.9114433890208602</ele>
        <time>2024-08-20T14:04:45Z</time>
        <extensions>
          <gpxtpx:TrackPointExtension>
            <gpxtpx:hr>160</gpxtpx:hr>
          </gpxtpx:TrackPointExtension>
        </extensions>
      </trkpt>
      <trkpt lat="38.83227271555998" lon="121.50856612878235">
        <ele>1.8928426885977387</ele>
        <time>2024-08-20T14:04:46Z</time>
        <extensions>
          <gpxtpx:TrackPointExtension>
            <gpxtpx:hr>160</gpxtpx:hr>
          </gpxtpx:TrackPointExtension>
        </extensions>
      </trkpt>
      <trkpt lat="38.832293026776625" lon="121.50857430569913">
        <ele>1.8722884580492973</ele>
        <time>2024-08-20T14:04:47Z</time>
        <extensions>
          <gpxtpx:TrackPointExtension>
            <gpxtpx:hr>160</gpxtpx:hr>
          </gpxtpx:TrackPointExtension>
        </extensions>
      </trkpt>
      <trkpt lat="38.83231243745144" lon="121.50858143240487">
        <ele>1.855590789578855</ele>
        <time>2024-08-20T14:04:48Z</time>
        <extensions>
          <gpxtpx:TrackPointExtension>
            <gpxtpx:hr>160</gpxtpx:hr>
          </gpxtpx:TrackPointExtension>
        </extensions>
      </trkpt>
      <trkpt lat="38.832331673521" lon="121.50858730294168">
        <ele>1.8436312386766076</ele>
        <time>2024-08-20T14:04:49Z</time>
        <extensions>
          <gpxtpx:TrackPointExtension>
            <gpxtpx:hr>160</gpxtpx:hr>
          </gpxtpx:TrackPointExtension>
        </extensions>
      </trkpt>
      <trkpt lat="38.83235160291802" lon="121.50859162486358">
        <ele>1.8110966281965375</ele>
        <time>2024-08-20T14:04:50Z</time>
        <extensions>
          <gpxtpx:TrackPointExtension>
            <gpxtpx:hr>161</gpxtpx:hr>
          </gpxtpx:TrackPointExtension>
        </extensions>
      </trkpt>
      <trkpt lat="38.83237196270812" lon="121.50859426004081">
        <ele>1.7838787548244</ele>
        <time>2024-08-20T14:04:51Z</time>
        <extensions>
          <gpxtpx:TrackPointExtension>
            <gpxtpx:hr>161</gpxtpx:hr>
          </gpxtpx:TrackPointExtension>
        </extensions>
      </trkpt>
      <trkpt lat="38.832392148722256" lon="121.50859541623096">
        <ele>1.7699322290718555</ele>
        <time>2024-08-20T14:04:52Z</time>
        <extensions>
          <gpxtpx:TrackPointExtension>
            <gpxtpx:hr>161</gpxtpx:hr>
          </gpxtpx:TrackPointExtension>
        </extensions>
      </trkpt>
      <trkpt lat="38.832412379422934" lon="121.50859566537171">
        <ele>1.737574185244739</ele>
        <time>2024-08-20T14:04:53Z</time>
        <extensions>
          <gpxtpx:TrackPointExtension>
            <gpxtpx:hr>161</gpxtpx:hr>
          </gpxtpx:TrackPointExtension>
        </extensions>
      </trkpt>
      <trkpt lat="38.83243314829123" lon="121.50859463405978">
        <ele>1.7057369574904442</ele>
        <time>2024-08-20T14:04:54Z</time>
        <extensions>
          <gpxtpx:TrackPointExtension>
            <gpxtpx:hr>161</gpxtpx:hr>
          </gpxtpx:TrackPointExtension>
        </extensions>
      </trkpt>
      <trkpt lat="38.83245388918058" lon="121.50859244338656">
        <ele>1.6693544825538993</ele>
        <time>2024-08-20T14:04:55Z</time>
        <extensions>
          <gpxtpx:TrackPointExtension>
            <gpxtpx:hr>161</gpxtpx:hr>
          </gpxtpx:TrackPointExtension>
        </extensions>
      </trkpt>
      <trkpt lat="38.832473959245064" lon="121.50858989627734">
        <ele>1.6293865330517292</ele>
        <time>2024-08-20T14:04:56Z</time>
        <extensions>
          <gpxtpx:TrackPointExtension>
            <gpxtpx:hr>161</gpxtpx:hr>
          </gpxtpx:TrackPointExtension>
        </extensions>
      </trkpt>
      <trkpt lat="38.83249358139019" lon="121.50858663511352">
        <ele>1.5774397337809205</ele>
        <time>2024-08-20T14:04:57Z</time>
        <extensions>
          <gpxtpx:TrackPointExtension>
            <gpxtpx:hr>161</gpxtpx:hr>
          </gpxtpx:TrackPointExtension>
        </extensions>
      </trkpt>
      <trkpt lat="38.83251358731744" lon="121.5085822252916">
        <ele>1.5223654406145215</ele>
        <time>2024-08-20T14:04:58Z</time>
        <extensions>
          <gpxtpx:TrackPointExtension>
            <gpxtpx:hr>161</gpxtpx:hr>
          </gpxtpx:TrackPointExtension>
        </extensions>
      </trkpt>
      <trkpt lat="38.83253370685785" lon="121.50857715949768">
        <ele>1.4829695904627442</ele>
        <time>2024-08-20T14:04:59Z</time>
        <extensions>
          <gpxtpx:TrackPointExtension>
            <gpxtpx:hr>161</gpxtpx:hr>
          </gpxtpx:TrackPointExtension>
        </extensions>
      </trkpt>
      <trkpt lat="38.83255312248586" lon="121.50857125714153">
        <ele>1.4475627029314637</ele>
        <time>2024-08-20T14:05:00Z</time>
        <extensions>
          <gpxtpx:TrackPointExtension>
            <gpxtpx:hr>161</gpxtpx:hr>
          </gpxtpx:TrackPointExtension>
        </extensions>
      </trkpt>
      <trkpt lat="38.83257223995958" lon="121.50856385226604">
        <ele>1.4133267905563116</ele>
        <time>2024-08-20T14:05:01Z</time>
        <extensions>
          <gpxtpx:TrackPointExtension>
            <gpxtpx:hr>161</gpxtpx:hr>
          </gpxtpx:TrackPointExtension>
        </extensions>
      </trkpt>
      <trkpt lat="38.83259150099727" lon="121.50855499674653">
        <ele>1.3724993746727705</ele>
        <time>2024-08-20T14:05:02Z</time>
        <extensions>
          <gpxtpx:TrackPointExtension>
            <gpxtpx:hr>161</gpxtpx:hr>
          </gpxtpx:TrackPointExtension>
        </extensions>
      </trkpt>
      <trkpt lat="38.83261036991386" lon="121.50854594865046">
        <ele>1.3350794296711683</ele>
        <time>2024-08-20T14:05:03Z</time>
        <extensions>
          <gpxtpx:TrackPointExtension>
            <gpxtpx:hr>162</gpxtpx:hr>
          </gpxtpx:TrackPointExtension>
        </extensions>
      </trkpt>
      <trkpt lat="38.83262844807617" lon="121.50853716143128">
        <ele>1.2943163076415658</ele>
        <time>2024-08-20T14:05:04Z</time>
        <extensions>
          <gpxtpx:TrackPointExtension>
            <gpxtpx:hr>162</gpxtpx:hr>
          </gpxtpx:TrackPointExtension>
        </extensions>
      </trkpt>
      <trkpt lat="38.83264582410616" lon="121.5085279369999">
        <ele>1.2618870195001364</ele>
        <time>2024-08-20T14:05:05Z</time>
        <extensions>
          <gpxtpx:TrackPointExtension>
            <gpxtpx:hr>162</gpxtpx:hr>
          </gpxtpx:TrackPointExtension>
        </extensions>
      </trkpt>
      <trkpt lat="38.83266238522759" lon="121.50851820973402">
        <ele>1.2297502476722002</ele>
        <time>2024-08-20T14:05:06Z</time>
        <extensions>
          <gpxtpx:TrackPointExtension>
            <gpxtpx:hr>162</gpxtpx:hr>
          </gpxtpx:TrackPointExtension>
        </extensions>
      </trkpt>
      <trkpt lat="38.832677910440715" lon="121.50850842689593">
        <ele>1.2027235589921474</ele>
        <time>2024-08-20T14:05:07Z</time>
        <extensions>
          <gpxtpx:TrackPointExtension>
            <gpxtpx:hr>162</gpxtpx:hr>
          </gpxtpx:TrackPointExtension>
        </extensions>
      </trkpt>
      <trkpt lat="38.832692407520334" lon="121.50849933994482">
        <ele>1.1873244820162654</ele>
        <time>2024-08-20T14:05:08Z</time>
        <extensions>
          <gpxtpx:TrackPointExtension>
            <gpxtpx:hr>162</gpxtpx:hr>
          </gpxtpx:TrackPointExtension>
        </extensions>
      </trkpt>
      <trkpt lat="38.83270519739486" lon="121.50849103365138">
        <ele>1.175045964308083</ele>
        <time>2024-08-20T14:05:09Z</time>
        <extensions>
          <gpxtpx:TrackPointExtension>
            <gpxtpx:hr>162</gpxtpx:hr>
          </gpxtpx:TrackPointExtension>
        </extensions>
      </trkpt>
      <trkpt lat="38.83271557058691" lon="121.5084832607603">
        <ele>1.166274158284068</ele>
        <time>2024-08-20T14:05:10Z</time>
        <extensions>
          <gpxtpx:TrackPointExtension>
            <gpxtpx:hr>166</gpxtpx:hr>
          </gpxtpx:TrackPointExtension>
        </extensions>
      </trkpt>
      <trkpt lat="38.83272327112957" lon="121.50847665768211">
        <ele>1.1592105589807034</ele>
        <time>2024-08-20T14:05:11Z</time>
        <extensions>
          <gpxtpx:TrackPointExtension>
            <gpxtpx:hr>166</gpxtpx:hr>
          </gpxtpx:TrackPointExtension>
        </extensions>
      </trkpt>
      <trkpt lat="38.83272830169554" lon="121.50847192361964">
        <ele>1.1606505112722516</ele>
        <time>2024-08-20T14:05:12Z</time>
        <extensions>
          <gpxtpx:TrackPointExtension>
            <gpxtpx:hr>166</gpxtpx:hr>
          </gpxtpx:TrackPointExtension>
        </extensions>
      </trkpt>
      <trkpt lat="38.832732551247176" lon="121.50846862057296">
        <ele>1.1645167227834463</ele>
        <time>2024-08-20T14:05:13Z</time>
        <extensions>
          <gpxtpx:TrackPointExtension>
            <gpxtpx:hr>166</gpxtpx:hr>
          </gpxtpx:TrackPointExtension>
        </extensions>
      </trkpt>
      <trkpt lat="38.83273827705359" lon="121.50846570818123">
        <ele>1.1735478965565562</ele>
        <time>2024-08-20T14:05:14Z</time>
        <extensions>
          <gpxtpx:TrackPointExtension>
            <gpxtpx:hr>166</gpxtpx:hr>
          </gpxtpx:TrackPointExtension>
        </extensions>
      </trkpt>
      <trkpt lat="38.83274579175367" lon="121.50846280906663">
        <ele>1.184353057295084</ele>
        <time>2024-08-20T14:05:15Z</time>
        <extensions>
          <gpxtpx:TrackPointExtension>
            <gpxtpx:hr>166</gpxtpx:hr>
          </gpxtpx:TrackPointExtension>
        </extensions>
      </trkpt>
      <trkpt lat="38.83275439666697" lon="121.50845999011793">
        <ele>1.2002739049494267</ele>
        <time>2024-08-20T14:05:16Z</time>
        <extensions>
          <gpxtpx:TrackPointExtension>
            <gpxtpx:hr>166</gpxtpx:hr>
          </gpxtpx:TrackPointExtension>
        </extensions>
      </trkpt>
      <trkpt lat="38.83276329527828" lon="121.50845710211331">
        <ele>1.2177189765498042</ele>
        <time>2024-08-20T14:05:17Z</time>
        <extensions>
          <gpxtpx:TrackPointExtension>
            <gpxtpx:hr>166</gpxtpx:hr>
          </gpxtpx:TrackPointExtension>
        </extensions>
      </trkpt>
      <trkpt lat="38.8327719394193" lon="121.50845374555615">
        <ele>1.2401551688089967</ele>
        <time>2024-08-20T14:05:18Z</time>
        <extensions>
          <gpxtpx:TrackPointExtension>
            <gpxtpx:hr>165</gpxtpx:hr>
          </gpxtpx:TrackPointExtension>
        </extensions>
      </trkpt>
      <trkpt lat="38.83278024104552" lon="121.50844975952229">
        <ele>1.2714746734127402</ele>
        <time>2024-08-20T14:05:19Z</time>
        <extensions>
          <gpxtpx:TrackPointExtension>
            <gpxtpx:hr>165</gpxtpx:hr>
          </gpxtpx:TrackPointExtension>
        </extensions>
      </trkpt>
      <trkpt lat="38.832788495726895" lon="121.50844537793662">
        <ele>1.3029152434319258</ele>
        <time>2024-08-20T14:05:20Z</time>
        <extensions>
          <gpxtpx:TrackPointExtension>
            <gpxtpx:hr>165</gpxtpx:hr>
          </gpxtpx:TrackPointExtension>
        </extensions>
      </trkpt>
      <trkpt lat="38.83279688127761" lon="121.50844071029562">
        <ele>1.3389134472236037</ele>
        <time>2024-08-20T14:05:21Z</time>
        <extensions>
          <gpxtpx:TrackPointExtension>
            <gpxtpx:hr>165</gpxtpx:hr>
          </gpxtpx:TrackPointExtension>
        </extensions>
      </trkpt>
      <trkpt lat="38.83280511682429" lon="121.50843565060217">
        <ele>1.3745611840859056</ele>
        <time>2024-08-20T14:05:22Z</time>
        <extensions>
          <gpxtpx:TrackPointExtension>
            <gpxtpx:hr>165</gpxtpx:hr>
          </gpxtpx:TrackPointExtension>
        </extensions>
      </trkpt>
      <trkpt lat="38.83281293515405" lon="121.50843000664283">
        <ele>1.4130617175251245</ele>
        <time>2024-08-20T14:05:23Z</time>
        <extensions>
          <gpxtpx:TrackPointExtension>
            <gpxtpx:hr>164</gpxtpx:hr>
          </gpxtpx:TrackPointExtension>
        </extensions>
      </trkpt>
      <trkpt lat="38.83282026868289" lon="121.50842384102057">
        <ele>1.4481548825278878</ele>
        <time>2024-08-20T14:05:24Z</time>
        <extensions>
          <gpxtpx:TrackPointExtension>
            <gpxtpx:hr>164</gpxtpx:hr>
          </gpxtpx:TrackPointExtension>
        </extensions>
      </trkpt>
      <trkpt lat="38.83282735688203" lon="121.50841715010435">
        <ele>1.4826503992080688</ele>
        <time>2024-08-20T14:05:25Z</time>
        <extensions>
          <gpxtpx:TrackPointExtension>
            <gpxtpx:hr>164</gpxtpx:hr>
          </gpxtpx:TrackPointExtension>
        </extensions>
      </trkpt>
      <trkpt lat="38.83283433782279" lon="121.50840994196061">
        <ele>1.5139652313664556</ele>
        <time>2024-08-20T14:05:26Z</time>
        <extensions>
          <gpxtpx:TrackPointExtension>
            <gpxtpx:hr>164</gpxtpx:hr>
          </gpxtpx:TrackPointExtension>
        </extensions>
      </trkpt>
      <trkpt lat="38.83284098975195" lon="121.5084024727086">
        <ele>1.5453748870640993</ele>
        <time>2024-08-20T14:05:27Z</time>
        <extensions>
          <gpxtpx:TrackPointExtension>
            <gpxtpx:hr>164</gpxtpx:hr>
          </gpxtpx:TrackPointExtension>
        </extensions>
      </trkpt>
      <trkpt lat="38.832847533753714" lon="121.50839486771608">
        <ele>1.5631815390661359</ele>
        <time>2024-08-20T14:05:28Z</time>
        <extensions>
          <gpxtpx:TrackPointExtension>
            <gpxtpx:hr>164</gpxtpx:hr>
          </gpxtpx:TrackPointExtension>
        </extensions>
      </trkpt>
      <trkpt lat="38.83285412816104" lon="121.50838731157161">
        <ele>1.5821913927793503</ele>
        <time>2024-08-20T14:05:29Z</time>
        <extensions>
          <gpxtpx:TrackPointExtension>
            <gpxtpx:hr>162</gpxtpx:hr>
          </gpxtpx:TrackPointExtension>
        </extensions>
      </trkpt>
      <trkpt lat="38.83286078467895" lon="121.50837989019446">
        <ele>1.5913336826488376</ele>
        <time>2024-08-20T14:05:30Z</time>
        <extensions>
          <gpxtpx:TrackPointExtension>
            <gpxtpx:hr>162</gpxtpx:hr>
          </gpxtpx:TrackPointExtension>
        </extensions>
      </trkpt>
      <trkpt lat="38.8328674263958" lon="121.5083724877009">
        <ele>1.5999106438830495</ele>
        <time>2024-08-20T14:05:31Z</time>
        <extensions>
          <gpxtpx:TrackPointExtension>
            <gpxtpx:hr>162</gpxtpx:hr>
          </gpxtpx:TrackPointExtension>
        </extensions>
      </trkpt>
      <trkpt lat="38.832873916150604" lon="121.50836479669707">
        <ele>1.6114185247570276</ele>
        <time>2024-08-20T14:05:32Z</time>
        <extensions>
          <gpxtpx:TrackPointExtension>
            <gpxtpx:hr>162</gpxtpx:hr>
          </gpxtpx:TrackPointExtension>
        </extensions>
      </trkpt>
      <trkpt lat="38.83288012903186" lon="121.50835695640181">
        <ele>1.6236446034163237</ele>
        <time>2024-08-20T14:05:33Z</time>
        <extensions>
          <gpxtpx:TrackPointExtension>
            <gpxtpx:hr>162</gpxtpx:hr>
          </gpxtpx:TrackPointExtension>
        </extensions>
      </trkpt>
      <trkpt lat="38.8328861942538" lon="121.50834941315355">
        <ele>1.6245711212977767</ele>
        <time>2024-08-20T14:05:34Z</time>
        <extensions>
          <gpxtpx:TrackPointExtension>
            <gpxtpx:hr>161</gpxtpx:hr>
          </gpxtpx:TrackPointExtension>
        </extensions>
      </trkpt>
      <trkpt lat="38.83289204866726" lon="121.50834162895701">
        <ele>1.6269757458940148</ele>
        <time>2024-08-20T14:05:35Z</time>
        <extensions>
          <gpxtpx:TrackPointExtension>
            <gpxtpx:hr>161</gpxtpx:hr>
          </gpxtpx:TrackPointExtension>
        </extensions>
      </trkpt>
      <trkpt lat="38.83289730675947" lon="121.5083331691576">
        <ele>1.6367893302813172</ele>
        <time>2024-08-20T14:05:36Z</time>
        <extensions>
          <gpxtpx:TrackPointExtension>
            <gpxtpx:hr>161</gpxtpx:hr>
          </gpxtpx:TrackPointExtension>
        </extensions>
      </trkpt>
      <trkpt lat="38.83290211566606" lon="121.50832411342269">
        <ele>1.6489199604839087</ele>
        <time>2024-08-20T14:05:37Z</time>
        <extensions>
          <gpxtpx:TrackPointExtension>
            <gpxtpx:hr>161</gpxtpx:hr>
          </gpxtpx:TrackPointExtension>
        </extensions>
      </trkpt>
      <trkpt lat="38.83290736815615" lon="121.50831494202309">
        <ele>1.65846246201545</ele>
        <time>2024-08-20T14:05:38Z</time>
        <extensions>
          <gpxtpx:TrackPointExtension>
            <gpxtpx:hr>161</gpxtpx:hr>
          </gpxtpx:TrackPointExtension>
        </extensions>
      </trkpt>
      <trkpt lat="38.832913192449624" lon="121.50830593582032">
        <ele>1.673369899392128</ele>
        <time>2024-08-20T14:05:39Z</time>
        <extensions>
          <gpxtpx:TrackPointExtension>
            <gpxtpx:hr>161</gpxtpx:hr>
          </gpxtpx:TrackPointExtension>
        </extensions>
      </trkpt>
      <trkpt lat="38.83291845638505" lon="121.50829680598353">
        <ele>1.6898681065067649</ele>
        <time>2024-08-20T14:05:40Z</time>
        <extensions>
          <gpxtpx:TrackPointExtension>
            <gpxtpx:hr>161</gpxtpx:hr>
          </gpxtpx:TrackPointExtension>
        </extensions>
      </trkpt>
      <trkpt lat="38.83292254874097" lon="121.50828797459597">
        <ele>1.7102914536371827</ele>
        <time>2024-08-20T14:05:41Z</time>
        <extensions>
          <gpxtpx:TrackPointExtension>
            <gpxtpx:hr>161</gpxtpx:hr>
          </gpxtpx:TrackPointExtension>
        </extensions>
      </trkpt>
      <trkpt lat="38.8329259165526" lon="121.50827948069704">
        <ele>1.7296770866960287</ele>
        <time>2024-08-20T14:05:42Z</time>
        <extensions>
          <gpxtpx:TrackPointExtension>
            <gpxtpx:hr>152</gpxtpx:hr>
          </gpxtpx:TrackPointExtension>
        </extensions>
      </trkpt>
      <trkpt lat="38.8329291540942" lon="121.50827092643283">
        <ele>1.7577453088015318</ele>
        <time>2024-08-20T14:05:43Z</time>
        <extensions>
          <gpxtpx:TrackPointExtension>
            <gpxtpx:hr>152</gpxtpx:hr>
          </gpxtpx:TrackPointExtension>
        </extensions>
      </trkpt>
      <trkpt lat="38.832932407252905" lon="121.50826222892842">
        <ele>1.7865819223225117</ele>
        <time>2024-08-20T14:05:44Z</time>
        <extensions>
          <gpxtpx:TrackPointExtension>
            <gpxtpx:hr>152</gpxtpx:hr>
          </gpxtpx:TrackPointExtension>
        </extensions>
      </trkpt>
      <trkpt lat="38.83293577236656" lon="121.50825329685476">
        <ele>1.8200799282640219</ele>
        <time>2024-08-20T14:05:45Z</time>
        <extensions>
          <gpxtpx:TrackPointExtension>
            <gpxtpx:hr>152</gpxtpx:hr>
          </gpxtpx:TrackPointExtension>
        </extensions>
      </trkpt>
      <trkpt lat="38.83293948677255" lon="121.50824400752121">
        <ele>1.8504438726231456</ele>
        <time>2024-08-20T14:05:46Z</time>
        <extensions>
          <gpxtpx:TrackPointExtension>
            <gpxtpx:hr>152</gpxtpx:hr>
          </gpxtpx:TrackPointExtension>
        </extensions>
      </trkpt>
      <trkpt lat="38.832943558712735" lon="121.50823448830945">
        <ele>1.8837336841970682</ele>
        <time>2024-08-20T14:05:47Z</time>
        <extensions>
          <gpxtpx:TrackPointExtension>
            <gpxtpx:hr>152</gpxtpx:hr>
          </gpxtpx:TrackPointExtension>
        </extensions>
      </trkpt>
      <trkpt lat="38.832947751938434" lon="121.50822509756675">
        <ele>1.9253503875806928</ele>
        <time>2024-08-20T14:05:48Z</time>
        <extensions>
          <gpxtpx:TrackPointExtension>
            <gpxtpx:hr>152</gpxtpx:hr>
          </gpxtpx:TrackPointExtension>
        </extensions>
      </trkpt>
      <trkpt lat="38.83295168918223" lon="121.50821589391008">
        <ele>1.9669248787686229</ele>
        <time>2024-08-20T14:05:49Z</time>
        <extensions>
          <gpxtpx:TrackPointExtension>
            <gpxtpx:hr>152</gpxtpx:hr>
          </gpxtpx:TrackPointExtension>
        </extensions>
      </trkpt>
      <trkpt lat="38.83295509662376" lon="121.50820664003804">
        <ele>2.008841620758176</ele>
        <time>2024-08-20T14:05:50Z</time>
        <extensions>
          <gpxtpx:TrackPointExtension>
            <gpxtpx:hr>148</gpxtpx:hr>
          </gpxtpx:TrackPointExtension>
        </extensions>
      </trkpt>
      <trkpt lat="38.832958108196735" lon="121.50819745093696">
        <ele>2.051180592738092</ele>
        <time>2024-08-20T14:05:51Z</time>
        <extensions>
          <gpxtpx:TrackPointExtension>
            <gpxtpx:hr>148</gpxtpx:hr>
          </gpxtpx:TrackPointExtension>
        </extensions>
      </trkpt>
      <trkpt lat="38.83296106179283" lon="121.50818865925896">
        <ele>2.084251363761723</ele>
        <time>2024-08-20T14:05:52Z</time>
        <extensions>
          <gpxtpx:TrackPointExtension>
            <gpxtpx:hr>148</gpxtpx:hr>
          </gpxtpx:TrackPointExtension>
        </extensions>
      </trkpt>
      <trkpt lat="38.832963939345944" lon="121.50818025459319">
        <ele>2.122110133059323</ele>
        <time>2024-08-20T14:05:53Z</time>
        <extensions>
          <gpxtpx:TrackPointExtension>
            <gpxtpx:hr>148</gpxtpx:hr>
          </gpxtpx:TrackPointExtension>
        </extensions>
      </trkpt>
      <trkpt lat="38.83296659627066" lon="121.50817177448347">
        <ele>2.163267582654953</ele>
        <time>2024-08-20T14:05:54Z</time>
        <extensions>
          <gpxtpx:TrackPointExtension>
            <gpxtpx:hr>148</gpxtpx:hr>
          </gpxtpx:TrackPointExtension>
        </extensions>
      </trkpt>
      <trkpt lat="38.83296916373842" lon="121.50816332670689">
        <ele>2.1969972299411893</ele>
        <time>2024-08-20T14:05:55Z</time>
        <extensions>
          <gpxtpx:TrackPointExtension>
            <gpxtpx:hr>143</gpxtpx:hr>
          </gpxtpx:TrackPointExtension>
        </extensions>
      </trkpt>
      <trkpt lat="38.832971928292714" lon="121.5081552847058">
        <ele>2.2251750929281116</ele>
        <time>2024-08-20T14:05:56Z</time>
        <extensions>
          <gpxtpx:TrackPointExtension>
            <gpxtpx:hr>143</gpxtpx:hr>
          </gpxtpx:TrackPointExtension>
        </extensions>
      </trkpt>
      <trkpt lat="38.832975038681774" lon="121.50814726414646">
        <ele>2.2488203421235085</ele>
        <time>2024-08-20T14:05:57Z</time>
        <extensions>
          <gpxtpx:TrackPointExtension>
            <gpxtpx:hr>143</gpxtpx:hr>
          </gpxtpx:TrackPointExtension>
        </extensions>
      </trkpt>
      <trkpt lat="38.83297845860103" lon="121.50813883862271">
        <ele>2.2636700719594955</ele>
        <time>2024-08-20T14:05:58Z</time>
        <extensions>
          <gpxtpx:TrackPointExtension>
            <gpxtpx:hr>143</gpxtpx:hr>
          </gpxtpx:TrackPointExtension>
        </extensions>
      </trkpt>
      <trkpt lat="38.832982063400024" lon="121.50813011424881">
        <ele>2.281609728001058</ele>
        <time>2024-08-20T14:05:59Z</time>
        <extensions>
          <gpxtpx:TrackPointExtension>
            <gpxtpx:hr>142</gpxtpx:hr>
          </gpxtpx:TrackPointExtension>
        </extensions>
      </trkpt>
      <trkpt lat="38.83298561447614" lon="121.50812112893695">
        <ele>2.290605552494526</ele>
        <time>2024-08-20T14:06:00Z</time>
        <extensions>
          <gpxtpx:TrackPointExtension>
            <gpxtpx:hr>142</gpxtpx:hr>
          </gpxtpx:TrackPointExtension>
        </extensions>
      </trkpt>
      <trkpt lat="38.83298891681083" lon="121.5081119685492">
        <ele>2.2971798414364457</ele>
        <time>2024-08-20T14:06:01Z</time>
        <extensions>
          <gpxtpx:TrackPointExtension>
            <gpxtpx:hr>142</gpxtpx:hr>
          </gpxtpx:TrackPointExtension>
        </extensions>
      </trkpt>
      <trkpt lat="38.83299195116368" lon="121.50810287903894">
        <ele>2.30705230217427</ele>
        <time>2024-08-20T14:06:02Z</time>
        <extensions>
          <gpxtpx:TrackPointExtension>
            <gpxtpx:hr>142</gpxtpx:hr>
          </gpxtpx:TrackPointExtension>
        </extensions>
      </trkpt>
      <trkpt lat="38.832994803579076" lon="121.50809371493943">
        <ele>2.317466993816197</ele>
        <time>2024-08-20T14:06:03Z</time>
        <extensions>
          <gpxtpx:TrackPointExtension>
            <gpxtpx:hr>142</gpxtpx:hr>
          </gpxtpx:TrackPointExtension>
        </extensions>
      </trkpt>
      <trkpt lat="38.83299748018727" lon="121.50808453020802">
        <ele>2.323423176072538</ele>
        <time>2024-08-20T14:06:04Z</time>
        <extensions>
          <gpxtpx:TrackPointExtension>
            <gpxtpx:hr>142</gpxtpx:hr>
          </gpxtpx:TrackPointExtension>
        </extensions>
      </trkpt>
      <trkpt lat="38.83299991408612" lon="121.50807540990547">
        <ele>2.329464483074844</ele>
        <time>2024-08-20T14:06:05Z</time>
        <extensions>
          <gpxtpx:TrackPointExtension>
            <gpxtpx:hr>142</gpxtpx:hr>
          </gpxtpx:TrackPointExtension>
        </extensions>
      </trkpt>
      <trkpt lat="38.8330021187006" lon="121.50806625583766">
        <ele>2.331804320216179</ele>
        <time>2024-08-20T14:06:06Z</time>
        <extensions>
          <gpxtpx:TrackPointExtension>
            <gpxtpx:hr>142</gpxtpx:hr>
          </gpxtpx:TrackPointExtension>
        </extensions>
      </trkpt>
      <trkpt lat="38.83300400926223" lon="121.50805709806545">
        <ele>2.333088206127286</ele>
        <time>2024-08-20T14:06:07Z</time>
        <extensions>
          <gpxtpx:TrackPointExtension>
            <gpxtpx:hr>142</gpxtpx:hr>
          </gpxtpx:TrackPointExtension>
        </extensions>
      </trkpt>
      <trkpt lat="38.83300536234764" lon="121.50804825780264">
        <ele>2.3341381261125207</ele>
        <time>2024-08-20T14:06:08Z</time>
        <extensions>
          <gpxtpx:TrackPointExtension>
            <gpxtpx:hr>142</gpxtpx:hr>
          </gpxtpx:TrackPointExtension>
        </extensions>
      </trkpt>
      <trkpt lat="38.83300604908062" lon="121.50804003919055">
        <ele>2.335355434566736</ele>
        <time>2024-08-20T14:06:09Z</time>
        <extensions>
          <gpxtpx:TrackPointExtension>
            <gpxtpx:hr>142</gpxtpx:hr>
          </gpxtpx:TrackPointExtension>
        </extensions>
      </trkpt>
      <trkpt lat="38.833005779544735" lon="121.50803294605005">
        <ele>2.3369569024071097</ele>
        <time>2024-08-20T14:06:10Z</time>
        <extensions>
          <gpxtpx:TrackPointExtension>
            <gpxtpx:hr>134</gpxtpx:hr>
          </gpxtpx:TrackPointExtension>
        </extensions>
      </trkpt>
      <trkpt lat="38.833004146231055" lon="121.50802806722675">
        <ele>2.3390061082318425</ele>
        <time>2024-08-20T14:06:11Z</time>
        <extensions>
          <gpxtpx:TrackPointExtension>
            <gpxtpx:hr>134</gpxtpx:hr>
          </gpxtpx:TrackPointExtension>
        </extensions>
      </trkpt>
      <trkpt lat="38.83300099413874" lon="121.50802558945752">
        <ele>2.3413990857079625</ele>
        <time>2024-08-20T14:06:12Z</time>
        <extensions>
          <gpxtpx:TrackPointExtension>
            <gpxtpx:hr>134</gpxtpx:hr>
          </gpxtpx:TrackPointExtension>
        </extensions>
      </trkpt>
      <trkpt lat="38.83299691750811" lon="121.50802469676411">
        <ele>2.3439010800793767</ele>
        <time>2024-08-20T14:06:13Z</time>
        <extensions>
          <gpxtpx:TrackPointExtension>
            <gpxtpx:hr>134</gpxtpx:hr>
          </gpxtpx:TrackPointExtension>
        </extensions>
      </trkpt>
      <trkpt lat="38.832993438696015" lon="121.50802489765039">
        <ele>2.3462876761332154</ele>
        <time>2024-08-20T14:06:14Z</time>
        <extensions>
          <gpxtpx:TrackPointExtension>
            <gpxtpx:hr>134</gpxtpx:hr>
          </gpxtpx:TrackPointExtension>
        </extensions>
      </trkpt>
      <trkpt lat="38.83299136604331" lon="121.50802570908051">
        <ele>2.3484202111139894</ele>
        <time>2024-08-20T14:06:15Z</time>
        <extensions>
          <gpxtpx:TrackPointExtension>
            <gpxtpx:hr>134</gpxtpx:hr>
          </gpxtpx:TrackPointExtension>
        </extensions>
      </trkpt>
      <trkpt lat="38.83299042831669" lon="121.50802669194529">
        <ele>2.3502381863072515</ele>
        <time>2024-08-20T14:06:16Z</time>
        <extensions>
          <gpxtpx:TrackPointExtension>
            <gpxtpx:hr>134</gpxtpx:hr>
          </gpxtpx:TrackPointExtension>
        </extensions>
      </trkpt>
      <trkpt lat="38.83299026979512" lon="121.5080275906993">
        <ele>2.35174248740077</ele>
        <time>2024-08-20T14:06:17Z</time>
        <extensions>
          <gpxtpx:TrackPointExtension>
            <gpxtpx:hr>134</gpxtpx:hr>
          </gpxtpx:TrackPointExtension>
        </extensions>
      </trkpt>
      <trkpt lat="38.83299044683251" lon="121.5080283200442">
        <ele>2.3613219624385238</ele>
        <time>2024-08-20T14:06:18Z</time>
        <extensions>
          <gpxtpx:TrackPointExtension>
            <gpxtpx:hr>134</gpxtpx:hr>
          </gpxtpx:TrackPointExtension>
        </extensions>
      </trkpt>
      <trkpt lat="38.83299072615829" lon="121.50802885476915">
        <ele>2.3771354844793677</ele>
        <time>2024-08-20T14:06:19Z</time>
        <extensions>
          <gpxtpx:TrackPointExtension>
            <gpxtpx:hr>134</gpxtpx:hr>
          </gpxtpx:TrackPointExtension>
        </extensions>
      </trkpt>
      <trkpt lat="38.832991017973235" lon="121.50802922358035">
        <ele>2.3956513041630387</ele>
        <time>2024-08-20T14:06:20Z</time>
        <extensions>
          <gpxtpx:TrackPointExtension>
            <gpxtpx:hr>134</gpxtpx:hr>
          </gpxtpx:TrackPointExtension>
        </extensions>
      </trkpt>
      <trkpt lat="38.832991293287385" lon="121.50802945411178">
        <ele>2.410626085475087</ele>
        <time>2024-08-20T14:06:21Z</time>
        <extensions>
          <gpxtpx:TrackPointExtension>
            <gpxtpx:hr>134</gpxtpx:hr>
          </gpxtpx:TrackPointExtension>
        </extensions>
      </trkpt>
      <trkpt lat="38.83299156828052" lon="121.50802956981296">
        <ele>2.4233490638434887</ele>
        <time>2024-08-20T14:06:22Z</time>
        <extensions>
          <gpxtpx:TrackPointExtension>
            <gpxtpx:hr>134</gpxtpx:hr>
          </gpxtpx:TrackPointExtension>
        </extensions>
      </trkpt>
      <trkpt lat="38.83299185477468" lon="121.50802960206275">
        <ele>2.4442907301709056</ele>
        <time>2024-08-20T14:06:23Z</time>
        <extensions>
          <gpxtpx:TrackPointExtension>
            <gpxtpx:hr>134</gpxtpx:hr>
          </gpxtpx:TrackPointExtension>
        </extensions>
      </trkpt>
      <trkpt lat="38.83299217425224" lon="121.50802957098993">
        <ele>2.473916720598936</ele>
        <time>2024-08-20T14:06:24Z</time>
        <extensions>
          <gpxtpx:TrackPointExtension>
            <gpxtpx:hr>129</gpxtpx:hr>
          </gpxtpx:TrackPointExtension>
        </extensions>
      </trkpt>
      <trkpt lat="38.83299255217676" lon="121.50802947496288">
        <ele>2.5094714891165495</ele>
        <time>2024-08-20T14:06:25Z</time>
        <extensions>
          <gpxtpx:TrackPointExtension>
            <gpxtpx:hr>129</gpxtpx:hr>
          </gpxtpx:TrackPointExtension>
        </extensions>
      </trkpt>
      <trkpt lat="38.832993059599026" lon="121.50802926496694">
        <ele>2.5453139981254935</ele>
        <time>2024-08-20T14:06:26Z</time>
        <extensions>
          <gpxtpx:TrackPointExtension>
            <gpxtpx:hr>129</gpxtpx:hr>
          </gpxtpx:TrackPointExtension>
        </extensions>
      </trkpt>
      <trkpt lat="38.83299374262122" lon="121.50802889369031">
        <ele>2.581217275932431</ele>
        <time>2024-08-20T14:06:27Z</time>
        <extensions>
          <gpxtpx:TrackPointExtension>
            <gpxtpx:hr>129</gpxtpx:hr>
          </gpxtpx:TrackPointExtension>
        </extensions>
      </trkpt>
      <trkpt lat="38.83299468661117" lon="121.508028199174">
        <ele>2.6191655164584517</ele>
        <time>2024-08-20T14:06:28Z</time>
        <extensions>
          <gpxtpx:TrackPointExtension>
            <gpxtpx:hr>129</gpxtpx:hr>
          </gpxtpx:TrackPointExtension>
        </extensions>
      </trkpt>
      <trkpt lat="38.832995977234496" lon="121.50802698143843">
        <ele>2.657259381376207</ele>
        <time>2024-08-20T14:06:29Z</time>
        <extensions>
          <gpxtpx:TrackPointExtension>
            <gpxtpx:hr>129</gpxtpx:hr>
          </gpxtpx:TrackPointExtension>
        </extensions>
      </trkpt>
      <trkpt lat="38.83299754454132" lon="121.50802516634404">
        <ele>2.691565881483257</ele>
        <time>2024-08-20T14:06:30Z</time>
        <extensions>
          <gpxtpx:TrackPointExtension>
            <gpxtpx:hr>129</gpxtpx:hr>
          </gpxtpx:TrackPointExtension>
        </extensions>
      </trkpt>
      <trkpt lat="38.83299933812962" lon="121.50802274304964">
        <ele>2.725935493595898</ele>
        <time>2024-08-20T14:06:31Z</time>
        <extensions>
          <gpxtpx:TrackPointExtension>
            <gpxtpx:hr>129</gpxtpx:hr>
          </gpxtpx:TrackPointExtension>
        </extensions>
      </trkpt>
      <trkpt lat="38.83300137081348" lon="121.50801978930481">
        <ele>2.759462233632803</ele>
        <time>2024-08-20T14:06:32Z</time>
        <extensions>
          <gpxtpx:TrackPointExtension>
            <gpxtpx:hr>129</gpxtpx:hr>
          </gpxtpx:TrackPointExtension>
        </extensions>
      </trkpt>
      <trkpt lat="38.83300359889582" lon="121.50801638519687">
        <ele>2.7851832984015346</ele>
        <time>2024-08-20T14:06:33Z</time>
        <extensions>
          <gpxtpx:TrackPointExtension>
            <gpxtpx:hr>128</gpxtpx:hr>
          </gpxtpx:TrackPointExtension>
        </extensions>
      </trkpt>
      <trkpt lat="38.83300593590544" lon="121.50801267772466">
        <ele>2.8028960498049855</ele>
        <time>2024-08-20T14:06:34Z</time>
        <extensions>
          <gpxtpx:TrackPointExtension>
            <gpxtpx:hr>128</gpxtpx:hr>
          </gpxtpx:TrackPointExtension>
        </extensions>
      </trkpt>
      <trkpt lat="38.83300832162753" lon="121.5080087747787">
        <ele>2.8250240050256252</ele>
        <time>2024-08-20T14:06:35Z</time>
        <extensions>
          <gpxtpx:TrackPointExtension>
            <gpxtpx:hr>128</gpxtpx:hr>
          </gpxtpx:TrackPointExtension>
        </extensions>
      </trkpt>
      <trkpt lat="38.833010774672616" lon="121.50800471205184">
        <ele>2.8452475471422076</ele>
        <time>2024-08-20T14:06:36Z</time>
        <extensions>
          <gpxtpx:TrackPointExtension>
            <gpxtpx:hr>128</gpxtpx:hr>
          </gpxtpx:TrackPointExtension>
        </extensions>
      </trkpt>
      <trkpt lat="38.83301339615988" lon="121.50800067358237">
        <ele>2.8708345368504524</ele>
        <time>2024-08-20T14:06:37Z</time>
        <extensions>
          <gpxtpx:TrackPointExtension>
            <gpxtpx:hr>128</gpxtpx:hr>
          </gpxtpx:TrackPointExtension>
        </extensions>
      </trkpt>
      <trkpt lat="38.83301628328662" lon="121.50799684109968">
        <ele>2.893975166603923</ele>
        <time>2024-08-20T14:06:38Z</time>
        <extensions>
          <gpxtpx:TrackPointExtension>
            <gpxtpx:hr>128</gpxtpx:hr>
          </gpxtpx:TrackPointExtension>
        </extensions>
      </trkpt>
      <trkpt lat="38.83301951769946" lon="121.50799333116294">
        <ele>2.9232080867514014</ele>
        <time>2024-08-20T14:06:39Z</time>
        <extensions>
          <gpxtpx:TrackPointExtension>
            <gpxtpx:hr>136</gpxtpx:hr>
          </gpxtpx:TrackPointExtension>
        </extensions>
      </trkpt>
      <trkpt lat="38.83302308993531" lon="121.50799016236483">
        <ele>2.9590546982362866</ele>
        <time>2024-08-20T14:06:40Z</time>
        <extensions>
          <gpxtpx:TrackPointExtension>
            <gpxtpx:hr>136</gpxtpx:hr>
          </gpxtpx:TrackPointExtension>
        </extensions>
      </trkpt>
      <trkpt lat="38.833026951509574" lon="121.5079872692726">
        <ele>2.9967622542753816</ele>
        <time>2024-08-20T14:06:41Z</time>
        <extensions>
          <gpxtpx:TrackPointExtension>
            <gpxtpx:hr>136</gpxtpx:hr>
          </gpxtpx:TrackPointExtension>
        </extensions>
      </trkpt>
      <trkpt lat="38.83303106492943" lon="121.50798449440492">
        <ele>3.0347904060035944</ele>
        <time>2024-08-20T14:06:42Z</time>
        <extensions>
          <gpxtpx:TrackPointExtension>
            <gpxtpx:hr>136</gpxtpx:hr>
          </gpxtpx:TrackPointExtension>
        </extensions>
      </trkpt>
      <trkpt lat="38.83303538807967" lon="121.50798156337748">
        <ele>3.070421245880425</ele>
        <time>2024-08-20T14:06:43Z</time>
        <extensions>
          <gpxtpx:TrackPointExtension>
            <gpxtpx:hr>136</gpxtpx:hr>
          </gpxtpx:TrackPointExtension>
        </extensions>
      </trkpt>
      <trkpt lat="38.833039841981844" lon="121.50797808223889">
        <ele>3.101565046235919</ele>
        <time>2024-08-20T14:06:44Z</time>
        <extensions>
          <gpxtpx:TrackPointExtension>
            <gpxtpx:hr>136</gpxtpx:hr>
          </gpxtpx:TrackPointExtension>
        </extensions>
      </trkpt>
      <trkpt lat="38.833044328801655" lon="121.50797367945574">
        <ele>3.1264924043789506</ele>
        <time>2024-08-20T14:06:45Z</time>
        <extensions>
          <gpxtpx:TrackPointExtension>
            <gpxtpx:hr>136</gpxtpx:hr>
          </gpxtpx:TrackPointExtension>
        </extensions>
      </trkpt>
      <trkpt lat="38.8330488031321" lon="121.50796810425433">
        <ele>3.154195378534496</ele>
        <time>2024-08-20T14:06:46Z</time>
        <extensions>
          <gpxtpx:TrackPointExtension>
            <gpxtpx:hr>135</gpxtpx:hr>
          </gpxtpx:TrackPointExtension>
        </extensions>
      </trkpt>
      <trkpt lat="38.83305321776263" lon="121.5079612721041">
        <ele>3.1820778297260404</ele>
        <time>2024-08-20T14:06:47Z</time>
        <extensions>
          <gpxtpx:TrackPointExtension>
            <gpxtpx:hr>135</gpxtpx:hr>
          </gpxtpx:TrackPointExtension>
        </extensions>
      </trkpt>
      <trkpt lat="38.83305740911236" lon="121.50795345305576">
        <ele>3.205791567452252</ele>
        <time>2024-08-20T14:06:48Z</time>
        <extensions>
          <gpxtpx:TrackPointExtension>
            <gpxtpx:hr>135</gpxtpx:hr>
          </gpxtpx:TrackPointExtension>
        </extensions>
      </trkpt>
      <trkpt lat="38.83306127195826" lon="121.50794517434032">
        <ele>3.225699260830879</ele>
        <time>2024-08-20T14:06:49Z</time>
        <extensions>
          <gpxtpx:TrackPointExtension>
            <gpxtpx:hr>135</gpxtpx:hr>
          </gpxtpx:TrackPointExtension>
        </extensions>
      </trkpt>
      <trkpt lat="38.83306487022977" lon="121.50793662731185">
        <ele>3.2448476245626807</ele>
        <time>2024-08-20T14:06:50Z</time>
        <extensions>
          <gpxtpx:TrackPointExtension>
            <gpxtpx:hr>135</gpxtpx:hr>
          </gpxtpx:TrackPointExtension>
        </extensions>
      </trkpt>
      <trkpt lat="38.83306825491801" lon="121.50792782371354">
        <ele>3.254282576031983</ele>
        <time>2024-08-20T14:06:51Z</time>
        <extensions>
          <gpxtpx:TrackPointExtension>
            <gpxtpx:hr>132</gpxtpx:hr>
          </gpxtpx:TrackPointExtension>
        </extensions>
      </trkpt>
      <trkpt lat="38.833071462791516" lon="121.5079192596461">
        <ele>3.274102664552629</ele>
        <time>2024-08-20T14:06:52Z</time>
        <extensions>
          <gpxtpx:TrackPointExtension>
            <gpxtpx:hr>132</gpxtpx:hr>
          </gpxtpx:TrackPointExtension>
        </extensions>
      </trkpt>
      <trkpt lat="38.83307446823192" lon="121.50791149374972">
        <ele>3.2915442613884807</ele>
        <time>2024-08-20T14:06:53Z</time>
        <extensions>
          <gpxtpx:TrackPointExtension>
            <gpxtpx:hr>132</gpxtpx:hr>
          </gpxtpx:TrackPointExtension>
        </extensions>
      </trkpt>
      <trkpt lat="38.83307747819006" lon="121.50790469152237">
        <ele>3.3039835235103965</ele>
        <time>2024-08-20T14:06:54Z</time>
        <extensions>
          <gpxtpx:TrackPointExtension>
            <gpxtpx:hr>131</gpxtpx:hr>
          </gpxtpx:TrackPointExtension>
        </extensions>
      </trkpt>
      <trkpt lat="38.83308054443554" lon="121.50789878987166">
        <ele>3.3109256280586123</ele>
        <time>2024-08-20T14:06:55Z</time>
        <extensions>
          <gpxtpx:TrackPointExtension>
            <gpxtpx:hr>131</gpxtpx:hr>
          </gpxtpx:TrackPointExtension>
        </extensions>
      </trkpt>
      <trkpt lat="38.833083565491215" lon="121.50789357466859">
        <ele>3.3157887291163206</ele>
        <time>2024-08-20T14:06:56Z</time>
        <extensions>
          <gpxtpx:TrackPointExtension>
            <gpxtpx:hr>131</gpxtpx:hr>
          </gpxtpx:TrackPointExtension>
        </extensions>
      </trkpt>
      <trkpt lat="38.83308636558431" lon="121.50788884954684">
        <ele>3.3122949423268437</ele>
        <time>2024-08-20T14:06:57Z</time>
        <extensions>
          <gpxtpx:TrackPointExtension>
            <gpxtpx:hr>131</gpxtpx:hr>
          </gpxtpx:TrackPointExtension>
        </extensions>
      </trkpt>
      <trkpt lat="38.83308878476914" lon="121.50788454428306">
        <ele>3.296932785771787</ele>
        <time>2024-08-20T14:06:58Z</time>
        <extensions>
          <gpxtpx:TrackPointExtension>
            <gpxtpx:hr>131</gpxtpx:hr>
          </gpxtpx:TrackPointExtension>
        </extensions>
      </trkpt>
      <trkpt lat="38.83309072456735" lon="121.50788087918792">
        <ele>3.2820501094684005</ele>
        <time>2024-08-20T14:06:59Z</time>
        <extensions>
          <gpxtpx:TrackPointExtension>
            <gpxtpx:hr>131</gpxtpx:hr>
          </gpxtpx:TrackPointExtension>
        </extensions>
      </trkpt>
      <trkpt lat="38.83309215717399" lon="121.50787838488064">
        <ele>3.2610878897830844</ele>
        <time>2024-08-20T14:07:00Z</time>
        <extensions>
          <gpxtpx:TrackPointExtension>
            <gpxtpx:hr>131</gpxtpx:hr>
          </gpxtpx:TrackPointExtension>
        </extensions>
      </trkpt>
      <trkpt lat="38.83309318870338" lon="121.50787749804985">
        <ele>3.241676271893084</ele>
        <time>2024-08-20T14:07:01Z</time>
        <extensions>
          <gpxtpx:TrackPointExtension>
            <gpxtpx:hr>131</gpxtpx:hr>
          </gpxtpx:TrackPointExtension>
        </extensions>
      </trkpt>
      <trkpt lat="38.83309376913716" lon="121.50787813865848">
        <ele>3.2236412800848484</ele>
        <time>2024-08-20T14:07:02Z</time>
        <extensions>
          <gpxtpx:TrackPointExtension>
            <gpxtpx:hr>126</gpxtpx:hr>
          </gpxtpx:TrackPointExtension>
        </extensions>
      </trkpt>
      <trkpt lat="38.83309460028963" lon="121.50787936694482">
        <ele>3.2083541490137577</ele>
        <time>2024-08-20T14:07:03Z</time>
        <extensions>
          <gpxtpx:TrackPointExtension>
            <gpxtpx:hr>126</gpxtpx:hr>
          </gpxtpx:TrackPointExtension>
        </extensions>
      </trkpt>
      <trkpt lat="38.83309629198511" lon="121.50788046741624">
        <ele>3.192611644975841</ele>
        <time>2024-08-20T14:07:04Z</time>
        <extensions>
          <gpxtpx:TrackPointExtension>
            <gpxtpx:hr>126</gpxtpx:hr>
          </gpxtpx:TrackPointExtension>
        </extensions>
      </trkpt>
      <trkpt lat="38.83309841746975" lon="121.5078814220847">
        <ele>3.140027944929898</ele>
        <time>2024-08-20T14:07:05Z</time>
        <extensions>
          <gpxtpx:TrackPointExtension>
            <gpxtpx:hr>126</gpxtpx:hr>
          </gpxtpx:TrackPointExtension>
        </extensions>
      </trkpt>
      <trkpt lat="38.833100623476476" lon="121.50788223813767">
        <ele>3.0886771474033594</ele>
        <time>2024-08-20T14:07:06Z</time>
        <extensions>
          <gpxtpx:TrackPointExtension>
            <gpxtpx:hr>126</gpxtpx:hr>
          </gpxtpx:TrackPointExtension>
        </extensions>
      </trkpt>
      <trkpt lat="38.83310285037928" lon="121.50788285083534">
        <ele>3.020071185193956</ele>
        <time>2024-08-20T14:07:07Z</time>
        <extensions>
          <gpxtpx:TrackPointExtension>
            <gpxtpx:hr>126</gpxtpx:hr>
          </gpxtpx:TrackPointExtension>
        </extensions>
      </trkpt>
      <trkpt lat="38.83310490856631" lon="121.50788323789722">
        <ele>2.9597709076479077</ele>
        <time>2024-08-20T14:07:08Z</time>
        <extensions>
          <gpxtpx:TrackPointExtension>
            <gpxtpx:hr>126</gpxtpx:hr>
          </gpxtpx:TrackPointExtension>
        </extensions>
      </trkpt>
      <trkpt lat="38.83310665551889" lon="121.50788354682973">
        <ele>2.9030575463548303</ele>
        <time>2024-08-20T14:07:09Z</time>
        <extensions>
          <gpxtpx:TrackPointExtension>
            <gpxtpx:hr>126</gpxtpx:hr>
          </gpxtpx:TrackPointExtension>
        </extensions>
      </trkpt>
      <trkpt lat="38.83310809728271" lon="121.5078838563663">
        <ele>2.841265988536179</ele>
        <time>2024-08-20T14:07:10Z</time>
        <extensions>
          <gpxtpx:TrackPointExtension>
            <gpxtpx:hr>126</gpxtpx:hr>
          </gpxtpx:TrackPointExtension>
        </extensions>
      </trkpt>
      <trkpt lat="38.83310925650579" lon="121.50788416571804">
        <ele>2.7872891100123525</ele>
        <time>2024-08-20T14:07:11Z</time>
        <extensions>
          <gpxtpx:TrackPointExtension>
            <gpxtpx:hr>126</gpxtpx:hr>
          </gpxtpx:TrackPointExtension>
        </extensions>
      </trkpt>
      <trkpt lat="38.833110121541736" lon="121.50788442581339">
        <ele>2.7428722493350506</ele>
        <time>2024-08-20T14:07:12Z</time>
        <extensions>
          <gpxtpx:TrackPointExtension>
            <gpxtpx:hr>124</gpxtpx:hr>
          </gpxtpx:TrackPointExtension>
        </extensions>
      </trkpt>
      <trkpt lat="38.833110491087105" lon="121.50788465050258">
        <ele>2.712355924770236</ele>
        <time>2024-08-20T14:07:13Z</time>
        <extensions>
          <gpxtpx:TrackPointExtension>
            <gpxtpx:hr>124</gpxtpx:hr>
          </gpxtpx:TrackPointExtension>
        </extensions>
      </trkpt>
      <trkpt lat="38.83310999314621" lon="121.50788503220117">
        <ele>2.7022251868620515</ele>
        <time>2024-08-20T14:07:14Z</time>
        <extensions>
          <gpxtpx:TrackPointExtension>
            <gpxtpx:hr>124</gpxtpx:hr>
          </gpxtpx:TrackPointExtension>
        </extensions>
      </trkpt>
      <trkpt lat="38.83310867375761" lon="121.5078855891741">
        <ele>2.6940885949879885</ele>
        <time>2024-08-20T14:07:15Z</time>
        <extensions>
          <gpxtpx:TrackPointExtension>
            <gpxtpx:hr>124</gpxtpx:hr>
          </gpxtpx:TrackPointExtension>
        </extensions>
      </trkpt>
      <trkpt lat="38.833107279089305" lon="121.50788613648206">
        <ele>2.6890575839206576</ele>
        <time>2024-08-20T14:07:16Z</time>
        <extensions>
          <gpxtpx:TrackPointExtension>
            <gpxtpx:hr>124</gpxtpx:hr>
          </gpxtpx:TrackPointExtension>
        </extensions>
      </trkpt>
      <trkpt lat="38.83310588500299" lon="121.50788670870797">
        <ele>2.6988754216581583</ele>
        <time>2024-08-20T14:07:17Z</time>
        <extensions>
          <gpxtpx:TrackPointExtension>
            <gpxtpx:hr>124</gpxtpx:hr>
          </gpxtpx:TrackPointExtension>
        </extensions>
      </trkpt>
      <trkpt lat="38.83310480022635" lon="121.50788746136352">
        <ele>2.730675794184208</ele>
        <time>2024-08-20T14:07:18Z</time>
        <extensions>
          <gpxtpx:TrackPointExtension>
            <gpxtpx:hr>122</gpxtpx:hr>
          </gpxtpx:TrackPointExtension>
        </extensions>
      </trkpt>
      <trkpt lat="38.83310482266524" lon="121.50788844986987">
        <ele>2.7702713599428535</ele>
        <time>2024-08-20T14:07:19Z</time>
        <extensions>
          <gpxtpx:TrackPointExtension>
            <gpxtpx:hr>122</gpxtpx:hr>
          </gpxtpx:TrackPointExtension>
        </extensions>
      </trkpt>
      <trkpt lat="38.83310588375592" lon="121.50788977702156">
        <ele>2.815881412476301</ele>
        <time>2024-08-20T14:07:20Z</time>
        <extensions>
          <gpxtpx:TrackPointExtension>
            <gpxtpx:hr>122</gpxtpx:hr>
          </gpxtpx:TrackPointExtension>
        </extensions>
      </trkpt>
      <trkpt lat="38.83310779163633" lon="121.50789151512902">
        <ele>2.8696061270311475</ele>
        <time>2024-08-20T14:07:21Z</time>
        <extensions>
          <gpxtpx:TrackPointExtension>
            <gpxtpx:hr>122</gpxtpx:hr>
          </gpxtpx:TrackPointExtension>
        </extensions>
      </trkpt>
      <trkpt lat="38.833110410574484" lon="121.50789374282648">
        <ele>2.9375586984679103</ele>
        <time>2024-08-20T14:07:22Z</time>
        <extensions>
          <gpxtpx:TrackPointExtension>
            <gpxtpx:hr>122</gpxtpx:hr>
          </gpxtpx:TrackPointExtension>
        </extensions>
      </trkpt>
      <trkpt lat="38.83311347720323" lon="121.5078965680377">
        <ele>3.012474562972784</ele>
        <time>2024-08-20T14:07:23Z</time>
        <extensions>
          <gpxtpx:TrackPointExtension>
            <gpxtpx:hr>122</gpxtpx:hr>
          </gpxtpx:TrackPointExtension>
        </extensions>
      </trkpt>
      <trkpt lat="38.83311668969004" lon="121.5079000292884">
        <ele>3.090942154638469</ele>
        <time>2024-08-20T14:07:24Z</time>
        <extensions>
          <gpxtpx:TrackPointExtension>
            <gpxtpx:hr>122</gpxtpx:hr>
          </gpxtpx:TrackPointExtension>
        </extensions>
      </trkpt>
      <trkpt lat="38.833119857808654" lon="121.50790376897612">
        <ele>3.1676960978657007</ele>
        <time>2024-08-20T14:07:25Z</time>
        <extensions>
          <gpxtpx:TrackPointExtension>
            <gpxtpx:hr>122</gpxtpx:hr>
          </gpxtpx:TrackPointExtension>
        </extensions>
      </trkpt>
      <trkpt lat="38.83312265558072" lon="121.50790715977521">
        <ele>3.2391007700935006</ele>
        <time>2024-08-20T14:07:26Z</time>
        <extensions>
          <gpxtpx:TrackPointExtension>
            <gpxtpx:hr>122</gpxtpx:hr>
          </gpxtpx:TrackPointExtension>
        </extensions>
      </trkpt>
      <trkpt lat="38.83312541440645" lon="121.50791015349186">
        <ele>3.314059709198773</ele>
        <time>2024-08-20T14:07:27Z</time>
        <extensions>
          <gpxtpx:TrackPointExtension>
            <gpxtpx:hr>122</gpxtpx:hr>
          </gpxtpx:TrackPointExtension>
        </extensions>
      </trkpt>
      <trkpt lat="38.83312922555544" lon="121.50791339248795">
        <ele>3.3774885619059205</ele>
        <time>2024-08-20T14:07:28Z</time>
        <extensions>
          <gpxtpx:TrackPointExtension>
            <gpxtpx:hr>122</gpxtpx:hr>
          </gpxtpx:TrackPointExtension>
        </extensions>
      </trkpt>
      <trkpt lat="38.83313440578133" lon="121.50791699902115">
        <ele>3.4409327590838075</ele>
        <time>2024-08-20T14:07:29Z</time>
        <extensions>
          <gpxtpx:TrackPointExtension>
            <gpxtpx:hr>122</gpxtpx:hr>
          </gpxtpx:TrackPointExtension>
        </extensions>
      </trkpt>
      <trkpt lat="38.83314051784224" lon="121.50792063136137">
        <ele>3.4966700356453657</ele>
        <time>2024-08-20T14:07:30Z</time>
        <extensions>
          <gpxtpx:TrackPointExtension>
            <gpxtpx:hr>122</gpxtpx:hr>
          </gpxtpx:TrackPointExtension>
        </extensions>
      </trkpt>
      <trkpt lat="38.83314672716264" lon="121.5079235741304">
        <ele>3.547765452414751</ele>
        <time>2024-08-20T14:07:31Z</time>
        <extensions>
          <gpxtpx:TrackPointExtension>
            <gpxtpx:hr>122</gpxtpx:hr>
          </gpxtpx:TrackPointExtension>
        </extensions>
      </trkpt>
      <trkpt lat="38.83315211318804" lon="121.5079254538821">
        <ele>3.583431069739163</ele>
        <time>2024-08-20T14:07:32Z</time>
        <extensions>
          <gpxtpx:TrackPointExtension>
            <gpxtpx:hr>122</gpxtpx:hr>
          </gpxtpx:TrackPointExtension>
        </extensions>
      </trkpt>
      <trkpt lat="38.83315726133932" lon="121.50792643480112">
        <ele>3.607474908232689</ele>
        <time>2024-08-20T14:07:33Z</time>
        <extensions>
          <gpxtpx:TrackPointExtension>
            <gpxtpx:hr>122</gpxtpx:hr>
          </gpxtpx:TrackPointExtension>
        </extensions>
      </trkpt>
      <trkpt lat="38.83316248748114" lon="121.50792682768754">
        <ele>3.6243414944037795</ele>
        <time>2024-08-20T14:07:34Z</time>
        <extensions>
          <gpxtpx:TrackPointExtension>
            <gpxtpx:hr>120</gpxtpx:hr>
          </gpxtpx:TrackPointExtension>
        </extensions>
      </trkpt>
      <trkpt lat="38.83316715528029" lon="121.507926884136">
        <ele>3.6346625136211514</ele>
        <time>2024-08-20T14:07:35Z</time>
        <extensions>
          <gpxtpx:TrackPointExtension>
            <gpxtpx:hr>120</gpxtpx:hr>
          </gpxtpx:TrackPointExtension>
        </extensions>
      </trkpt>
      <trkpt lat="38.833170784101036" lon="121.50792736431593">
        <ele>3.647005293518305</ele>
        <time>2024-08-20T14:07:36Z</time>
        <extensions>
          <gpxtpx:TrackPointExtension>
            <gpxtpx:hr>120</gpxtpx:hr>
          </gpxtpx:TrackPointExtension>
        </extensions>
      </trkpt>
      <trkpt lat="38.833173122334145" lon="121.50792907664837">
        <ele>3.6489326804876328</ele>
        <time>2024-08-20T14:07:37Z</time>
        <extensions>
          <gpxtpx:TrackPointExtension>
            <gpxtpx:hr>120</gpxtpx:hr>
          </gpxtpx:TrackPointExtension>
        </extensions>
      </trkpt>
      <trkpt lat="38.83317392940268" lon="121.50793274152687">
        <ele>3.6573664769530296</ele>
        <time>2024-08-20T14:07:38Z</time>
        <extensions>
          <gpxtpx:TrackPointExtension>
            <gpxtpx:hr>119</gpxtpx:hr>
          </gpxtpx:TrackPointExtension>
        </extensions>
      </trkpt>
      <trkpt lat="38.833173043542395" lon="121.50793934935005">
        <ele>3.669233024120331</ele>
        <time>2024-08-20T14:07:39Z</time>
        <extensions>
          <gpxtpx:TrackPointExtension>
            <gpxtpx:hr>119</gpxtpx:hr>
          </gpxtpx:TrackPointExtension>
        </extensions>
      </trkpt>
      <trkpt lat="38.833170378619656" lon="121.50795004424012">
        <ele>3.6933317072689533</ele>
        <time>2024-08-20T14:07:40Z</time>
        <extensions>
          <gpxtpx:TrackPointExtension>
            <gpxtpx:hr>119</gpxtpx:hr>
          </gpxtpx:TrackPointExtension>
        </extensions>
      </trkpt>
      <trkpt lat="38.83316598482049" lon="121.50796579443686">
        <ele>3.729936571791768</ele>
        <time>2024-08-20T14:07:41Z</time>
        <extensions>
          <gpxtpx:TrackPointExtension>
            <gpxtpx:hr>119</gpxtpx:hr>
          </gpxtpx:TrackPointExtension>
        </extensions>
      </trkpt>
      <trkpt lat="38.833160395962544" lon="121.50798722474072">
        <ele>3.7735651284456253</ele>
        <time>2024-08-20T14:07:42Z</time>
        <extensions>
          <gpxtpx:TrackPointExtension>
            <gpxtpx:hr>118</gpxtpx:hr>
          </gpxtpx:TrackPointExtension>
        </extensions>
      </trkpt>
      <trkpt lat="38.83315440134674" lon="121.50801422211111">
        <ele>3.8345446633175015</ele>
        <time>2024-08-20T14:07:43Z</time>
        <extensions>
          <gpxtpx:TrackPointExtension>
            <gpxtpx:hr>118</gpxtpx:hr>
          </gpxtpx:TrackPointExtension>
        </extensions>
      </trkpt>
      <trkpt lat="38.83315051749415" lon="121.50804595130471">
        <ele>3.910757439211011</ele>
        <time>2024-08-20T14:07:44Z</time>
        <extensions>
          <gpxtpx:TrackPointExtension>
            <gpxtpx:hr>118</gpxtpx:hr>
          </gpxtpx:TrackPointExtension>
        </extensions>
      </trkpt>
      <trkpt lat="38.83315249594943" lon="121.50808211848985">
        <ele>4.008624808862805</ele>
        <time>2024-08-20T14:07:45Z</time>
        <extensions>
          <gpxtpx:TrackPointExtension>
            <gpxtpx:hr>118</gpxtpx:hr>
          </gpxtpx:TrackPointExtension>
        </extensions>
      </trkpt>
      <trkpt lat="38.83316298889849" lon="121.50812087654977">
        <ele>4.123174388892949</ele>
        <time>2024-08-20T14:07:46Z</time>
        <extensions>
          <gpxtpx:TrackPointExtension>
            <gpxtpx:hr>118</gpxtpx:hr>
          </gpxtpx:TrackPointExtension>
        </extensions>
      </trkpt>
      <trkpt lat="38.833183265933386" lon="121.50815842425622">
        <ele>4.260905995965004</ele>
        <time>2024-08-20T14:07:47Z</time>
        <extensions>
          <gpxtpx:TrackPointExtension>
            <gpxtpx:hr>115</gpxtpx:hr>
          </gpxtpx:TrackPointExtension>
        </extensions>
      </trkpt>
      <trkpt lat="38.83321309784376" lon="121.50819303642832">
        <ele>4.420712837018073</ele>
        <time>2024-08-20T14:07:48Z</time>
        <extensions>
          <gpxtpx:TrackPointExtension>
            <gpxtpx:hr>115</gpxtpx:hr>
          </gpxtpx:TrackPointExtension>
        </extensions>
      </trkpt>
      <trkpt lat="38.83325120028731" lon="121.50822578467574">
        <ele>4.560431724414229</ele>
        <time>2024-08-20T14:07:49Z</time>
        <extensions>
          <gpxtpx:TrackPointExtension>
            <gpxtpx:hr>115</gpxtpx:hr>
          </gpxtpx:TrackPointExtension>
        </extensions>
      </trkpt>
      <trkpt lat="38.83329653235952" lon="121.50825924008498">
        <ele>4.710499253123999</ele>
        <time>2024-08-20T14:07:50Z</time>
        <extensions>
          <gpxtpx:TrackPointExtension>
            <gpxtpx:hr>115</gpxtpx:hr>
          </gpxtpx:TrackPointExtension>
        </extensions>
      </trkpt>
      <trkpt lat="38.83334809055881" lon="121.50829589706632">
        <ele>4.869130495004356</ele>
        <time>2024-08-20T14:07:51Z</time>
        <extensions>
          <gpxtpx:TrackPointExtension>
            <gpxtpx:hr>115</gpxtpx:hr>
          </gpxtpx:TrackPointExtension>
        </extensions>
      </trkpt>
      <trkpt lat="38.83340432613671" lon="121.50833673894772">
        <ele>5.034433768130839</ele>
        <time>2024-08-20T14:07:52Z</time>
        <extensions>
          <gpxtpx:TrackPointExtension>
            <gpxtpx:hr>115</gpxtpx:hr>
          </gpxtpx:TrackPointExtension>
        </extensions>
      </trkpt>
      <trkpt lat="38.83346348895927" lon="121.50838105464302">
        <ele>5.204546503722668</ele>
        <time>2024-08-20T14:07:53Z</time>
        <extensions>
          <gpxtpx:TrackPointExtension>
            <gpxtpx:hr>115</gpxtpx:hr>
          </gpxtpx:TrackPointExtension>
        </extensions>
      </trkpt>
      <trkpt lat="38.83352455682458" lon="121.5084276616098">
        <ele>5.377690470777452</ele>
        <time>2024-08-20T14:07:54Z</time>
        <extensions>
          <gpxtpx:TrackPointExtension>
            <gpxtpx:hr>116</gpxtpx:hr>
          </gpxtpx:TrackPointExtension>
        </extensions>
      </trkpt>
      <trkpt lat="38.833587276420275" lon="121.50847556234008">
        <ele>5.55226728413254</ele>
        <time>2024-08-20T14:07:55Z</time>
        <extensions>
          <gpxtpx:TrackPointExtension>
            <gpxtpx:hr>116</gpxtpx:hr>
          </gpxtpx:TrackPointExtension>
        </extensions>
      </trkpt>
      <trkpt lat="38.83365160346185" lon="121.50852396456891">
        <ele>5.726998221129179</ele>
        <time>2024-08-20T14:07:56Z</time>
        <extensions>
          <gpxtpx:TrackPointExtension>
            <gpxtpx:hr>116</gpxtpx:hr>
          </gpxtpx:TrackPointExtension>
        </extensions>
      </trkpt>
      <trkpt lat="38.833717317840794" lon="121.50857259489385">
        <ele>5.901054066605866</ele>
        <time>2024-08-20T14:07:57Z</time>
        <extensions>
          <gpxtpx:TrackPointExtension>
            <gpxtpx:hr>116</gpxtpx:hr>
          </gpxtpx:TrackPointExtension>
        </extensions>
      </trkpt>
      <trkpt lat="38.83378385045688" lon="121.50862164521361">
        <ele>6.074181386269629</ele>
        <time>2024-08-20T14:07:58Z</time>
        <extensions>
          <gpxtpx:TrackPointExtension>
            <gpxtpx:hr>116</gpxtpx:hr>
          </gpxtpx:TrackPointExtension>
        </extensions>
      </trkpt>
    </trkseg>
  </trk>
</gpx>