<?xml version="1.0" encoding="UTF-8"?>
<gpx xmlns="http://www.topografix.com/GPX/1/1" xmlns:gpxtpx="http://www.garmin.com/xmlschemas/TrackPointExtension/v1" xmlns:xsi="http://www.w3.org/2001/XMLSchema-instance" xsi:schemaLocation="http://www.topografix.com/GPX/1/1 http://www.topografix.com/GPX/1/1/gpx.xsd" version="1.1" creator="gpx.py -- https://github.com/tkrajina/gpxpy">
  <trk>
    <name>gpx from keep</name>
    <type>Walk</type>
    <trkseg>
      <trkpt lat="38.83727895126142" lon="121.5112264471009">
        <ele>0</ele>
        <time>2025-08-20T06:32:10Z</time>
      </trkpt>
      <trkpt lat="38.837274874161935" lon="121.51123574532865">
        <ele>0</ele>
        <time>2025-08-20T06:32:10Z</time>
      </trkpt>
      <trkpt lat="38.8372708401506" lon="121.51124513863928">
        <ele>0</ele>
        <time>2025-08-20T06:32:11Z</time>
      </trkpt>
      <trkpt lat="38.83726681421266" lon="121.51125463283273">
        <ele>0</ele>
        <time>2025-08-20T06:32:12Z</time>
      </trkpt>
      <trkpt lat="38.83726280279981" lon="121.51126415676488">
        <ele>0</ele>
        <time>2025-08-20T06:32:13Z</time>
      </trkpt>
      <trkpt lat="38.8372588204206" lon="121.51127364877982">
        <ele>0</ele>
        <time>2025-08-20T06:32:14Z</time>
      </trkpt>
      <trkpt lat="38.83725486374509" lon="121.51128312423737">
        <ele>0</ele>
        <time>2025-08-20T06:32:15Z</time>
      </trkpt>
      <trkpt lat="38.8372509332548" lon="121.51129260147061">
        <ele>0</ele>
        <time>2025-08-20T06:32:16Z</time>
      </trkpt>
      <trkpt lat="38.837247031377935" lon="121.51130209945931">
        <ele>0</ele>
        <time>2025-08-20T06:32:17Z</time>
      </trkpt>
      <trkpt lat="38.837243167167486" lon="121.51131161713764">
        <ele>0</ele>
        <time>2025-08-20T06:32:18Z</time>
      </trkpt>
      <trkpt lat="38.83723936152529" lon="121.51132111166908">
        <ele>0</ele>
        <time>2025-08-20T06:32:19Z</time>
      </trkpt>
      <trkpt lat="38.83723560672284" lon="121.51133061663276">
        <ele>0</ele>
        <time>2025-08-20T06:32:20Z</time>
      </trkpt>
      <trkpt lat="38.83723190316408" lon="121.51134013258832">
        <ele>0</ele>
        <time>2025-08-20T06:32:21Z</time>
      </trkpt>
      <trkpt lat="38.83722824514265" lon="121.51134967274947">
        <ele>0</ele>
        <time>2025-08-20T06:32:22Z</time>
      </trkpt>
      <trkpt lat="38.83722461818666" lon="121.51135927302376">
        <ele>0</ele>
        <time>2025-08-20T06:32:23Z</time>
      </trkpt>
      <trkpt lat="38.837221020861435" lon="121.51136892790957">
        <ele>0</ele>
        <time>2025-08-20T06:32:24Z</time>
      </trkpt>
      <trkpt lat="38.8372174656187" lon="121.51137858895775">
        <ele>0</ele>
        <time>2025-08-20T06:32:25Z</time>
      </trkpt>
      <trkpt lat="38.837213720741886" lon="121.5113889416963">
        <ele>0</ele>
        <time>2025-08-20T06:32:26Z</time>
      </trkpt>
      <trkpt lat="38.83721010186063" lon="121.51139902544898">
        <ele>0</ele>
        <time>2025-08-20T06:32:27Z</time>
      </trkpt>
      <trkpt lat="38.83720659226931" lon="121.5114088794694">
        <ele>0</ele>
        <time>2025-08-20T06:32:28Z</time>
      </trkpt>
      <trkpt lat="38.837203183750866" lon="121.51141851805681">
        <ele>0</ele>
        <time>2025-08-20T06:32:29Z</time>
      </trkpt>
      <trkpt lat="38.837199885932584" lon="121.51142790254481">
        <ele>0</ele>
        <time>2025-08-20T06:32:30Z</time>
      </trkpt>
      <trkpt lat="38.837196823670496" lon="121.51143651715594">
        <ele>0</ele>
        <time>2025-08-20T06:32:31Z</time>
      </trkpt>
      <trkpt lat="38.83719384334108" lon="121.51144480262285">
        <ele>0</ele>
        <time>2025-08-20T06:32:32Z</time>
      </trkpt>
      <trkpt lat="38.83719099953147" lon="121.51145257079361">
        <ele>0</ele>
        <time>2025-08-20T06:32:33Z</time>
      </trkpt>
      <trkpt lat="38.83718829269986" lon="121.51145986515363">
        <ele>0</ele>
        <time>2025-08-20T06:32:34Z</time>
      </trkpt>
      <trkpt lat="38.83718581470288" lon="121.51146648694095">
        <ele>0</ele>
        <time>2025-08-20T06:32:35Z</time>
      </trkpt>
      <trkpt lat="38.83718381257589" lon="121.51147168251168">
        <ele>0</ele>
        <time>2025-08-20T06:32:36Z</time>
      </trkpt>
      <trkpt lat="38.83718235881074" lon="121.51147509168304">
        <ele>0</ele>
        <time>2025-08-20T06:32:37Z</time>
      </trkpt>
      <trkpt lat="38.837181204883386" lon="121.51147728154216">
        <ele>0</ele>
        <time>2025-08-20T06:32:38Z</time>
      </trkpt>
      <trkpt lat="38.837179721429465" lon="121.51148042426968">
        <ele>0</ele>
        <time>2025-08-20T06:32:39Z</time>
      </trkpt>
      <trkpt lat="38.837178254237045" lon="121.51148347715024">
        <ele>0</ele>
        <time>2025-08-20T06:32:40Z</time>
      </trkpt>
      <trkpt lat="38.837176660002854" lon="121.51148687271862">
        <ele>0</ele>
        <time>2025-08-20T06:32:41Z</time>
      </trkpt>
      <trkpt lat="38.83717507848421" lon="121.51148999408134">
        <ele>0</ele>
        <time>2025-08-20T06:32:42Z</time>
      </trkpt>
      <trkpt lat="38.837173381941696" lon="121.5114932442547">
        <ele>0</ele>
        <time>2025-08-20T06:32:43Z</time>
      </trkpt>
      <trkpt lat="38.837171614493094" lon="121.51149671180984">
        <ele>0</ele>
        <time>2025-08-20T06:32:44Z</time>
      </trkpt>
      <trkpt lat="38.83716985950328" lon="121.51150009168265">
        <ele>0</ele>
        <time>2025-08-20T06:32:45Z</time>
      </trkpt>
      <trkpt lat="38.83716812937637" lon="121.51150362592257">
        <ele>0</ele>
        <time>2025-08-20T06:32:46Z</time>
      </trkpt>
      <trkpt lat="38.837166271853995" lon="121.5115078086132">
        <ele>0</ele>
        <time>2025-08-20T06:32:47Z</time>
      </trkpt>
      <trkpt lat="38.83716420262731" lon="121.51151278369709">
        <ele>0</ele>
        <time>2025-08-20T06:32:48Z</time>
      </trkpt>
      <trkpt lat="38.83716211752442" lon="121.5115179381866">
        <ele>0</ele>
        <time>2025-08-20T06:32:49Z</time>
      </trkpt>
      <trkpt lat="38.837160042375785" lon="121.51152304506337">
        <ele>0</ele>
        <time>2025-08-20T06:32:50Z</time>
      </trkpt>
      <trkpt lat="38.837157756526935" lon="121.51152872513305">
        <ele>0</ele>
        <time>2025-08-20T06:32:51Z</time>
      </trkpt>
      <trkpt lat="38.83715501138961" lon="121.51153571761466">
        <ele>0</ele>
        <time>2025-08-20T06:32:52Z</time>
      </trkpt>
      <trkpt lat="38.837151753037354" lon="121.51154425979041">
        <ele>0</ele>
        <time>2025-08-20T06:32:53Z</time>
      </trkpt>
      <trkpt lat="38.83714812743685" lon="121.51155402531258">
        <ele>0</ele>
        <time>2025-08-20T06:32:54Z</time>
      </trkpt>
      <trkpt lat="38.83714426042283" lon="121.51156466780107">
        <ele>0</ele>
        <time>2025-08-20T06:32:55Z</time>
      </trkpt>
      <trkpt lat="38.83714019969502" lon="121.5115759109901">
        <ele>0</ele>
        <time>2025-08-20T06:32:56Z</time>
      </trkpt>
      <trkpt lat="38.83713590604124" lon="121.5115875658858">
        <ele>0</ele>
        <time>2025-08-20T06:32:57Z</time>
      </trkpt>
      <trkpt lat="38.8371314000683" lon="121.51159950290935">
        <ele>0</ele>
        <time>2025-08-20T06:32:58Z</time>
      </trkpt>
      <trkpt lat="38.83712669164546" lon="121.5116116386893">
        <ele>0</ele>
        <time>2025-08-20T06:32:59Z</time>
      </trkpt>
      <trkpt lat="38.83712181133703" lon="121.51162382127549">
        <ele>0</ele>
        <time>2025-08-20T06:33:00Z</time>
      </trkpt>
      <trkpt lat="38.83711675963475" lon="121.51163600890676">
        <ele>0</ele>
        <time>2025-08-20T06:33:01Z</time>
      </trkpt>
      <trkpt lat="38.83711154000922" lon="121.51164816470154">
        <ele>0</ele>
        <time>2025-08-20T06:33:02Z</time>
      </trkpt>
      <trkpt lat="38.83710614540409" lon="121.5116603076943">
        <ele>0</ele>
        <time>2025-08-20T06:33:03Z</time>
      </trkpt>
      <trkpt lat="38.8371005954185" lon="121.5116723527144">
        <ele>0</ele>
        <time>2025-08-20T06:33:04Z</time>
      </trkpt>
      <trkpt lat="38.83709487926283" lon="121.51168428880771">
        <ele>0</ele>
        <time>2025-08-20T06:33:05Z</time>
      </trkpt>
      <trkpt lat="38.83708908608113" lon="121.51169613757068">
        <ele>0</ele>
        <time>2025-08-20T06:33:06Z</time>
      </trkpt>
      <trkpt lat="38.83708240603354" lon="121.51170821544729">
        <ele>0</ele>
        <time>2025-08-20T06:33:07Z</time>
      </trkpt>
      <trkpt lat="38.83707584131423" lon="121.51172021713894">
        <ele>0</ele>
        <time>2025-08-20T06:33:08Z</time>
      </trkpt>
      <trkpt lat="38.83706940627326" lon="121.51173221886813">
        <ele>0</ele>
        <time>2025-08-20T06:33:09Z</time>
      </trkpt>
      <trkpt lat="38.83706312873406" lon="121.51174324349259">
        <ele>0</ele>
        <time>2025-08-20T06:33:10Z</time>
      </trkpt>
      <trkpt lat="38.83705694487043" lon="121.51175580349833">
        <ele>0</ele>
        <time>2025-08-20T06:33:11Z</time>
      </trkpt>
      <trkpt lat="38.837051092613514" lon="121.51176857235923">
        <ele>0</ele>
        <time>2025-08-20T06:33:12Z</time>
      </trkpt>
      <trkpt lat="38.83704583434393" lon="121.51178156743993">
        <ele>0</ele>
        <time>2025-08-20T06:33:13Z</time>
      </trkpt>
      <trkpt lat="38.83704147391299" lon="121.51179477198724">
        <ele>0</ele>
        <time>2025-08-20T06:33:14Z</time>
      </trkpt>
      <trkpt lat="38.83703840892549" lon="121.51180814608149">
        <ele>0</ele>
        <time>2025-08-20T06:33:15Z</time>
      </trkpt>
      <trkpt lat="38.83703711459769" lon="121.51182157773151">
        <ele>0</ele>
        <time>2025-08-20T06:33:16Z</time>
      </trkpt>
      <trkpt lat="38.837038160545575" lon="121.5118348822418">
        <ele>0</ele>
        <time>2025-08-20T06:33:17Z</time>
      </trkpt>
      <trkpt lat="38.83704158294221" lon="121.51184808421198">
        <ele>0</ele>
        <time>2025-08-20T06:33:18Z</time>
      </trkpt>
      <trkpt lat="38.83704683466351" lon="121.51186134624797">
        <ele>0</ele>
        <time>2025-08-20T06:33:19Z</time>
      </trkpt>
      <trkpt lat="38.83705221145684" lon="121.51187246438352">
        <ele>0</ele>
        <time>2025-08-20T06:33:20Z</time>
      </trkpt>
      <trkpt lat="38.837059597426475" lon="121.51188520491507">
        <ele>0</ele>
        <time>2025-08-20T06:33:21Z</time>
      </trkpt>
      <trkpt lat="38.83706926035843" lon="121.51189805765183">
        <ele>0</ele>
        <time>2025-08-20T06:33:22Z</time>
      </trkpt>
      <trkpt lat="38.83707816979529" lon="121.51190764677814">
        <ele>0</ele>
        <time>2025-08-20T06:33:23Z</time>
      </trkpt>
      <trkpt lat="38.83708735503057" lon="121.5119164090114">
        <ele>0</ele>
        <time>2025-08-20T06:33:24Z</time>
      </trkpt>
      <trkpt lat="38.837096633947105" lon="121.51192463395778">
        <ele>0</ele>
        <time>2025-08-20T06:33:25Z</time>
      </trkpt>
      <trkpt lat="38.837105882201335" lon="121.51193254595368">
        <ele>0</ele>
        <time>2025-08-20T06:33:26Z</time>
      </trkpt>
      <trkpt lat="38.837115036045766" lon="121.51194030406333">
        <ele>0</ele>
        <time>2025-08-20T06:33:27Z</time>
      </trkpt>
      <trkpt lat="38.83712406294796" lon="121.51194798725777">
        <ele>0</ele>
        <time>2025-08-20T06:33:28Z</time>
      </trkpt>
      <trkpt lat="38.837133007185464" lon="121.51195573633863">
        <ele>0</ele>
        <time>2025-08-20T06:33:29Z</time>
      </trkpt>
      <trkpt lat="38.837141839126744" lon="121.51196354557757">
        <ele>0</ele>
        <time>2025-08-20T06:33:30Z</time>
      </trkpt>
      <trkpt lat="38.83715053202177" lon="121.51197137294594">
        <ele>0</ele>
        <time>2025-08-20T06:33:31Z</time>
      </trkpt>
      <trkpt lat="38.837159156755675" lon="121.5119792393936">
        <ele>0</ele>
        <time>2025-08-20T06:33:32Z</time>
      </trkpt>
      <trkpt lat="38.837167902268796" lon="121.51198726579528">
        <ele>0</ele>
        <time>2025-08-20T06:33:33Z</time>
      </trkpt>
      <trkpt lat="38.83717648592085" lon="121.51199514968661">
        <ele>0</ele>
        <time>2025-08-20T06:33:34Z</time>
      </trkpt>
      <trkpt lat="38.83718487561114" lon="121.51200285008669">
        <ele>0</ele>
        <time>2025-08-20T06:33:35Z</time>
      </trkpt>
      <trkpt lat="38.83719305410614" lon="121.51201035398186">
        <ele>0</ele>
        <time>2025-08-20T06:33:36Z</time>
      </trkpt>
      <trkpt lat="38.83720063031367" lon="121.51201731442237">
        <ele>0</ele>
        <time>2025-08-20T06:33:37Z</time>
      </trkpt>
      <trkpt lat="38.837207981629014" lon="121.51202410792354">
        <ele>0</ele>
        <time>2025-08-20T06:33:38Z</time>
      </trkpt>
      <trkpt lat="38.837214940670954" lon="121.51203059389277">
        <ele>0</ele>
        <time>2025-08-20T06:33:39Z</time>
      </trkpt>
      <trkpt lat="38.83722137063805" lon="121.51203665203224">
        <ele>0</ele>
        <time>2025-08-20T06:33:40Z</time>
      </trkpt>
      <trkpt lat="38.837227220154794" lon="121.51204223481245">
        <ele>0</ele>
        <time>2025-08-20T06:33:41Z</time>
      </trkpt>
      <trkpt lat="38.83723243685265" lon="121.5120472894614">
        <ele>0</ele>
        <time>2025-08-20T06:33:42Z</time>
      </trkpt>
      <trkpt lat="38.83723695738219" lon="121.5120517492263">
        <ele>0</ele>
        <time>2025-08-20T06:33:43Z</time>
      </trkpt>
      <trkpt lat="38.83724097360266" lon="121.51205576461155">
        <ele>0</ele>
        <time>2025-08-20T06:33:44Z</time>
      </trkpt>
      <trkpt lat="38.83724496561717" lon="121.51205978715906">
        <ele>0</ele>
        <time>2025-08-20T06:33:45Z</time>
      </trkpt>
      <trkpt lat="38.83724938152845" lon="121.51206424799895">
        <ele>0</ele>
        <time>2025-08-20T06:33:46Z</time>
      </trkpt>
      <trkpt lat="38.837254729875355" lon="121.5120695905751">
        <ele>0</ele>
        <time>2025-08-20T06:33:47Z</time>
      </trkpt>
      <trkpt lat="38.837261128965366" lon="121.51207586254465">
        <ele>0</ele>
        <time>2025-08-20T06:33:48Z</time>
      </trkpt>
      <trkpt lat="38.83726832155724" lon="121.51208282272803">
        <ele>0</ele>
        <time>2025-08-20T06:33:49Z</time>
      </trkpt>
      <trkpt lat="38.83727610950182" lon="121.51209032693254">
        <ele>0</ele>
        <time>2025-08-20T06:33:50Z</time>
      </trkpt>
      <trkpt lat="38.837284292287386" lon="121.51209821906498">
        <ele>0</ele>
        <time>2025-08-20T06:33:51Z</time>
      </trkpt>
      <trkpt lat="38.83729276380475" lon="121.51210633444164">
        <ele>0</ele>
        <time>2025-08-20T06:33:52Z</time>
      </trkpt>
      <trkpt lat="38.83730139785188" lon="121.51211460150617">
        <ele>0</ele>
        <time>2025-08-20T06:33:53Z</time>
      </trkpt>
      <trkpt lat="38.83731013027671" lon="121.51212287752004">
        <ele>0</ele>
        <time>2025-08-20T06:33:54Z</time>
      </trkpt>
      <trkpt lat="38.83731893804964" lon="121.51213113503881">
        <ele>0</ele>
        <time>2025-08-20T06:33:55Z</time>
      </trkpt>
      <trkpt lat="38.83732784066709" lon="121.51213939520073">
        <ele>0</ele>
        <time>2025-08-20T06:33:56Z</time>
      </trkpt>
      <trkpt lat="38.837336835427806" lon="121.51214766264063">
        <ele>0</ele>
        <time>2025-08-20T06:33:57Z</time>
      </trkpt>
      <trkpt lat="38.83734593950554" lon="121.51215596777163">
        <ele>0</ele>
        <time>2025-08-20T06:33:58Z</time>
      </trkpt>
      <trkpt lat="38.8373551003307" lon="121.51216427374052">
        <ele>0</ele>
        <time>2025-08-20T06:33:59Z</time>
      </trkpt>
      <trkpt lat="38.83736431182157" lon="121.51217258371457">
        <ele>0</ele>
        <time>2025-08-20T06:34:00Z</time>
      </trkpt>
      <trkpt lat="38.83737355052609" lon="121.51218087294735">
        <ele>0</ele>
        <time>2025-08-20T06:34:01Z</time>
      </trkpt>
      <trkpt lat="38.837382839746965" lon="121.51218915466355">
        <ele>0</ele>
        <time>2025-08-20T06:34:02Z</time>
      </trkpt>
      <trkpt lat="38.83739215444622" lon="121.51219739346196">
        <ele>0</ele>
        <time>2025-08-20T06:34:03Z</time>
      </trkpt>
      <trkpt lat="38.83740150762022" lon="121.51220558790858">
        <ele>0</ele>
        <time>2025-08-20T06:34:04Z</time>
      </trkpt>
      <trkpt lat="38.837410936096674" lon="121.51221376879943">
        <ele>0</ele>
        <time>2025-08-20T06:34:05Z</time>
      </trkpt>
      <trkpt lat="38.83742037218174" lon="121.51222187465918">
        <ele>0</ele>
        <time>2025-08-20T06:34:06Z</time>
      </trkpt>
      <trkpt lat="38.83742985727564" lon="121.51222989371556">
        <ele>0</ele>
        <time>2025-08-20T06:34:07Z</time>
      </trkpt>
      <trkpt lat="38.8374394037069" lon="121.5122379092529">
        <ele>0</ele>
        <time>2025-08-20T06:34:08Z</time>
      </trkpt>
      <trkpt lat="38.8374489991847" lon="121.51224588714024">
        <ele>0</ele>
        <time>2025-08-20T06:34:09Z</time>
      </trkpt>
      <trkpt lat="38.837458662135376" lon="121.51225379535242">
        <ele>0</ele>
        <time>2025-08-20T06:34:10Z</time>
      </trkpt>
      <trkpt lat="38.83746838238377" lon="121.51226158236888">
        <ele>0</ele>
        <time>2025-08-20T06:34:11Z</time>
      </trkpt>
      <trkpt lat="38.83747815474395" lon="121.51226919595423">
        <ele>0</ele>
        <time>2025-08-20T06:34:12Z</time>
      </trkpt>
      <trkpt lat="38.83748797450704" lon="121.51227656321721">
        <ele>0</ele>
        <time>2025-08-20T06:34:13Z</time>
      </trkpt>
      <trkpt lat="38.83749769137438" lon="121.51228425537232">
        <ele>0</ele>
        <time>2025-08-20T06:34:14Z</time>
      </trkpt>
      <trkpt lat="38.83750747792171" lon="121.51229178580833">
        <ele>0</ele>
        <time>2025-08-20T06:34:15Z</time>
      </trkpt>
      <trkpt lat="38.83751735545917" lon="121.51229921393625">
        <ele>0</ele>
        <time>2025-08-20T06:34:16Z</time>
      </trkpt>
      <trkpt lat="38.837527333100795" lon="121.51230643410051">
        <ele>0</ele>
        <time>2025-08-20T06:34:17Z</time>
      </trkpt>
      <trkpt lat="38.83753736731968" lon="121.51231327940464">
        <ele>0</ele>
        <time>2025-08-20T06:34:18Z</time>
      </trkpt>
      <trkpt lat="38.837547517606424" lon="121.51231984507818">
        <ele>0</ele>
        <time>2025-08-20T06:34:19Z</time>
      </trkpt>
      <trkpt lat="38.83755775488756" lon="121.51232591802625">
        <ele>0</ele>
        <time>2025-08-20T06:34:20Z</time>
      </trkpt>
      <trkpt lat="38.83756818463862" lon="121.51233147447647">
        <ele>0</ele>
        <time>2025-08-20T06:34:21Z</time>
      </trkpt>
      <trkpt lat="38.837578961461936" lon="121.51233653191716">
        <ele>0</ele>
        <time>2025-08-20T06:34:22Z</time>
      </trkpt>
      <trkpt lat="38.83758981895346" lon="121.5123403629327">
        <ele>0</ele>
        <time>2025-08-20T06:34:23Z</time>
      </trkpt>
      <trkpt lat="38.837600753685045" lon="121.512343093632">
        <ele>0</ele>
        <time>2025-08-20T06:34:24Z</time>
      </trkpt>
      <trkpt lat="38.837611880356214" lon="121.51234420469258">
        <ele>0</ele>
        <time>2025-08-20T06:34:25Z</time>
        <extensions>
          <gpxtpx:TrackPointExtension>
            <gpxtpx:hr>76</gpxtpx:hr>
          </gpxtpx:TrackPointExtension>
        </extensions>
      </trkpt>
      <trkpt lat="38.837623044972844" lon="121.5123438643919">
        <ele>0</ele>
        <time>2025-08-20T06:34:26Z</time>
        <extensions>
          <gpxtpx:TrackPointExtension>
            <gpxtpx:hr>76</gpxtpx:hr>
          </gpxtpx:TrackPointExtension>
        </extensions>
      </trkpt>
      <trkpt lat="38.83763409385516" lon="121.51234227269595">
        <ele>0</ele>
        <time>2025-08-20T06:34:27Z</time>
        <extensions>
          <gpxtpx:TrackPointExtension>
            <gpxtpx:hr>76</gpxtpx:hr>
          </gpxtpx:TrackPointExtension>
        </extensions>
      </trkpt>
      <trkpt lat="38.83764489039135" lon="121.51233967701535">
        <ele>0</ele>
        <time>2025-08-20T06:34:28Z</time>
        <extensions>
          <gpxtpx:TrackPointExtension>
            <gpxtpx:hr>76</gpxtpx:hr>
          </gpxtpx:TrackPointExtension>
        </extensions>
      </trkpt>
      <trkpt lat="38.83765528946763" lon="121.51233616657808">
        <ele>0</ele>
        <time>2025-08-20T06:34:29Z</time>
        <extensions>
          <gpxtpx:TrackPointExtension>
            <gpxtpx:hr>76</gpxtpx:hr>
          </gpxtpx:TrackPointExtension>
        </extensions>
      </trkpt>
      <trkpt lat="38.83766512815544" lon="121.51233173878506">
        <ele>0</ele>
        <time>2025-08-20T06:34:30Z</time>
        <extensions>
          <gpxtpx:TrackPointExtension>
            <gpxtpx:hr>76</gpxtpx:hr>
          </gpxtpx:TrackPointExtension>
        </extensions>
      </trkpt>
      <trkpt lat="38.837674231489174" lon="121.51232629541899">
        <ele>0</ele>
        <time>2025-08-20T06:34:31Z</time>
        <extensions>
          <gpxtpx:TrackPointExtension>
            <gpxtpx:hr>76</gpxtpx:hr>
          </gpxtpx:TrackPointExtension>
        </extensions>
      </trkpt>
      <trkpt lat="38.8376824622258" lon="121.5123196660274">
        <ele>0</ele>
        <time>2025-08-20T06:34:32Z</time>
        <extensions>
          <gpxtpx:TrackPointExtension>
            <gpxtpx:hr>76</gpxtpx:hr>
          </gpxtpx:TrackPointExtension>
        </extensions>
      </trkpt>
      <trkpt lat="38.83768994168172" lon="121.51231192236386">
        <ele>0</ele>
        <time>2025-08-20T06:34:33Z</time>
        <extensions>
          <gpxtpx:TrackPointExtension>
            <gpxtpx:hr>76</gpxtpx:hr>
          </gpxtpx:TrackPointExtension>
        </extensions>
      </trkpt>
      <trkpt lat="38.837697005433775" lon="121.51230322562728">
        <ele>0</ele>
        <time>2025-08-20T06:34:34Z</time>
        <extensions>
          <gpxtpx:TrackPointExtension>
            <gpxtpx:hr>76</gpxtpx:hr>
          </gpxtpx:TrackPointExtension>
        </extensions>
      </trkpt>
      <trkpt lat="38.83770384175308" lon="121.51229372795987">
        <ele>0</ele>
        <time>2025-08-20T06:34:35Z</time>
        <extensions>
          <gpxtpx:TrackPointExtension>
            <gpxtpx:hr>76</gpxtpx:hr>
          </gpxtpx:TrackPointExtension>
        </extensions>
      </trkpt>
      <trkpt lat="38.83771051658638" lon="121.51228371218261">
        <ele>0</ele>
        <time>2025-08-20T06:34:36Z</time>
        <extensions>
          <gpxtpx:TrackPointExtension>
            <gpxtpx:hr>76</gpxtpx:hr>
          </gpxtpx:TrackPointExtension>
        </extensions>
      </trkpt>
      <trkpt lat="38.83771706729649" lon="121.51227337151333">
        <ele>0</ele>
        <time>2025-08-20T06:34:37Z</time>
        <extensions>
          <gpxtpx:TrackPointExtension>
            <gpxtpx:hr>76</gpxtpx:hr>
          </gpxtpx:TrackPointExtension>
        </extensions>
      </trkpt>
      <trkpt lat="38.83772353362173" lon="121.51226281825116">
        <ele>0</ele>
        <time>2025-08-20T06:34:38Z</time>
        <extensions>
          <gpxtpx:TrackPointExtension>
            <gpxtpx:hr>76</gpxtpx:hr>
          </gpxtpx:TrackPointExtension>
        </extensions>
      </trkpt>
      <trkpt lat="38.83772994865454" lon="121.51225208808764">
        <ele>0</ele>
        <time>2025-08-20T06:34:39Z</time>
        <extensions>
          <gpxtpx:TrackPointExtension>
            <gpxtpx:hr>76</gpxtpx:hr>
          </gpxtpx:TrackPointExtension>
        </extensions>
      </trkpt>
      <trkpt lat="38.837736384365705" lon="121.51224125148508">
        <ele>0</ele>
        <time>2025-08-20T06:34:40Z</time>
        <extensions>
          <gpxtpx:TrackPointExtension>
            <gpxtpx:hr>76</gpxtpx:hr>
          </gpxtpx:TrackPointExtension>
        </extensions>
      </trkpt>
      <trkpt lat="38.83774287386509" lon="121.51223031033089">
        <ele>0</ele>
        <time>2025-08-20T06:34:41Z</time>
        <extensions>
          <gpxtpx:TrackPointExtension>
            <gpxtpx:hr>76</gpxtpx:hr>
          </gpxtpx:TrackPointExtension>
        </extensions>
      </trkpt>
      <trkpt lat="38.837749420374635" lon="121.51221928959033">
        <ele>0</ele>
        <time>2025-08-20T06:34:42Z</time>
        <extensions>
          <gpxtpx:TrackPointExtension>
            <gpxtpx:hr>76</gpxtpx:hr>
          </gpxtpx:TrackPointExtension>
        </extensions>
      </trkpt>
      <trkpt lat="38.83775600473883" lon="121.5122082553281">
        <ele>0</ele>
        <time>2025-08-20T06:34:43Z</time>
        <extensions>
          <gpxtpx:TrackPointExtension>
            <gpxtpx:hr>76</gpxtpx:hr>
          </gpxtpx:TrackPointExtension>
        </extensions>
      </trkpt>
      <trkpt lat="38.83776262586202" lon="121.51219728545092">
        <ele>0</ele>
        <time>2025-08-20T06:34:44Z</time>
        <extensions>
          <gpxtpx:TrackPointExtension>
            <gpxtpx:hr>76</gpxtpx:hr>
          </gpxtpx:TrackPointExtension>
        </extensions>
      </trkpt>
      <trkpt lat="38.83776929449501" lon="121.51218632319905">
        <ele>0</ele>
        <time>2025-08-20T06:34:45Z</time>
      </trkpt>
      <trkpt lat="38.8377759724869" lon="121.51217540220043">
        <ele>0</ele>
        <time>2025-08-20T06:34:46Z</time>
      </trkpt>
      <trkpt lat="38.83778266005383" lon="121.51216455938928">
        <ele>0</ele>
        <time>2025-08-20T06:34:47Z</time>
      </trkpt>
      <trkpt lat="38.83778936560472" lon="121.51215376379898">
        <ele>0</ele>
        <time>2025-08-20T06:34:48Z</time>
      </trkpt>
      <trkpt lat="38.83779609996058" lon="121.51214298244082">
        <ele>0</ele>
        <time>2025-08-20T06:34:49Z</time>
      </trkpt>
      <trkpt lat="38.83780287217435" lon="121.51213224112989">
        <ele>0</ele>
        <time>2025-08-20T06:34:50Z</time>
      </trkpt>
      <trkpt lat="38.83780965919159" lon="121.5121215617633">
        <ele>0</ele>
        <time>2025-08-20T06:34:51Z</time>
      </trkpt>
      <trkpt lat="38.83781646775789" lon="121.51211095529528">
        <ele>0</ele>
        <time>2025-08-20T06:34:52Z</time>
      </trkpt>
      <trkpt lat="38.83782329848972" lon="121.51210038643727">
        <ele>0</ele>
        <time>2025-08-20T06:34:53Z</time>
      </trkpt>
      <trkpt lat="38.83783016213739" lon="121.5120898587618">
        <ele>0</ele>
        <time>2025-08-20T06:34:54Z</time>
      </trkpt>
      <trkpt lat="38.83783704389608" lon="121.51207937959494">
        <ele>0</ele>
        <time>2025-08-20T06:34:55Z</time>
      </trkpt>
      <trkpt lat="38.837843938547216" lon="121.51206897340583">
        <ele>0</ele>
        <time>2025-08-20T06:34:56Z</time>
      </trkpt>
      <trkpt lat="38.83785083415429" lon="121.51205860637009">
        <ele>0</ele>
        <time>2025-08-20T06:34:57Z</time>
      </trkpt>
      <trkpt lat="38.83785773395466" lon="121.51204822581118">
        <ele>0</ele>
        <time>2025-08-20T06:34:58Z</time>
      </trkpt>
      <trkpt lat="38.83786464266003" lon="121.51203784942066">
        <ele>0</ele>
        <time>2025-08-20T06:34:59Z</time>
      </trkpt>
      <trkpt lat="38.83787181554397" lon="121.51202703529094">
        <ele>0</ele>
        <time>2025-08-20T06:35:00Z</time>
      </trkpt>
      <trkpt lat="38.83787891578907" lon="121.51201634670419">
        <ele>0</ele>
        <time>2025-08-20T06:35:01Z</time>
      </trkpt>
      <trkpt lat="38.837885643603805" lon="121.51200625519067">
        <ele>0</ele>
        <time>2025-08-20T06:35:02Z</time>
      </trkpt>
      <trkpt lat="38.8378923094857" lon="121.51199622147705">
        <ele>0</ele>
        <time>2025-08-20T06:35:03Z</time>
      </trkpt>
      <trkpt lat="38.83789886673567" lon="121.51198629689246">
        <ele>0</ele>
        <time>2025-08-20T06:35:04Z</time>
      </trkpt>
      <trkpt lat="38.83790525648215" lon="121.51197653997856">
        <ele>0</ele>
        <time>2025-08-20T06:35:05Z</time>
      </trkpt>
      <trkpt lat="38.83791144422826" lon="121.51196695444911">
        <ele>0</ele>
        <time>2025-08-20T06:35:06Z</time>
      </trkpt>
      <trkpt lat="38.83791730034521" lon="121.51195769408739">
        <ele>0</ele>
        <time>2025-08-20T06:35:07Z</time>
      </trkpt>
      <trkpt lat="38.83792271213231" lon="121.51194890558557">
        <ele>0</ele>
        <time>2025-08-20T06:35:08Z</time>
      </trkpt>
      <trkpt lat="38.83792755728914" lon="121.51194075134751">
        <ele>0</ele>
        <time>2025-08-20T06:35:09Z</time>
      </trkpt>
      <trkpt lat="38.83793180434197" lon="121.51193325904013">
        <ele>0</ele>
        <time>2025-08-20T06:35:10Z</time>
      </trkpt>
      <trkpt lat="38.83793570418272" lon="121.51192599232373">
        <ele>0</ele>
        <time>2025-08-20T06:35:11Z</time>
      </trkpt>
      <trkpt lat="38.83793976770401" lon="121.51191809451403">
        <ele>0</ele>
        <time>2025-08-20T06:35:12Z</time>
      </trkpt>
      <trkpt lat="38.83794417831874" lon="121.51190928547635">
        <ele>0</ele>
        <time>2025-08-20T06:35:13Z</time>
      </trkpt>
      <trkpt lat="38.83794882531538" lon="121.51189979844854">
        <ele>0</ele>
        <time>2025-08-20T06:35:14Z</time>
      </trkpt>
      <trkpt lat="38.83795359674681" lon="121.51188987852488">
        <ele>0</ele>
        <time>2025-08-20T06:35:15Z</time>
      </trkpt>
      <trkpt lat="38.837958393595954" lon="121.51187974897488">
        <ele>0</ele>
        <time>2025-08-20T06:35:16Z</time>
      </trkpt>
      <trkpt lat="38.83796318985213" lon="121.5118695018735">
        <ele>0</ele>
        <time>2025-08-20T06:35:17Z</time>
      </trkpt>
      <trkpt lat="38.83796801105732" lon="121.51185913353622">
        <ele>0</ele>
        <time>2025-08-20T06:35:18Z</time>
      </trkpt>
      <trkpt lat="38.83797287579178" lon="121.51184864957482">
        <ele>0</ele>
        <time>2025-08-20T06:35:19Z</time>
      </trkpt>
      <trkpt lat="38.83797777323754" lon="121.51183811022753">
        <ele>0</ele>
        <time>2025-08-20T06:35:20Z</time>
      </trkpt>
      <trkpt lat="38.83798263507992" lon="121.51182766892238">
        <ele>0</ele>
        <time>2025-08-20T06:35:21Z</time>
      </trkpt>
      <trkpt lat="38.83798740554745" lon="121.5118174553732">
        <ele>0</ele>
        <time>2025-08-20T06:35:22Z</time>
      </trkpt>
      <trkpt lat="38.83799206984087" lon="121.51180751451646">
        <ele>0</ele>
        <time>2025-08-20T06:35:23Z</time>
      </trkpt>
      <trkpt lat="38.837996642317144" lon="121.51179784191405">
        <ele>0</ele>
        <time>2025-08-20T06:35:24Z</time>
      </trkpt>
      <trkpt lat="38.838001153857576" lon="121.51178839884997">
        <ele>0</ele>
        <time>2025-08-20T06:35:25Z</time>
      </trkpt>
      <trkpt lat="38.83800564822594" lon="121.5117791439746">
        <ele>0</ele>
        <time>2025-08-20T06:35:26Z</time>
      </trkpt>
      <trkpt lat="38.838010160007705" lon="121.51177007605656">
        <ele>0</ele>
        <time>2025-08-20T06:35:27Z</time>
      </trkpt>
      <trkpt lat="38.838014725885486" lon="121.51176116893963">
        <ele>0</ele>
        <time>2025-08-20T06:35:28Z</time>
      </trkpt>
      <trkpt lat="38.83801937290794" lon="121.51175239433468">
        <ele>0</ele>
        <time>2025-08-20T06:35:29Z</time>
      </trkpt>
      <trkpt lat="38.83802412790009" lon="121.51174370855928">
        <ele>0</ele>
        <time>2025-08-20T06:35:30Z</time>
      </trkpt>
      <trkpt lat="38.838028999162276" lon="121.51173512751303">
        <ele>0</ele>
        <time>2025-08-20T06:35:31Z</time>
      </trkpt>
      <trkpt lat="38.83803400729478" lon="121.51172661266251">
        <ele>0</ele>
        <time>2025-08-20T06:35:32Z</time>
      </trkpt>
      <trkpt lat="38.83803915177558" lon="121.51171812837867">
        <ele>0</ele>
        <time>2025-08-20T06:35:33Z</time>
      </trkpt>
      <trkpt lat="38.838044421891404" lon="121.51170961945303">
        <ele>0</ele>
        <time>2025-08-20T06:35:34Z</time>
      </trkpt>
      <trkpt lat="38.83804982974013" lon="121.51170104839677">
        <ele>0</ele>
        <time>2025-08-20T06:35:35Z</time>
      </trkpt>
      <trkpt lat="38.83805538634942" lon="121.51169239444737">
        <ele>0</ele>
        <time>2025-08-20T06:35:36Z</time>
      </trkpt>
      <trkpt lat="38.83806107175511" lon="121.51168365844418">
        <ele>0</ele>
        <time>2025-08-20T06:35:37Z</time>
      </trkpt>
      <trkpt lat="38.838066819133786" lon="121.51167487018706">
        <ele>0</ele>
        <time>2025-08-20T06:35:38Z</time>
      </trkpt>
      <trkpt lat="38.838072563253185" lon="121.51166602556701">
        <ele>0</ele>
        <time>2025-08-20T06:35:39Z</time>
      </trkpt>
      <trkpt lat="38.838078290955906" lon="121.51165708321626">
        <ele>0</ele>
        <time>2025-08-20T06:35:40Z</time>
      </trkpt>
      <trkpt lat="38.83808403277413" lon="121.51164797692752">
        <ele>0</ele>
        <time>2025-08-20T06:35:41Z</time>
      </trkpt>
      <trkpt lat="38.83808978893454" lon="121.51163862232">
        <ele>0</ele>
        <time>2025-08-20T06:35:42Z</time>
      </trkpt>
      <trkpt lat="38.83809555829152" lon="121.51162898404789">
        <ele>0</ele>
        <time>2025-08-20T06:35:43Z</time>
      </trkpt>
      <trkpt lat="38.83810132612718" lon="121.5116190170346">
        <ele>0</ele>
        <time>2025-08-20T06:35:44Z</time>
      </trkpt>
      <trkpt lat="38.8381070304085" lon="121.51160872158117">
        <ele>0</ele>
        <time>2025-08-20T06:35:45Z</time>
      </trkpt>
      <trkpt lat="38.83811251001912" lon="121.5115982141984">
        <ele>0</ele>
        <time>2025-08-20T06:35:46Z</time>
      </trkpt>
      <trkpt lat="38.83811772068438" lon="121.51158751379911">
        <ele>0</ele>
        <time>2025-08-20T06:35:47Z</time>
      </trkpt>
      <trkpt lat="38.83812265559391" lon="121.51157659303395">
        <ele>0</ele>
        <time>2025-08-20T06:35:48Z</time>
      </trkpt>
      <trkpt lat="38.83812729652271" lon="121.51156545367735">
        <ele>0</ele>
        <time>2025-08-20T06:35:49Z</time>
      </trkpt>
      <trkpt lat="38.83813158077169" lon="121.51155415095616">
        <ele>0</ele>
        <time>2025-08-20T06:35:50Z</time>
      </trkpt>
      <trkpt lat="38.83813545609407" lon="121.51154270775638">
        <ele>0</ele>
        <time>2025-08-20T06:35:51Z</time>
      </trkpt>
      <trkpt lat="38.83813885838012" lon="121.51153120875477">
        <ele>0</ele>
        <time>2025-08-20T06:35:52Z</time>
      </trkpt>
      <trkpt lat="38.83814190279477" lon="121.5115195751576">
        <ele>0</ele>
        <time>2025-08-20T06:35:53Z</time>
      </trkpt>
      <trkpt lat="38.83814464290594" lon="121.51150777765199">
        <ele>0</ele>
        <time>2025-08-20T06:35:54Z</time>
      </trkpt>
      <trkpt lat="38.83814710513562" lon="121.51149590137996">
        <ele>0</ele>
        <time>2025-08-20T06:35:55Z</time>
      </trkpt>
      <trkpt lat="38.838149340070224" lon="121.51148392480223">
        <ele>0</ele>
        <time>2025-08-20T06:35:56Z</time>
      </trkpt>
      <trkpt lat="38.83815145245319" lon="121.51147182352057">
        <ele>0</ele>
        <time>2025-08-20T06:35:57Z</time>
      </trkpt>
      <trkpt lat="38.838153527929194" lon="121.51145963705974">
        <ele>0</ele>
        <time>2025-08-20T06:35:58Z</time>
      </trkpt>
      <trkpt lat="38.83815562260785" lon="121.51144744215239">
        <ele>0</ele>
        <time>2025-08-20T06:35:59Z</time>
      </trkpt>
      <trkpt lat="38.838157814454405" lon="121.51143525745927">
        <ele>0</ele>
        <time>2025-08-20T06:36:00Z</time>
      </trkpt>
      <trkpt lat="38.83816019125546" lon="121.51142308830751">
        <ele>0</ele>
        <time>2025-08-20T06:36:01Z</time>
      </trkpt>
      <trkpt lat="38.8381628202291" lon="121.51141095925803">
        <ele>0</ele>
        <time>2025-08-20T06:36:02Z</time>
      </trkpt>
      <trkpt lat="38.83816576525987" lon="121.51139892533769">
        <ele>0</ele>
        <time>2025-08-20T06:36:03Z</time>
      </trkpt>
      <trkpt lat="38.83816901869323" lon="121.51138705348653">
        <ele>0</ele>
        <time>2025-08-20T06:36:04Z</time>
      </trkpt>
      <trkpt lat="38.838172588416576" lon="121.51137534614502">
        <ele>0</ele>
        <time>2025-08-20T06:36:05Z</time>
      </trkpt>
      <trkpt lat="38.83817646181402" lon="121.51136376841752">
        <ele>0</ele>
        <time>2025-08-20T06:36:06Z</time>
      </trkpt>
      <trkpt lat="38.838180599246435" lon="121.51135228559458">
        <ele>0</ele>
        <time>2025-08-20T06:36:07Z</time>
      </trkpt>
      <trkpt lat="38.83818500888032" lon="121.5113408764007">
        <ele>0</ele>
        <time>2025-08-20T06:36:08Z</time>
      </trkpt>
      <trkpt lat="38.83818968331733" lon="121.51132951372064">
        <ele>0</ele>
        <time>2025-08-20T06:36:09Z</time>
      </trkpt>
      <trkpt lat="38.838194623705164" lon="121.51131813449555">
        <ele>0</ele>
        <time>2025-08-20T06:36:10Z</time>
      </trkpt>
      <trkpt lat="38.83819975733154" lon="121.5113068071669">
        <ele>0</ele>
        <time>2025-08-20T06:36:11Z</time>
      </trkpt>
      <trkpt lat="38.83820506135718" lon="121.51129552469814">
        <ele>0</ele>
        <time>2025-08-20T06:36:12Z</time>
      </trkpt>
      <trkpt lat="38.83821051288387" lon="121.51128428565539">
        <ele>0</ele>
        <time>2025-08-20T06:36:13Z</time>
      </trkpt>
      <trkpt lat="38.83821607730396" lon="121.51127311163161">
        <ele>0</ele>
        <time>2025-08-20T06:36:14Z</time>
      </trkpt>
      <trkpt lat="38.8382217374853" lon="121.51126199934714">
        <ele>0</ele>
        <time>2025-08-20T06:36:15Z</time>
      </trkpt>
      <trkpt lat="38.838227484988366" lon="121.5112509376496">
        <ele>0</ele>
        <time>2025-08-20T06:36:16Z</time>
      </trkpt>
      <trkpt lat="38.83823337005885" lon="121.51123982471324">
        <ele>0</ele>
        <time>2025-08-20T06:36:17Z</time>
      </trkpt>
      <trkpt lat="38.83823937925657" lon="121.51122867065573">
        <ele>0</ele>
        <time>2025-08-20T06:36:18Z</time>
      </trkpt>
      <trkpt lat="38.838245491658945" lon="121.51121749820847">
        <ele>0</ele>
        <time>2025-08-20T06:36:19Z</time>
        <extensions>
          <gpxtpx:TrackPointExtension>
            <gpxtpx:hr>88</gpxtpx:hr>
          </gpxtpx:TrackPointExtension>
        </extensions>
      </trkpt>
      <trkpt lat="38.838251627721434" lon="121.51120642623393">
        <ele>0</ele>
        <time>2025-08-20T06:36:20Z</time>
        <extensions>
          <gpxtpx:TrackPointExtension>
            <gpxtpx:hr>88</gpxtpx:hr>
          </gpxtpx:TrackPointExtension>
        </extensions>
      </trkpt>
      <trkpt lat="38.83825777791556" lon="121.51119545497829">
        <ele>0</ele>
        <time>2025-08-20T06:36:21Z</time>
        <extensions>
          <gpxtpx:TrackPointExtension>
            <gpxtpx:hr>88</gpxtpx:hr>
          </gpxtpx:TrackPointExtension>
        </extensions>
      </trkpt>
      <trkpt lat="38.83826399087221" lon="121.51118448715758">
        <ele>0</ele>
        <time>2025-08-20T06:36:22Z</time>
        <extensions>
          <gpxtpx:TrackPointExtension>
            <gpxtpx:hr>88</gpxtpx:hr>
          </gpxtpx:TrackPointExtension>
        </extensions>
      </trkpt>
      <trkpt lat="38.83827013251047" lon="121.51117373265078">
        <ele>0</ele>
        <time>2025-08-20T06:36:23Z</time>
        <extensions>
          <gpxtpx:TrackPointExtension>
            <gpxtpx:hr>88</gpxtpx:hr>
          </gpxtpx:TrackPointExtension>
        </extensions>
      </trkpt>
      <trkpt lat="38.83827632575061" lon="121.51116297156099">
        <ele>0</ele>
        <time>2025-08-20T06:36:24Z</time>
        <extensions>
          <gpxtpx:TrackPointExtension>
            <gpxtpx:hr>88</gpxtpx:hr>
          </gpxtpx:TrackPointExtension>
        </extensions>
      </trkpt>
      <trkpt lat="38.83828257625667" lon="121.51115218202473">
        <ele>0</ele>
        <time>2025-08-20T06:36:25Z</time>
        <extensions>
          <gpxtpx:TrackPointExtension>
            <gpxtpx:hr>88</gpxtpx:hr>
          </gpxtpx:TrackPointExtension>
        </extensions>
      </trkpt>
      <trkpt lat="38.83828887304249" lon="121.51114137156542">
        <ele>0</ele>
        <time>2025-08-20T06:36:26Z</time>
        <extensions>
          <gpxtpx:TrackPointExtension>
            <gpxtpx:hr>88</gpxtpx:hr>
          </gpxtpx:TrackPointExtension>
        </extensions>
      </trkpt>
      <trkpt lat="38.838295166436176" lon="121.51113061401038">
        <ele>0</ele>
        <time>2025-08-20T06:36:27Z</time>
        <extensions>
          <gpxtpx:TrackPointExtension>
            <gpxtpx:hr>88</gpxtpx:hr>
          </gpxtpx:TrackPointExtension>
        </extensions>
      </trkpt>
      <trkpt lat="38.838301391245814" lon="121.51112001054915">
        <ele>0</ele>
        <time>2025-08-20T06:36:28Z</time>
        <extensions>
          <gpxtpx:TrackPointExtension>
            <gpxtpx:hr>88</gpxtpx:hr>
          </gpxtpx:TrackPointExtension>
        </extensions>
      </trkpt>
      <trkpt lat="38.83830750913574" lon="121.51110961855196">
        <ele>0</ele>
        <time>2025-08-20T06:36:29Z</time>
        <extensions>
          <gpxtpx:TrackPointExtension>
            <gpxtpx:hr>88</gpxtpx:hr>
          </gpxtpx:TrackPointExtension>
        </extensions>
      </trkpt>
      <trkpt lat="38.838313550852185" lon="121.51109938062407">
        <ele>0</ele>
        <time>2025-08-20T06:36:30Z</time>
        <extensions>
          <gpxtpx:TrackPointExtension>
            <gpxtpx:hr>88</gpxtpx:hr>
          </gpxtpx:TrackPointExtension>
        </extensions>
      </trkpt>
      <trkpt lat="38.83831953718576" lon="121.5110892570182">
        <ele>0</ele>
        <time>2025-08-20T06:36:31Z</time>
        <extensions>
          <gpxtpx:TrackPointExtension>
            <gpxtpx:hr>88</gpxtpx:hr>
          </gpxtpx:TrackPointExtension>
        </extensions>
      </trkpt>
      <trkpt lat="38.838325458703586" lon="121.5110791526558">
        <ele>0</ele>
        <time>2025-08-20T06:36:32Z</time>
        <extensions>
          <gpxtpx:TrackPointExtension>
            <gpxtpx:hr>86</gpxtpx:hr>
          </gpxtpx:TrackPointExtension>
        </extensions>
      </trkpt>
      <trkpt lat="38.83833138588073" lon="121.51106893597769">
        <ele>0</ele>
        <time>2025-08-20T06:36:33Z</time>
        <extensions>
          <gpxtpx:TrackPointExtension>
            <gpxtpx:hr>86</gpxtpx:hr>
          </gpxtpx:TrackPointExtension>
        </extensions>
      </trkpt>
      <trkpt lat="38.83833736173481" lon="121.51105851800672">
        <ele>0</ele>
        <time>2025-08-20T06:36:34Z</time>
        <extensions>
          <gpxtpx:TrackPointExtension>
            <gpxtpx:hr>86</gpxtpx:hr>
          </gpxtpx:TrackPointExtension>
        </extensions>
      </trkpt>
      <trkpt lat="38.838343405937046" lon="121.51104785787544">
        <ele>0</ele>
        <time>2025-08-20T06:36:35Z</time>
        <extensions>
          <gpxtpx:TrackPointExtension>
            <gpxtpx:hr>86</gpxtpx:hr>
          </gpxtpx:TrackPointExtension>
        </extensions>
      </trkpt>
      <trkpt lat="38.83834946559005" lon="121.51103702948583">
        <ele>0</ele>
        <time>2025-08-20T06:36:36Z</time>
        <extensions>
          <gpxtpx:TrackPointExtension>
            <gpxtpx:hr>86</gpxtpx:hr>
          </gpxtpx:TrackPointExtension>
        </extensions>
      </trkpt>
      <trkpt lat="38.83835549087913" lon="121.51102609252564">
        <ele>0</ele>
        <time>2025-08-20T06:36:37Z</time>
        <extensions>
          <gpxtpx:TrackPointExtension>
            <gpxtpx:hr>86</gpxtpx:hr>
          </gpxtpx:TrackPointExtension>
        </extensions>
      </trkpt>
      <trkpt lat="38.838361476238376" lon="121.51101503175012">
        <ele>0</ele>
        <time>2025-08-20T06:36:38Z</time>
        <extensions>
          <gpxtpx:TrackPointExtension>
            <gpxtpx:hr>86</gpxtpx:hr>
          </gpxtpx:TrackPointExtension>
        </extensions>
      </trkpt>
      <trkpt lat="38.83836742576615" lon="121.51100381976644">
        <ele>0</ele>
        <time>2025-08-20T06:36:39Z</time>
        <extensions>
          <gpxtpx:TrackPointExtension>
            <gpxtpx:hr>86</gpxtpx:hr>
          </gpxtpx:TrackPointExtension>
        </extensions>
      </trkpt>
      <trkpt lat="38.83837330472754" lon="121.51099249502646">
        <ele>0</ele>
        <time>2025-08-20T06:36:40Z</time>
        <extensions>
          <gpxtpx:TrackPointExtension>
            <gpxtpx:hr>86</gpxtpx:hr>
          </gpxtpx:TrackPointExtension>
        </extensions>
      </trkpt>
      <trkpt lat="38.8383790732038" lon="121.51098110753054">
        <ele>0</ele>
        <time>2025-08-20T06:36:41Z</time>
        <extensions>
          <gpxtpx:TrackPointExtension>
            <gpxtpx:hr>86</gpxtpx:hr>
          </gpxtpx:TrackPointExtension>
        </extensions>
      </trkpt>
      <trkpt lat="38.83838471349881" lon="121.51096967946054">
        <ele>0</ele>
        <time>2025-08-20T06:36:42Z</time>
        <extensions>
          <gpxtpx:TrackPointExtension>
            <gpxtpx:hr>86</gpxtpx:hr>
          </gpxtpx:TrackPointExtension>
        </extensions>
      </trkpt>
      <trkpt lat="38.838390227822295" lon="121.51095821370886">
        <ele>0</ele>
        <time>2025-08-20T06:36:43Z</time>
        <extensions>
          <gpxtpx:TrackPointExtension>
            <gpxtpx:hr>86</gpxtpx:hr>
          </gpxtpx:TrackPointExtension>
        </extensions>
      </trkpt>
      <trkpt lat="38.83839562547298" lon="121.51094671298314">
        <ele>0</ele>
        <time>2025-08-20T06:36:44Z</time>
      </trkpt>
      <trkpt lat="38.838400898274024" lon="121.51093521388002">
        <ele>0</ele>
        <time>2025-08-20T06:36:45Z</time>
      </trkpt>
      <trkpt lat="38.83840599962213" lon="121.51092381306604">
        <ele>0</ele>
        <time>2025-08-20T06:36:46Z</time>
      </trkpt>
      <trkpt lat="38.83841111367885" lon="121.51091246030174">
        <ele>0</ele>
        <time>2025-08-20T06:36:47Z</time>
      </trkpt>
      <trkpt lat="38.83841630640006" lon="121.5109010991613">
        <ele>0</ele>
        <time>2025-08-20T06:36:48Z</time>
      </trkpt>
      <trkpt lat="38.8384215430052" lon="121.51088981800063">
        <ele>0</ele>
        <time>2025-08-20T06:36:49Z</time>
      </trkpt>
      <trkpt lat="38.83842716307671" lon="121.51087798518363">
        <ele>0</ele>
        <time>2025-08-20T06:36:50Z</time>
      </trkpt>
      <trkpt lat="38.8384327184612" lon="121.51086639989695">
        <ele>0</ele>
        <time>2025-08-20T06:36:51Z</time>
      </trkpt>
      <trkpt lat="38.83843823586259" lon="121.5108550690375">
        <ele>0</ele>
        <time>2025-08-20T06:36:52Z</time>
      </trkpt>
      <trkpt lat="38.8384434178626" lon="121.51084472981982">
        <ele>0</ele>
        <time>2025-08-20T06:36:53Z</time>
      </trkpt>
      <trkpt lat="38.83844868597198" lon="121.51083476770684">
        <ele>0</ele>
        <time>2025-08-20T06:36:54Z</time>
      </trkpt>
      <trkpt lat="38.83845416408188" lon="121.51082497353973">
        <ele>0</ele>
        <time>2025-08-20T06:36:55Z</time>
      </trkpt>
      <trkpt lat="38.83845951802635" lon="121.5108160176022">
        <ele>0</ele>
        <time>2025-08-20T06:36:56Z</time>
      </trkpt>
      <trkpt lat="38.838464823604276" lon="121.51080779940924">
        <ele>0</ele>
        <time>2025-08-20T06:36:57Z</time>
      </trkpt>
      <trkpt lat="38.83846996415618" lon="121.51080036135484">
        <ele>0</ele>
        <time>2025-08-20T06:36:58Z</time>
      </trkpt>
      <trkpt lat="38.83847481337558" lon="121.51079387614435">
        <ele>0</ele>
        <time>2025-08-20T06:36:59Z</time>
      </trkpt>
      <trkpt lat="38.83847921122715" lon="121.51078857388887">
        <ele>0</ele>
        <time>2025-08-20T06:37:00Z</time>
      </trkpt>
      <trkpt lat="38.83848329843697" lon="121.510784188375">
        <ele>0</ele>
        <time>2025-08-20T06:37:01Z</time>
      </trkpt>
      <trkpt lat="38.83848753022551" lon="121.51077992191006">
        <ele>0</ele>
        <time>2025-08-20T06:37:02Z</time>
      </trkpt>
      <trkpt lat="38.83849230786852" lon="121.51077503827285">
        <ele>0</ele>
        <time>2025-08-20T06:37:03Z</time>
      </trkpt>
      <trkpt lat="38.838497801507394" lon="121.51076914473103">
        <ele>0</ele>
        <time>2025-08-20T06:37:04Z</time>
      </trkpt>
      <trkpt lat="38.83850373216839" lon="121.51076256840634">
        <ele>0</ele>
        <time>2025-08-20T06:37:05Z</time>
      </trkpt>
      <trkpt lat="38.83850989500843" lon="121.51075550020023">
        <ele>0</ele>
        <time>2025-08-20T06:37:06Z</time>
      </trkpt>
      <trkpt lat="38.838516402131354" lon="121.51074760516754">
        <ele>0</ele>
        <time>2025-08-20T06:37:07Z</time>
      </trkpt>
      <trkpt lat="38.838523051651805" lon="121.51073910920715">
        <ele>0</ele>
        <time>2025-08-20T06:37:08Z</time>
      </trkpt>
      <trkpt lat="38.838529761748795" lon="121.51073009480513">
        <ele>0</ele>
        <time>2025-08-20T06:37:09Z</time>
      </trkpt>
      <trkpt lat="38.83853650934424" lon="121.51072059695257">
        <ele>0</ele>
        <time>2025-08-20T06:37:10Z</time>
      </trkpt>
      <trkpt lat="38.83854329078221" lon="121.51071064982382">
        <ele>0</ele>
        <time>2025-08-20T06:37:11Z</time>
      </trkpt>
      <trkpt lat="38.83855013759992" lon="121.51070024659339">
        <ele>0</ele>
        <time>2025-08-20T06:37:12Z</time>
      </trkpt>
      <trkpt lat="38.83855708627651" lon="121.51068938070115">
        <ele>0</ele>
        <time>2025-08-20T06:37:13Z</time>
      </trkpt>
      <trkpt lat="38.83856415089542" lon="121.51067808518302">
        <ele>0</ele>
        <time>2025-08-20T06:37:14Z</time>
      </trkpt>
      <trkpt lat="38.838571329537054" lon="121.51066641712609">
        <ele>0</ele>
        <time>2025-08-20T06:37:15Z</time>
      </trkpt>
      <trkpt lat="38.83857863553609" lon="121.51065440153833">
        <ele>0</ele>
        <time>2025-08-20T06:37:16Z</time>
      </trkpt>
      <trkpt lat="38.838586018595144" lon="121.51064216168928">
        <ele>0</ele>
        <time>2025-08-20T06:37:17Z</time>
      </trkpt>
      <trkpt lat="38.838593364296926" lon="121.51062991965188">
        <ele>0</ele>
        <time>2025-08-20T06:37:18Z</time>
      </trkpt>
      <trkpt lat="38.83860066222012" lon="121.51061771530036">
        <ele>0</ele>
        <time>2025-08-20T06:37:19Z</time>
      </trkpt>
      <trkpt lat="38.838607894749686" lon="121.51060559416732">
        <ele>0</ele>
        <time>2025-08-20T06:37:20Z</time>
      </trkpt>
      <trkpt lat="38.83861507657304" lon="121.5105935426636">
        <ele>0</ele>
        <time>2025-08-20T06:37:21Z</time>
      </trkpt>
      <trkpt lat="38.83862226187187" lon="121.51058147731504">
        <ele>0</ele>
        <time>2025-08-20T06:37:22Z</time>
      </trkpt>
      <trkpt lat="38.83862974802677" lon="121.51056890426443">
        <ele>0</ele>
        <time>2025-08-20T06:37:23Z</time>
      </trkpt>
      <trkpt lat="38.83863721542478" lon="121.51055636232314">
        <ele>0</ele>
        <time>2025-08-20T06:37:24Z</time>
      </trkpt>
      <trkpt lat="38.83864465810486" lon="121.51054386314603">
        <ele>0</ele>
        <time>2025-08-20T06:37:25Z</time>
      </trkpt>
      <trkpt lat="38.83865178639969" lon="121.51053189323243">
        <ele>0</ele>
        <time>2025-08-20T06:37:26Z</time>
      </trkpt>
      <trkpt lat="38.838658904448145" lon="121.51051994294562">
        <ele>0</ele>
        <time>2025-08-20T06:37:27Z</time>
      </trkpt>
      <trkpt lat="38.838665927645344" lon="121.51050815414195">
        <ele>0</ele>
        <time>2025-08-20T06:37:28Z</time>
      </trkpt>
      <trkpt lat="38.838672801971065" lon="121.51049661722207">
        <ele>0</ele>
        <time>2025-08-20T06:37:29Z</time>
      </trkpt>
      <trkpt lat="38.83867944301574" lon="121.51048547345897">
        <ele>0</ele>
        <time>2025-08-20T06:37:30Z</time>
      </trkpt>
      <trkpt lat="38.838685697915885" lon="121.5104749788748">
        <ele>0</ele>
        <time>2025-08-20T06:37:31Z</time>
      </trkpt>
      <trkpt lat="38.83869145959115" lon="121.51046531273064">
        <ele>0</ele>
        <time>2025-08-20T06:37:32Z</time>
      </trkpt>
      <trkpt lat="38.83869653647383" lon="121.51045683085869">
        <ele>0</ele>
        <time>2025-08-20T06:37:33Z</time>
      </trkpt>
      <trkpt lat="38.83870105892217" lon="121.51044932398044">
        <ele>0</ele>
        <time>2025-08-20T06:37:34Z</time>
      </trkpt>
      <trkpt lat="38.83870552537502" lon="121.5104419661234">
        <ele>0</ele>
        <time>2025-08-20T06:37:35Z</time>
      </trkpt>
      <trkpt lat="38.83871037853847" lon="121.51043402946836">
        <ele>0</ele>
        <time>2025-08-20T06:37:36Z</time>
      </trkpt>
      <trkpt lat="38.83871581523742" lon="121.51042519475745">
        <ele>0</ele>
        <time>2025-08-20T06:37:37Z</time>
      </trkpt>
      <trkpt lat="38.83872169518523" lon="121.51041570539775">
        <ele>0</ele>
        <time>2025-08-20T06:37:38Z</time>
      </trkpt>
      <trkpt lat="38.838727875369635" lon="121.51040581078259">
        <ele>0</ele>
        <time>2025-08-20T06:37:39Z</time>
      </trkpt>
      <trkpt lat="38.83873423142451" lon="121.51039573239403">
        <ele>0</ele>
        <time>2025-08-20T06:37:40Z</time>
      </trkpt>
      <trkpt lat="38.83874074434213" lon="121.51038551254743">
        <ele>0</ele>
        <time>2025-08-20T06:37:41Z</time>
      </trkpt>
      <trkpt lat="38.838747420880516" lon="121.51037514385384">
        <ele>0</ele>
        <time>2025-08-20T06:37:42Z</time>
      </trkpt>
      <trkpt lat="38.8387542366304" lon="121.51036466597552">
        <ele>0</ele>
        <time>2025-08-20T06:37:43Z</time>
      </trkpt>
      <trkpt lat="38.838761427345915" lon="121.51035364689746">
        <ele>0</ele>
        <time>2025-08-20T06:37:44Z</time>
      </trkpt>
      <trkpt lat="38.83876868817292" lon="121.51034257987176">
        <ele>0</ele>
        <time>2025-08-20T06:37:45Z</time>
      </trkpt>
      <trkpt lat="38.83877598206526" lon="121.51033150853698">
        <ele>0</ele>
        <time>2025-08-20T06:37:46Z</time>
      </trkpt>
      <trkpt lat="38.838783051310955" lon="121.51032086905605">
        <ele>0</ele>
        <time>2025-08-20T06:37:47Z</time>
      </trkpt>
      <trkpt lat="38.83879006326103" lon="121.51031036003313">
        <ele>0</ele>
        <time>2025-08-20T06:37:48Z</time>
      </trkpt>
      <trkpt lat="38.838796921436874" lon="121.51030012082">
        <ele>0</ele>
        <time>2025-08-20T06:37:49Z</time>
      </trkpt>
      <trkpt lat="38.83880350300048" lon="121.51029034128887">
        <ele>0</ele>
        <time>2025-08-20T06:37:50Z</time>
      </trkpt>
      <trkpt lat="38.838809661909174" lon="121.51028125455741">
        <ele>0</ele>
        <time>2025-08-20T06:37:51Z</time>
      </trkpt>
      <trkpt lat="38.83881526339425" lon="121.51027307553132">
        <ele>0</ele>
        <time>2025-08-20T06:37:52Z</time>
      </trkpt>
      <trkpt lat="38.83882028865942" lon="121.51026581380934">
        <ele>0</ele>
        <time>2025-08-20T06:37:53Z</time>
      </trkpt>
      <trkpt lat="38.83882450548562" lon="121.51025984806135">
        <ele>0</ele>
        <time>2025-08-20T06:37:54Z</time>
      </trkpt>
      <trkpt lat="38.83882794140967" lon="121.5102551316939">
        <ele>0</ele>
        <time>2025-08-20T06:37:55Z</time>
      </trkpt>
      <trkpt lat="38.83883077963649" lon="121.5102513752482">
        <ele>0</ele>
        <time>2025-08-20T06:37:56Z</time>
      </trkpt>
      <trkpt lat="38.83883343325205" lon="121.51024789645042">
        <ele>0</ele>
        <time>2025-08-20T06:37:57Z</time>
      </trkpt>
      <trkpt lat="38.8388359709979" lon="121.51024458793441">
        <ele>0</ele>
        <time>2025-08-20T06:37:58Z</time>
      </trkpt>
      <trkpt lat="38.83883838401253" lon="121.51024146181851">
        <ele>0</ele>
        <time>2025-08-20T06:37:59Z</time>
      </trkpt>
      <trkpt lat="38.83884053561426" lon="121.51023875271201">
        <ele>0</ele>
        <time>2025-08-20T06:38:00Z</time>
      </trkpt>
      <trkpt lat="38.83884228032195" lon="121.51023672292774">
        <ele>0</ele>
        <time>2025-08-20T06:38:01Z</time>
      </trkpt>
      <trkpt lat="38.83884368761994" lon="121.51023526511294">
        <ele>0</ele>
        <time>2025-08-20T06:38:02Z</time>
      </trkpt>
      <trkpt lat="38.83884467038219" lon="121.51023453591748">
        <ele>0</ele>
        <time>2025-08-20T06:38:03Z</time>
      </trkpt>
      <trkpt lat="38.83884530653487" lon="121.51023441051893">
        <ele>0</ele>
        <time>2025-08-20T06:38:04Z</time>
      </trkpt>
      <trkpt lat="38.838845769783106" lon="121.51023460250597">
        <ele>0</ele>
        <time>2025-08-20T06:38:05Z</time>
      </trkpt>
      <trkpt lat="38.83884666646199" lon="121.51023406239135">
        <ele>0</ele>
        <time>2025-08-20T06:38:06Z</time>
      </trkpt>
      <trkpt lat="38.83884770114271" lon="121.51023328877241">
        <ele>0</ele>
        <time>2025-08-20T06:38:07Z</time>
      </trkpt>
      <trkpt lat="38.838848906149785" lon="121.5102322279255">
        <ele>0</ele>
        <time>2025-08-20T06:38:08Z</time>
      </trkpt>
      <trkpt lat="38.838850263376116" lon="121.51023090871291">
        <ele>0</ele>
        <time>2025-08-20T06:38:09Z</time>
      </trkpt>
      <trkpt lat="38.83885180129221" lon="121.51022927999504">
        <ele>0</ele>
        <time>2025-08-20T06:38:10Z</time>
      </trkpt>
      <trkpt lat="38.83885312678549" lon="121.51022804004376">
        <ele>0</ele>
        <time>2025-08-20T06:38:11Z</time>
      </trkpt>
      <trkpt lat="38.83885629535289" lon="121.51022438001009">
        <ele>0</ele>
        <time>2025-08-20T06:38:12Z</time>
      </trkpt>
      <trkpt lat="38.8388619541623" lon="121.51022006689409">
        <ele>0</ele>
        <time>2025-08-20T06:38:13Z</time>
      </trkpt>
      <trkpt lat="38.83886771052289" lon="121.51021574357694">
        <ele>0</ele>
        <time>2025-08-20T06:38:14Z</time>
      </trkpt>
      <trkpt lat="38.83887350665738" lon="121.5102119030971">
        <ele>0</ele>
        <time>2025-08-20T06:38:15Z</time>
      </trkpt>
      <trkpt lat="38.83887908025396" lon="121.51020886022415">
        <ele>0</ele>
        <time>2025-08-20T06:38:16Z</time>
      </trkpt>
      <trkpt lat="38.838884964687985" lon="121.51020696537212">
        <ele>0</ele>
        <time>2025-08-20T06:38:17Z</time>
      </trkpt>
      <trkpt lat="38.83889114927692" lon="121.51020554203753">
        <ele>0</ele>
        <time>2025-08-20T06:38:18Z</time>
      </trkpt>
      <trkpt lat="38.83889791643228" lon="121.51020437459084">
        <ele>0</ele>
        <time>2025-08-20T06:38:19Z</time>
      </trkpt>
      <trkpt lat="38.838904872429865" lon="121.5102028156499">
        <ele>0</ele>
        <time>2025-08-20T06:38:20Z</time>
      </trkpt>
      <trkpt lat="38.83891294008383" lon="121.51020150972127">
        <ele>0</ele>
        <time>2025-08-20T06:38:21Z</time>
      </trkpt>
      <trkpt lat="38.838922044358036" lon="121.51020118875644">
        <ele>0</ele>
        <time>2025-08-20T06:38:22Z</time>
      </trkpt>
      <trkpt lat="38.83893156461528" lon="121.51020214069506">
        <ele>0</ele>
        <time>2025-08-20T06:38:23Z</time>
      </trkpt>
      <trkpt lat="38.838940677145786" lon="121.51020362148343">
        <ele>0</ele>
        <time>2025-08-20T06:38:24Z</time>
      </trkpt>
      <trkpt lat="38.838948967321514" lon="121.51020525311013">
        <ele>0</ele>
        <time>2025-08-20T06:38:25Z</time>
      </trkpt>
      <trkpt lat="38.83895625378688" lon="121.51020683186599">
        <ele>0</ele>
        <time>2025-08-20T06:38:26Z</time>
      </trkpt>
      <trkpt lat="38.83896242821298" lon="121.51020819623957">
        <ele>0</ele>
        <time>2025-08-20T06:38:27Z</time>
      </trkpt>
      <trkpt lat="38.83896754410487" lon="121.51020932816483">
        <ele>0</ele>
        <time>2025-08-20T06:38:28Z</time>
      </trkpt>
      <trkpt lat="38.83897213266958" lon="121.51021063854687">
        <ele>0</ele>
        <time>2025-08-20T06:38:29Z</time>
      </trkpt>
      <trkpt lat="38.83897674245976" lon="121.51021255557592">
        <ele>0</ele>
        <time>2025-08-20T06:38:30Z</time>
      </trkpt>
      <trkpt lat="38.83898159256131" lon="121.51021520736664">
        <ele>0</ele>
        <time>2025-08-20T06:38:31Z</time>
      </trkpt>
      <trkpt lat="38.8389864748936" lon="121.51021869409684">
        <ele>0</ele>
        <time>2025-08-20T06:38:32Z</time>
      </trkpt>
      <trkpt lat="38.83899130173535" lon="121.51022290096007">
        <ele>0</ele>
        <time>2025-08-20T06:38:33Z</time>
      </trkpt>
      <trkpt lat="38.83899614551527" lon="121.51022786946467">
        <ele>0</ele>
        <time>2025-08-20T06:38:34Z</time>
      </trkpt>
      <trkpt lat="38.83900115640636" lon="121.5102333266085">
        <ele>0</ele>
        <time>2025-08-20T06:38:35Z</time>
      </trkpt>
      <trkpt lat="38.839006388851175" lon="121.51023928741411">
        <ele>0</ele>
        <time>2025-08-20T06:38:36Z</time>
      </trkpt>
      <trkpt lat="38.83901179306719" lon="121.51024567937941">
        <ele>0</ele>
        <time>2025-08-20T06:38:37Z</time>
      </trkpt>
      <trkpt lat="38.83901722211345" lon="121.51025226464364">
        <ele>0</ele>
        <time>2025-08-20T06:38:38Z</time>
      </trkpt>
      <trkpt lat="38.839022836929225" lon="121.51025920648783">
        <ele>0</ele>
        <time>2025-08-20T06:38:39Z</time>
      </trkpt>
      <trkpt lat="38.83902817184009" lon="121.5102659136036">
        <ele>0</ele>
        <time>2025-08-20T06:38:40Z</time>
      </trkpt>
      <trkpt lat="38.83903369434358" lon="121.5102727691386">
        <ele>0</ele>
        <time>2025-08-20T06:38:41Z</time>
      </trkpt>
      <trkpt lat="38.839039199400986" lon="121.51027947834046">
        <ele>0</ele>
        <time>2025-08-20T06:38:42Z</time>
      </trkpt>
      <trkpt lat="38.83904473207766" lon="121.5102859648298">
        <ele>0</ele>
        <time>2025-08-20T06:38:43Z</time>
      </trkpt>
      <trkpt lat="38.83905034251546" lon="121.51029218273571">
        <ele>0</ele>
        <time>2025-08-20T06:38:44Z</time>
      </trkpt>
      <trkpt lat="38.8390558958167" lon="121.51029791796832">
        <ele>0</ele>
        <time>2025-08-20T06:38:45Z</time>
      </trkpt>
      <trkpt lat="38.83906128882705" lon="121.51030300760628">
        <ele>0</ele>
        <time>2025-08-20T06:38:46Z</time>
      </trkpt>
      <trkpt lat="38.839066545426306" lon="121.51030744710373">
        <ele>0</ele>
        <time>2025-08-20T06:38:47Z</time>
      </trkpt>
      <trkpt lat="38.83907176690882" lon="121.51031129803754">
        <ele>0</ele>
        <time>2025-08-20T06:38:48Z</time>
      </trkpt>
      <trkpt lat="38.839077251831675" lon="121.51031482079787">
        <ele>0</ele>
        <time>2025-08-20T06:38:49Z</time>
      </trkpt>
      <trkpt lat="38.839083399889695" lon="121.51031838936927">
        <ele>0</ele>
        <time>2025-08-20T06:38:50Z</time>
      </trkpt>
      <trkpt lat="38.8390903807714" lon="121.51032217680984">
        <ele>0</ele>
        <time>2025-08-20T06:38:51Z</time>
      </trkpt>
      <trkpt lat="38.83909815803723" lon="121.51032618250608">
        <ele>0</ele>
        <time>2025-08-20T06:38:52Z</time>
      </trkpt>
      <trkpt lat="38.83910671519145" lon="121.51033048731001">
        <ele>0</ele>
        <time>2025-08-20T06:38:53Z</time>
      </trkpt>
      <trkpt lat="38.839115886887456" lon="121.51033506262743">
        <ele>0</ele>
        <time>2025-08-20T06:38:54Z</time>
      </trkpt>
      <trkpt lat="38.83912517606475" lon="121.5103394711655">
        <ele>0</ele>
        <time>2025-08-20T06:38:55Z</time>
      </trkpt>
      <trkpt lat="38.83913450203029" lon="121.51034362812483">
        <ele>0</ele>
        <time>2025-08-20T06:38:56Z</time>
      </trkpt>
      <trkpt lat="38.83914380607948" lon="121.5103476369444">
        <ele>0</ele>
        <time>2025-08-20T06:38:57Z</time>
      </trkpt>
      <trkpt lat="38.839153004617344" lon="121.51035203846494">
        <ele>0</ele>
        <time>2025-08-20T06:38:58Z</time>
      </trkpt>
      <trkpt lat="38.839161976905665" lon="121.51035680382552">
        <ele>0</ele>
        <time>2025-08-20T06:38:59Z</time>
      </trkpt>
      <trkpt lat="38.83917065624" lon="121.51036199774245">
        <ele>0</ele>
        <time>2025-08-20T06:39:00Z</time>
      </trkpt>
      <trkpt lat="38.839178953012826" lon="121.5103676615451">
        <ele>0</ele>
        <time>2025-08-20T06:39:01Z</time>
      </trkpt>
      <trkpt lat="38.83918676000423" lon="121.51037383546922">
        <ele>0</ele>
        <time>2025-08-20T06:39:02Z</time>
      </trkpt>
      <trkpt lat="38.83919384509298" lon="121.51038043585618">
        <ele>0</ele>
        <time>2025-08-20T06:39:03Z</time>
      </trkpt>
      <trkpt lat="38.83920038680706" lon="121.51038717629831">
        <ele>0</ele>
        <time>2025-08-20T06:39:04Z</time>
      </trkpt>
      <trkpt lat="38.83920661153229" lon="121.51039431566836">
        <ele>0</ele>
        <time>2025-08-20T06:39:05Z</time>
      </trkpt>
      <trkpt lat="38.83921276443179" lon="121.51040212688032">
        <ele>0</ele>
        <time>2025-08-20T06:39:06Z</time>
      </trkpt>
      <trkpt lat="38.839218926812535" lon="121.51041070019775">
        <ele>0</ele>
        <time>2025-08-20T06:39:07Z</time>
      </trkpt>
      <trkpt lat="38.8392249967069" lon="121.51041990073381">
        <ele>0</ele>
        <time>2025-08-20T06:39:08Z</time>
      </trkpt>
      <trkpt lat="38.83923108264401" lon="121.51042971838957">
        <ele>0</ele>
        <time>2025-08-20T06:39:09Z</time>
      </trkpt>
      <trkpt lat="38.83923714612903" lon="121.51043995169026">
        <ele>0</ele>
        <time>2025-08-20T06:39:10Z</time>
      </trkpt>
      <trkpt lat="38.83924322714677" lon="121.51045043863395">
        <ele>0</ele>
        <time>2025-08-20T06:39:11Z</time>
      </trkpt>
      <trkpt lat="38.8392496447983" lon="121.51046125781373">
        <ele>0</ele>
        <time>2025-08-20T06:39:12Z</time>
      </trkpt>
      <trkpt lat="38.83925588409984" lon="121.51047173551217">
        <ele>0</ele>
        <time>2025-08-20T06:39:13Z</time>
      </trkpt>
      <trkpt lat="38.83926219002559" lon="121.51048194478231">
        <ele>0</ele>
        <time>2025-08-20T06:39:14Z</time>
      </trkpt>
      <trkpt lat="38.83926845510812" lon="121.51049169454315">
        <ele>0</ele>
        <time>2025-08-20T06:39:15Z</time>
      </trkpt>
      <trkpt lat="38.8392748303913" lon="121.51050108627913">
        <ele>0</ele>
        <time>2025-08-20T06:39:16Z</time>
      </trkpt>
      <trkpt lat="38.83928117112757" lon="121.51050998480117">
        <ele>0</ele>
        <time>2025-08-20T06:39:17Z</time>
      </trkpt>
      <trkpt lat="38.83928742923177" lon="121.51051836667976">
        <ele>0</ele>
        <time>2025-08-20T06:39:18Z</time>
      </trkpt>
      <trkpt lat="38.83929374731882" lon="121.5105263976086">
        <ele>0</ele>
        <time>2025-08-20T06:39:19Z</time>
      </trkpt>
      <trkpt lat="38.839300082174574" lon="121.51053407888172">
        <ele>0</ele>
        <time>2025-08-20T06:39:20Z</time>
      </trkpt>
      <trkpt lat="38.83930625226764" lon="121.51054128687248">
        <ele>0</ele>
        <time>2025-08-20T06:39:21Z</time>
      </trkpt>
      <trkpt lat="38.8393119872709" lon="121.51054781592548">
        <ele>0</ele>
        <time>2025-08-20T06:39:22Z</time>
      </trkpt>
      <trkpt lat="38.83931739326873" lon="121.51055380541938">
        <ele>0</ele>
        <time>2025-08-20T06:39:23Z</time>
      </trkpt>
      <trkpt lat="38.83932293617772" lon="121.51055988127278">
        <ele>0</ele>
        <time>2025-08-20T06:39:24Z</time>
      </trkpt>
      <trkpt lat="38.83932812991431" lon="121.51056532863684">
        <ele>0</ele>
        <time>2025-08-20T06:39:25Z</time>
      </trkpt>
      <trkpt lat="38.8393329598324" lon="121.51057031690168">
        <ele>0</ele>
        <time>2025-08-20T06:39:26Z</time>
      </trkpt>
      <trkpt lat="38.839337721877385" lon="121.51057513974798">
        <ele>0</ele>
        <time>2025-08-20T06:39:27Z</time>
      </trkpt>
      <trkpt lat="38.839342438727336" lon="121.51057964749243">
        <ele>0</ele>
        <time>2025-08-20T06:39:28Z</time>
      </trkpt>
      <trkpt lat="38.83934695288821" lon="121.51058363943147">
        <ele>0</ele>
        <time>2025-08-20T06:39:29Z</time>
      </trkpt>
      <trkpt lat="38.83935113609385" lon="121.51058694559619">
        <ele>0</ele>
        <time>2025-08-20T06:39:30Z</time>
      </trkpt>
      <trkpt lat="38.839354905927664" lon="121.51058937426197">
        <ele>0</ele>
        <time>2025-08-20T06:39:31Z</time>
      </trkpt>
      <trkpt lat="38.83935850680595" lon="121.51059115626713">
        <ele>0</ele>
        <time>2025-08-20T06:39:32Z</time>
      </trkpt>
      <trkpt lat="38.83936196072049" lon="121.51059229401022">
        <ele>0</ele>
        <time>2025-08-20T06:39:33Z</time>
      </trkpt>
      <trkpt lat="38.839365224632076" lon="121.51059263278917">
        <ele>0</ele>
        <time>2025-08-20T06:39:34Z</time>
      </trkpt>
      <trkpt lat="38.839368723889045" lon="121.51059261789206">
        <ele>0</ele>
        <time>2025-08-20T06:39:35Z</time>
      </trkpt>
      <trkpt lat="38.83937283455648" lon="121.51059258852564">
        <ele>0</ele>
        <time>2025-08-20T06:39:36Z</time>
      </trkpt>
      <trkpt lat="38.83937771932591" lon="121.51059263948443">
        <ele>0</ele>
        <time>2025-08-20T06:39:37Z</time>
      </trkpt>
      <trkpt lat="38.83938332145423" lon="121.51059274076593">
        <ele>0</ele>
        <time>2025-08-20T06:39:38Z</time>
      </trkpt>
      <trkpt lat="38.8393895515584" lon="121.51059282672117">
        <ele>0</ele>
        <time>2025-08-20T06:39:39Z</time>
      </trkpt>
      <trkpt lat="38.83939635061656" lon="121.51059284044184">
        <ele>0</ele>
        <time>2025-08-20T06:39:40Z</time>
      </trkpt>
      <trkpt lat="38.83940370027314" lon="121.51059280313939">
        <ele>0</ele>
        <time>2025-08-20T06:39:40Z</time>
      </trkpt>
      <trkpt lat="38.83941142539938" lon="121.51059257413306">
        <ele>0</ele>
        <time>2025-08-20T06:39:41Z</time>
      </trkpt>
      <trkpt lat="38.839419422021074" lon="121.51059210822203">
        <ele>0</ele>
        <time>2025-08-20T06:39:42Z</time>
      </trkpt>
      <trkpt lat="38.839427725878735" lon="121.5105915523227">
        <ele>0</ele>
        <time>2025-08-20T06:39:43Z</time>
      </trkpt>
      <trkpt lat="38.83943621518432" lon="121.51059082782858">
        <ele>0</ele>
        <time>2025-08-20T06:39:44Z</time>
      </trkpt>
      <trkpt lat="38.839444851953225" lon="121.51058991434212">
        <ele>0</ele>
        <time>2025-08-20T06:39:45Z</time>
      </trkpt>
      <trkpt lat="38.83945370739401" lon="121.51058899261814">
        <ele>0</ele>
        <time>2025-08-20T06:39:46Z</time>
      </trkpt>
      <trkpt lat="38.8394625616399" lon="121.51058791971411">
        <ele>0</ele>
        <time>2025-08-20T06:39:47Z</time>
      </trkpt>
      <trkpt lat="38.839471373562326" lon="121.51058666310067">
        <ele>0</ele>
        <time>2025-08-20T06:39:48Z</time>
      </trkpt>
      <trkpt lat="38.83948024541509" lon="121.51058533938824">
        <ele>0</ele>
        <time>2025-08-20T06:39:49Z</time>
      </trkpt>
      <trkpt lat="38.839489230677785" lon="121.51058401943942">
        <ele>0</ele>
        <time>2025-08-20T06:39:50Z</time>
      </trkpt>
      <trkpt lat="38.83949834741164" lon="121.51058277015049">
        <ele>0</ele>
        <time>2025-08-20T06:39:51Z</time>
      </trkpt>
      <trkpt lat="38.83950751348447" lon="121.51058154880799">
        <ele>0</ele>
        <time>2025-08-20T06:39:52Z</time>
      </trkpt>
      <trkpt lat="38.83951660067342" lon="121.5105802333372">
        <ele>0</ele>
        <time>2025-08-20T06:39:53Z</time>
      </trkpt>
      <trkpt lat="38.839525624833755" lon="121.51057888505983">
        <ele>0</ele>
        <time>2025-08-20T06:39:54Z</time>
      </trkpt>
      <trkpt lat="38.839534596523286" lon="121.51057759562867">
        <ele>0</ele>
        <time>2025-08-20T06:39:55Z</time>
      </trkpt>
      <trkpt lat="38.8395434030293" lon="121.5105762284682">
        <ele>0</ele>
        <time>2025-08-20T06:39:56Z</time>
      </trkpt>
      <trkpt lat="38.83955205841278" lon="121.5105747118833">
        <ele>0</ele>
        <time>2025-08-20T06:39:57Z</time>
      </trkpt>
      <trkpt lat="38.83956076818867" lon="121.51057332889391">
        <ele>0</ele>
        <time>2025-08-20T06:39:58Z</time>
      </trkpt>
      <trkpt lat="38.83956939106893" lon="121.51057185868765">
        <ele>0</ele>
        <time>2025-08-20T06:39:59Z</time>
      </trkpt>
      <trkpt lat="38.83957811228217" lon="121.51057060163504">
        <ele>0</ele>
        <time>2025-08-20T06:40:00Z</time>
      </trkpt>
      <trkpt lat="38.83958674065085" lon="121.51056936182599">
        <ele>0</ele>
        <time>2025-08-20T06:40:01Z</time>
      </trkpt>
      <trkpt lat="38.83959530961156" lon="121.51056820730247">
        <ele>0</ele>
        <time>2025-08-20T06:40:02Z</time>
      </trkpt>
      <trkpt lat="38.83960384774496" lon="121.51056725380226">
        <ele>0</ele>
        <time>2025-08-20T06:40:03Z</time>
      </trkpt>
      <trkpt lat="38.83961225425165" lon="121.51056645679431">
        <ele>0</ele>
        <time>2025-08-20T06:40:04Z</time>
      </trkpt>
      <trkpt lat="38.839620334988545" lon="121.51056549105039">
        <ele>0</ele>
        <time>2025-08-20T06:40:05Z</time>
      </trkpt>
      <trkpt lat="38.839628219691264" lon="121.51056434886341">
        <ele>0</ele>
        <time>2025-08-20T06:40:06Z</time>
      </trkpt>
      <trkpt lat="38.8396361924103" lon="121.5105634230279">
        <ele>0</ele>
        <time>2025-08-20T06:40:07Z</time>
      </trkpt>
      <trkpt lat="38.83964398558662" lon="121.51056243596945">
        <ele>0</ele>
        <time>2025-08-20T06:40:08Z</time>
      </trkpt>
      <trkpt lat="38.839651539290244" lon="121.51056132939094">
        <ele>0</ele>
        <time>2025-08-20T06:40:09Z</time>
      </trkpt>
      <trkpt lat="38.83965878942523" lon="121.51056004143899">
        <ele>0</ele>
        <time>2025-08-20T06:40:10Z</time>
      </trkpt>
      <trkpt lat="38.83966563183382" lon="121.51055836076848">
        <ele>0</ele>
        <time>2025-08-20T06:40:11Z</time>
      </trkpt>
      <trkpt lat="38.83967222806272" lon="121.5105563714228">
        <ele>0</ele>
        <time>2025-08-20T06:40:12Z</time>
      </trkpt>
      <trkpt lat="38.83967889962597" lon="121.51055437865996">
        <ele>0</ele>
        <time>2025-08-20T06:40:13Z</time>
      </trkpt>
      <trkpt lat="38.83968568237938" lon="121.51055240724496">
        <ele>0</ele>
        <time>2025-08-20T06:40:14Z</time>
      </trkpt>
      <trkpt lat="38.83969244676917" lon="121.51055037500018">
        <ele>0</ele>
        <time>2025-08-20T06:40:15Z</time>
      </trkpt>
      <trkpt lat="38.83969900514813" lon="121.51054984179262">
        <ele>0</ele>
        <time>2025-08-20T06:40:16Z</time>
      </trkpt>
      <trkpt lat="38.83970516029896" lon="121.51055074735497">
        <ele>0</ele>
        <time>2025-08-20T06:40:17Z</time>
      </trkpt>
      <trkpt lat="38.83971077079628" lon="121.51055312641157">
        <ele>0</ele>
        <time>2025-08-20T06:40:18Z</time>
      </trkpt>
      <trkpt lat="38.83971582219662" lon="121.51055719693741">
        <ele>0</ele>
        <time>2025-08-20T06:40:19Z</time>
      </trkpt>
      <trkpt lat="38.83972017788518" lon="121.51056308096317">
        <ele>0</ele>
        <time>2025-08-20T06:40:20Z</time>
      </trkpt>
      <trkpt lat="38.839723873058674" lon="121.51057112672704">
        <ele>0</ele>
        <time>2025-08-20T06:40:21Z</time>
      </trkpt>
      <trkpt lat="38.83972664975158" lon="121.51058139298762">
        <ele>0</ele>
        <time>2025-08-20T06:40:22Z</time>
      </trkpt>
      <trkpt lat="38.839728279842404" lon="121.5105939754992">
        <ele>0</ele>
        <time>2025-08-20T06:40:23Z</time>
      </trkpt>
      <trkpt lat="38.83972849733371" lon="121.51060892261955">
        <ele>0</ele>
        <time>2025-08-20T06:40:24Z</time>
      </trkpt>
      <trkpt lat="38.83972771411822" lon="121.51062515076288">
        <ele>0</ele>
        <time>2025-08-20T06:40:25Z</time>
      </trkpt>
      <trkpt lat="38.83972596543487" lon="121.5106426190648">
        <ele>0</ele>
        <time>2025-08-20T06:40:26Z</time>
      </trkpt>
      <trkpt lat="38.8397301326642" lon="121.51065047444061">
        <ele>0</ele>
        <time>2025-08-20T06:40:27Z</time>
      </trkpt>
      <trkpt lat="38.839734540280894" lon="121.51065837440075">
        <ele>0</ele>
        <time>2025-08-20T06:40:28Z</time>
      </trkpt>
      <trkpt lat="38.83973915219854" lon="121.51066587009515">
        <ele>0</ele>
        <time>2025-08-20T06:40:29Z</time>
      </trkpt>
      <trkpt lat="38.83974436791066" lon="121.51067229926623">
        <ele>0</ele>
        <time>2025-08-20T06:40:30Z</time>
      </trkpt>
      <trkpt lat="38.83975040851229" lon="121.51067701019757">
        <ele>0</ele>
        <time>2025-08-20T06:40:31Z</time>
      </trkpt>
      <trkpt lat="38.83975750298027" lon="121.51067949538297">
        <ele>0</ele>
        <time>2025-08-20T06:40:32Z</time>
      </trkpt>
      <trkpt lat="38.839766391536074" lon="121.51067916062775">
        <ele>0</ele>
        <time>2025-08-20T06:40:33Z</time>
      </trkpt>
      <trkpt lat="38.83977717074897" lon="121.51067576215081">
        <ele>0</ele>
        <time>2025-08-20T06:40:34Z</time>
      </trkpt>
      <trkpt lat="38.83979006553738" lon="121.51066930100085">
        <ele>0</ele>
        <time>2025-08-20T06:40:35Z</time>
      </trkpt>
      <trkpt lat="38.839805177819365" lon="121.51066001992741">
        <ele>0</ele>
        <time>2025-08-20T06:40:36Z</time>
      </trkpt>
      <trkpt lat="38.83982201620531" lon="121.51064842708554">
        <ele>0</ele>
        <time>2025-08-20T06:40:37Z</time>
      </trkpt>
      <trkpt lat="38.83983974087067" lon="121.51063554705892">
        <ele>0</ele>
        <time>2025-08-20T06:40:38Z</time>
      </trkpt>
      <trkpt lat="38.839857497272334" lon="121.5106225372089">
        <ele>0</ele>
        <time>2025-08-20T06:40:39Z</time>
      </trkpt>
      <trkpt lat="38.83987477936408" lon="121.51061018978973">
        <ele>0</ele>
        <time>2025-08-20T06:40:40Z</time>
      </trkpt>
      <trkpt lat="38.83989136491473" lon="121.5105990051002">
        <ele>0</ele>
        <time>2025-08-20T06:40:41Z</time>
      </trkpt>
      <trkpt lat="38.83990691785269" lon="121.51058921852335">
        <ele>0</ele>
        <time>2025-08-20T06:40:42Z</time>
      </trkpt>
      <trkpt lat="38.839921346845834" lon="121.51058098983233">
        <ele>0</ele>
        <time>2025-08-20T06:40:43Z</time>
      </trkpt>
      <trkpt lat="38.83993473255539" lon="121.51057434867617">
        <ele>0</ele>
        <time>2025-08-20T06:40:44Z</time>
      </trkpt>
      <trkpt lat="38.839947202464224" lon="121.51056916723122">
        <ele>0</ele>
        <time>2025-08-20T06:40:45Z</time>
      </trkpt>
      <trkpt lat="38.839958905296534" lon="121.51056529009915">
        <ele>0</ele>
        <time>2025-08-20T06:40:46Z</time>
      </trkpt>
      <trkpt lat="38.83997001473037" lon="121.5105625653799">
        <ele>0</ele>
        <time>2025-08-20T06:40:47Z</time>
      </trkpt>
      <trkpt lat="38.839980657535584" lon="121.51056083654852">
        <ele>0</ele>
        <time>2025-08-20T06:40:48Z</time>
      </trkpt>
      <trkpt lat="38.83999081538605" lon="121.51055994091838">
        <ele>0</ele>
        <time>2025-08-20T06:40:49Z</time>
      </trkpt>
      <trkpt lat="38.8400005388225" lon="121.51055973564395">
        <ele>0</ele>
        <time>2025-08-20T06:40:50Z</time>
      </trkpt>
      <trkpt lat="38.840009886586" lon="121.51056012117206">
        <ele>0</ele>
        <time>2025-08-20T06:40:51Z</time>
      </trkpt>
      <trkpt lat="38.84001888634133" lon="121.51056102470395">
        <ele>0</ele>
        <time>2025-08-20T06:40:52Z</time>
      </trkpt>
      <trkpt lat="38.84002778846316" lon="121.51056236428457">
        <ele>0</ele>
        <time>2025-08-20T06:40:53Z</time>
      </trkpt>
      <trkpt lat="38.84003655263326" lon="121.51056405263002">
        <ele>0</ele>
        <time>2025-08-20T06:40:54Z</time>
      </trkpt>
      <trkpt lat="38.84004512713994" lon="121.51056601529186">
        <ele>0</ele>
        <time>2025-08-20T06:40:55Z</time>
      </trkpt>
      <trkpt lat="38.84005351805248" lon="121.51056818449408">
        <ele>0</ele>
        <time>2025-08-20T06:40:56Z</time>
      </trkpt>
      <trkpt lat="38.84006176210027" lon="121.5105705039439">
        <ele>0</ele>
        <time>2025-08-20T06:40:57Z</time>
      </trkpt>
      <trkpt lat="38.840069912032895" lon="121.51057294618556">
        <ele>0</ele>
        <time>2025-08-20T06:40:58Z</time>
      </trkpt>
      <trkpt lat="38.84007792559427" lon="121.51057546271966">
        <ele>0</ele>
        <time>2025-08-20T06:40:59Z</time>
      </trkpt>
      <trkpt lat="38.84008592192423" lon="121.51057805023913">
        <ele>0</ele>
        <time>2025-08-20T06:41:00Z</time>
      </trkpt>
      <trkpt lat="38.84009399698599" lon="121.51058069999098">
        <ele>0</ele>
        <time>2025-08-20T06:41:01Z</time>
      </trkpt>
      <trkpt lat="38.840102137482766" lon="121.51058341482553">
        <ele>0</ele>
        <time>2025-08-20T06:41:02Z</time>
      </trkpt>
      <trkpt lat="38.840110450851306" lon="121.5105920159685">
        <ele>0</ele>
        <time>2025-08-20T06:41:03Z</time>
      </trkpt>
      <trkpt lat="38.840118091137946" lon="121.51059545629366">
        <ele>0</ele>
        <time>2025-08-20T06:41:04Z</time>
      </trkpt>
      <trkpt lat="38.84012514671289" lon="121.51059873531044">
        <ele>0</ele>
        <time>2025-08-20T06:41:05Z</time>
      </trkpt>
      <trkpt lat="38.84013055266838" lon="121.51060125862924">
        <ele>0</ele>
        <time>2025-08-20T06:41:06Z</time>
      </trkpt>
      <trkpt lat="38.84013505390455" lon="121.5106020782461">
        <ele>0</ele>
        <time>2025-08-20T06:41:07Z</time>
      </trkpt>
      <trkpt lat="38.840138531807696" lon="121.51059945938162">
        <ele>0</ele>
        <time>2025-08-20T06:41:08Z</time>
      </trkpt>
      <trkpt lat="38.84014010655776" lon="121.51059190093719">
        <ele>0</ele>
        <time>2025-08-20T06:41:09Z</time>
      </trkpt>
      <trkpt lat="38.840139424165606" lon="121.51057825248508">
        <ele>0</ele>
        <time>2025-08-20T06:41:10Z</time>
      </trkpt>
      <trkpt lat="38.840136006085395" lon="121.51055678396654">
        <ele>0</ele>
        <time>2025-08-20T06:41:11Z</time>
      </trkpt>
      <trkpt lat="38.840130457312426" lon="121.51052999080142">
        <ele>0</ele>
        <time>2025-08-20T06:41:12Z</time>
      </trkpt>
      <trkpt lat="38.84011944041333" lon="121.51047997337305">
        <ele>0</ele>
        <time>2025-08-20T06:41:13Z</time>
      </trkpt>
      <trkpt lat="38.84010676150542" lon="121.51042268103053">
        <ele>0</ele>
        <time>2025-08-20T06:41:14Z</time>
      </trkpt>
      <trkpt lat="38.84009355238677" lon="121.51035927500708">
        <ele>0</ele>
        <time>2025-08-20T06:41:15Z</time>
      </trkpt>
      <trkpt lat="38.84008145310385" lon="121.51029135523731">
        <ele>0</ele>
        <time>2025-08-20T06:41:16Z</time>
      </trkpt>
      <trkpt lat="38.84007014169531" lon="121.51022156308936">
        <ele>0</ele>
        <time>2025-08-20T06:41:17Z</time>
      </trkpt>
      <trkpt lat="38.84005949611562" lon="121.51015175764105">
        <ele>0</ele>
        <time>2025-08-20T06:41:18Z</time>
      </trkpt>
      <trkpt lat="38.840048638192215" lon="121.51008774633195">
        <ele>0</ele>
        <time>2025-08-20T06:41:19Z</time>
      </trkpt>
      <trkpt lat="38.840036698469106" lon="121.51002381844748">
        <ele>0</ele>
        <time>2025-08-20T06:41:20Z</time>
      </trkpt>
      <trkpt lat="38.84002404306948" lon="121.50995631303759">
        <ele>0</ele>
        <time>2025-08-20T06:41:21Z</time>
      </trkpt>
      <trkpt lat="38.84001061157787" lon="121.50988153124679">
        <ele>0</ele>
        <time>2025-08-20T06:41:22Z</time>
      </trkpt>
      <trkpt lat="38.839995225663905" lon="121.50979339831513">
        <ele>0</ele>
        <time>2025-08-20T06:41:23Z</time>
      </trkpt>
      <trkpt lat="38.839977748544825" lon="121.50968715855775">
        <ele>0</ele>
        <time>2025-08-20T06:41:24Z</time>
      </trkpt>
      <trkpt lat="38.83995820854058" lon="121.5095557269354">
        <ele>0</ele>
        <time>2025-08-20T06:41:25Z</time>
      </trkpt>
      <trkpt lat="38.83993587131763" lon="121.50939050152067">
        <ele>0</ele>
        <time>2025-08-20T06:41:26Z</time>
      </trkpt>
      <trkpt lat="38.839908021464076" lon="121.50918613483387">
        <ele>0</ele>
        <time>2025-08-20T06:41:27Z</time>
      </trkpt>
      <trkpt lat="38.839880866901055" lon="121.50897864710437">
        <ele>0</ele>
        <time>2025-08-20T06:41:28Z</time>
      </trkpt>
      <trkpt lat="38.839844876544056" lon="121.50865881153133">
        <ele>0</ele>
        <time>2025-08-20T06:41:29Z</time>
      </trkpt>
      <trkpt lat="38.83981647520217" lon="121.50835414355844">
        <ele>0</ele>
        <time>2025-08-20T06:41:30Z</time>
      </trkpt>
      <trkpt lat="38.839794318866176" lon="121.50809036182655">
        <ele>0</ele>
        <time>2025-08-20T06:41:31Z</time>
      </trkpt>
      <trkpt lat="38.83976889494316" lon="121.50776194218625">
        <ele>0</ele>
        <time>2025-08-20T06:41:32Z</time>
      </trkpt>
      <trkpt lat="38.83975103595235" lon="121.5075040916953">
        <ele>0</ele>
        <time>2025-08-20T06:41:33Z</time>
      </trkpt>
      <trkpt lat="38.83973859459912" lon="121.50730601316081">
        <ele>0</ele>
        <time>2025-08-20T06:41:34Z</time>
      </trkpt>
      <trkpt lat="38.8397247097329" lon="121.50708940645026">
        <ele>0</ele>
        <time>2025-08-20T06:41:35Z</time>
      </trkpt>
      <trkpt lat="38.83971325642036" lon="121.50693851155081">
        <ele>0</ele>
        <time>2025-08-20T06:41:36Z</time>
      </trkpt>
      <trkpt lat="38.839704276550336" lon="121.50683177047732">
        <ele>0</ele>
        <time>2025-08-20T06:41:37Z</time>
      </trkpt>
      <trkpt lat="38.83969528471374" lon="121.5067266748969">
        <ele>0</ele>
        <time>2025-08-20T06:41:38Z</time>
      </trkpt>
      <trkpt lat="38.839689668149326" lon="121.5066609561557">
        <ele>0</ele>
        <time>2025-08-20T06:41:39Z</time>
      </trkpt>
      <trkpt lat="38.83968638311775" lon="121.50661622783375">
        <ele>0</ele>
        <time>2025-08-20T06:41:40Z</time>
      </trkpt>
      <trkpt lat="38.839684921311886" lon="121.50658083327639">
        <ele>0</ele>
        <time>2025-08-20T06:41:41Z</time>
      </trkpt>
      <trkpt lat="38.83968572602311" lon="121.50655914651347">
        <ele>0</ele>
        <time>2025-08-20T06:41:42Z</time>
      </trkpt>
      <trkpt lat="38.83968847635866" lon="121.50654582321619">
        <ele>0</ele>
        <time>2025-08-20T06:41:43Z</time>
      </trkpt>
      <trkpt lat="38.839694202629275" lon="121.50653728457816">
        <ele>0</ele>
        <time>2025-08-20T06:41:44Z</time>
      </trkpt>
      <trkpt lat="38.83970187581018" lon="121.50653358953512">
        <ele>0</ele>
        <time>2025-08-20T06:41:45Z</time>
      </trkpt>
      <trkpt lat="38.83971037240778" lon="121.50653221131216">
        <ele>0</ele>
        <time>2025-08-20T06:41:46Z</time>
      </trkpt>
      <trkpt lat="38.83972059953538" lon="121.50653208814114">
        <ele>0</ele>
        <time>2025-08-20T06:41:47Z</time>
      </trkpt>
      <trkpt lat="38.83973104015997" lon="121.50653249251539">
        <ele>0</ele>
        <time>2025-08-20T06:41:48Z</time>
      </trkpt>
      <trkpt lat="38.83974143833335" lon="121.50653198515745">
        <ele>0</ele>
        <time>2025-08-20T06:41:49Z</time>
      </trkpt>
      <trkpt lat="38.83975293862445" lon="121.50652939480865">
        <ele>0</ele>
        <time>2025-08-20T06:41:50Z</time>
      </trkpt>
      <trkpt lat="38.83976377194132" lon="121.50652480770621">
        <ele>0</ele>
        <time>2025-08-20T06:41:51Z</time>
      </trkpt>
      <trkpt lat="38.83977357605459" lon="121.50651905388884">
        <ele>0</ele>
        <time>2025-08-20T06:41:52Z</time>
      </trkpt>
      <trkpt lat="38.83978307638184" lon="121.50651223392153">
        <ele>0</ele>
        <time>2025-08-20T06:41:53Z</time>
      </trkpt>
      <trkpt lat="38.839791053957384" lon="121.50650569098845">
        <ele>0</ele>
        <time>2025-08-20T06:41:54Z</time>
      </trkpt>
      <trkpt lat="38.83979756078699" lon="121.50649995764563">
        <ele>0</ele>
        <time>2025-08-20T06:41:55Z</time>
      </trkpt>
      <trkpt lat="38.83980307554424" lon="121.50649468597956">
        <ele>0</ele>
        <time>2025-08-20T06:41:56Z</time>
      </trkpt>
      <trkpt lat="38.83980701746554" lon="121.50649061157094">
        <ele>0</ele>
        <time>2025-08-20T06:41:57Z</time>
      </trkpt>
      <trkpt lat="38.8398099495262" lon="121.5064877812135">
        <ele>0</ele>
        <time>2025-08-20T06:41:58Z</time>
      </trkpt>
      <trkpt lat="38.83981242421515" lon="121.50648587623219">
        <ele>0</ele>
        <time>2025-08-20T06:41:59Z</time>
      </trkpt>
      <trkpt lat="38.839814439648784" lon="121.50648476292152">
        <ele>0</ele>
        <time>2025-08-20T06:42:00Z</time>
      </trkpt>
      <trkpt lat="38.83981610641262" lon="121.5064840315461">
        <ele>0</ele>
        <time>2025-08-20T06:42:01Z</time>
      </trkpt>
      <trkpt lat="38.83981757620373" lon="121.50648334690887">
        <ele>0</ele>
        <time>2025-08-20T06:42:02Z</time>
      </trkpt>
      <trkpt lat="38.839818781482656" lon="121.50648248513745">
        <ele>0</ele>
        <time>2025-08-20T06:42:03Z</time>
      </trkpt>
      <trkpt lat="38.839819724470786" lon="121.50648127225942">
        <ele>0</ele>
        <time>2025-08-20T06:42:04Z</time>
      </trkpt>
      <trkpt lat="38.83982042261521" lon="121.50647952626338">
        <ele>0</ele>
        <time>2025-08-20T06:42:05Z</time>
      </trkpt>
      <trkpt lat="38.83982089924731" lon="121.50647751801978">
        <ele>0</ele>
        <time>2025-08-20T06:42:06Z</time>
      </trkpt>
      <trkpt lat="38.839821390083124" lon="121.50647553050854">
        <ele>0</ele>
        <time>2025-08-20T06:42:07Z</time>
      </trkpt>
      <trkpt lat="38.83982191338622" lon="121.50647408699727">
        <ele>0</ele>
        <time>2025-08-20T06:42:08Z</time>
      </trkpt>
      <trkpt lat="38.839822165207075" lon="121.5064730210527">
        <ele>0</ele>
        <time>2025-08-20T06:42:09Z</time>
      </trkpt>
      <trkpt lat="38.83982244600118" lon="121.50647223763491">
        <ele>0</ele>
        <time>2025-08-20T06:42:10Z</time>
      </trkpt>
      <trkpt lat="38.83982244298276" lon="121.50647154203094">
        <ele>0</ele>
        <time>2025-08-20T06:42:11Z</time>
      </trkpt>
      <trkpt lat="38.83982262726083" lon="121.50647111264108">
        <ele>0</ele>
        <time>2025-08-20T06:42:12Z</time>
      </trkpt>
      <trkpt lat="38.83982275200901" lon="121.50647061619705">
        <ele>0</ele>
        <time>2025-08-20T06:42:13Z</time>
      </trkpt>
      <trkpt lat="38.83982284641294" lon="121.50646980830523">
        <ele>0</ele>
        <time>2025-08-20T06:42:14Z</time>
      </trkpt>
      <trkpt lat="38.8398228367147" lon="121.50646928599345">
        <ele>0</ele>
        <time>2025-08-20T06:42:15Z</time>
      </trkpt>
      <trkpt lat="38.839823119401466" lon="121.50646932653423">
        <ele>0</ele>
        <time>2025-08-20T06:42:16Z</time>
      </trkpt>
      <trkpt lat="38.83982317015294" lon="121.5064693958066">
        <ele>0</ele>
        <time>2025-08-20T06:42:16Z</time>
      </trkpt>
      <trkpt lat="38.839823613195556" lon="121.50646981046154">
        <ele>0</ele>
        <time>2025-08-20T06:42:17Z</time>
      </trkpt>
      <trkpt lat="38.83982439072771" lon="121.50647037921416">
        <ele>0</ele>
        <time>2025-08-20T06:42:18Z</time>
      </trkpt>
      <trkpt lat="38.83982538297463" lon="121.5064712197726">
        <ele>0</ele>
        <time>2025-08-20T06:42:19Z</time>
      </trkpt>
      <trkpt lat="38.83982624141691" lon="121.50647229332613">
        <ele>0</ele>
        <time>2025-08-20T06:42:20Z</time>
      </trkpt>
      <trkpt lat="38.83982673927403" lon="121.50647376827433">
        <ele>0</ele>
        <time>2025-08-20T06:42:21Z</time>
      </trkpt>
      <trkpt lat="38.839826827272596" lon="121.50647590856846">
        <ele>0</ele>
        <time>2025-08-20T06:42:22Z</time>
      </trkpt>
      <trkpt lat="38.83982662027569" lon="121.50647920734079">
        <ele>0</ele>
        <time>2025-08-20T06:42:23Z</time>
      </trkpt>
      <trkpt lat="38.83982615248805" lon="121.5064830494349">
        <ele>0</ele>
        <time>2025-08-20T06:42:24Z</time>
      </trkpt>
      <trkpt lat="38.83982514430665" lon="121.50648658392643">
        <ele>0</ele>
        <time>2025-08-20T06:42:25Z</time>
      </trkpt>
      <trkpt lat="38.839823284892134" lon="121.5064897563841">
        <ele>0</ele>
        <time>2025-08-20T06:42:26Z</time>
      </trkpt>
      <trkpt lat="38.83982069832431" lon="121.50649288575272">
        <ele>0</ele>
        <time>2025-08-20T06:42:27Z</time>
      </trkpt>
      <trkpt lat="38.83981727716369" lon="121.50649650468392">
        <ele>0</ele>
        <time>2025-08-20T06:42:28Z</time>
      </trkpt>
      <trkpt lat="38.83981282590777" lon="121.50650131032249">
        <ele>0</ele>
        <time>2025-08-20T06:42:29Z</time>
      </trkpt>
      <trkpt lat="38.839807220041195" lon="121.50650746695062">
        <ele>0</ele>
        <time>2025-08-20T06:42:30Z</time>
      </trkpt>
      <trkpt lat="38.83980048130965" lon="121.506514704963">
        <ele>0</ele>
        <time>2025-08-20T06:42:31Z</time>
      </trkpt>
      <trkpt lat="38.83979238650777" lon="121.50652206831852">
        <ele>0</ele>
        <time>2025-08-20T06:42:32Z</time>
      </trkpt>
      <trkpt lat="38.83978316245335" lon="121.50652883569778">
        <ele>0</ele>
        <time>2025-08-20T06:42:33Z</time>
      </trkpt>
      <trkpt lat="38.83977321491556" lon="121.50653486652271">
        <ele>0</ele>
        <time>2025-08-20T06:42:34Z</time>
      </trkpt>
      <trkpt lat="38.83976264280296" lon="121.5065401600454">
        <ele>0</ele>
        <time>2025-08-20T06:42:35Z</time>
      </trkpt>
      <trkpt lat="38.839751853581404" lon="121.50654474465378">
        <ele>0</ele>
        <time>2025-08-20T06:42:36Z</time>
      </trkpt>
      <trkpt lat="38.83974120856969" lon="121.50654854627699">
        <ele>0</ele>
        <time>2025-08-20T06:42:37Z</time>
      </trkpt>
      <trkpt lat="38.83973066866319" lon="121.50655118175577">
        <ele>0</ele>
        <time>2025-08-20T06:42:38Z</time>
      </trkpt>
      <trkpt lat="38.839720247219354" lon="121.50655227107971">
        <ele>0</ele>
        <time>2025-08-20T06:42:39Z</time>
      </trkpt>
      <trkpt lat="38.839709962148916" lon="121.50655167722881">
        <ele>0</ele>
        <time>2025-08-20T06:42:40Z</time>
      </trkpt>
      <trkpt lat="38.839699693835776" lon="121.50654941142571">
        <ele>0</ele>
        <time>2025-08-20T06:42:41Z</time>
      </trkpt>
      <trkpt lat="38.839689527158285" lon="121.50654576990205">
        <ele>0</ele>
        <time>2025-08-20T06:42:42Z</time>
      </trkpt>
      <trkpt lat="38.839679541850764" lon="121.50654115142625">
        <ele>0</ele>
        <time>2025-08-20T06:42:43Z</time>
      </trkpt>
      <trkpt lat="38.83966955268864" lon="121.50653563351905">
        <ele>0</ele>
        <time>2025-08-20T06:42:44Z</time>
      </trkpt>
      <trkpt lat="38.839659778912676" lon="121.50652949681677">
        <ele>0</ele>
        <time>2025-08-20T06:42:45Z</time>
      </trkpt>
      <trkpt lat="38.83965044556513" lon="121.50652304316996">
        <ele>0</ele>
        <time>2025-08-20T06:42:46Z</time>
      </trkpt>
      <trkpt lat="38.83964138177554" lon="121.50651626259254">
        <ele>0</ele>
        <time>2025-08-20T06:42:47Z</time>
      </trkpt>
      <trkpt lat="38.83963264495211" lon="121.50650934088434">
        <ele>0</ele>
        <time>2025-08-20T06:42:48Z</time>
      </trkpt>
      <trkpt lat="38.8396242482364" lon="121.50650242794032">
        <ele>0</ele>
        <time>2025-08-20T06:42:49Z</time>
      </trkpt>
      <trkpt lat="38.83961586177297" lon="121.50649526018718">
        <ele>0</ele>
        <time>2025-08-20T06:42:50Z</time>
      </trkpt>
      <trkpt lat="38.839607397007946" lon="121.50648788487304">
        <ele>0</ele>
        <time>2025-08-20T06:42:51Z</time>
      </trkpt>
      <trkpt lat="38.83959907145928" lon="121.50648061257428">
        <ele>0</ele>
        <time>2025-08-20T06:42:52Z</time>
      </trkpt>
      <trkpt lat="38.839590647732024" lon="121.50647338496321">
        <ele>0</ele>
        <time>2025-08-20T06:42:53Z</time>
      </trkpt>
      <trkpt lat="38.83958234712947" lon="121.50646643800027">
        <ele>0</ele>
        <time>2025-08-20T06:42:54Z</time>
      </trkpt>
      <trkpt lat="38.83957418655162" lon="121.50645968445814">
        <ele>0</ele>
        <time>2025-08-20T06:42:55Z</time>
      </trkpt>
      <trkpt lat="38.83956597735286" lon="121.5064530039893">
        <ele>0</ele>
        <time>2025-08-20T06:42:56Z</time>
      </trkpt>
      <trkpt lat="38.83955791972103" lon="121.50644656010768">
        <ele>0</ele>
        <time>2025-08-20T06:42:57Z</time>
      </trkpt>
      <trkpt lat="38.83955025303155" lon="121.50644052665221">
        <ele>0</ele>
        <time>2025-08-20T06:42:58Z</time>
      </trkpt>
      <trkpt lat="38.83954291989631" lon="121.50643484683302">
        <ele>0</ele>
        <time>2025-08-20T06:42:59Z</time>
      </trkpt>
      <trkpt lat="38.83953614626293" lon="121.5064297876121">
        <ele>0</ele>
        <time>2025-08-20T06:43:00Z</time>
      </trkpt>
      <trkpt lat="38.83953013740322" lon="121.50642554770245">
        <ele>0</ele>
        <time>2025-08-20T06:43:01Z</time>
      </trkpt>
      <trkpt lat="38.83952442300862" lon="121.50642165173824">
        <ele>0</ele>
        <time>2025-08-20T06:43:02Z</time>
      </trkpt>
      <trkpt lat="38.83951861902032" lon="121.50641755720233">
        <ele>0</ele>
        <time>2025-08-20T06:43:03Z</time>
      </trkpt>
      <trkpt lat="38.8395124449199" lon="121.50641281381496">
        <ele>0</ele>
        <time>2025-08-20T06:43:04Z</time>
      </trkpt>
      <trkpt lat="38.83950568708945" lon="121.50640713614698">
        <ele>0</ele>
        <time>2025-08-20T06:43:05Z</time>
      </trkpt>
      <trkpt lat="38.839498537326044" lon="121.50640090290327">
        <ele>0</ele>
        <time>2025-08-20T06:43:06Z</time>
      </trkpt>
      <trkpt lat="38.83949134438278" lon="121.5063944402886">
        <ele>0</ele>
        <time>2025-08-20T06:43:07Z</time>
      </trkpt>
      <trkpt lat="38.83948389444985" lon="121.5063877545443">
        <ele>0</ele>
        <time>2025-08-20T06:43:08Z</time>
      </trkpt>
      <trkpt lat="38.8394764558444" lon="121.50638124632434">
        <ele>0</ele>
        <time>2025-08-20T06:43:09Z</time>
      </trkpt>
      <trkpt lat="38.839469060808035" lon="121.50637485847187">
        <ele>0</ele>
        <time>2025-08-20T06:43:10Z</time>
      </trkpt>
      <trkpt lat="38.83946151690955" lon="121.50636846765103">
        <ele>0</ele>
        <time>2025-08-20T06:43:11Z</time>
      </trkpt>
      <trkpt lat="38.839454013805465" lon="121.50636215435459">
        <ele>0</ele>
        <time>2025-08-20T06:43:12Z</time>
      </trkpt>
      <trkpt lat="38.83944683299423" lon="121.50635598023521">
        <ele>0</ele>
        <time>2025-08-20T06:43:13Z</time>
      </trkpt>
      <trkpt lat="38.83943994625283" lon="121.50634985440895">
        <ele>0</ele>
        <time>2025-08-20T06:43:14Z</time>
      </trkpt>
      <trkpt lat="38.83943350026932" lon="121.50634433575553">
        <ele>0</ele>
        <time>2025-08-20T06:43:15Z</time>
      </trkpt>
      <trkpt lat="38.83942758404734" lon="121.5063397198867">
        <ele>0</ele>
        <time>2025-08-20T06:43:16Z</time>
      </trkpt>
      <trkpt lat="38.83942160545844" lon="121.50633520734975">
        <ele>0</ele>
        <time>2025-08-20T06:43:17Z</time>
      </trkpt>
      <trkpt lat="38.83941512733813" lon="121.50632996227024">
        <ele>0</ele>
        <time>2025-08-20T06:43:18Z</time>
      </trkpt>
      <trkpt lat="38.83940793051446" lon="121.50632327972063">
        <ele>0</ele>
        <time>2025-08-20T06:43:19Z</time>
      </trkpt>
      <trkpt lat="38.83939991718706" lon="121.50631501969151">
        <ele>0</ele>
        <time>2025-08-20T06:43:20Z</time>
      </trkpt>
      <trkpt lat="38.83939168074846" lon="121.50630580992181">
        <ele>0</ele>
        <time>2025-08-20T06:43:21Z</time>
      </trkpt>
      <trkpt lat="38.839383508493086" lon="121.5062961163957">
        <ele>0</ele>
        <time>2025-08-20T06:43:22Z</time>
      </trkpt>
      <trkpt lat="38.839375186609814" lon="121.50628583142641">
        <ele>0</ele>
        <time>2025-08-20T06:43:23Z</time>
      </trkpt>
      <trkpt lat="38.83936680249626" lon="121.50627532993082">
        <ele>0</ele>
        <time>2025-08-20T06:43:24Z</time>
      </trkpt>
      <trkpt lat="38.83935845631831" lon="121.50626493275529">
        <ele>0</ele>
        <time>2025-08-20T06:43:25Z</time>
      </trkpt>
      <trkpt lat="38.83934989496785" lon="121.50625440363918">
        <ele>0</ele>
        <time>2025-08-20T06:43:26Z</time>
      </trkpt>
      <trkpt lat="38.83934124158246" lon="121.50624391092855">
        <ele>0</ele>
        <time>2025-08-20T06:43:27Z</time>
      </trkpt>
      <trkpt lat="38.839332648091215" lon="121.50623354586172">
        <ele>0</ele>
        <time>2025-08-20T06:43:28Z</time>
      </trkpt>
      <trkpt lat="38.83932392795044" lon="121.50622303792842">
        <ele>0</ele>
        <time>2025-08-20T06:43:29Z</time>
      </trkpt>
      <trkpt lat="38.8393152313879" lon="121.50621249287751">
        <ele>0</ele>
        <time>2025-08-20T06:43:30Z</time>
      </trkpt>
      <trkpt lat="38.83930667335766" lon="121.50620209458953">
        <ele>0</ele>
        <time>2025-08-20T06:43:31Z</time>
      </trkpt>
      <trkpt lat="38.83929802568634" lon="121.50619167164798">
        <ele>0</ele>
        <time>2025-08-20T06:43:32Z</time>
      </trkpt>
      <trkpt lat="38.83928929771906" lon="121.50618139365241">
        <ele>0</ele>
        <time>2025-08-20T06:43:33Z</time>
      </trkpt>
      <trkpt lat="38.839280442682856" lon="121.5061715959948">
        <ele>0</ele>
        <time>2025-08-20T06:43:34Z</time>
      </trkpt>
      <trkpt lat="38.83927127843397" lon="121.50616228898818">
        <ele>0</ele>
        <time>2025-08-20T06:43:35Z</time>
      </trkpt>
      <trkpt lat="38.83926200302562" lon="121.50615364003576">
        <ele>0</ele>
        <time>2025-08-20T06:43:36Z</time>
      </trkpt>
      <trkpt lat="38.8392527741691" lon="121.50614578242926">
        <ele>0</ele>
        <time>2025-08-20T06:43:37Z</time>
      </trkpt>
      <trkpt lat="38.83924348350926" lon="121.506138686694">
        <ele>0</ele>
        <time>2025-08-20T06:43:38Z</time>
      </trkpt>
      <trkpt lat="38.83923425060777" lon="121.50613237468849">
        <ele>0</ele>
        <time>2025-08-20T06:43:39Z</time>
      </trkpt>
      <trkpt lat="38.83922524471096" lon="121.50612663581731">
        <ele>0</ele>
        <time>2025-08-20T06:43:40Z</time>
      </trkpt>
      <trkpt lat="38.83921643835982" lon="121.50612105555695">
        <ele>0</ele>
        <time>2025-08-20T06:43:41Z</time>
      </trkpt>
      <trkpt lat="38.8392079032206" lon="121.50611542424166">
        <ele>0</ele>
        <time>2025-08-20T06:43:42Z</time>
      </trkpt>
      <trkpt lat="38.83919952621074" lon="121.50610964093275">
        <ele>0</ele>
        <time>2025-08-20T06:43:43Z</time>
      </trkpt>
      <trkpt lat="38.83919104957616" lon="121.50610376190299">
        <ele>0</ele>
        <time>2025-08-20T06:43:44Z</time>
      </trkpt>
      <trkpt lat="38.83918235043421" lon="121.50609813803652">
        <ele>0</ele>
        <time>2025-08-20T06:43:45Z</time>
      </trkpt>
      <trkpt lat="38.83917334509379" lon="121.50609321370139">
        <ele>0</ele>
        <time>2025-08-20T06:43:46Z</time>
      </trkpt>
      <trkpt lat="38.8391638309595" lon="121.50608915572998">
        <ele>0</ele>
        <time>2025-08-20T06:43:47Z</time>
      </trkpt>
      <trkpt lat="38.839153897359346" lon="121.50608582006458">
        <ele>0</ele>
        <time>2025-08-20T06:43:48Z</time>
      </trkpt>
      <trkpt lat="38.83914375362556" lon="121.50608296733594">
        <ele>0</ele>
        <time>2025-08-20T06:43:49Z</time>
      </trkpt>
      <trkpt lat="38.83913363138382" lon="121.5060808644069">
        <ele>0</ele>
        <time>2025-08-20T06:43:50Z</time>
      </trkpt>
      <trkpt lat="38.839123742558535" lon="121.50607918932825">
        <ele>0</ele>
        <time>2025-08-20T06:43:51Z</time>
      </trkpt>
      <trkpt lat="38.83911460175543" lon="121.50607763842308">
        <ele>0</ele>
        <time>2025-08-20T06:43:52Z</time>
      </trkpt>
      <trkpt lat="38.8391065711702" lon="121.50607603919124">
        <ele>0</ele>
        <time>2025-08-20T06:43:53Z</time>
      </trkpt>
      <trkpt lat="38.83909955441261" lon="121.50607403919523">
        <ele>0</ele>
        <time>2025-08-20T06:43:54Z</time>
      </trkpt>
      <trkpt lat="38.83909304814661" lon="121.5060709653704">
        <ele>0</ele>
        <time>2025-08-20T06:43:55Z</time>
      </trkpt>
      <trkpt lat="38.839086552261975" lon="121.50606618287549">
        <ele>0</ele>
        <time>2025-08-20T06:43:56Z</time>
      </trkpt>
      <trkpt lat="38.83907978633685" lon="121.50605929141106">
        <ele>0</ele>
        <time>2025-08-20T06:43:57Z</time>
      </trkpt>
      <trkpt lat="38.839072601738735" lon="121.50605061598365">
        <ele>0</ele>
        <time>2025-08-20T06:43:58Z</time>
      </trkpt>
      <trkpt lat="38.839064729305" lon="121.50604142721102">
        <ele>0</ele>
        <time>2025-08-20T06:43:59Z</time>
      </trkpt>
      <trkpt lat="38.83905384864994" lon="121.5060314310348">
        <ele>12.850908495485783</ele>
        <time>2025-08-20T06:44:00Z</time>
      </trkpt>
      <trkpt lat="38.83904445937605" lon="121.50602461188176">
        <ele>12.440679263323545</ele>
        <time>2025-08-20T06:44:01Z</time>
      </trkpt>
      <trkpt lat="38.83903423166944" lon="121.50601603608322">
        <ele>12.104433881118894</ele>
        <time>2025-08-20T06:44:02Z</time>
      </trkpt>
      <trkpt lat="38.83902351610898" lon="121.50600982191112">
        <ele>11.832606776617467</ele>
        <time>2025-08-20T06:44:03Z</time>
      </trkpt>
      <trkpt lat="38.839012713076876" lon="121.50600546729162">
        <ele>11.614740584045649</ele>
        <time>2025-08-20T06:44:04Z</time>
      </trkpt>
      <trkpt lat="38.83900198176921" lon="121.50600239789625">
        <ele>11.441198067739606</ele>
        <time>2025-08-20T06:44:05Z</time>
      </trkpt>
      <trkpt lat="38.83899131883254" lon="121.50600010581314">
        <ele>11.304934875108302</ele>
        <time>2025-08-20T06:44:06Z</time>
      </trkpt>
      <trkpt lat="38.83898075847115" lon="121.50599803803334">
        <ele>11.198459800332785</ele>
        <time>2025-08-20T06:44:07Z</time>
      </trkpt>
      <trkpt lat="38.83897063978636" lon="121.50599617711057">
        <ele>11.120606322772801</ele>
        <time>2025-08-20T06:44:08Z</time>
      </trkpt>
      <trkpt lat="38.838960651192934" lon="121.50599330783422">
        <ele>11.063716020435095</ele>
        <time>2025-08-20T06:44:09Z</time>
      </trkpt>
      <trkpt lat="38.838951072364075" lon="121.50598918085049">
        <ele>11.022990924306214</ele>
        <time>2025-08-20T06:44:10Z</time>
      </trkpt>
      <trkpt lat="38.838942380898374" lon="121.5059835614196">
        <ele>10.993900841102004</ele>
        <time>2025-08-20T06:44:11Z</time>
      </trkpt>
      <trkpt lat="38.83893394989699" lon="121.50597686944403">
        <ele>10.974472268484533</ele>
        <time>2025-08-20T06:44:12Z</time>
      </trkpt>
      <trkpt lat="38.838925367125235" lon="121.50596995287235">
        <ele>10.96326622273773</ele>
        <time>2025-08-20T06:44:13Z</time>
      </trkpt>
      <trkpt lat="38.83891667077818" lon="121.50596292072323">
        <ele>10.958006558939815</ele>
        <time>2025-08-20T06:44:14Z</time>
      </trkpt>
      <trkpt lat="38.83890776337805" lon="121.50595608946524">
        <ele>10.956970028579235</ele>
        <time>2025-08-20T06:44:15Z</time>
      </trkpt>
      <trkpt lat="38.8388982952593" lon="121.50595075027884">
        <ele>10.977532796561718</ele>
        <time>2025-08-20T06:44:16Z</time>
      </trkpt>
      <trkpt lat="38.83888850566805" lon="121.50594818938472">
        <ele>10.998743832111359</ele>
        <time>2025-08-20T06:44:17Z</time>
      </trkpt>
      <trkpt lat="38.8388798015466" lon="121.5059499865674">
        <ele>11.015004061162472</ele>
        <time>2025-08-20T06:44:18Z</time>
      </trkpt>
      <trkpt lat="38.838872127586036" lon="121.50595602034892">
        <ele>11.032981873489916</ele>
        <time>2025-08-20T06:44:19Z</time>
      </trkpt>
      <trkpt lat="38.83886603931042" lon="121.50596329675855">
        <ele>11.049878907389939</ele>
        <time>2025-08-20T06:44:20Z</time>
      </trkpt>
      <trkpt lat="38.838863341349544" lon="121.50597170202417">
        <ele>11.065687960013747</ele>
        <time>2025-08-20T06:44:21Z</time>
      </trkpt>
      <trkpt lat="38.838862000674006" lon="121.50597810751731">
        <ele>11.091539971530437</ele>
        <time>2025-08-20T06:44:22Z</time>
      </trkpt>
      <trkpt lat="38.838860822163085" lon="121.50598545295409">
        <ele>11.1212562546134</ele>
        <time>2025-08-20T06:44:23Z</time>
      </trkpt>
      <trkpt lat="38.83885883321419" lon="121.50599393865947">
        <ele>11.158030507154763</ele>
        <time>2025-08-20T06:44:24Z</time>
      </trkpt>
      <trkpt lat="38.838856657739186" lon="121.50600311731765">
        <ele>11.190858891233802</ele>
        <time>2025-08-20T06:44:25Z</time>
      </trkpt>
      <trkpt lat="38.83885433207555" lon="121.5060116064199">
        <ele>11.227897838689387</ele>
        <time>2025-08-20T06:44:26Z</time>
      </trkpt>
      <trkpt lat="38.838851904824836" lon="121.50601915812142">
        <ele>11.264301670715213</ele>
        <time>2025-08-20T06:44:27Z</time>
      </trkpt>
      <trkpt lat="38.83885029459822" lon="121.5060227848465">
        <ele>11.300932573154569</ele>
        <time>2025-08-20T06:44:28Z</time>
      </trkpt>
      <trkpt lat="38.838849396473655" lon="121.50602429337147">
        <ele>11.339322154410183</ele>
        <time>2025-08-20T06:44:29Z</time>
      </trkpt>
      <trkpt lat="38.8388482980652" lon="121.50602701381247">
        <ele>11.378066387958825</ele>
        <time>2025-08-20T06:44:30Z</time>
      </trkpt>
      <trkpt lat="38.83884718441276" lon="121.50602919399114">
        <ele>11.417134492658079</ele>
        <time>2025-08-20T06:44:31Z</time>
      </trkpt>
      <trkpt lat="38.83884588565671" lon="121.50602640367694">
        <ele>11.463181695900857</ele>
        <time>2025-08-20T06:44:32Z</time>
      </trkpt>
      <trkpt lat="38.838844919188894" lon="121.50601936093685">
        <ele>11.509979166090488</ele>
        <time>2025-08-20T06:44:33Z</time>
      </trkpt>
      <trkpt lat="38.83884480484135" lon="121.50601304203751">
        <ele>11.55692863278091</ele>
        <time>2025-08-20T06:44:34Z</time>
      </trkpt>
      <trkpt lat="38.838845213995555" lon="121.5060071762838">
        <ele>11.600915154442191</ele>
        <time>2025-08-20T06:44:35Z</time>
      </trkpt>
      <trkpt lat="38.838845698158245" lon="121.50600207308882">
        <ele>11.644244254566729</ele>
        <time>2025-08-20T06:44:36Z</time>
      </trkpt>
      <trkpt lat="38.838845999453966" lon="121.50599836486023">
        <ele>11.683091116137803</ele>
        <time>2025-08-20T06:44:37Z</time>
      </trkpt>
      <trkpt lat="38.83884605076855" lon="121.5059959674773">
        <ele>11.721902828663588</ele>
        <time>2025-08-20T06:44:38Z</time>
      </trkpt>
      <trkpt lat="38.838845822154994" lon="121.50599447146779">
        <ele>11.754802284762263</ele>
        <time>2025-08-20T06:44:39Z</time>
      </trkpt>
      <trkpt lat="38.83884540356567" lon="121.50599343123038">
        <ele>11.784582391381264</ele>
        <time>2025-08-20T06:44:40Z</time>
      </trkpt>
      <trkpt lat="38.83884512930363" lon="121.50599269243986">
        <ele>11.811001231893897</ele>
        <time>2025-08-20T06:44:41Z</time>
      </trkpt>
      <trkpt lat="38.83884521454443" lon="121.50599217081364">
        <ele>11.833782044239342</ele>
        <time>2025-08-20T06:44:42Z</time>
      </trkpt>
      <trkpt lat="38.838845459594516" lon="121.50599157701463">
        <ele>11.846758404746652</ele>
        <time>2025-08-20T06:44:43Z</time>
      </trkpt>
      <trkpt lat="38.83884550664936" lon="121.50599068178569">
        <ele>11.853012166917324</ele>
        <time>2025-08-20T06:44:44Z</time>
      </trkpt>
      <trkpt lat="38.838845091148706" lon="121.50598949850327">
        <ele>11.853010690771043</ele>
        <time>2025-08-20T06:44:45Z</time>
      </trkpt>
      <trkpt lat="38.838844190510365" lon="121.50598819064871">
        <ele>11.845289678312838</ele>
        <time>2025-08-20T06:44:46Z</time>
      </trkpt>
      <trkpt lat="38.83884307311046" lon="121.50598702063546">
        <ele>11.832084824331105</ele>
        <time>2025-08-20T06:44:47Z</time>
      </trkpt>
      <trkpt lat="38.83884220310068" lon="121.50598630173216">
        <ele>11.813235940411687</ele>
        <time>2025-08-20T06:44:48Z</time>
      </trkpt>
      <trkpt lat="38.83884177990934" lon="121.50598605244774">
        <ele>11.790376610122621</ele>
        <time>2025-08-20T06:44:49Z</time>
      </trkpt>
      <trkpt lat="38.83884165352243" lon="121.50598603995067">
        <ele>11.764172498136759</ele>
        <time>2025-08-20T06:44:50Z</time>
      </trkpt>
      <trkpt lat="38.83884162493928" lon="121.50598606202604">
        <ele>11.735079992562532</ele>
        <time>2025-08-20T06:44:51Z</time>
      </trkpt>
      <trkpt lat="38.83884160006747" lon="121.50598604546848">
        <ele>11.70384017471224</ele>
        <time>2025-08-20T06:44:52Z</time>
      </trkpt>
      <trkpt lat="38.83884152505134" lon="121.50598598665277">
        <ele>11.671288296580315</ele>
        <time>2025-08-20T06:44:53Z</time>
      </trkpt>
      <trkpt lat="38.83884147447216" lon="121.50598603126525">
        <ele>11.638453224673867</ele>
        <time>2025-08-20T06:44:54Z</time>
      </trkpt>
      <trkpt lat="38.838841529371" lon="121.50598629179277">
        <ele>11.606227433308959</ele>
        <time>2025-08-20T06:44:55Z</time>
        <extensions>
          <gpxtpx:TrackPointExtension>
            <gpxtpx:hr>90</gpxtpx:hr>
          </gpxtpx:TrackPointExtension>
        </extensions>
      </trkpt>
      <trkpt lat="38.838841589002314" lon="121.50598669962166">
        <ele>11.575299796648324</ele>
        <time>2025-08-20T06:44:56Z</time>
        <extensions>
          <gpxtpx:TrackPointExtension>
            <gpxtpx:hr>90</gpxtpx:hr>
          </gpxtpx:TrackPointExtension>
        </extensions>
      </trkpt>
      <trkpt lat="38.838841495544905" lon="121.50598707819923">
        <ele>11.546280818991363</ele>
        <time>2025-08-20T06:44:57Z</time>
        <extensions>
          <gpxtpx:TrackPointExtension>
            <gpxtpx:hr>90</gpxtpx:hr>
          </gpxtpx:TrackPointExtension>
        </extensions>
      </trkpt>
      <trkpt lat="38.838841203865485" lon="121.50598726088992">
        <ele>11.519579399377108</ele>
        <time>2025-08-20T06:44:58Z</time>
        <extensions>
          <gpxtpx:TrackPointExtension>
            <gpxtpx:hr>90</gpxtpx:hr>
          </gpxtpx:TrackPointExtension>
        </extensions>
      </trkpt>
      <trkpt lat="38.83884084663152" lon="121.5059872941394">
        <ele>11.495436575263739</ele>
        <time>2025-08-20T06:44:59Z</time>
        <extensions>
          <gpxtpx:TrackPointExtension>
            <gpxtpx:hr>90</gpxtpx:hr>
          </gpxtpx:TrackPointExtension>
        </extensions>
      </trkpt>
      <trkpt lat="38.83884059396879" lon="121.50598733947545">
        <ele>11.473852841183543</ele>
        <time>2025-08-20T06:45:00Z</time>
        <extensions>
          <gpxtpx:TrackPointExtension>
            <gpxtpx:hr>90</gpxtpx:hr>
          </gpxtpx:TrackPointExtension>
        </extensions>
      </trkpt>
      <trkpt lat="38.83884047191563" lon="121.50598743438947">
        <ele>11.454834514297545</ele>
        <time>2025-08-20T06:45:01Z</time>
        <extensions>
          <gpxtpx:TrackPointExtension>
            <gpxtpx:hr>90</gpxtpx:hr>
          </gpxtpx:TrackPointExtension>
        </extensions>
      </trkpt>
      <trkpt lat="38.838840417530264" lon="121.50598752346613">
        <ele>11.438273027539253</ele>
        <time>2025-08-20T06:45:02Z</time>
        <extensions>
          <gpxtpx:TrackPointExtension>
            <gpxtpx:hr>90</gpxtpx:hr>
          </gpxtpx:TrackPointExtension>
        </extensions>
      </trkpt>
      <trkpt lat="38.83884039639815" lon="121.5059875889025">
        <ele>11.424009997397661</ele>
        <time>2025-08-20T06:45:03Z</time>
        <extensions>
          <gpxtpx:TrackPointExtension>
            <gpxtpx:hr>90</gpxtpx:hr>
          </gpxtpx:TrackPointExtension>
        </extensions>
      </trkpt>
      <trkpt lat="38.83884038992789" lon="121.50598763557102">
        <ele>11.411923016421497</ele>
        <time>2025-08-20T06:45:04Z</time>
        <extensions>
          <gpxtpx:TrackPointExtension>
            <gpxtpx:hr>90</gpxtpx:hr>
          </gpxtpx:TrackPointExtension>
        </extensions>
      </trkpt>
      <trkpt lat="38.83884038871268" lon="121.50598767164334">
        <ele>11.401804929599166</ele>
        <time>2025-08-20T06:45:05Z</time>
        <extensions>
          <gpxtpx:TrackPointExtension>
            <gpxtpx:hr>90</gpxtpx:hr>
          </gpxtpx:TrackPointExtension>
        </extensions>
      </trkpt>
      <trkpt lat="38.83884038950031" lon="121.50598769717531">
        <ele>11.393483717925847</ele>
        <time>2025-08-20T06:45:06Z</time>
        <extensions>
          <gpxtpx:TrackPointExtension>
            <gpxtpx:hr>90</gpxtpx:hr>
          </gpxtpx:TrackPointExtension>
        </extensions>
      </trkpt>
      <trkpt lat="38.83884036985132" lon="121.50598771016786">
        <ele>11.383257021196187</ele>
        <time>2025-08-20T06:45:07Z</time>
        <extensions>
          <gpxtpx:TrackPointExtension>
            <gpxtpx:hr>90</gpxtpx:hr>
          </gpxtpx:TrackPointExtension>
        </extensions>
      </trkpt>
      <trkpt lat="38.83884033816601" lon="121.50598771686568">
        <ele>11.373649139888585</ele>
        <time>2025-08-20T06:45:08Z</time>
        <extensions>
          <gpxtpx:TrackPointExtension>
            <gpxtpx:hr>79</gpxtpx:hr>
          </gpxtpx:TrackPointExtension>
        </extensions>
      </trkpt>
      <trkpt lat="38.83884027570204" lon="121.50598770816673">
        <ele>11.365023236721754</ele>
        <time>2025-08-20T06:45:09Z</time>
        <extensions>
          <gpxtpx:TrackPointExtension>
            <gpxtpx:hr>79</gpxtpx:hr>
          </gpxtpx:TrackPointExtension>
        </extensions>
      </trkpt>
      <trkpt lat="38.83884017448512" lon="121.50598768885718">
        <ele>11.356923935934901</ele>
        <time>2025-08-20T06:45:10Z</time>
        <extensions>
          <gpxtpx:TrackPointExtension>
            <gpxtpx:hr>79</gpxtpx:hr>
          </gpxtpx:TrackPointExtension>
        </extensions>
      </trkpt>
      <trkpt lat="38.83884002354135" lon="121.50598766307495">
        <ele>11.347843167372048</ele>
        <time>2025-08-20T06:45:11Z</time>
        <extensions>
          <gpxtpx:TrackPointExtension>
            <gpxtpx:hr>79</gpxtpx:hr>
          </gpxtpx:TrackPointExtension>
        </extensions>
      </trkpt>
      <trkpt lat="38.838839787292095" lon="121.5059876225155">
        <ele>11.339881318621337</ele>
        <time>2025-08-20T06:45:12Z</time>
        <extensions>
          <gpxtpx:TrackPointExtension>
            <gpxtpx:hr>78</gpxtpx:hr>
          </gpxtpx:TrackPointExtension>
        </extensions>
      </trkpt>
      <trkpt lat="38.83883942279594" lon="121.50598754645597">
        <ele>11.332473720423877</ele>
        <time>2025-08-20T06:45:13Z</time>
        <extensions>
          <gpxtpx:TrackPointExtension>
            <gpxtpx:hr>78</gpxtpx:hr>
          </gpxtpx:TrackPointExtension>
        </extensions>
      </trkpt>
      <trkpt lat="38.838838904309526" lon="121.50598743330359">
        <ele>11.325202636420727</ele>
        <time>2025-08-20T06:45:14Z</time>
        <extensions>
          <gpxtpx:TrackPointExtension>
            <gpxtpx:hr>78</gpxtpx:hr>
          </gpxtpx:TrackPointExtension>
        </extensions>
      </trkpt>
      <trkpt lat="38.83883819182609" lon="121.50598726517448">
        <ele>11.31805020943284</ele>
        <time>2025-08-20T06:45:15Z</time>
        <extensions>
          <gpxtpx:TrackPointExtension>
            <gpxtpx:hr>78</gpxtpx:hr>
          </gpxtpx:TrackPointExtension>
        </extensions>
      </trkpt>
      <trkpt lat="38.83883723808159" lon="121.50598701198007">
        <ele>11.311037566512823</ele>
        <time>2025-08-20T06:45:16Z</time>
        <extensions>
          <gpxtpx:TrackPointExtension>
            <gpxtpx:hr>78</gpxtpx:hr>
          </gpxtpx:TrackPointExtension>
        </extensions>
      </trkpt>
      <trkpt lat="38.838836044169796" lon="121.50598663066722">
        <ele>11.304242272861302</ele>
        <time>2025-08-20T06:45:17Z</time>
        <extensions>
          <gpxtpx:TrackPointExtension>
            <gpxtpx:hr>76</gpxtpx:hr>
          </gpxtpx:TrackPointExtension>
        </extensions>
      </trkpt>
      <trkpt lat="38.83883475909621" lon="121.50598612571966">
        <ele>11.297739014960825</ele>
        <time>2025-08-20T06:45:18Z</time>
        <extensions>
          <gpxtpx:TrackPointExtension>
            <gpxtpx:hr>76</gpxtpx:hr>
          </gpxtpx:TrackPointExtension>
        </extensions>
      </trkpt>
      <trkpt lat="38.83883375928666" lon="121.50598576663371">
        <ele>11.293419980444014</ele>
        <time>2025-08-20T06:45:19Z</time>
        <extensions>
          <gpxtpx:TrackPointExtension>
            <gpxtpx:hr>76</gpxtpx:hr>
          </gpxtpx:TrackPointExtension>
        </extensions>
      </trkpt>
      <trkpt lat="38.83883317060896" lon="121.50598566992798">
        <ele>11.289692759513855</ele>
        <time>2025-08-20T06:45:20Z</time>
        <extensions>
          <gpxtpx:TrackPointExtension>
            <gpxtpx:hr>76</gpxtpx:hr>
          </gpxtpx:TrackPointExtension>
        </extensions>
      </trkpt>
      <trkpt lat="38.83883273393066" lon="121.50598560481843">
        <ele>11.286677454598248</ele>
        <time>2025-08-20T06:45:21Z</time>
        <extensions>
          <gpxtpx:TrackPointExtension>
            <gpxtpx:hr>70</gpxtpx:hr>
          </gpxtpx:TrackPointExtension>
        </extensions>
      </trkpt>
      <trkpt lat="38.83883226656039" lon="121.50598542090007">
        <ele>11.28442070633173</ele>
        <time>2025-08-20T06:45:22Z</time>
        <extensions>
          <gpxtpx:TrackPointExtension>
            <gpxtpx:hr>70</gpxtpx:hr>
          </gpxtpx:TrackPointExtension>
        </extensions>
      </trkpt>
      <trkpt lat="38.838831926662365" lon="121.50598529925907">
        <ele>11.28295410797</ele>
        <time>2025-08-20T06:45:23Z</time>
        <extensions>
          <gpxtpx:TrackPointExtension>
            <gpxtpx:hr>70</gpxtpx:hr>
          </gpxtpx:TrackPointExtension>
        </extensions>
      </trkpt>
      <trkpt lat="38.838831817717555" lon="121.50598535730052">
        <ele>11.277583015151322</ele>
        <time>2025-08-20T06:45:24Z</time>
        <extensions>
          <gpxtpx:TrackPointExtension>
            <gpxtpx:hr>70</gpxtpx:hr>
          </gpxtpx:TrackPointExtension>
        </extensions>
      </trkpt>
      <trkpt lat="38.83883179126311" lon="121.50598545195508">
        <ele>11.271985424682498</ele>
        <time>2025-08-20T06:45:25Z</time>
        <extensions>
          <gpxtpx:TrackPointExtension>
            <gpxtpx:hr>70</gpxtpx:hr>
          </gpxtpx:TrackPointExtension>
        </extensions>
      </trkpt>
      <trkpt lat="38.838831771885694" lon="121.50598552016427">
        <ele>11.266363246366382</ele>
        <time>2025-08-20T06:45:26Z</time>
        <extensions>
          <gpxtpx:TrackPointExtension>
            <gpxtpx:hr>70</gpxtpx:hr>
          </gpxtpx:TrackPointExtension>
        </extensions>
      </trkpt>
      <trkpt lat="38.8388317163556" lon="121.50598552922541">
        <ele>11.260796603746712</ele>
        <time>2025-08-20T06:45:27Z</time>
        <extensions>
          <gpxtpx:TrackPointExtension>
            <gpxtpx:hr>70</gpxtpx:hr>
          </gpxtpx:TrackPointExtension>
        </extensions>
      </trkpt>
      <trkpt lat="38.83883158418906" lon="121.50598544537846">
        <ele>11.25303375441581</ele>
        <time>2025-08-20T06:45:28Z</time>
        <extensions>
          <gpxtpx:TrackPointExtension>
            <gpxtpx:hr>70</gpxtpx:hr>
          </gpxtpx:TrackPointExtension>
        </extensions>
      </trkpt>
      <trkpt lat="38.83883133197336" lon="121.50598521342118">
        <ele>11.250859381631017</ele>
        <time>2025-08-20T06:45:29Z</time>
        <extensions>
          <gpxtpx:TrackPointExtension>
            <gpxtpx:hr>70</gpxtpx:hr>
          </gpxtpx:TrackPointExtension>
        </extensions>
      </trkpt>
      <trkpt lat="38.838831105908454" lon="121.50598499406941">
        <ele>11.248856028541923</ele>
        <time>2025-08-20T06:45:30Z</time>
        <extensions>
          <gpxtpx:TrackPointExtension>
            <gpxtpx:hr>75</gpxtpx:hr>
          </gpxtpx:TrackPointExtension>
        </extensions>
      </trkpt>
      <trkpt lat="38.83883104098792" lon="121.5059849255877">
        <ele>11.247290653176606</ele>
        <time>2025-08-20T06:45:31Z</time>
        <extensions>
          <gpxtpx:TrackPointExtension>
            <gpxtpx:hr>75</gpxtpx:hr>
          </gpxtpx:TrackPointExtension>
        </extensions>
      </trkpt>
      <trkpt lat="38.83883106768818" lon="121.50598492528854">
        <ele>11.245909281075</ele>
        <time>2025-08-20T06:45:32Z</time>
        <extensions>
          <gpxtpx:TrackPointExtension>
            <gpxtpx:hr>75</gpxtpx:hr>
          </gpxtpx:TrackPointExtension>
        </extensions>
      </trkpt>
      <trkpt lat="38.83883113868192" lon="121.50598493919672">
        <ele>11.244778415188193</ele>
        <time>2025-08-20T06:45:33Z</time>
        <extensions>
          <gpxtpx:TrackPointExtension>
            <gpxtpx:hr>75</gpxtpx:hr>
          </gpxtpx:TrackPointExtension>
        </extensions>
      </trkpt>
      <trkpt lat="38.838831205152616" lon="121.50598491259208">
        <ele>11.24399446323514</ele>
        <time>2025-08-20T06:45:34Z</time>
        <extensions>
          <gpxtpx:TrackPointExtension>
            <gpxtpx:hr>75</gpxtpx:hr>
          </gpxtpx:TrackPointExtension>
        </extensions>
      </trkpt>
      <trkpt lat="38.838831225885095" lon="121.50598480584935">
        <ele>11.243599926121533</ele>
        <time>2025-08-20T06:45:35Z</time>
        <extensions>
          <gpxtpx:TrackPointExtension>
            <gpxtpx:hr>75</gpxtpx:hr>
          </gpxtpx:TrackPointExtension>
        </extensions>
      </trkpt>
      <trkpt lat="38.83883117463498" lon="121.50598459780953">
        <ele>11.243854832835495</ele>
        <time>2025-08-20T06:45:36Z</time>
        <extensions>
          <gpxtpx:TrackPointExtension>
            <gpxtpx:hr>75</gpxtpx:hr>
          </gpxtpx:TrackPointExtension>
        </extensions>
      </trkpt>
      <trkpt lat="38.83883104396965" lon="121.50598428015303">
        <ele>11.244719792157412</ele>
        <time>2025-08-20T06:45:37Z</time>
        <extensions>
          <gpxtpx:TrackPointExtension>
            <gpxtpx:hr>75</gpxtpx:hr>
          </gpxtpx:TrackPointExtension>
        </extensions>
      </trkpt>
      <trkpt lat="38.83883086562284" lon="121.50598388577784">
        <ele>11.246175934560597</ele>
        <time>2025-08-20T06:45:38Z</time>
        <extensions>
          <gpxtpx:TrackPointExtension>
            <gpxtpx:hr>75</gpxtpx:hr>
          </gpxtpx:TrackPointExtension>
        </extensions>
      </trkpt>
      <trkpt lat="38.838830695728866" lon="121.50598349709608">
        <ele>11.24812841694802</ele>
        <time>2025-08-20T06:45:39Z</time>
        <extensions>
          <gpxtpx:TrackPointExtension>
            <gpxtpx:hr>76</gpxtpx:hr>
          </gpxtpx:TrackPointExtension>
        </extensions>
      </trkpt>
      <trkpt lat="38.83883056158037" lon="121.50598317268509">
        <ele>11.25049045495689</ele>
        <time>2025-08-20T06:45:40Z</time>
        <extensions>
          <gpxtpx:TrackPointExtension>
            <gpxtpx:hr>76</gpxtpx:hr>
          </gpxtpx:TrackPointExtension>
        </extensions>
      </trkpt>
      <trkpt lat="38.83883045350422" lon="121.5059829037788">
        <ele>11.253127986565232</ele>
        <time>2025-08-20T06:45:41Z</time>
        <extensions>
          <gpxtpx:TrackPointExtension>
            <gpxtpx:hr>76</gpxtpx:hr>
          </gpxtpx:TrackPointExtension>
        </extensions>
      </trkpt>
      <trkpt lat="38.83883041308052" lon="121.50598266807937">
        <ele>11.267337135970592</ele>
        <time>2025-08-20T06:45:42Z</time>
        <extensions>
          <gpxtpx:TrackPointExtension>
            <gpxtpx:hr>76</gpxtpx:hr>
          </gpxtpx:TrackPointExtension>
        </extensions>
      </trkpt>
      <trkpt lat="38.838830427302014" lon="121.50598248674865">
        <ele>11.273358853533864</ele>
        <time>2025-08-20T06:45:43Z</time>
        <extensions>
          <gpxtpx:TrackPointExtension>
            <gpxtpx:hr>76</gpxtpx:hr>
          </gpxtpx:TrackPointExtension>
        </extensions>
      </trkpt>
      <trkpt lat="38.838830471612084" lon="121.50598238448521">
        <ele>11.284502009861171</ele>
        <time>2025-08-20T06:45:44Z</time>
        <extensions>
          <gpxtpx:TrackPointExtension>
            <gpxtpx:hr>76</gpxtpx:hr>
          </gpxtpx:TrackPointExtension>
        </extensions>
      </trkpt>
      <trkpt lat="38.83883054339685" lon="121.50598233344587">
        <ele>11.296582836657763</ele>
        <time>2025-08-20T06:45:45Z</time>
        <extensions>
          <gpxtpx:TrackPointExtension>
            <gpxtpx:hr>76</gpxtpx:hr>
          </gpxtpx:TrackPointExtension>
        </extensions>
      </trkpt>
      <trkpt lat="38.83883067864033" lon="121.50598231506825">
        <ele>11.310261349193752</ele>
        <time>2025-08-20T06:45:46Z</time>
        <extensions>
          <gpxtpx:TrackPointExtension>
            <gpxtpx:hr>76</gpxtpx:hr>
          </gpxtpx:TrackPointExtension>
        </extensions>
      </trkpt>
      <trkpt lat="38.83883087809131" lon="121.50598229685808">
        <ele>11.33487132564187</ele>
        <time>2025-08-20T06:45:47Z</time>
        <extensions>
          <gpxtpx:TrackPointExtension>
            <gpxtpx:hr>76</gpxtpx:hr>
          </gpxtpx:TrackPointExtension>
        </extensions>
      </trkpt>
      <trkpt lat="38.83883115161064" lon="121.50598228656331">
        <ele>11.360850053839386</ele>
        <time>2025-08-20T06:45:48Z</time>
        <extensions>
          <gpxtpx:TrackPointExtension>
            <gpxtpx:hr>76</gpxtpx:hr>
          </gpxtpx:TrackPointExtension>
        </extensions>
      </trkpt>
      <trkpt lat="38.838831498969675" lon="121.50598227336809">
        <ele>11.387693825177848</ele>
        <time>2025-08-20T06:45:49Z</time>
        <extensions>
          <gpxtpx:TrackPointExtension>
            <gpxtpx:hr>76</gpxtpx:hr>
          </gpxtpx:TrackPointExtension>
        </extensions>
      </trkpt>
      <trkpt lat="38.83883188882595" lon="121.50598222458555">
        <ele>11.415206491947174</ele>
        <time>2025-08-20T06:45:50Z</time>
        <extensions>
          <gpxtpx:TrackPointExtension>
            <gpxtpx:hr>76</gpxtpx:hr>
          </gpxtpx:TrackPointExtension>
        </extensions>
      </trkpt>
      <trkpt lat="38.83883223351601" lon="121.5059820809355">
        <ele>11.443524521775544</ele>
        <time>2025-08-20T06:45:51Z</time>
        <extensions>
          <gpxtpx:TrackPointExtension>
            <gpxtpx:hr>76</gpxtpx:hr>
          </gpxtpx:TrackPointExtension>
        </extensions>
      </trkpt>
      <trkpt lat="38.83883239117723" lon="121.50598178079366">
        <ele>11.477666318416595</ele>
        <time>2025-08-20T06:45:52Z</time>
        <extensions>
          <gpxtpx:TrackPointExtension>
            <gpxtpx:hr>76</gpxtpx:hr>
          </gpxtpx:TrackPointExtension>
        </extensions>
      </trkpt>
      <trkpt lat="38.83883207139553" lon="121.5059811476342">
        <ele>11.523023573681712</ele>
        <time>2025-08-20T06:45:53Z</time>
        <extensions>
          <gpxtpx:TrackPointExtension>
            <gpxtpx:hr>76</gpxtpx:hr>
          </gpxtpx:TrackPointExtension>
        </extensions>
      </trkpt>
      <trkpt lat="38.83883149502747" lon="121.50598044375184">
        <ele>11.558988931588829</ele>
        <time>2025-08-20T06:45:54Z</time>
        <extensions>
          <gpxtpx:TrackPointExtension>
            <gpxtpx:hr>76</gpxtpx:hr>
          </gpxtpx:TrackPointExtension>
        </extensions>
      </trkpt>
      <trkpt lat="38.83883102478654" lon="121.5059798799622">
        <ele>11.600391744636</ele>
        <time>2025-08-20T06:45:55Z</time>
        <extensions>
          <gpxtpx:TrackPointExtension>
            <gpxtpx:hr>76</gpxtpx:hr>
          </gpxtpx:TrackPointExtension>
        </extensions>
      </trkpt>
      <trkpt lat="38.83883079664428" lon="121.50597940228755">
        <ele>11.642263232730329</ele>
        <time>2025-08-20T06:45:56Z</time>
        <extensions>
          <gpxtpx:TrackPointExtension>
            <gpxtpx:hr>76</gpxtpx:hr>
          </gpxtpx:TrackPointExtension>
        </extensions>
      </trkpt>
      <trkpt lat="38.838830908258565" lon="121.50597911683661">
        <ele>11.686426476575434</ele>
        <time>2025-08-20T06:45:57Z</time>
        <extensions>
          <gpxtpx:TrackPointExtension>
            <gpxtpx:hr>76</gpxtpx:hr>
          </gpxtpx:TrackPointExtension>
        </extensions>
      </trkpt>
      <trkpt lat="38.83883133994828" lon="121.50597909013736">
        <ele>11.726280563510954</ele>
        <time>2025-08-20T06:45:58Z</time>
        <extensions>
          <gpxtpx:TrackPointExtension>
            <gpxtpx:hr>76</gpxtpx:hr>
          </gpxtpx:TrackPointExtension>
        </extensions>
      </trkpt>
      <trkpt lat="38.838832009687714" lon="121.50597919906502">
        <ele>11.76222368888557</ele>
        <time>2025-08-20T06:45:59Z</time>
        <extensions>
          <gpxtpx:TrackPointExtension>
            <gpxtpx:hr>76</gpxtpx:hr>
          </gpxtpx:TrackPointExtension>
        </extensions>
      </trkpt>
      <trkpt lat="38.83883281148528" lon="121.50597933502665">
        <ele>11.79654960334301</ele>
        <time>2025-08-20T06:46:00Z</time>
        <extensions>
          <gpxtpx:TrackPointExtension>
            <gpxtpx:hr>77</gpxtpx:hr>
          </gpxtpx:TrackPointExtension>
        </extensions>
      </trkpt>
      <trkpt lat="38.83883366689185" lon="121.50597936731162">
        <ele>11.834062124602497</ele>
        <time>2025-08-20T06:46:01Z</time>
        <extensions>
          <gpxtpx:TrackPointExtension>
            <gpxtpx:hr>77</gpxtpx:hr>
          </gpxtpx:TrackPointExtension>
        </extensions>
      </trkpt>
      <trkpt lat="38.83883454648281" lon="121.50597910624597">
        <ele>11.871032611466944</ele>
        <time>2025-08-20T06:46:02Z</time>
        <extensions>
          <gpxtpx:TrackPointExtension>
            <gpxtpx:hr>77</gpxtpx:hr>
          </gpxtpx:TrackPointExtension>
        </extensions>
      </trkpt>
      <trkpt lat="38.83883524568087" lon="121.5059783917961">
        <ele>11.893965486437082</ele>
        <time>2025-08-20T06:46:03Z</time>
        <extensions>
          <gpxtpx:TrackPointExtension>
            <gpxtpx:hr>77</gpxtpx:hr>
          </gpxtpx:TrackPointExtension>
        </extensions>
      </trkpt>
      <trkpt lat="38.83883562323435" lon="121.50597721027809">
        <ele>11.887471220456064</ele>
        <time>2025-08-20T06:46:04Z</time>
        <extensions>
          <gpxtpx:TrackPointExtension>
            <gpxtpx:hr>78</gpxtpx:hr>
          </gpxtpx:TrackPointExtension>
        </extensions>
      </trkpt>
      <trkpt lat="38.83883581843689" lon="121.50597584862896">
        <ele>11.87867253832519</ele>
        <time>2025-08-20T06:46:05Z</time>
        <extensions>
          <gpxtpx:TrackPointExtension>
            <gpxtpx:hr>78</gpxtpx:hr>
          </gpxtpx:TrackPointExtension>
        </extensions>
      </trkpt>
      <trkpt lat="38.83883595416101" lon="121.50597469553844">
        <ele>11.865148606710136</ele>
        <time>2025-08-20T06:46:06Z</time>
        <extensions>
          <gpxtpx:TrackPointExtension>
            <gpxtpx:hr>78</gpxtpx:hr>
          </gpxtpx:TrackPointExtension>
        </extensions>
      </trkpt>
      <trkpt lat="38.83883596689705" lon="121.50597374197115">
        <ele>11.832600659690797</ele>
        <time>2025-08-20T06:46:07Z</time>
        <extensions>
          <gpxtpx:TrackPointExtension>
            <gpxtpx:hr>78</gpxtpx:hr>
          </gpxtpx:TrackPointExtension>
        </extensions>
      </trkpt>
      <trkpt lat="38.83883583299738" lon="121.50597300289361">
        <ele>11.794836135581136</ele>
        <time>2025-08-20T06:46:08Z</time>
        <extensions>
          <gpxtpx:TrackPointExtension>
            <gpxtpx:hr>78</gpxtpx:hr>
          </gpxtpx:TrackPointExtension>
        </extensions>
      </trkpt>
      <trkpt lat="38.83883573326856" lon="121.50597261506354">
        <ele>11.743450677022338</ele>
        <time>2025-08-20T06:46:09Z</time>
        <extensions>
          <gpxtpx:TrackPointExtension>
            <gpxtpx:hr>78</gpxtpx:hr>
          </gpxtpx:TrackPointExtension>
        </extensions>
      </trkpt>
      <trkpt lat="38.83883552627829" lon="121.50597252733526">
        <ele>11.688100301660597</ele>
        <time>2025-08-20T06:46:10Z</time>
        <extensions>
          <gpxtpx:TrackPointExtension>
            <gpxtpx:hr>78</gpxtpx:hr>
          </gpxtpx:TrackPointExtension>
        </extensions>
      </trkpt>
      <trkpt lat="38.83883492206122" lon="121.50597270403918">
        <ele>11.616858427412808</ele>
        <time>2025-08-20T06:46:11Z</time>
        <extensions>
          <gpxtpx:TrackPointExtension>
            <gpxtpx:hr>78</gpxtpx:hr>
          </gpxtpx:TrackPointExtension>
        </extensions>
      </trkpt>
      <trkpt lat="38.838833483052035" lon="121.50597301997945">
        <ele>11.555980198085308</ele>
        <time>2025-08-20T06:46:12Z</time>
        <extensions>
          <gpxtpx:TrackPointExtension>
            <gpxtpx:hr>78</gpxtpx:hr>
          </gpxtpx:TrackPointExtension>
        </extensions>
      </trkpt>
      <trkpt lat="38.838830886009326" lon="121.5059733939336">
        <ele>11.486227778717875</ele>
        <time>2025-08-20T06:46:13Z</time>
        <extensions>
          <gpxtpx:TrackPointExtension>
            <gpxtpx:hr>78</gpxtpx:hr>
          </gpxtpx:TrackPointExtension>
        </extensions>
      </trkpt>
      <trkpt lat="38.83882641406747" lon="121.50597355313404">
        <ele>11.414789563976228</ele>
        <time>2025-08-20T06:46:14Z</time>
        <extensions>
          <gpxtpx:TrackPointExtension>
            <gpxtpx:hr>78</gpxtpx:hr>
          </gpxtpx:TrackPointExtension>
        </extensions>
      </trkpt>
      <trkpt lat="38.838820108878345" lon="121.50597255173868">
        <ele>11.343574191443622</ele>
        <time>2025-08-20T06:46:15Z</time>
        <extensions>
          <gpxtpx:TrackPointExtension>
            <gpxtpx:hr>78</gpxtpx:hr>
          </gpxtpx:TrackPointExtension>
        </extensions>
      </trkpt>
      <trkpt lat="38.83881289056742" lon="121.50597006515648">
        <ele>11.29304828401655</ele>
        <time>2025-08-20T06:46:16Z</time>
        <extensions>
          <gpxtpx:TrackPointExtension>
            <gpxtpx:hr>78</gpxtpx:hr>
          </gpxtpx:TrackPointExtension>
        </extensions>
      </trkpt>
      <trkpt lat="38.838805591276824" lon="121.50596609615346">
        <ele>11.22448203433305</ele>
        <time>2025-08-20T06:46:17Z</time>
        <extensions>
          <gpxtpx:TrackPointExtension>
            <gpxtpx:hr>78</gpxtpx:hr>
          </gpxtpx:TrackPointExtension>
        </extensions>
      </trkpt>
      <trkpt lat="38.838798709464754" lon="121.50596017723623">
        <ele>11.158336954191327</ele>
        <time>2025-08-20T06:46:18Z</time>
        <extensions>
          <gpxtpx:TrackPointExtension>
            <gpxtpx:hr>78</gpxtpx:hr>
          </gpxtpx:TrackPointExtension>
        </extensions>
      </trkpt>
      <trkpt lat="38.83879273876007" lon="121.50595261478077">
        <ele>11.091856525279582</ele>
        <time>2025-08-20T06:46:19Z</time>
        <extensions>
          <gpxtpx:TrackPointExtension>
            <gpxtpx:hr>78</gpxtpx:hr>
          </gpxtpx:TrackPointExtension>
        </extensions>
      </trkpt>
      <trkpt lat="38.838787633950254" lon="121.50594476759547">
        <ele>11.026976205408573</ele>
        <time>2025-08-20T06:46:20Z</time>
        <extensions>
          <gpxtpx:TrackPointExtension>
            <gpxtpx:hr>78</gpxtpx:hr>
          </gpxtpx:TrackPointExtension>
        </extensions>
      </trkpt>
      <trkpt lat="38.8387828946065" lon="121.50593811086452">
        <ele>10.968602473847568</ele>
        <time>2025-08-20T06:46:21Z</time>
        <extensions>
          <gpxtpx:TrackPointExtension>
            <gpxtpx:hr>78</gpxtpx:hr>
          </gpxtpx:TrackPointExtension>
        </extensions>
      </trkpt>
      <trkpt lat="38.838778028309235" lon="121.50593289423543">
        <ele>10.912522486411035</ele>
        <time>2025-08-20T06:46:22Z</time>
        <extensions>
          <gpxtpx:TrackPointExtension>
            <gpxtpx:hr>78</gpxtpx:hr>
          </gpxtpx:TrackPointExtension>
        </extensions>
      </trkpt>
      <trkpt lat="38.83877292813999" lon="121.50592871951294">
        <ele>10.868442225269973</ele>
        <time>2025-08-20T06:46:23Z</time>
        <extensions>
          <gpxtpx:TrackPointExtension>
            <gpxtpx:hr>78</gpxtpx:hr>
          </gpxtpx:TrackPointExtension>
        </extensions>
      </trkpt>
      <trkpt lat="38.838767853193374" lon="121.5059252444836">
        <ele>10.84518070332706</ele>
        <time>2025-08-20T06:46:24Z</time>
        <extensions>
          <gpxtpx:TrackPointExtension>
            <gpxtpx:hr>78</gpxtpx:hr>
          </gpxtpx:TrackPointExtension>
        </extensions>
      </trkpt>
      <trkpt lat="38.838762546024896" lon="121.50592199323295">
        <ele>10.828786140307784</ele>
        <time>2025-08-20T06:46:25Z</time>
        <extensions>
          <gpxtpx:TrackPointExtension>
            <gpxtpx:hr>78</gpxtpx:hr>
          </gpxtpx:TrackPointExtension>
        </extensions>
      </trkpt>
      <trkpt lat="38.83875653449145" lon="121.50591837384913">
        <ele>10.798322840593755</ele>
        <time>2025-08-20T06:46:26Z</time>
        <extensions>
          <gpxtpx:TrackPointExtension>
            <gpxtpx:hr>78</gpxtpx:hr>
          </gpxtpx:TrackPointExtension>
        </extensions>
      </trkpt>
      <trkpt lat="38.83874979038847" lon="121.50591415658633">
        <ele>10.773007113486528</ele>
        <time>2025-08-20T06:46:27Z</time>
        <extensions>
          <gpxtpx:TrackPointExtension>
            <gpxtpx:hr>81</gpxtpx:hr>
          </gpxtpx:TrackPointExtension>
        </extensions>
      </trkpt>
      <trkpt lat="38.838742739136464" lon="121.50590950028776">
        <ele>10.753649272024632</ele>
        <time>2025-08-20T06:46:28Z</time>
        <extensions>
          <gpxtpx:TrackPointExtension>
            <gpxtpx:hr>81</gpxtpx:hr>
          </gpxtpx:TrackPointExtension>
        </extensions>
      </trkpt>
      <trkpt lat="38.83873553911404" lon="121.50590489277279">
        <ele>10.743501028046012</ele>
        <time>2025-08-20T06:46:29Z</time>
        <extensions>
          <gpxtpx:TrackPointExtension>
            <gpxtpx:hr>81</gpxtpx:hr>
          </gpxtpx:TrackPointExtension>
        </extensions>
      </trkpt>
      <trkpt lat="38.838728217247876" lon="121.5059004578217">
        <ele>10.746383759193122</ele>
        <time>2025-08-20T06:46:30Z</time>
        <extensions>
          <gpxtpx:TrackPointExtension>
            <gpxtpx:hr>81</gpxtpx:hr>
          </gpxtpx:TrackPointExtension>
        </extensions>
      </trkpt>
      <trkpt lat="38.83872085411589" lon="121.50589622472711">
        <ele>10.735526885837317</ele>
        <time>2025-08-20T06:46:31Z</time>
        <extensions>
          <gpxtpx:TrackPointExtension>
            <gpxtpx:hr>81</gpxtpx:hr>
          </gpxtpx:TrackPointExtension>
        </extensions>
      </trkpt>
      <trkpt lat="38.8387134781575" lon="121.50589188922142">
        <ele>10.724494187161326</ele>
        <time>2025-08-20T06:46:32Z</time>
        <extensions>
          <gpxtpx:TrackPointExtension>
            <gpxtpx:hr>81</gpxtpx:hr>
          </gpxtpx:TrackPointExtension>
        </extensions>
      </trkpt>
      <trkpt lat="38.83870613393226" lon="121.50588720412787">
        <ele>10.71527496445924</ele>
        <time>2025-08-20T06:46:33Z</time>
        <extensions>
          <gpxtpx:TrackPointExtension>
            <gpxtpx:hr>81</gpxtpx:hr>
          </gpxtpx:TrackPointExtension>
        </extensions>
      </trkpt>
      <trkpt lat="38.83869915179973" lon="121.50588199025138">
        <ele>10.71245706640184</ele>
        <time>2025-08-20T06:46:34Z</time>
        <extensions>
          <gpxtpx:TrackPointExtension>
            <gpxtpx:hr>81</gpxtpx:hr>
          </gpxtpx:TrackPointExtension>
        </extensions>
      </trkpt>
      <trkpt lat="38.83869263822365" lon="121.50587620604684">
        <ele>10.709086557850242</ele>
        <time>2025-08-20T06:46:35Z</time>
        <extensions>
          <gpxtpx:TrackPointExtension>
            <gpxtpx:hr>81</gpxtpx:hr>
          </gpxtpx:TrackPointExtension>
        </extensions>
      </trkpt>
      <trkpt lat="38.83868626263987" lon="121.5058698490466">
        <ele>10.706737635657191</ele>
        <time>2025-08-20T06:46:36Z</time>
        <extensions>
          <gpxtpx:TrackPointExtension>
            <gpxtpx:hr>81</gpxtpx:hr>
          </gpxtpx:TrackPointExtension>
        </extensions>
      </trkpt>
      <trkpt lat="38.83867976666722" lon="121.50586294785421">
        <ele>10.709606274962425</ele>
        <time>2025-08-20T06:46:37Z</time>
        <extensions>
          <gpxtpx:TrackPointExtension>
            <gpxtpx:hr>81</gpxtpx:hr>
          </gpxtpx:TrackPointExtension>
        </extensions>
      </trkpt>
      <trkpt lat="38.83867318355833" lon="121.50585576925475">
        <ele>10.710444026626647</ele>
        <time>2025-08-20T06:46:38Z</time>
        <extensions>
          <gpxtpx:TrackPointExtension>
            <gpxtpx:hr>81</gpxtpx:hr>
          </gpxtpx:TrackPointExtension>
        </extensions>
      </trkpt>
      <trkpt lat="38.838666798926766" lon="121.50584862075367">
        <ele>10.70225272513926</ele>
        <time>2025-08-20T06:46:39Z</time>
        <extensions>
          <gpxtpx:TrackPointExtension>
            <gpxtpx:hr>81</gpxtpx:hr>
          </gpxtpx:TrackPointExtension>
        </extensions>
      </trkpt>
      <trkpt lat="38.838660838695866" lon="121.50584163085226">
        <ele>10.697127854451537</ele>
        <time>2025-08-20T06:46:40Z</time>
        <extensions>
          <gpxtpx:TrackPointExtension>
            <gpxtpx:hr>81</gpxtpx:hr>
          </gpxtpx:TrackPointExtension>
        </extensions>
      </trkpt>
      <trkpt lat="38.838655237080246" lon="121.50583468766538">
        <ele>10.696415210142732</ele>
        <time>2025-08-20T06:46:41Z</time>
        <extensions>
          <gpxtpx:TrackPointExtension>
            <gpxtpx:hr>81</gpxtpx:hr>
          </gpxtpx:TrackPointExtension>
        </extensions>
      </trkpt>
      <trkpt lat="38.838649897949516" lon="121.50582783325771">
        <ele>10.711943141184747</ele>
        <time>2025-08-20T06:46:42Z</time>
        <extensions>
          <gpxtpx:TrackPointExtension>
            <gpxtpx:hr>81</gpxtpx:hr>
          </gpxtpx:TrackPointExtension>
        </extensions>
      </trkpt>
      <trkpt lat="38.83864476598752" lon="121.50582143545236">
        <ele>10.726897528395057</ele>
        <time>2025-08-20T06:46:43Z</time>
        <extensions>
          <gpxtpx:TrackPointExtension>
            <gpxtpx:hr>81</gpxtpx:hr>
          </gpxtpx:TrackPointExtension>
        </extensions>
      </trkpt>
      <trkpt lat="38.8386397630623" lon="121.50581555371116">
        <ele>10.755043680779636</ele>
        <time>2025-08-20T06:46:44Z</time>
        <extensions>
          <gpxtpx:TrackPointExtension>
            <gpxtpx:hr>81</gpxtpx:hr>
          </gpxtpx:TrackPointExtension>
        </extensions>
      </trkpt>
      <trkpt lat="38.838634603607794" lon="121.50581009572615">
        <ele>10.802910590544343</ele>
        <time>2025-08-20T06:46:45Z</time>
        <extensions>
          <gpxtpx:TrackPointExtension>
            <gpxtpx:hr>81</gpxtpx:hr>
          </gpxtpx:TrackPointExtension>
        </extensions>
      </trkpt>
      <trkpt lat="38.83862921190166" lon="121.50580470058317">
        <ele>10.861220248043537</ele>
        <time>2025-08-20T06:46:46Z</time>
      </trkpt>
      <trkpt lat="38.83862387873875" lon="121.5057991868384">
        <ele>10.936554424464703</ele>
        <time>2025-08-20T06:46:47Z</time>
      </trkpt>
      <trkpt lat="38.83861878248213" lon="121.50579400713734">
        <ele>11.024054501205683</ele>
        <time>2025-08-20T06:46:48Z</time>
      </trkpt>
      <trkpt lat="38.83861371080353" lon="121.50578988795975">
        <ele>11.099964630790055</ele>
        <time>2025-08-20T06:46:49Z</time>
      </trkpt>
      <trkpt lat="38.83860833978711" lon="121.50578734060124">
        <ele>11.183219603262842</ele>
        <time>2025-08-20T06:46:50Z</time>
      </trkpt>
      <trkpt lat="38.838602425241056" lon="121.50578539144757">
        <ele>11.267873739823699</ele>
        <time>2025-08-20T06:46:51Z</time>
      </trkpt>
      <trkpt lat="38.83859560179951" lon="121.50578339430903">
        <ele>11.370944787748158</ele>
        <time>2025-08-20T06:46:52Z</time>
      </trkpt>
      <trkpt lat="38.838587760098655" lon="121.50578147657683">
        <ele>11.45952882990241</ele>
        <time>2025-08-20T06:46:53Z</time>
      </trkpt>
      <trkpt lat="38.83857969217912" lon="121.50577961857954">
        <ele>11.555941219441593</ele>
        <time>2025-08-20T06:46:54Z</time>
      </trkpt>
      <trkpt lat="38.83857208894079" lon="121.5057777496541">
        <ele>11.646615955978632</ele>
        <time>2025-08-20T06:46:55Z</time>
      </trkpt>
      <trkpt lat="38.838565313282785" lon="121.50577532704156">
        <ele>11.726280272938311</ele>
        <time>2025-08-20T06:46:56Z</time>
      </trkpt>
      <trkpt lat="38.83855918111915" lon="121.50577181724564">
        <ele>11.821105170994997</ele>
        <time>2025-08-20T06:46:57Z</time>
      </trkpt>
      <trkpt lat="38.838553516837635" lon="121.50576704765392">
        <ele>11.916082100942731</ele>
        <time>2025-08-20T06:46:58Z</time>
      </trkpt>
      <trkpt lat="38.83854787110669" lon="121.50576106162855">
        <ele>12.004551332443953</ele>
        <time>2025-08-20T06:46:59Z</time>
      </trkpt>
      <trkpt lat="38.838542223914864" lon="121.50575422831406">
        <ele>12.093256832100451</ele>
        <time>2025-08-20T06:47:00Z</time>
      </trkpt>
      <trkpt lat="38.8385368508874" lon="121.50574642326116">
        <ele>12.17249883711338</ele>
        <time>2025-08-20T06:47:01Z</time>
      </trkpt>
      <trkpt lat="38.8385318035044" lon="121.50573753361255">
        <ele>12.246060937643051</ele>
        <time>2025-08-20T06:47:02Z</time>
      </trkpt>
      <trkpt lat="38.83852692865603" lon="121.50572756815252">
        <ele>12.312707318924367</ele>
        <time>2025-08-20T06:47:03Z</time>
      </trkpt>
      <trkpt lat="38.83852259036559" lon="121.50571722410447">
        <ele>12.394367746077478</ele>
        <time>2025-08-20T06:47:04Z</time>
      </trkpt>
      <trkpt lat="38.83851925802231" lon="121.50570768542046">
        <ele>12.46437777299434</ele>
        <time>2025-08-20T06:47:05Z</time>
      </trkpt>
      <trkpt lat="38.83851706647358" lon="121.50569874855123">
        <ele>12.530085648410022</ele>
        <time>2025-08-20T06:47:06Z</time>
      </trkpt>
      <trkpt lat="38.83851588960699" lon="121.50568942833536">
        <ele>12.582002968527377</ele>
        <time>2025-08-20T06:47:07Z</time>
      </trkpt>
      <trkpt lat="38.83851517203484" lon="121.50567827600646">
        <ele>12.632315069437027</ele>
        <time>2025-08-20T06:47:08Z</time>
      </trkpt>
      <trkpt lat="38.83851443284394" lon="121.505665596147">
        <ele>12.672876331023872</ele>
        <time>2025-08-20T06:47:09Z</time>
      </trkpt>
      <trkpt lat="38.83851346078999" lon="121.50565243789684">
        <ele>12.711396963335574</ele>
        <time>2025-08-20T06:47:10Z</time>
      </trkpt>
      <trkpt lat="38.83851217111779" lon="121.50563891137963">
        <ele>12.743106598965824</ele>
        <time>2025-08-20T06:47:11Z</time>
      </trkpt>
      <trkpt lat="38.83851030308666" lon="121.50562537539741">
        <ele>12.757153398357332</ele>
        <time>2025-08-20T06:47:12Z</time>
      </trkpt>
      <trkpt lat="38.83850760135916" lon="121.50561260281381">
        <ele>12.760658891871572</ele>
        <time>2025-08-20T06:47:13Z</time>
      </trkpt>
      <trkpt lat="38.83850400115087" lon="121.50560046664481">
        <ele>12.78465914260596</ele>
        <time>2025-08-20T06:47:14Z</time>
      </trkpt>
      <trkpt lat="38.838499762599376" lon="121.50558904987163">
        <ele>12.783201620914042</ele>
        <time>2025-08-20T06:47:15Z</time>
      </trkpt>
      <trkpt lat="38.83849554423261" lon="121.50557870038594">
        <ele>12.770474387332797</ele>
        <time>2025-08-20T06:47:16Z</time>
      </trkpt>
      <trkpt lat="38.838491633826145" lon="121.50556966444478">
        <ele>12.739500286988914</ele>
        <time>2025-08-20T06:47:17Z</time>
      </trkpt>
      <trkpt lat="38.83848787099985" lon="121.50556150982786">
        <ele>12.711715440265834</ele>
        <time>2025-08-20T06:47:18Z</time>
      </trkpt>
      <trkpt lat="38.83848426692166" lon="121.5055540298032">
        <ele>12.676153616048396</ele>
        <time>2025-08-20T06:47:19Z</time>
      </trkpt>
      <trkpt lat="38.838480799256175" lon="121.50554673808469">
        <ele>12.612599128857255</ele>
        <time>2025-08-20T06:47:20Z</time>
      </trkpt>
      <trkpt lat="38.838477182546654" lon="121.50553928718982">
        <ele>12.550793579779565</ele>
        <time>2025-08-20T06:47:21Z</time>
      </trkpt>
      <trkpt lat="38.838473387600374" lon="121.50553140700033">
        <ele>12.495981610380113</ele>
        <time>2025-08-20T06:47:22Z</time>
      </trkpt>
      <trkpt lat="38.83846918696951" lon="121.50552360304424">
        <ele>12.451012961566448</ele>
        <time>2025-08-20T06:47:23Z</time>
      </trkpt>
      <trkpt lat="38.838464614791256" lon="121.50551535260745">
        <ele>12.403387420810759</ele>
        <time>2025-08-20T06:47:24Z</time>
      </trkpt>
      <trkpt lat="38.838459197758006" lon="121.50550711353783">
        <ele>12.345631477423012</ele>
        <time>2025-08-20T06:47:25Z</time>
        <extensions>
          <gpxtpx:TrackPointExtension>
            <gpxtpx:hr>85</gpxtpx:hr>
          </gpxtpx:TrackPointExtension>
        </extensions>
      </trkpt>
      <trkpt lat="38.838452877074886" lon="121.50550005457671">
        <ele>12.301635739393532</ele>
        <time>2025-08-20T06:47:26Z</time>
        <extensions>
          <gpxtpx:TrackPointExtension>
            <gpxtpx:hr>85</gpxtpx:hr>
          </gpxtpx:TrackPointExtension>
        </extensions>
      </trkpt>
      <trkpt lat="38.838445581472165" lon="121.50549353314807">
        <ele>12.246570466086268</ele>
        <time>2025-08-20T06:47:27Z</time>
        <extensions>
          <gpxtpx:TrackPointExtension>
            <gpxtpx:hr>85</gpxtpx:hr>
          </gpxtpx:TrackPointExtension>
        </extensions>
      </trkpt>
      <trkpt lat="38.838437067766094" lon="121.50548710248202">
        <ele>12.196784988977015</ele>
        <time>2025-08-20T06:47:28Z</time>
        <extensions>
          <gpxtpx:TrackPointExtension>
            <gpxtpx:hr>85</gpxtpx:hr>
          </gpxtpx:TrackPointExtension>
        </extensions>
      </trkpt>
      <trkpt lat="38.838428008690535" lon="121.50548086184722">
        <ele>12.155179230496287</ele>
        <time>2025-08-20T06:47:29Z</time>
        <extensions>
          <gpxtpx:TrackPointExtension>
            <gpxtpx:hr>85</gpxtpx:hr>
          </gpxtpx:TrackPointExtension>
        </extensions>
      </trkpt>
      <trkpt lat="38.83841879855285" lon="121.50547360862811">
        <ele>12.11689818277955</ele>
        <time>2025-08-20T06:47:30Z</time>
        <extensions>
          <gpxtpx:TrackPointExtension>
            <gpxtpx:hr>85</gpxtpx:hr>
          </gpxtpx:TrackPointExtension>
        </extensions>
      </trkpt>
      <trkpt lat="38.83840989128413" lon="121.50546562574031">
        <ele>12.08356606401503</ele>
        <time>2025-08-20T06:47:31Z</time>
        <extensions>
          <gpxtpx:TrackPointExtension>
            <gpxtpx:hr>85</gpxtpx:hr>
          </gpxtpx:TrackPointExtension>
        </extensions>
      </trkpt>
      <trkpt lat="38.83840207121917" lon="121.50545699193535">
        <ele>12.053874745033681</ele>
        <time>2025-08-20T06:47:32Z</time>
        <extensions>
          <gpxtpx:TrackPointExtension>
            <gpxtpx:hr>85</gpxtpx:hr>
          </gpxtpx:TrackPointExtension>
        </extensions>
      </trkpt>
      <trkpt lat="38.8383955137162" lon="121.50544680202803">
        <ele>12.016692036762834</ele>
        <time>2025-08-20T06:47:33Z</time>
        <extensions>
          <gpxtpx:TrackPointExtension>
            <gpxtpx:hr>85</gpxtpx:hr>
          </gpxtpx:TrackPointExtension>
        </extensions>
      </trkpt>
      <trkpt lat="38.83838992731206" lon="121.50543534687554">
        <ele>11.979357209056616</ele>
        <time>2025-08-20T06:47:34Z</time>
        <extensions>
          <gpxtpx:TrackPointExtension>
            <gpxtpx:hr>85</gpxtpx:hr>
          </gpxtpx:TrackPointExtension>
        </extensions>
      </trkpt>
      <trkpt lat="38.83838465375336" lon="121.50542316597011">
        <ele>11.930811488069594</ele>
        <time>2025-08-20T06:47:35Z</time>
        <extensions>
          <gpxtpx:TrackPointExtension>
            <gpxtpx:hr>85</gpxtpx:hr>
          </gpxtpx:TrackPointExtension>
        </extensions>
      </trkpt>
      <trkpt lat="38.83837902503696" lon="121.50541021396172">
        <ele>11.883237659931183</ele>
        <time>2025-08-20T06:47:36Z</time>
        <extensions>
          <gpxtpx:TrackPointExtension>
            <gpxtpx:hr>85</gpxtpx:hr>
          </gpxtpx:TrackPointExtension>
        </extensions>
      </trkpt>
      <trkpt lat="38.83837270410037" lon="121.50539708832324">
        <ele>11.84311814699322</ele>
        <time>2025-08-20T06:47:37Z</time>
        <extensions>
          <gpxtpx:TrackPointExtension>
            <gpxtpx:hr>85</gpxtpx:hr>
          </gpxtpx:TrackPointExtension>
        </extensions>
      </trkpt>
      <trkpt lat="38.83836651073405" lon="121.50538475729174">
        <ele>11.80785993207246</ele>
        <time>2025-08-20T06:47:38Z</time>
        <extensions>
          <gpxtpx:TrackPointExtension>
            <gpxtpx:hr>85</gpxtpx:hr>
          </gpxtpx:TrackPointExtension>
        </extensions>
      </trkpt>
      <trkpt lat="38.8383611265899" lon="121.50537421917839">
        <ele>11.770378925837576</ele>
        <time>2025-08-20T06:47:39Z</time>
        <extensions>
          <gpxtpx:TrackPointExtension>
            <gpxtpx:hr>85</gpxtpx:hr>
          </gpxtpx:TrackPointExtension>
        </extensions>
      </trkpt>
      <trkpt lat="38.838356071871274" lon="121.50536419540444">
        <ele>11.734725787304342</ele>
        <time>2025-08-20T06:47:40Z</time>
        <extensions>
          <gpxtpx:TrackPointExtension>
            <gpxtpx:hr>85</gpxtpx:hr>
          </gpxtpx:TrackPointExtension>
        </extensions>
      </trkpt>
      <trkpt lat="38.8383508802956" lon="121.50535350508723">
        <ele>11.700482618063688</ele>
        <time>2025-08-20T06:47:41Z</time>
        <extensions>
          <gpxtpx:TrackPointExtension>
            <gpxtpx:hr>81</gpxtpx:hr>
          </gpxtpx:TrackPointExtension>
        </extensions>
      </trkpt>
      <trkpt lat="38.838345471937515" lon="121.50534368998277">
        <ele>11.66223260667175</ele>
        <time>2025-08-20T06:47:42Z</time>
        <extensions>
          <gpxtpx:TrackPointExtension>
            <gpxtpx:hr>81</gpxtpx:hr>
          </gpxtpx:TrackPointExtension>
        </extensions>
      </trkpt>
      <trkpt lat="38.838339703754144" lon="121.50533500343198">
        <ele>11.62812627479434</ele>
        <time>2025-08-20T06:47:43Z</time>
        <extensions>
          <gpxtpx:TrackPointExtension>
            <gpxtpx:hr>81</gpxtpx:hr>
          </gpxtpx:TrackPointExtension>
        </extensions>
      </trkpt>
      <trkpt lat="38.83833324584056" lon="121.50532577652567">
        <ele>11.59973800368607</ele>
        <time>2025-08-20T06:47:44Z</time>
        <extensions>
          <gpxtpx:TrackPointExtension>
            <gpxtpx:hr>81</gpxtpx:hr>
          </gpxtpx:TrackPointExtension>
        </extensions>
      </trkpt>
      <trkpt lat="38.83832609209392" lon="121.50531503850371">
        <ele>11.570419293828309</ele>
        <time>2025-08-20T06:47:45Z</time>
        <extensions>
          <gpxtpx:TrackPointExtension>
            <gpxtpx:hr>81</gpxtpx:hr>
          </gpxtpx:TrackPointExtension>
        </extensions>
      </trkpt>
      <trkpt lat="38.838318251037705" lon="121.50530334034674">
        <ele>11.547310777008533</ele>
        <time>2025-08-20T06:47:46Z</time>
        <extensions>
          <gpxtpx:TrackPointExtension>
            <gpxtpx:hr>81</gpxtpx:hr>
          </gpxtpx:TrackPointExtension>
        </extensions>
      </trkpt>
      <trkpt lat="38.83830979223841" lon="121.50529192684182">
        <ele>11.554083104245365</ele>
        <time>2025-08-20T06:47:47Z</time>
        <extensions>
          <gpxtpx:TrackPointExtension>
            <gpxtpx:hr>79</gpxtpx:hr>
          </gpxtpx:TrackPointExtension>
        </extensions>
      </trkpt>
      <trkpt lat="38.83830099504698" lon="121.50528159107164">
        <ele>11.590542172081769</ele>
        <time>2025-08-20T06:47:48Z</time>
        <extensions>
          <gpxtpx:TrackPointExtension>
            <gpxtpx:hr>79</gpxtpx:hr>
          </gpxtpx:TrackPointExtension>
        </extensions>
      </trkpt>
      <trkpt lat="38.838291700826" lon="121.50527209746804">
        <ele>11.62705688085407</ele>
        <time>2025-08-20T06:47:49Z</time>
        <extensions>
          <gpxtpx:TrackPointExtension>
            <gpxtpx:hr>79</gpxtpx:hr>
          </gpxtpx:TrackPointExtension>
        </extensions>
      </trkpt>
      <trkpt lat="38.83828174200564" lon="121.50526292093423">
        <ele>11.662499401718378</ele>
        <time>2025-08-20T06:47:50Z</time>
        <extensions>
          <gpxtpx:TrackPointExtension>
            <gpxtpx:hr>77</gpxtpx:hr>
          </gpxtpx:TrackPointExtension>
        </extensions>
      </trkpt>
      <trkpt lat="38.838271694645854" lon="121.50525394089912">
        <ele>11.678331884555519</ele>
        <time>2025-08-20T06:47:51Z</time>
        <extensions>
          <gpxtpx:TrackPointExtension>
            <gpxtpx:hr>77</gpxtpx:hr>
          </gpxtpx:TrackPointExtension>
        </extensions>
      </trkpt>
      <trkpt lat="38.83826198423171" lon="121.50524548003897">
        <ele>11.685943509452045</ele>
        <time>2025-08-20T06:47:52Z</time>
        <extensions>
          <gpxtpx:TrackPointExtension>
            <gpxtpx:hr>77</gpxtpx:hr>
          </gpxtpx:TrackPointExtension>
        </extensions>
      </trkpt>
      <trkpt lat="38.838252772495515" lon="121.50523769978268">
        <ele>11.69740688148886</ele>
        <time>2025-08-20T06:47:53Z</time>
        <extensions>
          <gpxtpx:TrackPointExtension>
            <gpxtpx:hr>77</gpxtpx:hr>
          </gpxtpx:TrackPointExtension>
        </extensions>
      </trkpt>
      <trkpt lat="38.838243778167985" lon="121.50523019150754">
        <ele>11.712636487558484</ele>
        <time>2025-08-20T06:47:54Z</time>
        <extensions>
          <gpxtpx:TrackPointExtension>
            <gpxtpx:hr>76</gpxtpx:hr>
          </gpxtpx:TrackPointExtension>
        </extensions>
      </trkpt>
      <trkpt lat="38.83823460882946" lon="121.5052219990664">
        <ele>11.738705896772444</ele>
        <time>2025-08-20T06:47:55Z</time>
        <extensions>
          <gpxtpx:TrackPointExtension>
            <gpxtpx:hr>76</gpxtpx:hr>
          </gpxtpx:TrackPointExtension>
        </extensions>
      </trkpt>
      <trkpt lat="38.83822496025592" lon="121.50521234479845">
        <ele>11.75641221832484</ele>
        <time>2025-08-20T06:47:56Z</time>
        <extensions>
          <gpxtpx:TrackPointExtension>
            <gpxtpx:hr>76</gpxtpx:hr>
          </gpxtpx:TrackPointExtension>
        </extensions>
      </trkpt>
      <trkpt lat="38.838214949769174" lon="121.50520122740998">
        <ele>11.777758767828345</ele>
        <time>2025-08-20T06:47:57Z</time>
        <extensions>
          <gpxtpx:TrackPointExtension>
            <gpxtpx:hr>76</gpxtpx:hr>
          </gpxtpx:TrackPointExtension>
        </extensions>
      </trkpt>
      <trkpt lat="38.83820499700647" lon="121.50518949567278">
        <ele>11.811322405934334</ele>
        <time>2025-08-20T06:47:58Z</time>
        <extensions>
          <gpxtpx:TrackPointExtension>
            <gpxtpx:hr>76</gpxtpx:hr>
          </gpxtpx:TrackPointExtension>
        </extensions>
      </trkpt>
      <trkpt lat="38.83819570006753" lon="121.50517772270618">
        <ele>11.80892723519355</ele>
        <time>2025-08-20T06:47:59Z</time>
        <extensions>
          <gpxtpx:TrackPointExtension>
            <gpxtpx:hr>76</gpxtpx:hr>
          </gpxtpx:TrackPointExtension>
        </extensions>
      </trkpt>
      <trkpt lat="38.83818661238682" lon="121.50516639623271">
        <ele>11.820698227733374</ele>
        <time>2025-08-20T06:48:00Z</time>
        <extensions>
          <gpxtpx:TrackPointExtension>
            <gpxtpx:hr>76</gpxtpx:hr>
          </gpxtpx:TrackPointExtension>
        </extensions>
      </trkpt>
      <trkpt lat="38.83817751967393" lon="121.50515501310772">
        <ele>11.820570454001427</ele>
        <time>2025-08-20T06:48:01Z</time>
        <extensions>
          <gpxtpx:TrackPointExtension>
            <gpxtpx:hr>73</gpxtpx:hr>
          </gpxtpx:TrackPointExtension>
        </extensions>
      </trkpt>
      <trkpt lat="38.83816888260379" lon="121.50514382077489">
        <ele>11.81082032714039</ele>
        <time>2025-08-20T06:48:02Z</time>
        <extensions>
          <gpxtpx:TrackPointExtension>
            <gpxtpx:hr>73</gpxtpx:hr>
          </gpxtpx:TrackPointExtension>
        </extensions>
      </trkpt>
      <trkpt lat="38.838161307508784" lon="121.50513304304134">
        <ele>11.785332875326276</ele>
        <time>2025-08-20T06:48:03Z</time>
        <extensions>
          <gpxtpx:TrackPointExtension>
            <gpxtpx:hr>73</gpxtpx:hr>
          </gpxtpx:TrackPointExtension>
        </extensions>
      </trkpt>
      <trkpt lat="38.83815409582304" lon="121.50512234649091">
        <ele>11.764737881720066</ele>
        <time>2025-08-20T06:48:04Z</time>
        <extensions>
          <gpxtpx:TrackPointExtension>
            <gpxtpx:hr>73</gpxtpx:hr>
          </gpxtpx:TrackPointExtension>
        </extensions>
      </trkpt>
      <trkpt lat="38.838146740575795" lon="121.50511145004053">
        <ele>11.754542258568108</ele>
        <time>2025-08-20T06:48:05Z</time>
        <extensions>
          <gpxtpx:TrackPointExtension>
            <gpxtpx:hr>73</gpxtpx:hr>
          </gpxtpx:TrackPointExtension>
        </extensions>
      </trkpt>
      <trkpt lat="38.83813906219772" lon="121.50509981727978">
        <ele>11.735705493949354</ele>
        <time>2025-08-20T06:48:06Z</time>
        <extensions>
          <gpxtpx:TrackPointExtension>
            <gpxtpx:hr>73</gpxtpx:hr>
          </gpxtpx:TrackPointExtension>
        </extensions>
      </trkpt>
      <trkpt lat="38.8381313153769" lon="121.50508745278665">
        <ele>11.70915481261909</ele>
        <time>2025-08-20T06:48:07Z</time>
        <extensions>
          <gpxtpx:TrackPointExtension>
            <gpxtpx:hr>73</gpxtpx:hr>
          </gpxtpx:TrackPointExtension>
        </extensions>
      </trkpt>
      <trkpt lat="38.83812443383387" lon="121.5050752028912">
        <ele>11.683193642646074</ele>
        <time>2025-08-20T06:48:08Z</time>
        <extensions>
          <gpxtpx:TrackPointExtension>
            <gpxtpx:hr>72</gpxtpx:hr>
          </gpxtpx:TrackPointExtension>
        </extensions>
      </trkpt>
      <trkpt lat="38.8381189528905" lon="121.50506348088112">
        <ele>11.632031663320959</ele>
        <time>2025-08-20T06:48:09Z</time>
        <extensions>
          <gpxtpx:TrackPointExtension>
            <gpxtpx:hr>72</gpxtpx:hr>
          </gpxtpx:TrackPointExtension>
        </extensions>
      </trkpt>
      <trkpt lat="38.83811456366786" lon="121.50505306583845">
        <ele>11.588512083515525</ele>
        <time>2025-08-20T06:48:10Z</time>
        <extensions>
          <gpxtpx:TrackPointExtension>
            <gpxtpx:hr>72</gpxtpx:hr>
          </gpxtpx:TrackPointExtension>
        </extensions>
      </trkpt>
      <trkpt lat="38.838110993313514" lon="121.5050444556525">
        <ele>11.548037394881248</ele>
        <time>2025-08-20T06:48:11Z</time>
        <extensions>
          <gpxtpx:TrackPointExtension>
            <gpxtpx:hr>72</gpxtpx:hr>
          </gpxtpx:TrackPointExtension>
        </extensions>
      </trkpt>
      <trkpt lat="38.838108272867714" lon="121.50503704151528">
        <ele>11.506727733649313</ele>
        <time>2025-08-20T06:48:12Z</time>
        <extensions>
          <gpxtpx:TrackPointExtension>
            <gpxtpx:hr>72</gpxtpx:hr>
          </gpxtpx:TrackPointExtension>
        </extensions>
      </trkpt>
      <trkpt lat="38.83810563405522" lon="121.50503008718758">
        <ele>11.452541801147163</ele>
        <time>2025-08-20T06:48:13Z</time>
        <extensions>
          <gpxtpx:TrackPointExtension>
            <gpxtpx:hr>71</gpxtpx:hr>
          </gpxtpx:TrackPointExtension>
        </extensions>
      </trkpt>
      <trkpt lat="38.838102245177325" lon="121.5050234375784">
        <ele>11.384194284677505</ele>
        <time>2025-08-20T06:48:14Z</time>
        <extensions>
          <gpxtpx:TrackPointExtension>
            <gpxtpx:hr>71</gpxtpx:hr>
          </gpxtpx:TrackPointExtension>
        </extensions>
      </trkpt>
      <trkpt lat="38.83809756228168" lon="121.5050171095802">
        <ele>11.312408137135208</ele>
        <time>2025-08-20T06:48:15Z</time>
        <extensions>
          <gpxtpx:TrackPointExtension>
            <gpxtpx:hr>71</gpxtpx:hr>
          </gpxtpx:TrackPointExtension>
        </extensions>
      </trkpt>
      <trkpt lat="38.83809182071918" lon="121.50501058721457">
        <ele>11.235058602876961</ele>
        <time>2025-08-20T06:48:16Z</time>
        <extensions>
          <gpxtpx:TrackPointExtension>
            <gpxtpx:hr>70</gpxtpx:hr>
          </gpxtpx:TrackPointExtension>
        </extensions>
      </trkpt>
      <trkpt lat="38.83808594543453" lon="121.50500327968822">
        <ele>11.1504983631894</ele>
        <time>2025-08-20T06:48:17Z</time>
        <extensions>
          <gpxtpx:TrackPointExtension>
            <gpxtpx:hr>70</gpxtpx:hr>
          </gpxtpx:TrackPointExtension>
        </extensions>
      </trkpt>
      <trkpt lat="38.838080461550916" lon="121.50499512784883">
        <ele>11.081535651348531</ele>
        <time>2025-08-20T06:48:18Z</time>
        <extensions>
          <gpxtpx:TrackPointExtension>
            <gpxtpx:hr>70</gpxtpx:hr>
          </gpxtpx:TrackPointExtension>
        </extensions>
      </trkpt>
      <trkpt lat="38.838075179219906" lon="121.50498668896941">
        <ele>11.016973097808659</ele>
        <time>2025-08-20T06:48:19Z</time>
        <extensions>
          <gpxtpx:TrackPointExtension>
            <gpxtpx:hr>69</gpxtpx:hr>
          </gpxtpx:TrackPointExtension>
        </extensions>
      </trkpt>
      <trkpt lat="38.83806934624213" lon="121.50497782189687">
        <ele>10.943068778142333</ele>
        <time>2025-08-20T06:48:20Z</time>
        <extensions>
          <gpxtpx:TrackPointExtension>
            <gpxtpx:hr>69</gpxtpx:hr>
          </gpxtpx:TrackPointExtension>
        </extensions>
      </trkpt>
      <trkpt lat="38.83806263565314" lon="121.50496909194136">
        <ele>10.865879812277853</ele>
        <time>2025-08-20T06:48:21Z</time>
        <extensions>
          <gpxtpx:TrackPointExtension>
            <gpxtpx:hr>69</gpxtpx:hr>
          </gpxtpx:TrackPointExtension>
        </extensions>
      </trkpt>
      <trkpt lat="38.8380554015098" lon="121.50496089956117">
        <ele>10.794764079153538</ele>
        <time>2025-08-20T06:48:22Z</time>
        <extensions>
          <gpxtpx:TrackPointExtension>
            <gpxtpx:hr>69</gpxtpx:hr>
          </gpxtpx:TrackPointExtension>
        </extensions>
      </trkpt>
      <trkpt lat="38.83804800747286" lon="121.50495357248587">
        <ele>10.723393755033612</ele>
        <time>2025-08-20T06:48:23Z</time>
        <extensions>
          <gpxtpx:TrackPointExtension>
            <gpxtpx:hr>69</gpxtpx:hr>
          </gpxtpx:TrackPointExtension>
        </extensions>
      </trkpt>
      <trkpt lat="38.83804018344029" lon="121.50494706442974">
        <ele>10.64852674677968</ele>
        <time>2025-08-20T06:48:24Z</time>
        <extensions>
          <gpxtpx:TrackPointExtension>
            <gpxtpx:hr>69</gpxtpx:hr>
          </gpxtpx:TrackPointExtension>
        </extensions>
      </trkpt>
      <trkpt lat="38.83803174830758" lon="121.50494121628672">
        <ele>10.592832277528942</ele>
        <time>2025-08-20T06:48:25Z</time>
        <extensions>
          <gpxtpx:TrackPointExtension>
            <gpxtpx:hr>69</gpxtpx:hr>
          </gpxtpx:TrackPointExtension>
        </extensions>
      </trkpt>
      <trkpt lat="38.83802297140265" lon="121.50493586509091">
        <ele>10.528551287017763</ele>
        <time>2025-08-20T06:48:26Z</time>
        <extensions>
          <gpxtpx:TrackPointExtension>
            <gpxtpx:hr>69</gpxtpx:hr>
          </gpxtpx:TrackPointExtension>
        </extensions>
      </trkpt>
      <trkpt lat="38.83801455194308" lon="121.50493009614806">
        <ele>10.474617758765817</ele>
        <time>2025-08-20T06:48:27Z</time>
        <extensions>
          <gpxtpx:TrackPointExtension>
            <gpxtpx:hr>69</gpxtpx:hr>
          </gpxtpx:TrackPointExtension>
        </extensions>
      </trkpt>
      <trkpt lat="38.83800653738595" lon="121.50492309958709">
        <ele>10.435971418395638</ele>
        <time>2025-08-20T06:48:28Z</time>
        <extensions>
          <gpxtpx:TrackPointExtension>
            <gpxtpx:hr>69</gpxtpx:hr>
          </gpxtpx:TrackPointExtension>
        </extensions>
      </trkpt>
      <trkpt lat="38.837998922471705" lon="121.5049150830487">
        <ele>10.408221954479814</ele>
        <time>2025-08-20T06:48:29Z</time>
        <extensions>
          <gpxtpx:TrackPointExtension>
            <gpxtpx:hr>69</gpxtpx:hr>
          </gpxtpx:TrackPointExtension>
        </extensions>
      </trkpt>
      <trkpt lat="38.83799194050205" lon="121.50490660296299">
        <ele>10.382969153113663</ele>
        <time>2025-08-20T06:48:30Z</time>
        <extensions>
          <gpxtpx:TrackPointExtension>
            <gpxtpx:hr>69</gpxtpx:hr>
          </gpxtpx:TrackPointExtension>
        </extensions>
      </trkpt>
      <trkpt lat="38.83798561184976" lon="121.5048977250784">
        <ele>10.366588330827653</ele>
        <time>2025-08-20T06:48:31Z</time>
        <extensions>
          <gpxtpx:TrackPointExtension>
            <gpxtpx:hr>69</gpxtpx:hr>
          </gpxtpx:TrackPointExtension>
        </extensions>
      </trkpt>
      <trkpt lat="38.837979623311604" lon="121.50488906985599">
        <ele>10.353179750964046</ele>
        <time>2025-08-20T06:48:32Z</time>
        <extensions>
          <gpxtpx:TrackPointExtension>
            <gpxtpx:hr>69</gpxtpx:hr>
          </gpxtpx:TrackPointExtension>
        </extensions>
      </trkpt>
      <trkpt lat="38.83797364629616" lon="121.50488077711853">
        <ele>10.350447873584926</ele>
        <time>2025-08-20T06:48:33Z</time>
        <extensions>
          <gpxtpx:TrackPointExtension>
            <gpxtpx:hr>68</gpxtpx:hr>
          </gpxtpx:TrackPointExtension>
        </extensions>
      </trkpt>
      <trkpt lat="38.83796729972156" lon="121.5048728158205">
        <ele>10.360374338924885</ele>
        <time>2025-08-20T06:48:34Z</time>
        <extensions>
          <gpxtpx:TrackPointExtension>
            <gpxtpx:hr>68</gpxtpx:hr>
          </gpxtpx:TrackPointExtension>
        </extensions>
      </trkpt>
      <trkpt lat="38.83796065080238" lon="121.50486536028609">
        <ele>10.370909752324224</ele>
        <time>2025-08-20T06:48:35Z</time>
        <extensions>
          <gpxtpx:TrackPointExtension>
            <gpxtpx:hr>68</gpxtpx:hr>
          </gpxtpx:TrackPointExtension>
        </extensions>
      </trkpt>
      <trkpt lat="38.837953880003106" lon="121.50485876609238">
        <ele>10.386239550076425</ele>
        <time>2025-08-20T06:48:36Z</time>
        <extensions>
          <gpxtpx:TrackPointExtension>
            <gpxtpx:hr>67</gpxtpx:hr>
          </gpxtpx:TrackPointExtension>
        </extensions>
      </trkpt>
      <trkpt lat="38.83794677100855" lon="121.50485283901007">
        <ele>10.410360557027161</ele>
        <time>2025-08-20T06:48:37Z</time>
        <extensions>
          <gpxtpx:TrackPointExtension>
            <gpxtpx:hr>67</gpxtpx:hr>
          </gpxtpx:TrackPointExtension>
        </extensions>
      </trkpt>
      <trkpt lat="38.837939376374095" lon="121.50484740296828">
        <ele>10.438802920281887</ele>
        <time>2025-08-20T06:48:38Z</time>
        <extensions>
          <gpxtpx:TrackPointExtension>
            <gpxtpx:hr>67</gpxtpx:hr>
          </gpxtpx:TrackPointExtension>
        </extensions>
      </trkpt>
      <trkpt lat="38.83793195873517" lon="121.50484296497038">
        <ele>10.475115548819304</ele>
        <time>2025-08-20T06:48:39Z</time>
        <extensions>
          <gpxtpx:TrackPointExtension>
            <gpxtpx:hr>67</gpxtpx:hr>
          </gpxtpx:TrackPointExtension>
        </extensions>
      </trkpt>
      <trkpt lat="38.83792491318843" lon="121.50483940821972">
        <ele>10.507732902653515</ele>
        <time>2025-08-20T06:48:40Z</time>
        <extensions>
          <gpxtpx:TrackPointExtension>
            <gpxtpx:hr>67</gpxtpx:hr>
          </gpxtpx:TrackPointExtension>
        </extensions>
      </trkpt>
      <trkpt lat="38.83791778006158" lon="121.50483551858893">
        <ele>10.5342159839347</ele>
        <time>2025-08-20T06:48:41Z</time>
        <extensions>
          <gpxtpx:TrackPointExtension>
            <gpxtpx:hr>68</gpxtpx:hr>
          </gpxtpx:TrackPointExtension>
        </extensions>
      </trkpt>
      <trkpt lat="38.837910351715564" lon="121.50483084402518">
        <ele>10.562157857231796</ele>
        <time>2025-08-20T06:48:42Z</time>
        <extensions>
          <gpxtpx:TrackPointExtension>
            <gpxtpx:hr>68</gpxtpx:hr>
          </gpxtpx:TrackPointExtension>
        </extensions>
      </trkpt>
      <trkpt lat="38.83790249776534" lon="121.50482523417605">
        <ele>10.590971167199314</ele>
        <time>2025-08-20T06:48:43Z</time>
        <extensions>
          <gpxtpx:TrackPointExtension>
            <gpxtpx:hr>68</gpxtpx:hr>
          </gpxtpx:TrackPointExtension>
        </extensions>
      </trkpt>
      <trkpt lat="38.83789415236972" lon="121.504818882711">
        <ele>10.603141917847097</ele>
        <time>2025-08-20T06:48:44Z</time>
        <extensions>
          <gpxtpx:TrackPointExtension>
            <gpxtpx:hr>68</gpxtpx:hr>
          </gpxtpx:TrackPointExtension>
        </extensions>
      </trkpt>
      <trkpt lat="38.83788512722488" lon="121.50481219064403">
        <ele>10.62247764505446</ele>
        <time>2025-08-20T06:48:45Z</time>
        <extensions>
          <gpxtpx:TrackPointExtension>
            <gpxtpx:hr>68</gpxtpx:hr>
          </gpxtpx:TrackPointExtension>
        </extensions>
      </trkpt>
      <trkpt lat="38.83787575511562" lon="121.50480496470507">
        <ele>10.637960873544216</ele>
        <time>2025-08-20T06:48:46Z</time>
        <extensions>
          <gpxtpx:TrackPointExtension>
            <gpxtpx:hr>68</gpxtpx:hr>
          </gpxtpx:TrackPointExtension>
        </extensions>
      </trkpt>
      <trkpt lat="38.83786623066086" lon="121.50479741374201">
        <ele>10.648833931423724</ele>
        <time>2025-08-20T06:48:47Z</time>
        <extensions>
          <gpxtpx:TrackPointExtension>
            <gpxtpx:hr>68</gpxtpx:hr>
          </gpxtpx:TrackPointExtension>
        </extensions>
      </trkpt>
      <trkpt lat="38.83785670482377" lon="121.50478930152784">
        <ele>10.655403508804739</ele>
        <time>2025-08-20T06:48:48Z</time>
        <extensions>
          <gpxtpx:TrackPointExtension>
            <gpxtpx:hr>68</gpxtpx:hr>
          </gpxtpx:TrackPointExtension>
        </extensions>
      </trkpt>
      <trkpt lat="38.837847494625045" lon="121.50478035461416">
        <ele>10.666270112618804</ele>
        <time>2025-08-20T06:48:49Z</time>
        <extensions>
          <gpxtpx:TrackPointExtension>
            <gpxtpx:hr>68</gpxtpx:hr>
          </gpxtpx:TrackPointExtension>
        </extensions>
      </trkpt>
      <trkpt lat="38.83783847330295" lon="121.5047703803106">
        <ele>10.674847493879497</ele>
        <time>2025-08-20T06:48:50Z</time>
        <extensions>
          <gpxtpx:TrackPointExtension>
            <gpxtpx:hr>68</gpxtpx:hr>
          </gpxtpx:TrackPointExtension>
        </extensions>
      </trkpt>
      <trkpt lat="38.83782944128838" lon="121.50475968646252">
        <ele>10.689146220684052</ele>
        <time>2025-08-20T06:48:51Z</time>
        <extensions>
          <gpxtpx:TrackPointExtension>
            <gpxtpx:hr>68</gpxtpx:hr>
          </gpxtpx:TrackPointExtension>
        </extensions>
      </trkpt>
      <trkpt lat="38.83782020656925" lon="121.50474908318819">
        <ele>10.695550912059844</ele>
        <time>2025-08-20T06:48:52Z</time>
        <extensions>
          <gpxtpx:TrackPointExtension>
            <gpxtpx:hr>68</gpxtpx:hr>
          </gpxtpx:TrackPointExtension>
        </extensions>
      </trkpt>
      <trkpt lat="38.83781108127186" lon="121.50473908403484">
        <ele>10.705776331946254</ele>
        <time>2025-08-20T06:48:53Z</time>
        <extensions>
          <gpxtpx:TrackPointExtension>
            <gpxtpx:hr>68</gpxtpx:hr>
          </gpxtpx:TrackPointExtension>
        </extensions>
      </trkpt>
      <trkpt lat="38.83780156100824" lon="121.50472994768339">
        <ele>10.73774192482233</ele>
        <time>2025-08-20T06:48:54Z</time>
        <extensions>
          <gpxtpx:TrackPointExtension>
            <gpxtpx:hr>68</gpxtpx:hr>
          </gpxtpx:TrackPointExtension>
        </extensions>
      </trkpt>
      <trkpt lat="38.83779077945207" lon="121.50472199757961">
        <ele>10.751275512389839</ele>
        <time>2025-08-20T06:48:55Z</time>
        <extensions>
          <gpxtpx:TrackPointExtension>
            <gpxtpx:hr>68</gpxtpx:hr>
          </gpxtpx:TrackPointExtension>
        </extensions>
      </trkpt>
      <trkpt lat="38.83777901679228" lon="121.50471489199609">
        <ele>10.770307229831815</ele>
        <time>2025-08-20T06:48:56Z</time>
        <extensions>
          <gpxtpx:TrackPointExtension>
            <gpxtpx:hr>68</gpxtpx:hr>
          </gpxtpx:TrackPointExtension>
        </extensions>
      </trkpt>
      <trkpt lat="38.83776725340343" lon="121.50470778893713">
        <ele>10.819388274103403</ele>
        <time>2025-08-20T06:48:57Z</time>
        <extensions>
          <gpxtpx:TrackPointExtension>
            <gpxtpx:hr>68</gpxtpx:hr>
          </gpxtpx:TrackPointExtension>
        </extensions>
      </trkpt>
      <trkpt lat="38.83775562872715" lon="121.50470030607461">
        <ele>10.85382442176342</ele>
        <time>2025-08-20T06:48:58Z</time>
        <extensions>
          <gpxtpx:TrackPointExtension>
            <gpxtpx:hr>68</gpxtpx:hr>
          </gpxtpx:TrackPointExtension>
        </extensions>
      </trkpt>
      <trkpt lat="38.837743398297604" lon="121.50469197836655">
        <ele>10.88181419763714</ele>
        <time>2025-08-20T06:48:59Z</time>
        <extensions>
          <gpxtpx:TrackPointExtension>
            <gpxtpx:hr>72</gpxtpx:hr>
          </gpxtpx:TrackPointExtension>
        </extensions>
      </trkpt>
      <trkpt lat="38.83773064947807" lon="121.50468279521529">
        <ele>10.889520320110023</ele>
        <time>2025-08-20T06:49:00Z</time>
        <extensions>
          <gpxtpx:TrackPointExtension>
            <gpxtpx:hr>72</gpxtpx:hr>
          </gpxtpx:TrackPointExtension>
        </extensions>
      </trkpt>
      <trkpt lat="38.837717703985085" lon="121.50467279172432">
        <ele>10.890849777497351</ele>
        <time>2025-08-20T06:49:01Z</time>
        <extensions>
          <gpxtpx:TrackPointExtension>
            <gpxtpx:hr>72</gpxtpx:hr>
          </gpxtpx:TrackPointExtension>
        </extensions>
      </trkpt>
      <trkpt lat="38.837705239944874" lon="121.50466281510387">
        <ele>10.881394509226084</ele>
        <time>2025-08-20T06:49:02Z</time>
        <extensions>
          <gpxtpx:TrackPointExtension>
            <gpxtpx:hr>72</gpxtpx:hr>
          </gpxtpx:TrackPointExtension>
        </extensions>
      </trkpt>
      <trkpt lat="38.83769323773981" lon="121.50465277981152">
        <ele>10.847054660320282</ele>
        <time>2025-08-20T06:49:03Z</time>
        <extensions>
          <gpxtpx:TrackPointExtension>
            <gpxtpx:hr>72</gpxtpx:hr>
          </gpxtpx:TrackPointExtension>
        </extensions>
      </trkpt>
      <trkpt lat="38.837681539257325" lon="121.5046425109213">
        <ele>10.816016372293234</ele>
        <time>2025-08-20T06:49:04Z</time>
        <extensions>
          <gpxtpx:TrackPointExtension>
            <gpxtpx:hr>74</gpxtpx:hr>
          </gpxtpx:TrackPointExtension>
        </extensions>
      </trkpt>
      <trkpt lat="38.83767072707539" lon="121.50463231931482">
        <ele>10.797210352495313</ele>
        <time>2025-08-20T06:49:05Z</time>
        <extensions>
          <gpxtpx:TrackPointExtension>
            <gpxtpx:hr>74</gpxtpx:hr>
          </gpxtpx:TrackPointExtension>
        </extensions>
      </trkpt>
      <trkpt lat="38.837659881148674" lon="121.5046219000324">
        <ele>10.777650224044919</ele>
        <time>2025-08-20T06:49:06Z</time>
        <extensions>
          <gpxtpx:TrackPointExtension>
            <gpxtpx:hr>74</gpxtpx:hr>
          </gpxtpx:TrackPointExtension>
        </extensions>
      </trkpt>
      <trkpt lat="38.83764782069624" lon="121.50461005697093">
        <ele>10.75990829244256</ele>
        <time>2025-08-20T06:49:07Z</time>
        <extensions>
          <gpxtpx:TrackPointExtension>
            <gpxtpx:hr>74</gpxtpx:hr>
          </gpxtpx:TrackPointExtension>
        </extensions>
      </trkpt>
      <trkpt lat="38.837636057933" lon="121.50459770269615">
        <ele>10.744764284230769</ele>
        <time>2025-08-20T06:49:08Z</time>
        <extensions>
          <gpxtpx:TrackPointExtension>
            <gpxtpx:hr>74</gpxtpx:hr>
          </gpxtpx:TrackPointExtension>
        </extensions>
      </trkpt>
      <trkpt lat="38.837625001416306" lon="121.50458547048129">
        <ele>10.73387432936579</ele>
        <time>2025-08-20T06:49:09Z</time>
        <extensions>
          <gpxtpx:TrackPointExtension>
            <gpxtpx:hr>74</gpxtpx:hr>
          </gpxtpx:TrackPointExtension>
        </extensions>
      </trkpt>
      <trkpt lat="38.837614752464496" lon="121.5045739585903">
        <ele>10.713903217576444</ele>
        <time>2025-08-20T06:49:10Z</time>
        <extensions>
          <gpxtpx:TrackPointExtension>
            <gpxtpx:hr>74</gpxtpx:hr>
          </gpxtpx:TrackPointExtension>
        </extensions>
      </trkpt>
      <trkpt lat="38.8376066849193" lon="121.50456499612261">
        <ele>10.691558103077114</ele>
        <time>2025-08-20T06:49:11Z</time>
        <extensions>
          <gpxtpx:TrackPointExtension>
            <gpxtpx:hr>74</gpxtpx:hr>
          </gpxtpx:TrackPointExtension>
        </extensions>
      </trkpt>
      <trkpt lat="38.83760063746661" lon="121.50455918173671">
        <ele>10.67016261909157</ele>
        <time>2025-08-20T06:49:12Z</time>
        <extensions>
          <gpxtpx:TrackPointExtension>
            <gpxtpx:hr>71</gpxtpx:hr>
          </gpxtpx:TrackPointExtension>
        </extensions>
      </trkpt>
      <trkpt lat="38.83759557521302" lon="121.50455523889083">
        <ele>10.641647294163704</ele>
        <time>2025-08-20T06:49:13Z</time>
        <extensions>
          <gpxtpx:TrackPointExtension>
            <gpxtpx:hr>71</gpxtpx:hr>
          </gpxtpx:TrackPointExtension>
        </extensions>
      </trkpt>
      <trkpt lat="38.8375906050411" lon="121.50455129563821">
        <ele>10.599399527534842</ele>
        <time>2025-08-20T06:49:14Z</time>
        <extensions>
          <gpxtpx:TrackPointExtension>
            <gpxtpx:hr>71</gpxtpx:hr>
          </gpxtpx:TrackPointExtension>
        </extensions>
      </trkpt>
      <trkpt lat="38.837585140565515" lon="121.50454601524285">
        <ele>10.55151844304055</ele>
        <time>2025-08-20T06:49:15Z</time>
        <extensions>
          <gpxtpx:TrackPointExtension>
            <gpxtpx:hr>71</gpxtpx:hr>
          </gpxtpx:TrackPointExtension>
        </extensions>
      </trkpt>
      <trkpt lat="38.837579453600824" lon="121.50453928888301">
        <ele>10.507962627336383</ele>
        <time>2025-08-20T06:49:16Z</time>
        <extensions>
          <gpxtpx:TrackPointExtension>
            <gpxtpx:hr>71</gpxtpx:hr>
          </gpxtpx:TrackPointExtension>
        </extensions>
      </trkpt>
      <trkpt lat="38.83757411861311" lon="121.50453151723401">
        <ele>10.451143088750541</ele>
        <time>2025-08-20T06:49:17Z</time>
        <extensions>
          <gpxtpx:TrackPointExtension>
            <gpxtpx:hr>71</gpxtpx:hr>
          </gpxtpx:TrackPointExtension>
        </extensions>
      </trkpt>
      <trkpt lat="38.8375689999021" lon="121.50452304823669">
        <ele>10.384557185694575</ele>
        <time>2025-08-20T06:49:18Z</time>
        <extensions>
          <gpxtpx:TrackPointExtension>
            <gpxtpx:hr>71</gpxtpx:hr>
          </gpxtpx:TrackPointExtension>
        </extensions>
      </trkpt>
      <trkpt lat="38.837563971885096" lon="121.50451388988225">
        <ele>10.316765498369932</ele>
        <time>2025-08-20T06:49:19Z</time>
        <extensions>
          <gpxtpx:TrackPointExtension>
            <gpxtpx:hr>71</gpxtpx:hr>
          </gpxtpx:TrackPointExtension>
        </extensions>
      </trkpt>
      <trkpt lat="38.8375592255438" lon="121.50450377834746">
        <ele>10.255738651379943</ele>
        <time>2025-08-20T06:49:20Z</time>
        <extensions>
          <gpxtpx:TrackPointExtension>
            <gpxtpx:hr>71</gpxtpx:hr>
          </gpxtpx:TrackPointExtension>
        </extensions>
      </trkpt>
      <trkpt lat="38.83755525280865" lon="121.5044926212858">
        <ele>10.184372128918767</ele>
        <time>2025-08-20T06:49:21Z</time>
        <extensions>
          <gpxtpx:TrackPointExtension>
            <gpxtpx:hr>71</gpxtpx:hr>
          </gpxtpx:TrackPointExtension>
        </extensions>
      </trkpt>
      <trkpt lat="38.837552971252094" lon="121.50448096588387">
        <ele>10.115520609542727</ele>
        <time>2025-08-20T06:49:22Z</time>
        <extensions>
          <gpxtpx:TrackPointExtension>
            <gpxtpx:hr>74</gpxtpx:hr>
          </gpxtpx:TrackPointExtension>
        </extensions>
      </trkpt>
      <trkpt lat="38.83755284347294" lon="121.5044691825345">
        <ele>10.053908205591142</ele>
        <time>2025-08-20T06:49:23Z</time>
        <extensions>
          <gpxtpx:TrackPointExtension>
            <gpxtpx:hr>74</gpxtpx:hr>
          </gpxtpx:TrackPointExtension>
        </extensions>
      </trkpt>
      <trkpt lat="38.83755505673294" lon="121.50445729139619">
        <ele>9.999025828205049</ele>
        <time>2025-08-20T06:49:24Z</time>
        <extensions>
          <gpxtpx:TrackPointExtension>
            <gpxtpx:hr>74</gpxtpx:hr>
          </gpxtpx:TrackPointExtension>
        </extensions>
      </trkpt>
      <trkpt lat="38.83755966413406" lon="121.50444506035329">
        <ele>9.943519758991897</ele>
        <time>2025-08-20T06:49:25Z</time>
        <extensions>
          <gpxtpx:TrackPointExtension>
            <gpxtpx:hr>74</gpxtpx:hr>
          </gpxtpx:TrackPointExtension>
        </extensions>
      </trkpt>
      <trkpt lat="38.83756635952792" lon="121.50443267301858">
        <ele>9.878183864988387</ele>
        <time>2025-08-20T06:49:26Z</time>
        <extensions>
          <gpxtpx:TrackPointExtension>
            <gpxtpx:hr>74</gpxtpx:hr>
          </gpxtpx:TrackPointExtension>
        </extensions>
      </trkpt>
      <trkpt lat="38.83757433677908" lon="121.50442053541411">
        <ele>9.816799826920033</ele>
        <time>2025-08-20T06:49:27Z</time>
        <extensions>
          <gpxtpx:TrackPointExtension>
            <gpxtpx:hr>74</gpxtpx:hr>
          </gpxtpx:TrackPointExtension>
        </extensions>
      </trkpt>
      <trkpt lat="38.837582587990966" lon="121.50440895906841">
        <ele>9.769906130619347</ele>
        <time>2025-08-20T06:49:28Z</time>
        <extensions>
          <gpxtpx:TrackPointExtension>
            <gpxtpx:hr>74</gpxtpx:hr>
          </gpxtpx:TrackPointExtension>
        </extensions>
      </trkpt>
      <trkpt lat="38.83759095749296" lon="121.5043981862488">
        <ele>9.732391784898937</ele>
        <time>2025-08-20T06:49:29Z</time>
        <extensions>
          <gpxtpx:TrackPointExtension>
            <gpxtpx:hr>75</gpxtpx:hr>
          </gpxtpx:TrackPointExtension>
        </extensions>
      </trkpt>
      <trkpt lat="38.83759988516363" lon="121.50438873591288">
        <ele>9.69229696225375</ele>
        <time>2025-08-20T06:49:30Z</time>
        <extensions>
          <gpxtpx:TrackPointExtension>
            <gpxtpx:hr>75</gpxtpx:hr>
          </gpxtpx:TrackPointExtension>
        </extensions>
      </trkpt>
      <trkpt lat="38.83760892905168" lon="121.50438049755482">
        <ele>9.651553997769952</ele>
        <time>2025-08-20T06:49:31Z</time>
        <extensions>
          <gpxtpx:TrackPointExtension>
            <gpxtpx:hr>75</gpxtpx:hr>
          </gpxtpx:TrackPointExtension>
        </extensions>
      </trkpt>
      <trkpt lat="38.83761665304477" lon="121.50437317394072">
        <ele>9.6190369380638</ele>
        <time>2025-08-20T06:49:32Z</time>
        <extensions>
          <gpxtpx:TrackPointExtension>
            <gpxtpx:hr>75</gpxtpx:hr>
          </gpxtpx:TrackPointExtension>
        </extensions>
      </trkpt>
      <trkpt lat="38.837622439087596" lon="121.50436638150063">
        <ele>9.59612917713821</ele>
        <time>2025-08-20T06:49:33Z</time>
        <extensions>
          <gpxtpx:TrackPointExtension>
            <gpxtpx:hr>75</gpxtpx:hr>
          </gpxtpx:TrackPointExtension>
        </extensions>
      </trkpt>
      <trkpt lat="38.83762763181076" lon="121.50435953087104">
        <ele>9.573968045413494</ele>
        <time>2025-08-20T06:49:34Z</time>
        <extensions>
          <gpxtpx:TrackPointExtension>
            <gpxtpx:hr>75</gpxtpx:hr>
          </gpxtpx:TrackPointExtension>
        </extensions>
      </trkpt>
      <trkpt lat="38.837633335643055" lon="121.50435263029824">
        <ele>9.543517758138478</ele>
        <time>2025-08-20T06:49:35Z</time>
        <extensions>
          <gpxtpx:TrackPointExtension>
            <gpxtpx:hr>75</gpxtpx:hr>
          </gpxtpx:TrackPointExtension>
        </extensions>
      </trkpt>
      <trkpt lat="38.83763944913449" lon="121.50434604369325">
        <ele>9.520871188491583</ele>
        <time>2025-08-20T06:49:36Z</time>
        <extensions>
          <gpxtpx:TrackPointExtension>
            <gpxtpx:hr>75</gpxtpx:hr>
          </gpxtpx:TrackPointExtension>
        </extensions>
      </trkpt>
      <trkpt lat="38.83764559896542" lon="121.50434021871153">
        <ele>9.496385318227112</ele>
        <time>2025-08-20T06:49:37Z</time>
        <extensions>
          <gpxtpx:TrackPointExtension>
            <gpxtpx:hr>75</gpxtpx:hr>
          </gpxtpx:TrackPointExtension>
        </extensions>
      </trkpt>
      <trkpt lat="38.83765095480236" lon="121.50433563837638">
        <ele>9.477779028005898</ele>
        <time>2025-08-20T06:49:38Z</time>
        <extensions>
          <gpxtpx:TrackPointExtension>
            <gpxtpx:hr>75</gpxtpx:hr>
          </gpxtpx:TrackPointExtension>
        </extensions>
      </trkpt>
      <trkpt lat="38.83765554295528" lon="121.50433261508229">
        <ele>9.441755314357579</ele>
        <time>2025-08-20T06:49:39Z</time>
        <extensions>
          <gpxtpx:TrackPointExtension>
            <gpxtpx:hr>75</gpxtpx:hr>
          </gpxtpx:TrackPointExtension>
        </extensions>
      </trkpt>
      <trkpt lat="38.8376601585757" lon="121.50433044501457">
        <ele>9.413038429804146</ele>
        <time>2025-08-20T06:49:40Z</time>
        <extensions>
          <gpxtpx:TrackPointExtension>
            <gpxtpx:hr>75</gpxtpx:hr>
          </gpxtpx:TrackPointExtension>
        </extensions>
      </trkpt>
      <trkpt lat="38.8376647752424" lon="121.50432871278623">
        <ele>9.386907842941582</ele>
        <time>2025-08-20T06:49:41Z</time>
      </trkpt>
      <trkpt lat="38.83766940856766" lon="121.50432701457291">
        <ele>9.360585360787809</ele>
        <time>2025-08-20T06:49:42Z</time>
      </trkpt>
      <trkpt lat="38.837674658751276" lon="121.50432500069245">
        <ele>9.33703339099884</ele>
        <time>2025-08-20T06:49:43Z</time>
      </trkpt>
      <trkpt lat="38.837680249152925" lon="121.50432247235015">
        <ele>9.310921960510314</ele>
        <time>2025-08-20T06:49:44Z</time>
      </trkpt>
      <trkpt lat="38.837685821160406" lon="121.50431966224588">
        <ele>9.282316953875124</ele>
        <time>2025-08-20T06:49:45Z</time>
      </trkpt>
      <trkpt lat="38.83769212342753" lon="121.50431634241934">
        <ele>9.253605502657592</ele>
        <time>2025-08-20T06:49:46Z</time>
      </trkpt>
      <trkpt lat="38.83769997063607" lon="121.50431310312791">
        <ele>9.233330712653697</ele>
        <time>2025-08-20T06:49:47Z</time>
      </trkpt>
      <trkpt lat="38.83770967706564" lon="121.50431069681488">
        <ele>9.212538159452379</ele>
        <time>2025-08-20T06:49:48Z</time>
      </trkpt>
      <trkpt lat="38.83772053635922" lon="121.50430981147227">
        <ele>9.182366711087525</ele>
        <time>2025-08-20T06:49:49Z</time>
      </trkpt>
      <trkpt lat="38.83773133790979" lon="121.50431015079339">
        <ele>9.164240867830813</ele>
        <time>2025-08-20T06:49:50Z</time>
      </trkpt>
      <trkpt lat="38.8377417324934" lon="121.50431049182049">
        <ele>9.15101657435298</ele>
        <time>2025-08-20T06:49:51Z</time>
        <extensions>
          <gpxtpx:TrackPointExtension>
            <gpxtpx:hr>82</gpxtpx:hr>
          </gpxtpx:TrackPointExtension>
        </extensions>
      </trkpt>
      <trkpt lat="38.83775196572447" lon="121.50430940845122">
        <ele>9.121772286482155</ele>
        <time>2025-08-20T06:49:52Z</time>
        <extensions>
          <gpxtpx:TrackPointExtension>
            <gpxtpx:hr>82</gpxtpx:hr>
          </gpxtpx:TrackPointExtension>
        </extensions>
      </trkpt>
      <trkpt lat="38.837762078632515" lon="121.50430626492494">
        <ele>9.106337849982083</ele>
        <time>2025-08-20T06:49:53Z</time>
        <extensions>
          <gpxtpx:TrackPointExtension>
            <gpxtpx:hr>82</gpxtpx:hr>
          </gpxtpx:TrackPointExtension>
        </extensions>
      </trkpt>
      <trkpt lat="38.83777192114448" lon="121.50430221544133">
        <ele>9.085817596875131</ele>
        <time>2025-08-20T06:49:54Z</time>
        <extensions>
          <gpxtpx:TrackPointExtension>
            <gpxtpx:hr>82</gpxtpx:hr>
          </gpxtpx:TrackPointExtension>
        </extensions>
      </trkpt>
      <trkpt lat="38.83778144589748" lon="121.50429857809262">
        <ele>9.069912871345878</ele>
        <time>2025-08-20T06:49:55Z</time>
        <extensions>
          <gpxtpx:TrackPointExtension>
            <gpxtpx:hr>82</gpxtpx:hr>
          </gpxtpx:TrackPointExtension>
        </extensions>
      </trkpt>
      <trkpt lat="38.83779033730226" lon="121.50429540557505">
        <ele>9.065784550271928</ele>
        <time>2025-08-20T06:49:56Z</time>
        <extensions>
          <gpxtpx:TrackPointExtension>
            <gpxtpx:hr>82</gpxtpx:hr>
          </gpxtpx:TrackPointExtension>
        </extensions>
      </trkpt>
      <trkpt lat="38.83779925449053" lon="121.5042921037251">
        <ele>9.086385247297585</ele>
        <time>2025-08-20T06:49:57Z</time>
        <extensions>
          <gpxtpx:TrackPointExtension>
            <gpxtpx:hr>82</gpxtpx:hr>
          </gpxtpx:TrackPointExtension>
        </extensions>
      </trkpt>
      <trkpt lat="38.83780808013713" lon="121.50428860686652">
        <ele>9.118638197891414</ele>
        <time>2025-08-20T06:49:58Z</time>
        <extensions>
          <gpxtpx:TrackPointExtension>
            <gpxtpx:hr>82</gpxtpx:hr>
          </gpxtpx:TrackPointExtension>
        </extensions>
      </trkpt>
      <trkpt lat="38.83781736796174" lon="121.50428534778507">
        <ele>9.124856719747186</ele>
        <time>2025-08-20T06:49:59Z</time>
        <extensions>
          <gpxtpx:TrackPointExtension>
            <gpxtpx:hr>82</gpxtpx:hr>
          </gpxtpx:TrackPointExtension>
        </extensions>
      </trkpt>
      <trkpt lat="38.837826845459404" lon="121.50428243099496">
        <ele>9.151983734220266</ele>
        <time>2025-08-20T06:50:00Z</time>
        <extensions>
          <gpxtpx:TrackPointExtension>
            <gpxtpx:hr>82</gpxtpx:hr>
          </gpxtpx:TrackPointExtension>
        </extensions>
      </trkpt>
      <trkpt lat="38.8378366313133" lon="121.50427977995818">
        <ele>9.177546166814864</ele>
        <time>2025-08-20T06:50:01Z</time>
        <extensions>
          <gpxtpx:TrackPointExtension>
            <gpxtpx:hr>82</gpxtpx:hr>
          </gpxtpx:TrackPointExtension>
        </extensions>
      </trkpt>
      <trkpt lat="38.837846190123955" lon="121.5042769728402">
        <ele>9.182311854325235</ele>
        <time>2025-08-20T06:50:02Z</time>
        <extensions>
          <gpxtpx:TrackPointExtension>
            <gpxtpx:hr>82</gpxtpx:hr>
          </gpxtpx:TrackPointExtension>
        </extensions>
      </trkpt>
      <trkpt lat="38.83785552972614" lon="121.50427303273388">
        <ele>9.058877239003778</ele>
        <time>2025-08-20T06:50:03Z</time>
        <extensions>
          <gpxtpx:TrackPointExtension>
            <gpxtpx:hr>82</gpxtpx:hr>
          </gpxtpx:TrackPointExtension>
        </extensions>
      </trkpt>
      <trkpt lat="38.83786370651848" lon="121.50426838250178">
        <ele>8.830774990841746</ele>
        <time>2025-08-20T06:50:04Z</time>
        <extensions>
          <gpxtpx:TrackPointExtension>
            <gpxtpx:hr>82</gpxtpx:hr>
          </gpxtpx:TrackPointExtension>
        </extensions>
      </trkpt>
      <trkpt lat="38.83786989639937" lon="121.50426327459944">
        <ele>8.568649541586637</ele>
        <time>2025-08-20T06:50:05Z</time>
        <extensions>
          <gpxtpx:TrackPointExtension>
            <gpxtpx:hr>82</gpxtpx:hr>
          </gpxtpx:TrackPointExtension>
        </extensions>
      </trkpt>
      <trkpt lat="38.837873047952485" lon="121.50425785979346">
        <ele>8.379290044307709</ele>
        <time>2025-08-20T06:50:06Z</time>
        <extensions>
          <gpxtpx:TrackPointExtension>
            <gpxtpx:hr>82</gpxtpx:hr>
          </gpxtpx:TrackPointExtension>
        </extensions>
      </trkpt>
      <trkpt lat="38.83787400086134" lon="121.50425218301807">
        <ele>8.237021649256349</ele>
        <time>2025-08-20T06:50:07Z</time>
        <extensions>
          <gpxtpx:TrackPointExtension>
            <gpxtpx:hr>82</gpxtpx:hr>
          </gpxtpx:TrackPointExtension>
        </extensions>
      </trkpt>
      <trkpt lat="38.837876010165814" lon="121.50424670396687">
        <ele>8.102191757410765</ele>
        <time>2025-08-20T06:50:08Z</time>
        <extensions>
          <gpxtpx:TrackPointExtension>
            <gpxtpx:hr>82</gpxtpx:hr>
          </gpxtpx:TrackPointExtension>
        </extensions>
      </trkpt>
      <trkpt lat="38.83788181867279" lon="121.50424205238821">
        <ele>7.999392178840935</ele>
        <time>2025-08-20T06:50:09Z</time>
        <extensions>
          <gpxtpx:TrackPointExtension>
            <gpxtpx:hr>82</gpxtpx:hr>
          </gpxtpx:TrackPointExtension>
        </extensions>
      </trkpt>
      <trkpt lat="38.837891722904544" lon="121.50423820880803">
        <ele>7.939530369825661</ele>
        <time>2025-08-20T06:50:10Z</time>
        <extensions>
          <gpxtpx:TrackPointExtension>
            <gpxtpx:hr>82</gpxtpx:hr>
          </gpxtpx:TrackPointExtension>
        </extensions>
      </trkpt>
      <trkpt lat="38.837902644956756" lon="121.50423399841324">
        <ele>7.906877422705293</ele>
        <time>2025-08-20T06:50:11Z</time>
      </trkpt>
      <trkpt lat="38.83791151337043" lon="121.5042290358323">
        <ele>7.8862821608781815</ele>
        <time>2025-08-20T06:50:12Z</time>
      </trkpt>
      <trkpt lat="38.83791834630662" lon="121.50422338367667">
        <ele>7.869271629489958</ele>
        <time>2025-08-20T06:50:13Z</time>
      </trkpt>
      <trkpt lat="38.83792496241661" lon="121.50421839795209">
        <ele>7.853628927841783</ele>
        <time>2025-08-20T06:50:14Z</time>
      </trkpt>
      <trkpt lat="38.83793211973112" lon="121.50421554310819">
        <ele>7.86562136746943</ele>
        <time>2025-08-20T06:50:15Z</time>
      </trkpt>
      <trkpt lat="38.8379414975156" lon="121.5042136180326">
        <ele>7.896084990352392</ele>
        <time>2025-08-20T06:50:16Z</time>
      </trkpt>
      <trkpt lat="38.837953646305365" lon="121.5042119162899">
        <ele>7.932009683921933</ele>
        <time>2025-08-20T06:50:17Z</time>
        <extensions>
          <gpxtpx:TrackPointExtension>
            <gpxtpx:hr>87</gpxtpx:hr>
          </gpxtpx:TrackPointExtension>
        </extensions>
      </trkpt>
      <trkpt lat="38.837966620326554" lon="121.50421061896249">
        <ele>7.984067145735025</ele>
        <time>2025-08-20T06:50:18Z</time>
        <extensions>
          <gpxtpx:TrackPointExtension>
            <gpxtpx:hr>87</gpxtpx:hr>
          </gpxtpx:TrackPointExtension>
        </extensions>
      </trkpt>
      <trkpt lat="38.83798004725821" lon="121.50421016577344">
        <ele>8.062426700256765</ele>
        <time>2025-08-20T06:50:19Z</time>
        <extensions>
          <gpxtpx:TrackPointExtension>
            <gpxtpx:hr>87</gpxtpx:hr>
          </gpxtpx:TrackPointExtension>
        </extensions>
      </trkpt>
      <trkpt lat="38.83799380621078" lon="121.50421107721448">
        <ele>8.161554079502821</ele>
        <time>2025-08-20T06:50:20Z</time>
        <extensions>
          <gpxtpx:TrackPointExtension>
            <gpxtpx:hr>87</gpxtpx:hr>
          </gpxtpx:TrackPointExtension>
        </extensions>
      </trkpt>
      <trkpt lat="38.83800763319814" lon="121.5042131599343">
        <ele>8.27268219832331</ele>
        <time>2025-08-20T06:50:21Z</time>
        <extensions>
          <gpxtpx:TrackPointExtension>
            <gpxtpx:hr>87</gpxtpx:hr>
          </gpxtpx:TrackPointExtension>
        </extensions>
      </trkpt>
      <trkpt lat="38.83802107829985" lon="121.50421557664946">
        <ele>8.39996399730444</ele>
        <time>2025-08-20T06:50:22Z</time>
        <extensions>
          <gpxtpx:TrackPointExtension>
            <gpxtpx:hr>87</gpxtpx:hr>
          </gpxtpx:TrackPointExtension>
        </extensions>
      </trkpt>
      <trkpt lat="38.838033643008885" lon="121.50421786655613">
        <ele>8.509175865910947</ele>
        <time>2025-08-20T06:50:23Z</time>
        <extensions>
          <gpxtpx:TrackPointExtension>
            <gpxtpx:hr>87</gpxtpx:hr>
          </gpxtpx:TrackPointExtension>
        </extensions>
      </trkpt>
      <trkpt lat="38.838045584325045" lon="121.50422045950631">
        <ele>8.59388605877757</ele>
        <time>2025-08-20T06:50:24Z</time>
        <extensions>
          <gpxtpx:TrackPointExtension>
            <gpxtpx:hr>87</gpxtpx:hr>
          </gpxtpx:TrackPointExtension>
        </extensions>
      </trkpt>
      <trkpt lat="38.838056828291215" lon="121.50422406562684">
        <ele>8.673609270714223</ele>
        <time>2025-08-20T06:50:25Z</time>
        <extensions>
          <gpxtpx:TrackPointExtension>
            <gpxtpx:hr>87</gpxtpx:hr>
          </gpxtpx:TrackPointExtension>
        </extensions>
      </trkpt>
      <trkpt lat="38.83806743679178" lon="121.50422886368489">
        <ele>8.763593598268926</ele>
        <time>2025-08-20T06:50:26Z</time>
        <extensions>
          <gpxtpx:TrackPointExtension>
            <gpxtpx:hr>87</gpxtpx:hr>
          </gpxtpx:TrackPointExtension>
        </extensions>
      </trkpt>
      <trkpt lat="38.83807738588532" lon="121.5042345414764">
        <ele>8.864642850123346</ele>
        <time>2025-08-20T06:50:27Z</time>
        <extensions>
          <gpxtpx:TrackPointExtension>
            <gpxtpx:hr>87</gpxtpx:hr>
          </gpxtpx:TrackPointExtension>
        </extensions>
      </trkpt>
      <trkpt lat="38.838086527357675" lon="121.50424072715607">
        <ele>8.953401131555438</ele>
        <time>2025-08-20T06:50:28Z</time>
        <extensions>
          <gpxtpx:TrackPointExtension>
            <gpxtpx:hr>87</gpxtpx:hr>
          </gpxtpx:TrackPointExtension>
        </extensions>
      </trkpt>
      <trkpt lat="38.83809495686339" lon="121.50424757244137">
        <ele>9.039867588318884</ele>
        <time>2025-08-20T06:50:29Z</time>
        <extensions>
          <gpxtpx:TrackPointExtension>
            <gpxtpx:hr>87</gpxtpx:hr>
          </gpxtpx:TrackPointExtension>
        </extensions>
      </trkpt>
      <trkpt lat="38.838102788429765" lon="121.50425507837154">
        <ele>9.132911981083453</ele>
        <time>2025-08-20T06:50:30Z</time>
        <extensions>
          <gpxtpx:TrackPointExtension>
            <gpxtpx:hr>87</gpxtpx:hr>
          </gpxtpx:TrackPointExtension>
        </extensions>
      </trkpt>
      <trkpt lat="38.83810980254055" lon="121.5042629263001">
        <ele>9.21256532240659</ele>
        <time>2025-08-20T06:50:31Z</time>
        <extensions>
          <gpxtpx:TrackPointExtension>
            <gpxtpx:hr>87</gpxtpx:hr>
          </gpxtpx:TrackPointExtension>
        </extensions>
      </trkpt>
      <trkpt lat="38.83811591945303" lon="121.50427056361923">
        <ele>9.295363751240075</ele>
        <time>2025-08-20T06:50:32Z</time>
        <extensions>
          <gpxtpx:TrackPointExtension>
            <gpxtpx:hr>87</gpxtpx:hr>
          </gpxtpx:TrackPointExtension>
        </extensions>
      </trkpt>
      <trkpt lat="38.838121409994585" lon="121.50427735297588">
        <ele>9.37346703466028</ele>
        <time>2025-08-20T06:50:33Z</time>
        <extensions>
          <gpxtpx:TrackPointExtension>
            <gpxtpx:hr>87</gpxtpx:hr>
          </gpxtpx:TrackPointExtension>
        </extensions>
      </trkpt>
      <trkpt lat="38.83812607933779" lon="121.50428304948193">
        <ele>9.445577378384769</ele>
        <time>2025-08-20T06:50:34Z</time>
        <extensions>
          <gpxtpx:TrackPointExtension>
            <gpxtpx:hr>87</gpxtpx:hr>
          </gpxtpx:TrackPointExtension>
        </extensions>
      </trkpt>
      <trkpt lat="38.838129969126285" lon="121.50428792607842">
        <ele>9.501948532648385</ele>
        <time>2025-08-20T06:50:35Z</time>
        <extensions>
          <gpxtpx:TrackPointExtension>
            <gpxtpx:hr>87</gpxtpx:hr>
          </gpxtpx:TrackPointExtension>
        </extensions>
      </trkpt>
      <trkpt lat="38.838133594201985" lon="121.50429213387693">
        <ele>9.550596908666193</ele>
        <time>2025-08-20T06:50:36Z</time>
        <extensions>
          <gpxtpx:TrackPointExtension>
            <gpxtpx:hr>87</gpxtpx:hr>
          </gpxtpx:TrackPointExtension>
        </extensions>
      </trkpt>
      <trkpt lat="38.83813721348368" lon="121.50429507639655">
        <ele>9.592637507244945</ele>
        <time>2025-08-20T06:50:37Z</time>
        <extensions>
          <gpxtpx:TrackPointExtension>
            <gpxtpx:hr>87</gpxtpx:hr>
          </gpxtpx:TrackPointExtension>
        </extensions>
      </trkpt>
      <trkpt lat="38.838141239770124" lon="121.50429609595261">
        <ele>9.632704105228186</ele>
        <time>2025-08-20T06:50:38Z</time>
        <extensions>
          <gpxtpx:TrackPointExtension>
            <gpxtpx:hr>87</gpxtpx:hr>
          </gpxtpx:TrackPointExtension>
        </extensions>
      </trkpt>
      <trkpt lat="38.83814572469331" lon="121.50429584302664">
        <ele>9.668258718214929</ele>
        <time>2025-08-20T06:50:39Z</time>
        <extensions>
          <gpxtpx:TrackPointExtension>
            <gpxtpx:hr>87</gpxtpx:hr>
          </gpxtpx:TrackPointExtension>
        </extensions>
      </trkpt>
      <trkpt lat="38.83815149407264" lon="121.50429416325966">
        <ele>9.687321113422513</ele>
        <time>2025-08-20T06:50:40Z</time>
        <extensions>
          <gpxtpx:TrackPointExtension>
            <gpxtpx:hr>87</gpxtpx:hr>
          </gpxtpx:TrackPointExtension>
        </extensions>
      </trkpt>
      <trkpt lat="38.83815982736149" lon="121.50429131714087">
        <ele>9.69870669953525</ele>
        <time>2025-08-20T06:50:41Z</time>
        <extensions>
          <gpxtpx:TrackPointExtension>
            <gpxtpx:hr>87</gpxtpx:hr>
          </gpxtpx:TrackPointExtension>
        </extensions>
      </trkpt>
      <trkpt lat="38.83817123034632" lon="121.50428730154043">
        <ele>9.702479935251176</ele>
        <time>2025-08-20T06:50:42Z</time>
        <extensions>
          <gpxtpx:TrackPointExtension>
            <gpxtpx:hr>87</gpxtpx:hr>
          </gpxtpx:TrackPointExtension>
        </extensions>
      </trkpt>
      <trkpt lat="38.8381832951547" lon="121.50428383720926">
        <ele>9.699047222733498</ele>
        <time>2025-08-20T06:50:43Z</time>
        <extensions>
          <gpxtpx:TrackPointExtension>
            <gpxtpx:hr>86</gpxtpx:hr>
          </gpxtpx:TrackPointExtension>
        </extensions>
      </trkpt>
      <trkpt lat="38.83819412433172" lon="121.50428207378363">
        <ele>9.69414920732379</ele>
        <time>2025-08-20T06:50:44Z</time>
        <extensions>
          <gpxtpx:TrackPointExtension>
            <gpxtpx:hr>86</gpxtpx:hr>
          </gpxtpx:TrackPointExtension>
        </extensions>
      </trkpt>
      <trkpt lat="38.83820404670833" lon="121.50428091554623">
        <ele>9.683682521805167</ele>
        <time>2025-08-20T06:50:45Z</time>
        <extensions>
          <gpxtpx:TrackPointExtension>
            <gpxtpx:hr>86</gpxtpx:hr>
          </gpxtpx:TrackPointExtension>
        </extensions>
      </trkpt>
      <trkpt lat="38.83821308939548" lon="121.5042801654679">
        <ele>9.668383776210248</ele>
        <time>2025-08-20T06:50:46Z</time>
        <extensions>
          <gpxtpx:TrackPointExtension>
            <gpxtpx:hr>86</gpxtpx:hr>
          </gpxtpx:TrackPointExtension>
        </extensions>
      </trkpt>
      <trkpt lat="38.83822112760051" lon="121.50427985159807">
        <ele>9.649065650999546</ele>
        <time>2025-08-20T06:50:47Z</time>
        <extensions>
          <gpxtpx:TrackPointExtension>
            <gpxtpx:hr>86</gpxtpx:hr>
          </gpxtpx:TrackPointExtension>
        </extensions>
      </trkpt>
      <trkpt lat="38.838228045511705" lon="121.50427979916638">
        <ele>9.62650499958545</ele>
        <time>2025-08-20T06:50:48Z</time>
        <extensions>
          <gpxtpx:TrackPointExtension>
            <gpxtpx:hr>86</gpxtpx:hr>
          </gpxtpx:TrackPointExtension>
        </extensions>
      </trkpt>
      <trkpt lat="38.83823397925223" lon="121.50427951490427">
        <ele>9.601444744504988</ele>
        <time>2025-08-20T06:50:49Z</time>
        <extensions>
          <gpxtpx:TrackPointExtension>
            <gpxtpx:hr>86</gpxtpx:hr>
          </gpxtpx:TrackPointExtension>
        </extensions>
      </trkpt>
      <trkpt lat="38.838238958446134" lon="121.5042786309749">
        <ele>9.574684490449727</ele>
        <time>2025-08-20T06:50:50Z</time>
        <extensions>
          <gpxtpx:TrackPointExtension>
            <gpxtpx:hr>86</gpxtpx:hr>
          </gpxtpx:TrackPointExtension>
        </extensions>
      </trkpt>
      <trkpt lat="38.83824268147806" lon="121.50427728886795">
        <ele>9.54703454207629</ele>
        <time>2025-08-20T06:50:51Z</time>
        <extensions>
          <gpxtpx:TrackPointExtension>
            <gpxtpx:hr>86</gpxtpx:hr>
          </gpxtpx:TrackPointExtension>
        </extensions>
      </trkpt>
      <trkpt lat="38.8382452607994" lon="121.50427587317971">
        <ele>9.519097677432</ele>
        <time>2025-08-20T06:50:52Z</time>
        <extensions>
          <gpxtpx:TrackPointExtension>
            <gpxtpx:hr>86</gpxtpx:hr>
          </gpxtpx:TrackPointExtension>
        </extensions>
      </trkpt>
      <trkpt lat="38.83824736538646" lon="121.50427448356464">
        <ele>9.489655653014779</ele>
        <time>2025-08-20T06:50:53Z</time>
        <extensions>
          <gpxtpx:TrackPointExtension>
            <gpxtpx:hr>86</gpxtpx:hr>
          </gpxtpx:TrackPointExtension>
        </extensions>
      </trkpt>
    </trkseg>
  </trk>
</gpx>