<?xml version="1.0" encoding="UTF-8"?>
<gpx xmlns="http://www.topografix.com/GPX/1/1" xmlns:gpxtpx="http://www.garmin.com/xmlschemas/TrackPointExtension/v1" xmlns:xsi="http://www.w3.org/2001/XMLSchema-instance" xsi:schemaLocation="http://www.topografix.com/GPX/1/1 http://www.topografix.com/GPX/1/1/gpx.xsd" version="1.1" creator="gpx.py -- https://github.com/tkrajina/gpxpy">
  <trk>
    <name>gpx from keep</name>
    <type>Run</type>
    <trkseg>
      <trkpt lat="38.83296657926007" lon="121.50821572119553">
        <ele>3.2107195490971208</ele>
        <time>2024-08-03T13:27:59Z</time>
      </trkpt>
      <trkpt lat="38.83296645362734" lon="121.50822564013009">
        <ele>3.2228519450873137</ele>
        <time>2024-08-03T13:28:00Z</time>
      </trkpt>
      <trkpt lat="38.832965958017496" lon="121.50823547698363">
        <ele>3.2339662266895175</ele>
        <time>2024-08-03T13:28:01Z</time>
        <extensions>
          <gpxtpx:TrackPointExtension>
            <gpxtpx:hr>87</gpxtpx:hr>
          </gpxtpx:TrackPointExtension>
        </extensions>
      </trkpt>
      <trkpt lat="38.83296434043241" lon="121.5082447398341">
        <ele>3.2443808000534773</ele>
        <time>2024-08-03T13:28:02Z</time>
        <extensions>
          <gpxtpx:TrackPointExtension>
            <gpxtpx:hr>87</gpxtpx:hr>
          </gpxtpx:TrackPointExtension>
        </extensions>
      </trkpt>
      <trkpt lat="38.83296271429756" lon="121.50825388040633">
        <ele>3.2544621601700783</ele>
        <time>2024-08-03T13:28:03Z</time>
        <extensions>
          <gpxtpx:TrackPointExtension>
            <gpxtpx:hr>87</gpxtpx:hr>
          </gpxtpx:TrackPointExtension>
        </extensions>
      </trkpt>
      <trkpt lat="38.83296148038875" lon="121.5082631090606">
        <ele>3.26379653532058</ele>
        <time>2024-08-03T13:28:04Z</time>
        <extensions>
          <gpxtpx:TrackPointExtension>
            <gpxtpx:hr>87</gpxtpx:hr>
          </gpxtpx:TrackPointExtension>
        </extensions>
      </trkpt>
      <trkpt lat="38.832959805018035" lon="121.50827225463198">
        <ele>3.272219111211598</ele>
        <time>2024-08-03T13:28:05Z</time>
        <extensions>
          <gpxtpx:TrackPointExtension>
            <gpxtpx:hr>87</gpxtpx:hr>
          </gpxtpx:TrackPointExtension>
        </extensions>
      </trkpt>
      <trkpt lat="38.83295531628185" lon="121.50828335872819">
        <ele>3.2786061903461814</ele>
        <time>2024-08-03T13:28:06Z</time>
        <extensions>
          <gpxtpx:TrackPointExtension>
            <gpxtpx:hr>87</gpxtpx:hr>
          </gpxtpx:TrackPointExtension>
        </extensions>
      </trkpt>
      <trkpt lat="38.832947547641275" lon="121.508294037662">
        <ele>3.28326902911067</ele>
        <time>2024-08-03T13:28:07Z</time>
        <extensions>
          <gpxtpx:TrackPointExtension>
            <gpxtpx:hr>87</gpxtpx:hr>
          </gpxtpx:TrackPointExtension>
        </extensions>
      </trkpt>
      <trkpt lat="38.83293860892878" lon="121.50830255043891">
        <ele>3.2863962948322296</ele>
        <time>2024-08-03T13:28:08Z</time>
        <extensions>
          <gpxtpx:TrackPointExtension>
            <gpxtpx:hr>87</gpxtpx:hr>
          </gpxtpx:TrackPointExtension>
        </extensions>
      </trkpt>
      <trkpt lat="38.83292988531451" lon="121.50830895114716">
        <ele>3.288172953762114</ele>
        <time>2024-08-03T13:28:09Z</time>
        <extensions>
          <gpxtpx:TrackPointExtension>
            <gpxtpx:hr>87</gpxtpx:hr>
          </gpxtpx:TrackPointExtension>
        </extensions>
      </trkpt>
      <trkpt lat="38.832921565682696" lon="121.50831323445918">
        <ele>3.288675520569086</ele>
        <time>2024-08-03T13:28:10Z</time>
        <extensions>
          <gpxtpx:TrackPointExtension>
            <gpxtpx:hr>87</gpxtpx:hr>
          </gpxtpx:TrackPointExtension>
        </extensions>
      </trkpt>
      <trkpt lat="38.832913506382475" lon="121.50831652963988">
        <ele>3.2877238541841507</ele>
        <time>2024-08-03T13:28:11Z</time>
        <extensions>
          <gpxtpx:TrackPointExtension>
            <gpxtpx:hr>87</gpxtpx:hr>
          </gpxtpx:TrackPointExtension>
        </extensions>
      </trkpt>
      <trkpt lat="38.83290551893605" lon="121.50831854121466">
        <ele>3.285314447246492</ele>
        <time>2024-08-03T13:28:12Z</time>
        <extensions>
          <gpxtpx:TrackPointExtension>
            <gpxtpx:hr>87</gpxtpx:hr>
          </gpxtpx:TrackPointExtension>
        </extensions>
      </trkpt>
      <trkpt lat="38.83289949913171" lon="121.50831954534202">
        <ele>3.2818763256073</ele>
        <time>2024-08-03T13:28:13Z</time>
        <extensions>
          <gpxtpx:TrackPointExtension>
            <gpxtpx:hr>89</gpxtpx:hr>
          </gpxtpx:TrackPointExtension>
        </extensions>
      </trkpt>
      <trkpt lat="38.832895545212594" lon="121.50831817776705">
        <ele>3.2775898911058903</ele>
        <time>2024-08-03T13:28:14Z</time>
        <extensions>
          <gpxtpx:TrackPointExtension>
            <gpxtpx:hr>89</gpxtpx:hr>
          </gpxtpx:TrackPointExtension>
        </extensions>
      </trkpt>
      <trkpt lat="38.83289232117426" lon="121.50831541432153">
        <ele>3.2726371893659234</ele>
        <time>2024-08-03T13:28:15Z</time>
        <extensions>
          <gpxtpx:TrackPointExtension>
            <gpxtpx:hr>89</gpxtpx:hr>
          </gpxtpx:TrackPointExtension>
        </extensions>
      </trkpt>
      <trkpt lat="38.83289110951527" lon="121.5083139377713">
        <ele>3.2672118255868554</ele>
        <time>2024-08-03T13:28:16Z</time>
        <extensions>
          <gpxtpx:TrackPointExtension>
            <gpxtpx:hr>89</gpxtpx:hr>
          </gpxtpx:TrackPointExtension>
        </extensions>
      </trkpt>
      <trkpt lat="38.8328915768198" lon="121.50831375701301">
        <ele>3.261507762596011</ele>
        <time>2024-08-03T13:28:17Z</time>
        <extensions>
          <gpxtpx:TrackPointExtension>
            <gpxtpx:hr>87</gpxtpx:hr>
          </gpxtpx:TrackPointExtension>
        </extensions>
      </trkpt>
      <trkpt lat="38.832892165093675" lon="121.50831375809013">
        <ele>3.2556965220719576</ele>
        <time>2024-08-03T13:28:18Z</time>
        <extensions>
          <gpxtpx:TrackPointExtension>
            <gpxtpx:hr>87</gpxtpx:hr>
          </gpxtpx:TrackPointExtension>
        </extensions>
      </trkpt>
      <trkpt lat="38.83289265629193" lon="121.50831378074659">
        <ele>3.2499190317466855</ele>
        <time>2024-08-03T13:28:19Z</time>
        <extensions>
          <gpxtpx:TrackPointExtension>
            <gpxtpx:hr>87</gpxtpx:hr>
          </gpxtpx:TrackPointExtension>
        </extensions>
      </trkpt>
      <trkpt lat="38.83289303026336" lon="121.50831380513272">
        <ele>3.2435173261910677</ele>
        <time>2024-08-03T13:28:20Z</time>
        <extensions>
          <gpxtpx:TrackPointExtension>
            <gpxtpx:hr>87</gpxtpx:hr>
          </gpxtpx:TrackPointExtension>
        </extensions>
      </trkpt>
      <trkpt lat="38.83289336656712" lon="121.50831383098254">
        <ele>3.237178356386721</ele>
        <time>2024-08-03T13:28:21Z</time>
        <extensions>
          <gpxtpx:TrackPointExtension>
            <gpxtpx:hr>86</gpxtpx:hr>
          </gpxtpx:TrackPointExtension>
        </extensions>
      </trkpt>
      <trkpt lat="38.83289401599963" lon="121.50831441858664">
        <ele>3.248580388724804</ele>
        <time>2024-08-03T13:28:22Z</time>
        <extensions>
          <gpxtpx:TrackPointExtension>
            <gpxtpx:hr>86</gpxtpx:hr>
          </gpxtpx:TrackPointExtension>
        </extensions>
      </trkpt>
      <trkpt lat="38.83289473586224" lon="121.50831493262862">
        <ele>3.26356468629092</ele>
        <time>2024-08-03T13:28:23Z</time>
        <extensions>
          <gpxtpx:TrackPointExtension>
            <gpxtpx:hr>86</gpxtpx:hr>
          </gpxtpx:TrackPointExtension>
        </extensions>
      </trkpt>
      <trkpt lat="38.8328952374563" lon="121.5083153920945">
        <ele>3.2807792257517576</ele>
        <time>2024-08-03T13:28:24Z</time>
        <extensions>
          <gpxtpx:TrackPointExtension>
            <gpxtpx:hr>85</gpxtpx:hr>
          </gpxtpx:TrackPointExtension>
        </extensions>
      </trkpt>
      <trkpt lat="38.83289561657457" lon="121.50831570143859">
        <ele>3.2914414275437593</ele>
        <time>2024-08-03T13:28:25Z</time>
        <extensions>
          <gpxtpx:TrackPointExtension>
            <gpxtpx:hr>85</gpxtpx:hr>
          </gpxtpx:TrackPointExtension>
        </extensions>
      </trkpt>
      <trkpt lat="38.83289596495655" lon="121.50831598831819">
        <ele>3.3055074382573366</ele>
        <time>2024-08-03T13:28:26Z</time>
        <extensions>
          <gpxtpx:TrackPointExtension>
            <gpxtpx:hr>85</gpxtpx:hr>
          </gpxtpx:TrackPointExtension>
        </extensions>
      </trkpt>
      <trkpt lat="38.83289624887245" lon="121.50831623030493">
        <ele>3.3167725978419185</ele>
        <time>2024-08-03T13:28:27Z</time>
        <extensions>
          <gpxtpx:TrackPointExtension>
            <gpxtpx:hr>85</gpxtpx:hr>
          </gpxtpx:TrackPointExtension>
        </extensions>
      </trkpt>
      <trkpt lat="38.83289649123243" lon="121.50831648886971">
        <ele>3.351226147264242</ele>
        <time>2024-08-03T13:28:28Z</time>
        <extensions>
          <gpxtpx:TrackPointExtension>
            <gpxtpx:hr>85</gpxtpx:hr>
          </gpxtpx:TrackPointExtension>
        </extensions>
      </trkpt>
      <trkpt lat="38.83289674042873" lon="121.50831674616973">
        <ele>3.385898197069764</ele>
        <time>2024-08-03T13:28:29Z</time>
        <extensions>
          <gpxtpx:TrackPointExtension>
            <gpxtpx:hr>85</gpxtpx:hr>
          </gpxtpx:TrackPointExtension>
        </extensions>
      </trkpt>
      <trkpt lat="38.83289698799307" lon="121.50831701751679">
        <ele>3.4228324461728334</ele>
        <time>2024-08-03T13:28:30Z</time>
        <extensions>
          <gpxtpx:TrackPointExtension>
            <gpxtpx:hr>79</gpxtpx:hr>
          </gpxtpx:TrackPointExtension>
        </extensions>
      </trkpt>
      <trkpt lat="38.8328972801899" lon="121.50831735972928">
        <ele>3.4625693364068866</ele>
        <time>2024-08-03T13:28:31Z</time>
        <extensions>
          <gpxtpx:TrackPointExtension>
            <gpxtpx:hr>79</gpxtpx:hr>
          </gpxtpx:TrackPointExtension>
        </extensions>
      </trkpt>
      <trkpt lat="38.832898258054804" lon="121.50831854710427">
        <ele>3.4999678255990148</ele>
        <time>2024-08-03T13:28:31Z</time>
        <extensions>
          <gpxtpx:TrackPointExtension>
            <gpxtpx:hr>79</gpxtpx:hr>
          </gpxtpx:TrackPointExtension>
        </extensions>
      </trkpt>
      <trkpt lat="38.83289993977302" lon="121.5083205940437">
        <ele>3.5330646503716707</ele>
        <time>2024-08-03T13:28:32Z</time>
        <extensions>
          <gpxtpx:TrackPointExtension>
            <gpxtpx:hr>79</gpxtpx:hr>
          </gpxtpx:TrackPointExtension>
        </extensions>
      </trkpt>
      <trkpt lat="38.83290152890067" lon="121.50832246662743">
        <ele>3.5650562001392245</ele>
        <time>2024-08-03T13:28:33Z</time>
        <extensions>
          <gpxtpx:TrackPointExtension>
            <gpxtpx:hr>79</gpxtpx:hr>
          </gpxtpx:TrackPointExtension>
        </extensions>
      </trkpt>
      <trkpt lat="38.83290296855064" lon="121.50832395615419">
        <ele>3.605310116894543</ele>
        <time>2024-08-03T13:28:34Z</time>
        <extensions>
          <gpxtpx:TrackPointExtension>
            <gpxtpx:hr>78</gpxtpx:hr>
          </gpxtpx:TrackPointExtension>
        </extensions>
      </trkpt>
      <trkpt lat="38.83290434771301" lon="121.50832522207457">
        <ele>3.6364426473155618</ele>
        <time>2024-08-03T13:28:35Z</time>
        <extensions>
          <gpxtpx:TrackPointExtension>
            <gpxtpx:hr>78</gpxtpx:hr>
          </gpxtpx:TrackPointExtension>
        </extensions>
      </trkpt>
      <trkpt lat="38.83290571017294" lon="121.50832637548655">
        <ele>3.666024247184396</ele>
        <time>2024-08-03T13:28:36Z</time>
        <extensions>
          <gpxtpx:TrackPointExtension>
            <gpxtpx:hr>78</gpxtpx:hr>
          </gpxtpx:TrackPointExtension>
        </extensions>
      </trkpt>
      <trkpt lat="38.83290719648932" lon="121.50832760828324">
        <ele>3.686529438942671</ele>
        <time>2024-08-03T13:28:37Z</time>
        <extensions>
          <gpxtpx:TrackPointExtension>
            <gpxtpx:hr>78</gpxtpx:hr>
          </gpxtpx:TrackPointExtension>
        </extensions>
      </trkpt>
      <trkpt lat="38.83290828806276" lon="121.50832860273643">
        <ele>3.7006969498470426</ele>
        <time>2024-08-03T13:28:38Z</time>
        <extensions>
          <gpxtpx:TrackPointExtension>
            <gpxtpx:hr>79</gpxtpx:hr>
          </gpxtpx:TrackPointExtension>
        </extensions>
      </trkpt>
      <trkpt lat="38.83290864127717" lon="121.50832890196733">
        <ele>3.7103794161230326</ele>
        <time>2024-08-03T13:28:39Z</time>
        <extensions>
          <gpxtpx:TrackPointExtension>
            <gpxtpx:hr>79</gpxtpx:hr>
          </gpxtpx:TrackPointExtension>
        </extensions>
      </trkpt>
      <trkpt lat="38.83290861906347" lon="121.50832870671887">
        <ele>3.715466304682195</ele>
        <time>2024-08-03T13:28:40Z</time>
        <extensions>
          <gpxtpx:TrackPointExtension>
            <gpxtpx:hr>79</gpxtpx:hr>
          </gpxtpx:TrackPointExtension>
        </extensions>
      </trkpt>
      <trkpt lat="38.83290841666499" lon="121.50832822449101">
        <ele>3.716060890816152</ele>
        <time>2024-08-03T13:28:41Z</time>
        <extensions>
          <gpxtpx:TrackPointExtension>
            <gpxtpx:hr>79</gpxtpx:hr>
          </gpxtpx:TrackPointExtension>
        </extensions>
      </trkpt>
      <trkpt lat="38.8329080351768" lon="121.50832755497822">
        <ele>3.712443764321506</ele>
        <time>2024-08-03T13:28:42Z</time>
        <extensions>
          <gpxtpx:TrackPointExtension>
            <gpxtpx:hr>79</gpxtpx:hr>
          </gpxtpx:TrackPointExtension>
        </extensions>
      </trkpt>
      <trkpt lat="38.8329074595662" lon="121.50832683091028">
        <ele>3.704983439296484</ele>
        <time>2024-08-03T13:28:43Z</time>
        <extensions>
          <gpxtpx:TrackPointExtension>
            <gpxtpx:hr>79</gpxtpx:hr>
          </gpxtpx:TrackPointExtension>
        </extensions>
      </trkpt>
      <trkpt lat="38.83290669465285" lon="121.50832617654228">
        <ele>3.694049457088113</ele>
        <time>2024-08-03T13:28:44Z</time>
        <extensions>
          <gpxtpx:TrackPointExtension>
            <gpxtpx:hr>79</gpxtpx:hr>
          </gpxtpx:TrackPointExtension>
        </extensions>
      </trkpt>
      <trkpt lat="38.83290583357396" lon="121.50832553920412">
        <ele>3.6850021658465266</ele>
        <time>2024-08-03T13:28:45Z</time>
        <extensions>
          <gpxtpx:TrackPointExtension>
            <gpxtpx:hr>80</gpxtpx:hr>
          </gpxtpx:TrackPointExtension>
        </extensions>
      </trkpt>
      <trkpt lat="38.83290503301233" lon="121.5083249212676">
        <ele>3.680032548494637</ele>
        <time>2024-08-03T13:28:46Z</time>
        <extensions>
          <gpxtpx:TrackPointExtension>
            <gpxtpx:hr>80</gpxtpx:hr>
          </gpxtpx:TrackPointExtension>
        </extensions>
      </trkpt>
      <trkpt lat="38.832904404337434" lon="121.50832432725316">
        <ele>3.6708603063598275</ele>
        <time>2024-08-03T13:28:47Z</time>
        <extensions>
          <gpxtpx:TrackPointExtension>
            <gpxtpx:hr>80</gpxtpx:hr>
          </gpxtpx:TrackPointExtension>
        </extensions>
      </trkpt>
      <trkpt lat="38.83290392884553" lon="121.50832376149228">
        <ele>3.6735170986503363</ele>
        <time>2024-08-03T13:28:48Z</time>
        <extensions>
          <gpxtpx:TrackPointExtension>
            <gpxtpx:hr>80</gpxtpx:hr>
          </gpxtpx:TrackPointExtension>
        </extensions>
      </trkpt>
      <trkpt lat="38.83290362015161" lon="121.50832321666267">
        <ele>3.678778094239533</ele>
        <time>2024-08-03T13:28:49Z</time>
        <extensions>
          <gpxtpx:TrackPointExtension>
            <gpxtpx:hr>80</gpxtpx:hr>
          </gpxtpx:TrackPointExtension>
        </extensions>
      </trkpt>
      <trkpt lat="38.832903393298885" lon="121.50832277231903">
        <ele>3.681841599754989</ele>
        <time>2024-08-03T13:28:50Z</time>
        <extensions>
          <gpxtpx:TrackPointExtension>
            <gpxtpx:hr>80</gpxtpx:hr>
          </gpxtpx:TrackPointExtension>
        </extensions>
      </trkpt>
      <trkpt lat="38.83290327811226" lon="121.50832241293591">
        <ele>3.7002365309745073</ele>
        <time>2024-08-03T13:28:51Z</time>
        <extensions>
          <gpxtpx:TrackPointExtension>
            <gpxtpx:hr>80</gpxtpx:hr>
          </gpxtpx:TrackPointExtension>
        </extensions>
      </trkpt>
      <trkpt lat="38.832903269524216" lon="121.50832213720669">
        <ele>3.7189163882285357</ele>
        <time>2024-08-03T13:28:52Z</time>
        <extensions>
          <gpxtpx:TrackPointExtension>
            <gpxtpx:hr>82</gpxtpx:hr>
          </gpxtpx:TrackPointExtension>
        </extensions>
      </trkpt>
      <trkpt lat="38.83290339116928" lon="121.50832195902976">
        <ele>3.7336115082725883</ele>
        <time>2024-08-03T13:28:53Z</time>
        <extensions>
          <gpxtpx:TrackPointExtension>
            <gpxtpx:hr>82</gpxtpx:hr>
          </gpxtpx:TrackPointExtension>
        </extensions>
      </trkpt>
      <trkpt lat="38.83290370643756" lon="121.50832197366262">
        <ele>3.7558230981230736</ele>
        <time>2024-08-03T13:28:54Z</time>
        <extensions>
          <gpxtpx:TrackPointExtension>
            <gpxtpx:hr>82</gpxtpx:hr>
          </gpxtpx:TrackPointExtension>
        </extensions>
      </trkpt>
      <trkpt lat="38.83290436466465" lon="121.50832246234778">
        <ele>3.7625966360792518</ele>
        <time>2024-08-03T13:28:55Z</time>
        <extensions>
          <gpxtpx:TrackPointExtension>
            <gpxtpx:hr>82</gpxtpx:hr>
          </gpxtpx:TrackPointExtension>
        </extensions>
      </trkpt>
      <trkpt lat="38.83290531393225" lon="121.50832368331808">
        <ele>3.762910814024508</ele>
        <time>2024-08-03T13:28:56Z</time>
        <extensions>
          <gpxtpx:TrackPointExtension>
            <gpxtpx:hr>82</gpxtpx:hr>
          </gpxtpx:TrackPointExtension>
        </extensions>
      </trkpt>
      <trkpt lat="38.83290613242194" lon="121.50832553074339">
        <ele>3.7675273939967155</ele>
        <time>2024-08-03T13:28:57Z</time>
        <extensions>
          <gpxtpx:TrackPointExtension>
            <gpxtpx:hr>80</gpxtpx:hr>
          </gpxtpx:TrackPointExtension>
        </extensions>
      </trkpt>
      <trkpt lat="38.832906446478155" lon="121.50832799130308">
        <ele>3.769176964648068</ele>
        <time>2024-08-03T13:28:58Z</time>
        <extensions>
          <gpxtpx:TrackPointExtension>
            <gpxtpx:hr>80</gpxtpx:hr>
          </gpxtpx:TrackPointExtension>
        </extensions>
      </trkpt>
      <trkpt lat="38.832905680977895" lon="121.50833178165429">
        <ele>3.7662128200754523</ele>
        <time>2024-08-03T13:28:59Z</time>
        <extensions>
          <gpxtpx:TrackPointExtension>
            <gpxtpx:hr>80</gpxtpx:hr>
          </gpxtpx:TrackPointExtension>
        </extensions>
      </trkpt>
      <trkpt lat="38.832903934157564" lon="121.5083372134174">
        <ele>3.774087682366371</ele>
        <time>2024-08-03T13:29:00Z</time>
        <extensions>
          <gpxtpx:TrackPointExtension>
            <gpxtpx:hr>80</gpxtpx:hr>
          </gpxtpx:TrackPointExtension>
        </extensions>
      </trkpt>
      <trkpt lat="38.832901790954054" lon="121.50834380764788">
        <ele>3.7723156986758113</ele>
        <time>2024-08-03T13:29:01Z</time>
        <extensions>
          <gpxtpx:TrackPointExtension>
            <gpxtpx:hr>80</gpxtpx:hr>
          </gpxtpx:TrackPointExtension>
        </extensions>
      </trkpt>
      <trkpt lat="38.832899390144746" lon="121.50835098717245">
        <ele>3.7669013775885105</ele>
        <time>2024-08-03T13:29:02Z</time>
        <extensions>
          <gpxtpx:TrackPointExtension>
            <gpxtpx:hr>80</gpxtpx:hr>
          </gpxtpx:TrackPointExtension>
        </extensions>
      </trkpt>
      <trkpt lat="38.832896883863214" lon="121.50835837153576">
        <ele>3.7564615178853273</ele>
        <time>2024-08-03T13:29:03Z</time>
        <extensions>
          <gpxtpx:TrackPointExtension>
            <gpxtpx:hr>80</gpxtpx:hr>
          </gpxtpx:TrackPointExtension>
        </extensions>
      </trkpt>
      <trkpt lat="38.83289430515684" lon="121.50836576153753">
        <ele>3.750338362529874</ele>
        <time>2024-08-03T13:29:04Z</time>
        <extensions>
          <gpxtpx:TrackPointExtension>
            <gpxtpx:hr>80</gpxtpx:hr>
          </gpxtpx:TrackPointExtension>
        </extensions>
      </trkpt>
      <trkpt lat="38.83289145984337" lon="121.50837308750282">
        <ele>3.739277519285679</ele>
        <time>2024-08-03T13:29:05Z</time>
        <extensions>
          <gpxtpx:TrackPointExtension>
            <gpxtpx:hr>85</gpxtpx:hr>
          </gpxtpx:TrackPointExtension>
        </extensions>
      </trkpt>
      <trkpt lat="38.83288830455126" lon="121.50838037706289">
        <ele>3.7328653065487742</ele>
        <time>2024-08-03T13:29:06Z</time>
        <extensions>
          <gpxtpx:TrackPointExtension>
            <gpxtpx:hr>85</gpxtpx:hr>
          </gpxtpx:TrackPointExtension>
        </extensions>
      </trkpt>
      <trkpt lat="38.832885202977415" lon="121.50838747055897">
        <ele>3.7301283990964293</ele>
        <time>2024-08-03T13:29:07Z</time>
        <extensions>
          <gpxtpx:TrackPointExtension>
            <gpxtpx:hr>85</gpxtpx:hr>
          </gpxtpx:TrackPointExtension>
        </extensions>
      </trkpt>
      <trkpt lat="38.83288235300423" lon="121.50839447374032">
        <ele>3.7259979769587517</ele>
        <time>2024-08-03T13:29:08Z</time>
        <extensions>
          <gpxtpx:TrackPointExtension>
            <gpxtpx:hr>85</gpxtpx:hr>
          </gpxtpx:TrackPointExtension>
        </extensions>
      </trkpt>
      <trkpt lat="38.832879404294495" lon="121.5084021415069">
        <ele>3.7219677018001676</ele>
        <time>2024-08-03T13:29:09Z</time>
        <extensions>
          <gpxtpx:TrackPointExtension>
            <gpxtpx:hr>85</gpxtpx:hr>
          </gpxtpx:TrackPointExtension>
        </extensions>
      </trkpt>
      <trkpt lat="38.83287611089486" lon="121.50841066398341">
        <ele>3.7119616409763694</ele>
        <time>2024-08-03T13:29:10Z</time>
        <extensions>
          <gpxtpx:TrackPointExtension>
            <gpxtpx:hr>85</gpxtpx:hr>
          </gpxtpx:TrackPointExtension>
        </extensions>
      </trkpt>
      <trkpt lat="38.83287254512343" lon="121.50841939016384">
        <ele>3.7077132742851973</ele>
        <time>2024-08-03T13:29:11Z</time>
        <extensions>
          <gpxtpx:TrackPointExtension>
            <gpxtpx:hr>85</gpxtpx:hr>
          </gpxtpx:TrackPointExtension>
        </extensions>
      </trkpt>
      <trkpt lat="38.83286896570795" lon="121.50842766660595">
        <ele>3.7007920425385237</ele>
        <time>2024-08-03T13:29:12Z</time>
        <extensions>
          <gpxtpx:TrackPointExtension>
            <gpxtpx:hr>85</gpxtpx:hr>
          </gpxtpx:TrackPointExtension>
        </extensions>
      </trkpt>
      <trkpt lat="38.832865684616806" lon="121.50843524323848">
        <ele>3.697210899554193</ele>
        <time>2024-08-03T13:29:13Z</time>
        <extensions>
          <gpxtpx:TrackPointExtension>
            <gpxtpx:hr>86</gpxtpx:hr>
          </gpxtpx:TrackPointExtension>
        </extensions>
      </trkpt>
      <trkpt lat="38.83286269080929" lon="121.50844236184098">
        <ele>3.685732129961252</ele>
        <time>2024-08-03T13:29:14Z</time>
        <extensions>
          <gpxtpx:TrackPointExtension>
            <gpxtpx:hr>86</gpxtpx:hr>
          </gpxtpx:TrackPointExtension>
        </extensions>
      </trkpt>
      <trkpt lat="38.83285998874925" lon="121.5084490128486">
        <ele>3.662874950096011</ele>
        <time>2024-08-03T13:29:15Z</time>
        <extensions>
          <gpxtpx:TrackPointExtension>
            <gpxtpx:hr>86</gpxtpx:hr>
          </gpxtpx:TrackPointExtension>
        </extensions>
      </trkpt>
      <trkpt lat="38.83285767235139" lon="121.50845495207358">
        <ele>3.6364646311849356</ele>
        <time>2024-08-03T13:29:16Z</time>
        <extensions>
          <gpxtpx:TrackPointExtension>
            <gpxtpx:hr>86</gpxtpx:hr>
          </gpxtpx:TrackPointExtension>
        </extensions>
      </trkpt>
      <trkpt lat="38.83285581229633" lon="121.50845999312945">
        <ele>3.604298454709351</ele>
        <time>2024-08-03T13:29:17Z</time>
        <extensions>
          <gpxtpx:TrackPointExtension>
            <gpxtpx:hr>86</gpxtpx:hr>
          </gpxtpx:TrackPointExtension>
        </extensions>
      </trkpt>
      <trkpt lat="38.83285438519548" lon="121.50846430637068">
        <ele>3.5703816302120686</ele>
        <time>2024-08-03T13:29:18Z</time>
        <extensions>
          <gpxtpx:TrackPointExtension>
            <gpxtpx:hr>86</gpxtpx:hr>
          </gpxtpx:TrackPointExtension>
        </extensions>
      </trkpt>
      <trkpt lat="38.8328531670114" lon="121.50846853783317">
        <ele>3.5289261657744646</ele>
        <time>2024-08-03T13:29:19Z</time>
        <extensions>
          <gpxtpx:TrackPointExtension>
            <gpxtpx:hr>86</gpxtpx:hr>
          </gpxtpx:TrackPointExtension>
        </extensions>
      </trkpt>
      <trkpt lat="38.83285178464259" lon="121.50847320249846">
        <ele>3.483566206879914</ele>
        <time>2024-08-03T13:29:20Z</time>
        <extensions>
          <gpxtpx:TrackPointExtension>
            <gpxtpx:hr>82</gpxtpx:hr>
          </gpxtpx:TrackPointExtension>
        </extensions>
      </trkpt>
      <trkpt lat="38.83284943056631" lon="121.50847789333726">
        <ele>3.4423233876004815</ele>
        <time>2024-08-03T13:29:21Z</time>
        <extensions>
          <gpxtpx:TrackPointExtension>
            <gpxtpx:hr>82</gpxtpx:hr>
          </gpxtpx:TrackPointExtension>
        </extensions>
      </trkpt>
      <trkpt lat="38.83284548392537" lon="121.5084812349154">
        <ele>3.4045775681734085</ele>
        <time>2024-08-03T13:29:22Z</time>
        <extensions>
          <gpxtpx:TrackPointExtension>
            <gpxtpx:hr>82</gpxtpx:hr>
          </gpxtpx:TrackPointExtension>
        </extensions>
      </trkpt>
      <trkpt lat="38.83284000259501" lon="121.50848231305059">
        <ele>3.3665527999401093</ele>
        <time>2024-08-03T13:29:23Z</time>
        <extensions>
          <gpxtpx:TrackPointExtension>
            <gpxtpx:hr>82</gpxtpx:hr>
          </gpxtpx:TrackPointExtension>
        </extensions>
      </trkpt>
      <trkpt lat="38.83283324254543" lon="121.50848068467374">
        <ele>3.3254951843991876</ele>
        <time>2024-08-03T13:29:24Z</time>
        <extensions>
          <gpxtpx:TrackPointExtension>
            <gpxtpx:hr>82</gpxtpx:hr>
          </gpxtpx:TrackPointExtension>
        </extensions>
      </trkpt>
      <trkpt lat="38.83282572627682" lon="121.50847641978943">
        <ele>3.2827703580260277</ele>
        <time>2024-08-03T13:29:25Z</time>
        <extensions>
          <gpxtpx:TrackPointExtension>
            <gpxtpx:hr>82</gpxtpx:hr>
          </gpxtpx:TrackPointExtension>
        </extensions>
      </trkpt>
      <trkpt lat="38.83281841225594" lon="121.50847016845334">
        <ele>3.2422390077263117</ele>
        <time>2024-08-03T13:29:26Z</time>
        <extensions>
          <gpxtpx:TrackPointExtension>
            <gpxtpx:hr>82</gpxtpx:hr>
          </gpxtpx:TrackPointExtension>
        </extensions>
      </trkpt>
      <trkpt lat="38.83281190268437" lon="121.50846287504773">
        <ele>3.208481582812965</ele>
        <time>2024-08-03T13:29:27Z</time>
        <extensions>
          <gpxtpx:TrackPointExtension>
            <gpxtpx:hr>85</gpxtpx:hr>
          </gpxtpx:TrackPointExtension>
        </extensions>
      </trkpt>
      <trkpt lat="38.83280629893638" lon="121.5084554528083">
        <ele>3.182881895452738</ele>
        <time>2024-08-03T13:29:28Z</time>
        <extensions>
          <gpxtpx:TrackPointExtension>
            <gpxtpx:hr>85</gpxtpx:hr>
          </gpxtpx:TrackPointExtension>
        </extensions>
      </trkpt>
      <trkpt lat="38.83280172435466" lon="121.50844879863676">
        <ele>3.16489801928401</ele>
        <time>2024-08-03T13:29:29Z</time>
        <extensions>
          <gpxtpx:TrackPointExtension>
            <gpxtpx:hr>85</gpxtpx:hr>
          </gpxtpx:TrackPointExtension>
        </extensions>
      </trkpt>
      <trkpt lat="38.83279833211723" lon="121.50844363239108">
        <ele>3.155423767864704</ele>
        <time>2024-08-03T13:29:30Z</time>
        <extensions>
          <gpxtpx:TrackPointExtension>
            <gpxtpx:hr>85</gpxtpx:hr>
          </gpxtpx:TrackPointExtension>
        </extensions>
      </trkpt>
      <trkpt lat="38.83279594659009" lon="121.50843993884561">
        <ele>3.1520199486985803</ele>
        <time>2024-08-03T13:29:31Z</time>
        <extensions>
          <gpxtpx:TrackPointExtension>
            <gpxtpx:hr>85</gpxtpx:hr>
          </gpxtpx:TrackPointExtension>
        </extensions>
      </trkpt>
      <trkpt lat="38.83279441028116" lon="121.50843748317818">
        <ele>3.1555451322346926</ele>
        <time>2024-08-03T13:29:32Z</time>
        <extensions>
          <gpxtpx:TrackPointExtension>
            <gpxtpx:hr>87</gpxtpx:hr>
          </gpxtpx:TrackPointExtension>
        </extensions>
      </trkpt>
      <trkpt lat="38.83279364507727" lon="121.5084361143658">
        <ele>3.1665219021961093</ele>
        <time>2024-08-03T13:29:33Z</time>
        <extensions>
          <gpxtpx:TrackPointExtension>
            <gpxtpx:hr>87</gpxtpx:hr>
          </gpxtpx:TrackPointExtension>
        </extensions>
      </trkpt>
      <trkpt lat="38.832793357691514" lon="121.50843541569854">
        <ele>3.181561796925962</ele>
        <time>2024-08-03T13:29:34Z</time>
        <extensions>
          <gpxtpx:TrackPointExtension>
            <gpxtpx:hr>87</gpxtpx:hr>
          </gpxtpx:TrackPointExtension>
        </extensions>
      </trkpt>
      <trkpt lat="38.8327932605429" lon="121.50843502411824">
        <ele>3.201964844018221</ele>
        <time>2024-08-03T13:29:35Z</time>
        <extensions>
          <gpxtpx:TrackPointExtension>
            <gpxtpx:hr>87</gpxtpx:hr>
          </gpxtpx:TrackPointExtension>
        </extensions>
      </trkpt>
      <trkpt lat="38.832793145752106" lon="121.50843468007182">
        <ele>3.2267612237483263</ele>
        <time>2024-08-03T13:29:36Z</time>
        <extensions>
          <gpxtpx:TrackPointExtension>
            <gpxtpx:hr>88</gpxtpx:hr>
          </gpxtpx:TrackPointExtension>
        </extensions>
      </trkpt>
      <trkpt lat="38.83279290483717" lon="121.50843424671791">
        <ele>3.25310152862221</ele>
        <time>2024-08-03T13:29:37Z</time>
        <extensions>
          <gpxtpx:TrackPointExtension>
            <gpxtpx:hr>88</gpxtpx:hr>
          </gpxtpx:TrackPointExtension>
        </extensions>
      </trkpt>
      <trkpt lat="38.8327925754601" lon="121.50843380794859">
        <ele>3.281750788912177</ele>
        <time>2024-08-03T13:29:38Z</time>
        <extensions>
          <gpxtpx:TrackPointExtension>
            <gpxtpx:hr>88</gpxtpx:hr>
          </gpxtpx:TrackPointExtension>
        </extensions>
      </trkpt>
      <trkpt lat="38.832792241028365" lon="121.50843351555797">
        <ele>3.3125758776441216</ele>
        <time>2024-08-03T13:29:39Z</time>
        <extensions>
          <gpxtpx:TrackPointExtension>
            <gpxtpx:hr>88</gpxtpx:hr>
          </gpxtpx:TrackPointExtension>
        </extensions>
      </trkpt>
      <trkpt lat="38.83279189670065" lon="121.50843333170153">
        <ele>3.3430903926491737</ele>
        <time>2024-08-03T13:29:40Z</time>
        <extensions>
          <gpxtpx:TrackPointExtension>
            <gpxtpx:hr>88</gpxtpx:hr>
          </gpxtpx:TrackPointExtension>
        </extensions>
      </trkpt>
      <trkpt lat="38.832791563337786" lon="121.50843323216691">
        <ele>3.3760669669136405</ele>
        <time>2024-08-03T13:29:41Z</time>
        <extensions>
          <gpxtpx:TrackPointExtension>
            <gpxtpx:hr>88</gpxtpx:hr>
          </gpxtpx:TrackPointExtension>
        </extensions>
      </trkpt>
      <trkpt lat="38.83279120255284" lon="121.50843316092235">
        <ele>3.405754138715565</ele>
        <time>2024-08-03T13:29:42Z</time>
        <extensions>
          <gpxtpx:TrackPointExtension>
            <gpxtpx:hr>88</gpxtpx:hr>
          </gpxtpx:TrackPointExtension>
        </extensions>
      </trkpt>
      <trkpt lat="38.83279080191428" lon="121.50843310630381">
        <ele>3.433142156340182</ele>
        <time>2024-08-03T13:29:43Z</time>
        <extensions>
          <gpxtpx:TrackPointExtension>
            <gpxtpx:hr>88</gpxtpx:hr>
          </gpxtpx:TrackPointExtension>
        </extensions>
      </trkpt>
      <trkpt lat="38.832790437846164" lon="121.50843312179317">
        <ele>3.4583821166306734</ele>
        <time>2024-08-03T13:29:44Z</time>
        <extensions>
          <gpxtpx:TrackPointExtension>
            <gpxtpx:hr>90</gpxtpx:hr>
          </gpxtpx:TrackPointExtension>
        </extensions>
      </trkpt>
      <trkpt lat="38.83279013146355" lon="121.50843317516849">
        <ele>3.4811638398095965</ele>
        <time>2024-08-03T13:29:45Z</time>
        <extensions>
          <gpxtpx:TrackPointExtension>
            <gpxtpx:hr>90</gpxtpx:hr>
          </gpxtpx:TrackPointExtension>
        </extensions>
      </trkpt>
      <trkpt lat="38.83278988796117" lon="121.5084332275687">
        <ele>3.5059021189808846</ele>
        <time>2024-08-03T13:29:46Z</time>
        <extensions>
          <gpxtpx:TrackPointExtension>
            <gpxtpx:hr>90</gpxtpx:hr>
          </gpxtpx:TrackPointExtension>
        </extensions>
      </trkpt>
      <trkpt lat="38.83278968138118" lon="121.50843324127409">
        <ele>3.524558258242905</ele>
        <time>2024-08-03T13:29:47Z</time>
        <extensions>
          <gpxtpx:TrackPointExtension>
            <gpxtpx:hr>90</gpxtpx:hr>
          </gpxtpx:TrackPointExtension>
        </extensions>
      </trkpt>
      <trkpt lat="38.83278952384957" lon="121.50843325133808">
        <ele>3.5431621661409736</ele>
        <time>2024-08-03T13:29:48Z</time>
        <extensions>
          <gpxtpx:TrackPointExtension>
            <gpxtpx:hr>90</gpxtpx:hr>
          </gpxtpx:TrackPointExtension>
        </extensions>
      </trkpt>
      <trkpt lat="38.832789425540255" lon="121.50843328851298">
        <ele>3.555566580966115</ele>
        <time>2024-08-03T13:29:49Z</time>
        <extensions>
          <gpxtpx:TrackPointExtension>
            <gpxtpx:hr>90</gpxtpx:hr>
          </gpxtpx:TrackPointExtension>
        </extensions>
      </trkpt>
      <trkpt lat="38.83278934673299" lon="121.5084333347271">
        <ele>3.5561195593327284</ele>
        <time>2024-08-03T13:29:50Z</time>
        <extensions>
          <gpxtpx:TrackPointExtension>
            <gpxtpx:hr>89</gpxtpx:hr>
          </gpxtpx:TrackPointExtension>
        </extensions>
      </trkpt>
      <trkpt lat="38.83278929372136" lon="121.50843339256159">
        <ele>3.550779183395207</ele>
        <time>2024-08-03T13:29:51Z</time>
        <extensions>
          <gpxtpx:TrackPointExtension>
            <gpxtpx:hr>89</gpxtpx:hr>
          </gpxtpx:TrackPointExtension>
        </extensions>
      </trkpt>
      <trkpt lat="38.83278927895543" lon="121.50843351685285">
        <ele>3.5436590453609824</ele>
        <time>2024-08-03T13:29:52Z</time>
        <extensions>
          <gpxtpx:TrackPointExtension>
            <gpxtpx:hr>89</gpxtpx:hr>
          </gpxtpx:TrackPointExtension>
        </extensions>
      </trkpt>
      <trkpt lat="38.832789360135585" lon="121.50843390040015">
        <ele>3.526498501189053</ele>
        <time>2024-08-03T13:29:53Z</time>
        <extensions>
          <gpxtpx:TrackPointExtension>
            <gpxtpx:hr>89</gpxtpx:hr>
          </gpxtpx:TrackPointExtension>
        </extensions>
      </trkpt>
      <trkpt lat="38.83278953391384" lon="121.5084346503157">
        <ele>3.513794982805848</ele>
        <time>2024-08-03T13:29:54Z</time>
        <extensions>
          <gpxtpx:TrackPointExtension>
            <gpxtpx:hr>89</gpxtpx:hr>
          </gpxtpx:TrackPointExtension>
        </extensions>
      </trkpt>
      <trkpt lat="38.83278971181679" lon="121.50843576891974">
        <ele>3.508204899728298</ele>
        <time>2024-08-03T13:29:55Z</time>
        <extensions>
          <gpxtpx:TrackPointExtension>
            <gpxtpx:hr>89</gpxtpx:hr>
          </gpxtpx:TrackPointExtension>
        </extensions>
      </trkpt>
      <trkpt lat="38.83278974643228" lon="121.50843735416134">
        <ele>3.5045337677001953</ele>
        <time>2024-08-03T13:29:56Z</time>
        <extensions>
          <gpxtpx:TrackPointExtension>
            <gpxtpx:hr>92</gpxtpx:hr>
          </gpxtpx:TrackPointExtension>
        </extensions>
      </trkpt>
      <trkpt lat="38.832789404181725" lon="121.50843953831672">
        <ele>3.5025592455640435</ele>
        <time>2024-08-03T13:29:57Z</time>
        <extensions>
          <gpxtpx:TrackPointExtension>
            <gpxtpx:hr>92</gpxtpx:hr>
          </gpxtpx:TrackPointExtension>
        </extensions>
      </trkpt>
      <trkpt lat="38.83278842064098" lon="121.50844243076287">
        <ele>3.501767586916685</ele>
        <time>2024-08-03T13:29:58Z</time>
        <extensions>
          <gpxtpx:TrackPointExtension>
            <gpxtpx:hr>92</gpxtpx:hr>
          </gpxtpx:TrackPointExtension>
        </extensions>
      </trkpt>
      <trkpt lat="38.832786639992584" lon="121.5084462103193">
        <ele>3.506909099407494</ele>
        <time>2024-08-03T13:29:59Z</time>
        <extensions>
          <gpxtpx:TrackPointExtension>
            <gpxtpx:hr>92</gpxtpx:hr>
          </gpxtpx:TrackPointExtension>
        </extensions>
      </trkpt>
      <trkpt lat="38.83278388201695" lon="121.50845098448507">
        <ele>3.51205151155591</ele>
        <time>2024-08-03T13:30:00Z</time>
        <extensions>
          <gpxtpx:TrackPointExtension>
            <gpxtpx:hr>91</gpxtpx:hr>
          </gpxtpx:TrackPointExtension>
        </extensions>
      </trkpt>
      <trkpt lat="38.83278019895988" lon="121.5084565437204">
        <ele>3.5251396484673023</ele>
        <time>2024-08-03T13:30:01Z</time>
        <extensions>
          <gpxtpx:TrackPointExtension>
            <gpxtpx:hr>91</gpxtpx:hr>
          </gpxtpx:TrackPointExtension>
        </extensions>
      </trkpt>
      <trkpt lat="38.83277602466898" lon="121.50846247478064">
        <ele>3.5257678274065256</ele>
        <time>2024-08-03T13:30:02Z</time>
        <extensions>
          <gpxtpx:TrackPointExtension>
            <gpxtpx:hr>91</gpxtpx:hr>
          </gpxtpx:TrackPointExtension>
        </extensions>
      </trkpt>
      <trkpt lat="38.83277160089427" lon="121.50846848260758">
        <ele>3.5273799719288945</ele>
        <time>2024-08-03T13:30:03Z</time>
        <extensions>
          <gpxtpx:TrackPointExtension>
            <gpxtpx:hr>93</gpxtpx:hr>
          </gpxtpx:TrackPointExtension>
        </extensions>
      </trkpt>
      <trkpt lat="38.83276723632133" lon="121.50847451641839">
        <ele>3.5274129640311003</ele>
        <time>2024-08-03T13:30:04Z</time>
        <extensions>
          <gpxtpx:TrackPointExtension>
            <gpxtpx:hr>93</gpxtpx:hr>
          </gpxtpx:TrackPointExtension>
        </extensions>
      </trkpt>
      <trkpt lat="38.83276304789401" lon="121.50848065036853">
        <ele>3.518152338452637</ele>
        <time>2024-08-03T13:30:05Z</time>
        <extensions>
          <gpxtpx:TrackPointExtension>
            <gpxtpx:hr>93</gpxtpx:hr>
          </gpxtpx:TrackPointExtension>
        </extensions>
      </trkpt>
      <trkpt lat="38.83275902827006" lon="121.5084868169072">
        <ele>3.501427609473467</ele>
        <time>2024-08-03T13:30:06Z</time>
        <extensions>
          <gpxtpx:TrackPointExtension>
            <gpxtpx:hr>93</gpxtpx:hr>
          </gpxtpx:TrackPointExtension>
        </extensions>
      </trkpt>
      <trkpt lat="38.83275496396864" lon="121.50849311446511">
        <ele>3.478988994844258</ele>
        <time>2024-08-03T13:30:07Z</time>
        <extensions>
          <gpxtpx:TrackPointExtension>
            <gpxtpx:hr>93</gpxtpx:hr>
          </gpxtpx:TrackPointExtension>
        </extensions>
      </trkpt>
      <trkpt lat="38.832750675835314" lon="121.50849957633257">
        <ele>3.4442002531141043</ele>
        <time>2024-08-03T13:30:08Z</time>
        <extensions>
          <gpxtpx:TrackPointExtension>
            <gpxtpx:hr>95</gpxtpx:hr>
          </gpxtpx:TrackPointExtension>
        </extensions>
      </trkpt>
      <trkpt lat="38.83274615323658" lon="121.50850600737083">
        <ele>3.404745782725513</ele>
        <time>2024-08-03T13:30:09Z</time>
        <extensions>
          <gpxtpx:TrackPointExtension>
            <gpxtpx:hr>95</gpxtpx:hr>
          </gpxtpx:TrackPointExtension>
        </extensions>
      </trkpt>
      <trkpt lat="38.832741122973495" lon="121.50851241441734">
        <ele>3.3556884583085775</ele>
        <time>2024-08-03T13:30:10Z</time>
        <extensions>
          <gpxtpx:TrackPointExtension>
            <gpxtpx:hr>95</gpxtpx:hr>
          </gpxtpx:TrackPointExtension>
        </extensions>
      </trkpt>
      <trkpt lat="38.83273531613034" lon="121.50851895150144">
        <ele>3.2985260728746653</ele>
        <time>2024-08-03T13:30:11Z</time>
        <extensions>
          <gpxtpx:TrackPointExtension>
            <gpxtpx:hr>95</gpxtpx:hr>
          </gpxtpx:TrackPointExtension>
        </extensions>
      </trkpt>
      <trkpt lat="38.832728336128845" lon="121.50852589074104">
        <ele>3.238952656276524</ele>
        <time>2024-08-03T13:30:12Z</time>
        <extensions>
          <gpxtpx:TrackPointExtension>
            <gpxtpx:hr>95</gpxtpx:hr>
          </gpxtpx:TrackPointExtension>
        </extensions>
      </trkpt>
      <trkpt lat="38.83272064978514" lon="121.50853334471147">
        <ele>3.168574135750532</ele>
        <time>2024-08-03T13:30:13Z</time>
        <extensions>
          <gpxtpx:TrackPointExtension>
            <gpxtpx:hr>94</gpxtpx:hr>
          </gpxtpx:TrackPointExtension>
        </extensions>
      </trkpt>
      <trkpt lat="38.83271308384868" lon="121.50854109304457">
        <ele>3.0915274396538734</ele>
        <time>2024-08-03T13:30:14Z</time>
        <extensions>
          <gpxtpx:TrackPointExtension>
            <gpxtpx:hr>94</gpxtpx:hr>
          </gpxtpx:TrackPointExtension>
        </extensions>
      </trkpt>
      <trkpt lat="38.832705676336374" lon="121.50854877670187">
        <ele>3.0092174662277102</ele>
        <time>2024-08-03T13:30:15Z</time>
        <extensions>
          <gpxtpx:TrackPointExtension>
            <gpxtpx:hr>94</gpxtpx:hr>
          </gpxtpx:TrackPointExtension>
        </extensions>
      </trkpt>
      <trkpt lat="38.832698257265456" lon="121.5085560510157">
        <ele>2.9286198001354933</ele>
        <time>2024-08-03T13:30:16Z</time>
        <extensions>
          <gpxtpx:TrackPointExtension>
            <gpxtpx:hr>94</gpxtpx:hr>
          </gpxtpx:TrackPointExtension>
        </extensions>
      </trkpt>
      <trkpt lat="38.83269069148325" lon="121.50856258956168">
        <ele>2.8505164915695786</ele>
        <time>2024-08-03T13:30:17Z</time>
        <extensions>
          <gpxtpx:TrackPointExtension>
            <gpxtpx:hr>94</gpxtpx:hr>
          </gpxtpx:TrackPointExtension>
        </extensions>
      </trkpt>
      <trkpt lat="38.83268296605304" lon="121.50856835188235">
        <ele>2.7621102891862392</ele>
        <time>2024-08-03T13:30:18Z</time>
        <extensions>
          <gpxtpx:TrackPointExtension>
            <gpxtpx:hr>94</gpxtpx:hr>
          </gpxtpx:TrackPointExtension>
        </extensions>
      </trkpt>
      <trkpt lat="38.832675044678474" lon="121.50857360297023">
        <ele>2.6824257085099816</ele>
        <time>2024-08-03T13:30:20Z</time>
        <extensions>
          <gpxtpx:TrackPointExtension>
            <gpxtpx:hr>94</gpxtpx:hr>
          </gpxtpx:TrackPointExtension>
        </extensions>
      </trkpt>
      <trkpt lat="38.8326670601783" lon="121.50857846541943">
        <ele>2.5996382646262646</ele>
        <time>2024-08-03T13:30:21Z</time>
        <extensions>
          <gpxtpx:TrackPointExtension>
            <gpxtpx:hr>90</gpxtpx:hr>
          </gpxtpx:TrackPointExtension>
        </extensions>
      </trkpt>
      <trkpt lat="38.83265911017647" lon="121.50858304535579">
        <ele>2.5148988412693143</ele>
        <time>2024-08-03T13:30:22Z</time>
        <extensions>
          <gpxtpx:TrackPointExtension>
            <gpxtpx:hr>90</gpxtpx:hr>
          </gpxtpx:TrackPointExtension>
        </extensions>
      </trkpt>
      <trkpt lat="38.832651076255075" lon="121.50858742800214">
        <ele>2.429584553465247</ele>
        <time>2024-08-03T13:30:23Z</time>
        <extensions>
          <gpxtpx:TrackPointExtension>
            <gpxtpx:hr>90</gpxtpx:hr>
          </gpxtpx:TrackPointExtension>
        </extensions>
      </trkpt>
      <trkpt lat="38.83264296386968" lon="121.50859176626588">
        <ele>2.3573023518547416</ele>
        <time>2024-08-03T13:30:24Z</time>
        <extensions>
          <gpxtpx:TrackPointExtension>
            <gpxtpx:hr>90</gpxtpx:hr>
          </gpxtpx:TrackPointExtension>
        </extensions>
      </trkpt>
      <trkpt lat="38.83263503776694" lon="121.50859614980503">
        <ele>2.2942626802250743</ele>
        <time>2024-08-03T13:30:25Z</time>
        <extensions>
          <gpxtpx:TrackPointExtension>
            <gpxtpx:hr>90</gpxtpx:hr>
          </gpxtpx:TrackPointExtension>
        </extensions>
      </trkpt>
      <trkpt lat="38.83262734320047" lon="121.50860061011008">
        <ele>2.24681730940938</ele>
        <time>2024-08-03T13:30:26Z</time>
        <extensions>
          <gpxtpx:TrackPointExtension>
            <gpxtpx:hr>90</gpxtpx:hr>
          </gpxtpx:TrackPointExtension>
        </extensions>
      </trkpt>
      <trkpt lat="38.832619800671715" lon="121.50860523319739">
        <ele>2.2193365823477507</ele>
        <time>2024-08-03T13:30:27Z</time>
        <extensions>
          <gpxtpx:TrackPointExtension>
            <gpxtpx:hr>90</gpxtpx:hr>
          </gpxtpx:TrackPointExtension>
        </extensions>
      </trkpt>
      <trkpt lat="38.83261262708019" lon="121.5086099632568">
        <ele>2.20940772164613</ele>
        <time>2024-08-03T13:30:28Z</time>
        <extensions>
          <gpxtpx:TrackPointExtension>
            <gpxtpx:hr>87</gpxtpx:hr>
          </gpxtpx:TrackPointExtension>
        </extensions>
      </trkpt>
      <trkpt lat="38.83260597393425" lon="121.50861473081613">
        <ele>2.2103694397956133</ele>
        <time>2024-08-03T13:30:29Z</time>
        <extensions>
          <gpxtpx:TrackPointExtension>
            <gpxtpx:hr>87</gpxtpx:hr>
          </gpxtpx:TrackPointExtension>
        </extensions>
      </trkpt>
      <trkpt lat="38.832599396653585" lon="121.5086197986442">
        <ele>2.2356447502970695</ele>
        <time>2024-08-03T13:30:30Z</time>
        <extensions>
          <gpxtpx:TrackPointExtension>
            <gpxtpx:hr>87</gpxtpx:hr>
          </gpxtpx:TrackPointExtension>
        </extensions>
      </trkpt>
      <trkpt lat="38.83259240851666" lon="121.5086253738214">
        <ele>2.270000321790576</ele>
        <time>2024-08-03T13:30:31Z</time>
        <extensions>
          <gpxtpx:TrackPointExtension>
            <gpxtpx:hr>87</gpxtpx:hr>
          </gpxtpx:TrackPointExtension>
        </extensions>
      </trkpt>
      <trkpt lat="38.83258483552959" lon="121.50863149923967">
        <ele>2.3188863061368465</ele>
        <time>2024-08-03T13:30:32Z</time>
        <extensions>
          <gpxtpx:TrackPointExtension>
            <gpxtpx:hr>87</gpxtpx:hr>
          </gpxtpx:TrackPointExtension>
        </extensions>
      </trkpt>
      <trkpt lat="38.83257670517392" lon="121.50863813159616">
        <ele>2.368368623778224</ele>
        <time>2024-08-03T13:30:33Z</time>
        <extensions>
          <gpxtpx:TrackPointExtension>
            <gpxtpx:hr>87</gpxtpx:hr>
          </gpxtpx:TrackPointExtension>
        </extensions>
      </trkpt>
      <trkpt lat="38.83256860274455" lon="121.50864456397895">
        <ele>2.4120481852442026</ele>
        <time>2024-08-03T13:30:34Z</time>
        <extensions>
          <gpxtpx:TrackPointExtension>
            <gpxtpx:hr>87</gpxtpx:hr>
          </gpxtpx:TrackPointExtension>
        </extensions>
      </trkpt>
      <trkpt lat="38.8325607739773" lon="121.50865032833596">
        <ele>2.46021509449929</ele>
        <time>2024-08-03T13:30:35Z</time>
        <extensions>
          <gpxtpx:TrackPointExtension>
            <gpxtpx:hr>87</gpxtpx:hr>
          </gpxtpx:TrackPointExtension>
        </extensions>
      </trkpt>
      <trkpt lat="38.83255245385372" lon="121.50865588579322">
        <ele>2.5197446392849088</ele>
        <time>2024-08-03T13:30:36Z</time>
        <extensions>
          <gpxtpx:TrackPointExtension>
            <gpxtpx:hr>87</gpxtpx:hr>
          </gpxtpx:TrackPointExtension>
        </extensions>
      </trkpt>
      <trkpt lat="38.83254347528666" lon="121.50866129524893">
        <ele>2.583565673790872</ele>
        <time>2024-08-03T13:30:37Z</time>
        <extensions>
          <gpxtpx:TrackPointExtension>
            <gpxtpx:hr>87</gpxtpx:hr>
          </gpxtpx:TrackPointExtension>
        </extensions>
      </trkpt>
      <trkpt lat="38.83253427518532" lon="121.50866614536376">
        <ele>2.6452262280508876</ele>
        <time>2024-08-03T13:30:38Z</time>
        <extensions>
          <gpxtpx:TrackPointExtension>
            <gpxtpx:hr>87</gpxtpx:hr>
          </gpxtpx:TrackPointExtension>
        </extensions>
      </trkpt>
      <trkpt lat="38.83252495800529" lon="121.50867065647553">
        <ele>2.712326440960169</ele>
        <time>2024-08-03T13:30:39Z</time>
        <extensions>
          <gpxtpx:TrackPointExtension>
            <gpxtpx:hr>87</gpxtpx:hr>
          </gpxtpx:TrackPointExtension>
        </extensions>
      </trkpt>
      <trkpt lat="38.832515677165404" lon="121.50867492404797">
        <ele>2.7782274493947625</ele>
        <time>2024-08-03T13:30:40Z</time>
        <extensions>
          <gpxtpx:TrackPointExtension>
            <gpxtpx:hr>87</gpxtpx:hr>
          </gpxtpx:TrackPointExtension>
        </extensions>
      </trkpt>
      <trkpt lat="38.832506635595664" lon="121.5086785663249">
        <ele>2.842388264834881</ele>
        <time>2024-08-03T13:30:41Z</time>
        <extensions>
          <gpxtpx:TrackPointExtension>
            <gpxtpx:hr>87</gpxtpx:hr>
          </gpxtpx:TrackPointExtension>
        </extensions>
      </trkpt>
      <trkpt lat="38.83249785496826" lon="121.50868153183647">
        <ele>2.902705173008144</ele>
        <time>2024-08-03T13:30:42Z</time>
        <extensions>
          <gpxtpx:TrackPointExtension>
            <gpxtpx:hr>87</gpxtpx:hr>
          </gpxtpx:TrackPointExtension>
        </extensions>
      </trkpt>
      <trkpt lat="38.832489217866936" lon="121.50868398183279">
        <ele>2.959500541910529</ele>
        <time>2024-08-03T13:30:43Z</time>
        <extensions>
          <gpxtpx:TrackPointExtension>
            <gpxtpx:hr>87</gpxtpx:hr>
          </gpxtpx:TrackPointExtension>
        </extensions>
      </trkpt>
      <trkpt lat="38.83248019977569" lon="121.50868627087866">
        <ele>2.9977042051032186</ele>
        <time>2024-08-03T13:30:44Z</time>
        <extensions>
          <gpxtpx:TrackPointExtension>
            <gpxtpx:hr>87</gpxtpx:hr>
          </gpxtpx:TrackPointExtension>
        </extensions>
      </trkpt>
      <trkpt lat="38.83247062123116" lon="121.50868852551608">
        <ele>3.034724274650216</ele>
        <time>2024-08-03T13:30:45Z</time>
        <extensions>
          <gpxtpx:TrackPointExtension>
            <gpxtpx:hr>87</gpxtpx:hr>
          </gpxtpx:TrackPointExtension>
        </extensions>
      </trkpt>
      <trkpt lat="38.832461293613036" lon="121.50869033915183">
        <ele>3.0586497904732823</ele>
        <time>2024-08-03T13:30:46Z</time>
        <extensions>
          <gpxtpx:TrackPointExtension>
            <gpxtpx:hr>91</gpxtpx:hr>
          </gpxtpx:TrackPointExtension>
        </extensions>
      </trkpt>
      <trkpt lat="38.83245229622378" lon="121.50869146480632">
        <ele>3.0663514714688063</ele>
        <time>2024-08-03T13:30:47Z</time>
        <extensions>
          <gpxtpx:TrackPointExtension>
            <gpxtpx:hr>91</gpxtpx:hr>
          </gpxtpx:TrackPointExtension>
        </extensions>
      </trkpt>
      <trkpt lat="38.83244251726687" lon="121.50869230568716">
        <ele>3.0563460728153586</ele>
        <time>2024-08-03T13:30:48Z</time>
        <extensions>
          <gpxtpx:TrackPointExtension>
            <gpxtpx:hr>91</gpxtpx:hr>
          </gpxtpx:TrackPointExtension>
        </extensions>
      </trkpt>
      <trkpt lat="38.8324319644901" lon="121.50869320354907">
        <ele>3.0389518374577165</ele>
        <time>2024-08-03T13:30:49Z</time>
        <extensions>
          <gpxtpx:TrackPointExtension>
            <gpxtpx:hr>91</gpxtpx:hr>
          </gpxtpx:TrackPointExtension>
        </extensions>
      </trkpt>
      <trkpt lat="38.83242192998738" lon="121.5086938394161">
        <ele>3.005770326592028</ele>
        <time>2024-08-03T13:30:50Z</time>
        <extensions>
          <gpxtpx:TrackPointExtension>
            <gpxtpx:hr>91</gpxtpx:hr>
          </gpxtpx:TrackPointExtension>
        </extensions>
      </trkpt>
      <trkpt lat="38.83241237236851" lon="121.50869380855895">
        <ele>2.963867957703769</ele>
        <time>2024-08-03T13:30:51Z</time>
        <extensions>
          <gpxtpx:TrackPointExtension>
            <gpxtpx:hr>91</gpxtpx:hr>
          </gpxtpx:TrackPointExtension>
        </extensions>
      </trkpt>
      <trkpt lat="38.83240247305347" lon="121.50869312615569">
        <ele>2.9062722781673074</ele>
        <time>2024-08-03T13:30:52Z</time>
        <extensions>
          <gpxtpx:TrackPointExtension>
            <gpxtpx:hr>91</gpxtpx:hr>
          </gpxtpx:TrackPointExtension>
        </extensions>
      </trkpt>
      <trkpt lat="38.832392431421304" lon="121.50869178419974">
        <ele>2.8394587989896536</ele>
        <time>2024-08-03T13:30:53Z</time>
        <extensions>
          <gpxtpx:TrackPointExtension>
            <gpxtpx:hr>91</gpxtpx:hr>
          </gpxtpx:TrackPointExtension>
        </extensions>
      </trkpt>
      <trkpt lat="38.83238250895473" lon="121.50868963464934">
        <ele>2.7916130609810352</ele>
        <time>2024-08-03T13:30:54Z</time>
        <extensions>
          <gpxtpx:TrackPointExtension>
            <gpxtpx:hr>90</gpxtpx:hr>
          </gpxtpx:TrackPointExtension>
        </extensions>
      </trkpt>
      <trkpt lat="38.832373416601655" lon="121.50868684802634">
        <ele>2.7553534554317594</ele>
        <time>2024-08-03T13:30:55Z</time>
        <extensions>
          <gpxtpx:TrackPointExtension>
            <gpxtpx:hr>90</gpxtpx:hr>
          </gpxtpx:TrackPointExtension>
        </extensions>
      </trkpt>
      <trkpt lat="38.83236499336238" lon="121.50868379305116">
        <ele>2.721010634675622</ele>
        <time>2024-08-03T13:30:56Z</time>
        <extensions>
          <gpxtpx:TrackPointExtension>
            <gpxtpx:hr>90</gpxtpx:hr>
          </gpxtpx:TrackPointExtension>
        </extensions>
      </trkpt>
      <trkpt lat="38.832356772491174" lon="121.50868114820202">
        <ele>2.6871745912358165</ele>
        <time>2024-08-03T13:30:57Z</time>
        <extensions>
          <gpxtpx:TrackPointExtension>
            <gpxtpx:hr>90</gpxtpx:hr>
          </gpxtpx:TrackPointExtension>
        </extensions>
      </trkpt>
      <trkpt lat="38.832348239296905" lon="121.50867955505278">
        <ele>2.660265563055873</ele>
        <time>2024-08-03T13:30:58Z</time>
        <extensions>
          <gpxtpx:TrackPointExtension>
            <gpxtpx:hr>90</gpxtpx:hr>
          </gpxtpx:TrackPointExtension>
        </extensions>
      </trkpt>
      <trkpt lat="38.83233917414432" lon="121.50867909855924">
        <ele>2.64568426925689</ele>
        <time>2024-08-03T13:30:59Z</time>
        <extensions>
          <gpxtpx:TrackPointExtension>
            <gpxtpx:hr>90</gpxtpx:hr>
          </gpxtpx:TrackPointExtension>
        </extensions>
      </trkpt>
      <trkpt lat="38.83232984426934" lon="121.50867963203048">
        <ele>2.6467655394226313</ele>
        <time>2024-08-03T13:31:00Z</time>
        <extensions>
          <gpxtpx:TrackPointExtension>
            <gpxtpx:hr>90</gpxtpx:hr>
          </gpxtpx:TrackPointExtension>
        </extensions>
      </trkpt>
      <trkpt lat="38.83232027591456" lon="121.50868076920926">
        <ele>2.6507383193820715</ele>
        <time>2024-08-03T13:31:01Z</time>
        <extensions>
          <gpxtpx:TrackPointExtension>
            <gpxtpx:hr>87</gpxtpx:hr>
          </gpxtpx:TrackPointExtension>
        </extensions>
      </trkpt>
      <trkpt lat="38.83231063645367" lon="121.50868173646336">
        <ele>2.6625653272494674</ele>
        <time>2024-08-03T13:31:02Z</time>
        <extensions>
          <gpxtpx:TrackPointExtension>
            <gpxtpx:hr>87</gpxtpx:hr>
          </gpxtpx:TrackPointExtension>
        </extensions>
      </trkpt>
      <trkpt lat="38.832300818906255" lon="121.50868184278235">
        <ele>2.68347277212888</ele>
        <time>2024-08-03T13:31:03Z</time>
        <extensions>
          <gpxtpx:TrackPointExtension>
            <gpxtpx:hr>87</gpxtpx:hr>
          </gpxtpx:TrackPointExtension>
        </extensions>
      </trkpt>
      <trkpt lat="38.83229068398382" lon="121.50868072126576">
        <ele>2.7137658670544624</ele>
        <time>2024-08-03T13:31:04Z</time>
        <extensions>
          <gpxtpx:TrackPointExtension>
            <gpxtpx:hr>87</gpxtpx:hr>
          </gpxtpx:TrackPointExtension>
        </extensions>
      </trkpt>
      <trkpt lat="38.83228089828362" lon="121.5086784670623">
        <ele>2.747226527892053</ele>
        <time>2024-08-03T13:31:05Z</time>
        <extensions>
          <gpxtpx:TrackPointExtension>
            <gpxtpx:hr>87</gpxtpx:hr>
          </gpxtpx:TrackPointExtension>
        </extensions>
      </trkpt>
      <trkpt lat="38.83227133447602" lon="121.50867433850023">
        <ele>2.7758034644648433</ele>
        <time>2024-08-03T13:31:06Z</time>
        <extensions>
          <gpxtpx:TrackPointExtension>
            <gpxtpx:hr>87</gpxtpx:hr>
          </gpxtpx:TrackPointExtension>
        </extensions>
      </trkpt>
      <trkpt lat="38.832261172403996" lon="121.50866827640935">
        <ele>2.805953507311642</ele>
        <time>2024-08-03T13:31:07Z</time>
        <extensions>
          <gpxtpx:TrackPointExtension>
            <gpxtpx:hr>87</gpxtpx:hr>
          </gpxtpx:TrackPointExtension>
        </extensions>
      </trkpt>
      <trkpt lat="38.83225145334874" lon="121.50866217765386">
        <ele>2.8173872884362936</ele>
        <time>2024-08-03T13:31:08Z</time>
        <extensions>
          <gpxtpx:TrackPointExtension>
            <gpxtpx:hr>88</gpxtpx:hr>
          </gpxtpx:TrackPointExtension>
        </extensions>
      </trkpt>
      <trkpt lat="38.83224270688765" lon="121.50865607628698">
        <ele>2.8225368801504374</ele>
        <time>2024-08-03T13:31:09Z</time>
        <extensions>
          <gpxtpx:TrackPointExtension>
            <gpxtpx:hr>88</gpxtpx:hr>
          </gpxtpx:TrackPointExtension>
        </extensions>
      </trkpt>
      <trkpt lat="38.83223337769485" lon="121.50864871317955">
        <ele>2.8176479786634445</ele>
        <time>2024-08-03T13:31:10Z</time>
        <extensions>
          <gpxtpx:TrackPointExtension>
            <gpxtpx:hr>88</gpxtpx:hr>
          </gpxtpx:TrackPointExtension>
        </extensions>
      </trkpt>
      <trkpt lat="38.83222215893213" lon="121.50864041207605">
        <ele>2.7999599128961563</ele>
        <time>2024-08-03T13:31:11Z</time>
        <extensions>
          <gpxtpx:TrackPointExtension>
            <gpxtpx:hr>87</gpxtpx:hr>
          </gpxtpx:TrackPointExtension>
        </extensions>
      </trkpt>
      <trkpt lat="38.832209184999094" lon="121.50863178496039">
        <ele>2.775089329108596</ele>
        <time>2024-08-03T13:31:12Z</time>
        <extensions>
          <gpxtpx:TrackPointExtension>
            <gpxtpx:hr>87</gpxtpx:hr>
          </gpxtpx:TrackPointExtension>
        </extensions>
      </trkpt>
      <trkpt lat="38.83219633937657" lon="121.50862426823056">
        <ele>2.7471331851556897</ele>
        <time>2024-08-03T13:31:13Z</time>
        <extensions>
          <gpxtpx:TrackPointExtension>
            <gpxtpx:hr>87</gpxtpx:hr>
          </gpxtpx:TrackPointExtension>
        </extensions>
      </trkpt>
      <trkpt lat="38.8321835220245" lon="121.50861699068423">
        <ele>2.705862489528954</ele>
        <time>2024-08-03T13:31:14Z</time>
        <extensions>
          <gpxtpx:TrackPointExtension>
            <gpxtpx:hr>87</gpxtpx:hr>
          </gpxtpx:TrackPointExtension>
        </extensions>
      </trkpt>
      <trkpt lat="38.83217079133916" lon="121.5086097469048">
        <ele>2.642386194318533</ele>
        <time>2024-08-03T13:31:15Z</time>
        <extensions>
          <gpxtpx:TrackPointExtension>
            <gpxtpx:hr>86</gpxtpx:hr>
          </gpxtpx:TrackPointExtension>
        </extensions>
      </trkpt>
      <trkpt lat="38.83215641663014" lon="121.50860159276368">
        <ele>2.5715683419257402</ele>
        <time>2024-08-03T13:31:16Z</time>
        <extensions>
          <gpxtpx:TrackPointExtension>
            <gpxtpx:hr>86</gpxtpx:hr>
          </gpxtpx:TrackPointExtension>
        </extensions>
      </trkpt>
      <trkpt lat="38.83214044171788" lon="121.50859213254827">
        <ele>2.49445475358516</ele>
        <time>2024-08-03T13:31:17Z</time>
        <extensions>
          <gpxtpx:TrackPointExtension>
            <gpxtpx:hr>86</gpxtpx:hr>
          </gpxtpx:TrackPointExtension>
        </extensions>
      </trkpt>
      <trkpt lat="38.832125326054204" lon="121.5085833630568">
        <ele>2.424567145295441</ele>
        <time>2024-08-03T13:31:18Z</time>
        <extensions>
          <gpxtpx:TrackPointExtension>
            <gpxtpx:hr>86</gpxtpx:hr>
          </gpxtpx:TrackPointExtension>
        </extensions>
      </trkpt>
      <trkpt lat="38.83210924582859" lon="121.50857494446237">
        <ele>2.3594852602109313</ele>
        <time>2024-08-03T13:31:19Z</time>
        <extensions>
          <gpxtpx:TrackPointExtension>
            <gpxtpx:hr>93</gpxtpx:hr>
          </gpxtpx:TrackPointExtension>
        </extensions>
      </trkpt>
      <trkpt lat="38.8320937574769" lon="121.50856702500411">
        <ele>2.305572201497853</ele>
        <time>2024-08-03T13:31:20Z</time>
        <extensions>
          <gpxtpx:TrackPointExtension>
            <gpxtpx:hr>93</gpxtpx:hr>
          </gpxtpx:TrackPointExtension>
        </extensions>
      </trkpt>
      <trkpt lat="38.83207673333513" lon="121.50855767005974">
        <ele>2.249971785582602</ele>
        <time>2024-08-03T13:31:21Z</time>
        <extensions>
          <gpxtpx:TrackPointExtension>
            <gpxtpx:hr>93</gpxtpx:hr>
          </gpxtpx:TrackPointExtension>
        </extensions>
      </trkpt>
      <trkpt lat="38.83205686562873" lon="121.50854488753308">
        <ele>2.20038094650954</ele>
        <time>2024-08-03T13:31:22Z</time>
        <extensions>
          <gpxtpx:TrackPointExtension>
            <gpxtpx:hr>93</gpxtpx:hr>
          </gpxtpx:TrackPointExtension>
        </extensions>
      </trkpt>
      <trkpt lat="38.83203672977654" lon="121.50853033861256">
        <ele>2.167477552779019</ele>
        <time>2024-08-03T13:31:23Z</time>
        <extensions>
          <gpxtpx:TrackPointExtension>
            <gpxtpx:hr>93</gpxtpx:hr>
          </gpxtpx:TrackPointExtension>
        </extensions>
      </trkpt>
      <trkpt lat="38.83201644898851" lon="121.50851520197317">
        <ele>2.131844248622656</ele>
        <time>2024-08-03T13:31:24Z</time>
        <extensions>
          <gpxtpx:TrackPointExtension>
            <gpxtpx:hr>93</gpxtpx:hr>
          </gpxtpx:TrackPointExtension>
        </extensions>
      </trkpt>
      <trkpt lat="38.83199646618804" lon="121.50849952745959">
        <ele>2.091224749572575</ele>
        <time>2024-08-03T13:31:25Z</time>
        <extensions>
          <gpxtpx:TrackPointExtension>
            <gpxtpx:hr>93</gpxtpx:hr>
          </gpxtpx:TrackPointExtension>
        </extensions>
      </trkpt>
      <trkpt lat="38.83197751930083" lon="121.5084836685755">
        <ele>2.072591201402247</ele>
        <time>2024-08-03T13:31:26Z</time>
        <extensions>
          <gpxtpx:TrackPointExtension>
            <gpxtpx:hr>104</gpxtpx:hr>
          </gpxtpx:TrackPointExtension>
        </extensions>
      </trkpt>
      <trkpt lat="38.83195997490384" lon="121.50846798384559">
        <ele>2.065965164452791</ele>
        <time>2024-08-03T13:31:27Z</time>
        <extensions>
          <gpxtpx:TrackPointExtension>
            <gpxtpx:hr>104</gpxtpx:hr>
          </gpxtpx:TrackPointExtension>
        </extensions>
      </trkpt>
      <trkpt lat="38.83194343994132" lon="121.50845169200062">
        <ele>2.060960282571614</ele>
        <time>2024-08-03T13:31:28Z</time>
        <extensions>
          <gpxtpx:TrackPointExtension>
            <gpxtpx:hr>104</gpxtpx:hr>
          </gpxtpx:TrackPointExtension>
        </extensions>
      </trkpt>
      <trkpt lat="38.83192755713796" lon="121.50843438718704">
        <ele>2.057501472532749</ele>
        <time>2024-08-03T13:31:29Z</time>
        <extensions>
          <gpxtpx:TrackPointExtension>
            <gpxtpx:hr>104</gpxtpx:hr>
          </gpxtpx:TrackPointExtension>
        </extensions>
      </trkpt>
      <trkpt lat="38.831912667736766" lon="121.50841599720316">
        <ele>2.0592586118727922</ele>
        <time>2024-08-03T13:31:30Z</time>
        <extensions>
          <gpxtpx:TrackPointExtension>
            <gpxtpx:hr>104</gpxtpx:hr>
          </gpxtpx:TrackPointExtension>
        </extensions>
      </trkpt>
      <trkpt lat="38.831898407185726" lon="121.50839695188074">
        <ele>2.0596994664520025</ele>
        <time>2024-08-03T13:31:31Z</time>
        <extensions>
          <gpxtpx:TrackPointExtension>
            <gpxtpx:hr>104</gpxtpx:hr>
          </gpxtpx:TrackPointExtension>
        </extensions>
      </trkpt>
      <trkpt lat="38.83188419325758" lon="121.50837690879966">
        <ele>2.0628228010609746</ele>
        <time>2024-08-03T13:31:32Z</time>
        <extensions>
          <gpxtpx:TrackPointExtension>
            <gpxtpx:hr>104</gpxtpx:hr>
          </gpxtpx:TrackPointExtension>
        </extensions>
      </trkpt>
      <trkpt lat="38.83187065941293" lon="121.50835484830323">
        <ele>2.071080648340285</ele>
        <time>2024-08-03T13:31:33Z</time>
        <extensions>
          <gpxtpx:TrackPointExtension>
            <gpxtpx:hr>108</gpxtpx:hr>
          </gpxtpx:TrackPointExtension>
        </extensions>
      </trkpt>
      <trkpt lat="38.831858851903704" lon="121.5083315427403">
        <ele>2.078984967432916</ele>
        <time>2024-08-03T13:31:34Z</time>
        <extensions>
          <gpxtpx:TrackPointExtension>
            <gpxtpx:hr>108</gpxtpx:hr>
          </gpxtpx:TrackPointExtension>
        </extensions>
      </trkpt>
      <trkpt lat="38.83184842232149" lon="121.50830840142574">
        <ele>2.091259996406734</ele>
        <time>2024-08-03T13:31:35Z</time>
        <extensions>
          <gpxtpx:TrackPointExtension>
            <gpxtpx:hr>108</gpxtpx:hr>
          </gpxtpx:TrackPointExtension>
        </extensions>
      </trkpt>
      <trkpt lat="38.8318377295897" lon="121.50828604903566">
        <ele>2.1092242933809757</ele>
        <time>2024-08-03T13:31:36Z</time>
        <extensions>
          <gpxtpx:TrackPointExtension>
            <gpxtpx:hr>108</gpxtpx:hr>
          </gpxtpx:TrackPointExtension>
        </extensions>
      </trkpt>
      <trkpt lat="38.83182588956381" lon="121.5082645584835">
        <ele>2.136935734190047</ele>
        <time>2024-08-03T13:31:37Z</time>
        <extensions>
          <gpxtpx:TrackPointExtension>
            <gpxtpx:hr>108</gpxtpx:hr>
          </gpxtpx:TrackPointExtension>
        </extensions>
      </trkpt>
      <trkpt lat="38.83181325347893" lon="121.50824394014774">
        <ele>2.1697820583358407</ele>
        <time>2024-08-03T13:31:38Z</time>
        <extensions>
          <gpxtpx:TrackPointExtension>
            <gpxtpx:hr>110</gpxtpx:hr>
          </gpxtpx:TrackPointExtension>
        </extensions>
      </trkpt>
      <trkpt lat="38.831800711501586" lon="121.50822436459755">
        <ele>2.218728944659233</ele>
        <time>2024-08-03T13:31:39Z</time>
        <extensions>
          <gpxtpx:TrackPointExtension>
            <gpxtpx:hr>110</gpxtpx:hr>
          </gpxtpx:TrackPointExtension>
        </extensions>
      </trkpt>
      <trkpt lat="38.831788174267984" lon="121.50820594919621">
        <ele>2.267554175108671</ele>
        <time>2024-08-03T13:31:40Z</time>
        <extensions>
          <gpxtpx:TrackPointExtension>
            <gpxtpx:hr>110</gpxtpx:hr>
          </gpxtpx:TrackPointExtension>
        </extensions>
      </trkpt>
      <trkpt lat="38.83177522134726" lon="121.50818785856322">
        <ele>2.323504821397364</ele>
        <time>2024-08-03T13:31:41Z</time>
        <extensions>
          <gpxtpx:TrackPointExtension>
            <gpxtpx:hr>110</gpxtpx:hr>
          </gpxtpx:TrackPointExtension>
        </extensions>
      </trkpt>
      <trkpt lat="38.83176227927047" lon="121.50816887732603">
        <ele>2.386416668072343</ele>
        <time>2024-08-03T13:31:42Z</time>
        <extensions>
          <gpxtpx:TrackPointExtension>
            <gpxtpx:hr>114</gpxtpx:hr>
          </gpxtpx:TrackPointExtension>
        </extensions>
      </trkpt>
      <trkpt lat="38.83175018454279" lon="121.50814844109124">
        <ele>2.4532337123528123</ele>
        <time>2024-08-03T13:31:43Z</time>
        <extensions>
          <gpxtpx:TrackPointExtension>
            <gpxtpx:hr>114</gpxtpx:hr>
          </gpxtpx:TrackPointExtension>
        </extensions>
      </trkpt>
      <trkpt lat="38.83173920844398" lon="121.50812650792356">
        <ele>2.5048451898619533</ele>
        <time>2024-08-03T13:31:44Z</time>
        <extensions>
          <gpxtpx:TrackPointExtension>
            <gpxtpx:hr>114</gpxtpx:hr>
          </gpxtpx:TrackPointExtension>
        </extensions>
      </trkpt>
      <trkpt lat="38.83172904649615" lon="121.50810358433809">
        <ele>2.5705889351665974</ele>
        <time>2024-08-03T13:31:45Z</time>
        <extensions>
          <gpxtpx:TrackPointExtension>
            <gpxtpx:hr>114</gpxtpx:hr>
          </gpxtpx:TrackPointExtension>
        </extensions>
      </trkpt>
      <trkpt lat="38.83171916655049" lon="121.508080890373">
        <ele>2.640756756067276</ele>
        <time>2024-08-03T13:31:46Z</time>
        <extensions>
          <gpxtpx:TrackPointExtension>
            <gpxtpx:hr>114</gpxtpx:hr>
          </gpxtpx:TrackPointExtension>
        </extensions>
      </trkpt>
      <trkpt lat="38.83170915137177" lon="121.50805942600135">
        <ele>2.7129246378317475</ele>
        <time>2024-08-03T13:31:47Z</time>
        <extensions>
          <gpxtpx:TrackPointExtension>
            <gpxtpx:hr>117</gpxtpx:hr>
          </gpxtpx:TrackPointExtension>
        </extensions>
      </trkpt>
      <trkpt lat="38.83169823507739" lon="121.50803927408748">
        <ele>2.7839084630832076</ele>
        <time>2024-08-03T13:31:48Z</time>
        <extensions>
          <gpxtpx:TrackPointExtension>
            <gpxtpx:hr>117</gpxtpx:hr>
          </gpxtpx:TrackPointExtension>
        </extensions>
      </trkpt>
      <trkpt lat="38.8316859325708" lon="121.50801987273542">
        <ele>2.851668259128928</ele>
        <time>2024-08-03T13:31:49Z</time>
        <extensions>
          <gpxtpx:TrackPointExtension>
            <gpxtpx:hr>117</gpxtpx:hr>
          </gpxtpx:TrackPointExtension>
        </extensions>
      </trkpt>
      <trkpt lat="38.831672646797266" lon="121.50800096230533">
        <ele>2.9115979513153434</ele>
        <time>2024-08-03T13:31:50Z</time>
        <extensions>
          <gpxtpx:TrackPointExtension>
            <gpxtpx:hr>117</gpxtpx:hr>
          </gpxtpx:TrackPointExtension>
        </extensions>
      </trkpt>
      <trkpt lat="38.831659554069304" lon="121.50798224420399">
        <ele>2.9545415798202157</ele>
        <time>2024-08-03T13:31:51Z</time>
        <extensions>
          <gpxtpx:TrackPointExtension>
            <gpxtpx:hr>117</gpxtpx:hr>
          </gpxtpx:TrackPointExtension>
        </extensions>
      </trkpt>
      <trkpt lat="38.83164705516183" lon="121.50796343520923">
        <ele>2.9883928820490837</ele>
        <time>2024-08-03T13:31:52Z</time>
        <extensions>
          <gpxtpx:TrackPointExtension>
            <gpxtpx:hr>117</gpxtpx:hr>
          </gpxtpx:TrackPointExtension>
        </extensions>
      </trkpt>
      <trkpt lat="38.83163429562792" lon="121.50794468581232">
        <ele>3.00636388361454</ele>
        <time>2024-08-03T13:31:53Z</time>
        <extensions>
          <gpxtpx:TrackPointExtension>
            <gpxtpx:hr>120</gpxtpx:hr>
          </gpxtpx:TrackPointExtension>
        </extensions>
      </trkpt>
      <trkpt lat="38.83162034060282" lon="121.50792690927243">
        <ele>3.019138307310641</ele>
        <time>2024-08-03T13:31:54Z</time>
        <extensions>
          <gpxtpx:TrackPointExtension>
            <gpxtpx:hr>120</gpxtpx:hr>
          </gpxtpx:TrackPointExtension>
        </extensions>
      </trkpt>
      <trkpt lat="38.831604944012135" lon="121.50791100906689">
        <ele>3.033423801884055</ele>
        <time>2024-08-03T13:31:55Z</time>
        <extensions>
          <gpxtpx:TrackPointExtension>
            <gpxtpx:hr>120</gpxtpx:hr>
          </gpxtpx:TrackPointExtension>
        </extensions>
      </trkpt>
      <trkpt lat="38.83158857796968" lon="121.50789671192302">
        <ele>3.04820320289582</ele>
        <time>2024-08-03T13:31:56Z</time>
        <extensions>
          <gpxtpx:TrackPointExtension>
            <gpxtpx:hr>120</gpxtpx:hr>
          </gpxtpx:TrackPointExtension>
        </extensions>
      </trkpt>
      <trkpt lat="38.831571913992896" lon="121.50788293713003">
        <ele>3.0620353808626533</ele>
        <time>2024-08-03T13:31:57Z</time>
        <extensions>
          <gpxtpx:TrackPointExtension>
            <gpxtpx:hr>120</gpxtpx:hr>
          </gpxtpx:TrackPointExtension>
        </extensions>
      </trkpt>
      <trkpt lat="38.83155522026641" lon="121.50786856264253">
        <ele>3.083246541209519</ele>
        <time>2024-08-03T13:31:58Z</time>
        <extensions>
          <gpxtpx:TrackPointExtension>
            <gpxtpx:hr>120</gpxtpx:hr>
          </gpxtpx:TrackPointExtension>
        </extensions>
      </trkpt>
      <trkpt lat="38.831538502687444" lon="121.50785380720957">
        <ele>3.114906688220799</ele>
        <time>2024-08-03T13:31:59Z</time>
        <extensions>
          <gpxtpx:TrackPointExtension>
            <gpxtpx:hr>120</gpxtpx:hr>
          </gpxtpx:TrackPointExtension>
        </extensions>
      </trkpt>
      <trkpt lat="38.83152168025333" lon="121.50783908659436">
        <ele>3.13826712872833</ele>
        <time>2024-08-03T13:32:00Z</time>
        <extensions>
          <gpxtpx:TrackPointExtension>
            <gpxtpx:hr>120</gpxtpx:hr>
          </gpxtpx:TrackPointExtension>
        </extensions>
      </trkpt>
      <trkpt lat="38.83150449150536" lon="121.5078239361245">
        <ele>3.15314563177526</ele>
        <time>2024-08-03T13:32:01Z</time>
        <extensions>
          <gpxtpx:TrackPointExtension>
            <gpxtpx:hr>125</gpxtpx:hr>
          </gpxtpx:TrackPointExtension>
        </extensions>
      </trkpt>
      <trkpt lat="38.831486962527926" lon="121.50780839291758">
        <ele>3.1711392253637314</ele>
        <time>2024-08-03T13:32:02Z</time>
        <extensions>
          <gpxtpx:TrackPointExtension>
            <gpxtpx:hr>125</gpxtpx:hr>
          </gpxtpx:TrackPointExtension>
        </extensions>
      </trkpt>
      <trkpt lat="38.83146902261306" lon="121.50779385805377">
        <ele>3.186000141315162</ele>
        <time>2024-08-03T13:32:03Z</time>
        <extensions>
          <gpxtpx:TrackPointExtension>
            <gpxtpx:hr>125</gpxtpx:hr>
          </gpxtpx:TrackPointExtension>
        </extensions>
      </trkpt>
      <trkpt lat="38.83145019123263" lon="121.50778148836237">
        <ele>3.2059761164709926</ele>
        <time>2024-08-03T13:32:04Z</time>
        <extensions>
          <gpxtpx:TrackPointExtension>
            <gpxtpx:hr>125</gpxtpx:hr>
          </gpxtpx:TrackPointExtension>
        </extensions>
      </trkpt>
      <trkpt lat="38.83143029274149" lon="121.50777192027827">
        <ele>3.232674808241427</ele>
        <time>2024-08-03T13:32:05Z</time>
        <extensions>
          <gpxtpx:TrackPointExtension>
            <gpxtpx:hr>125</gpxtpx:hr>
          </gpxtpx:TrackPointExtension>
        </extensions>
      </trkpt>
      <trkpt lat="38.83141022029067" lon="121.50776476637358">
        <ele>3.2597349397838116</ele>
        <time>2024-08-03T13:32:06Z</time>
        <extensions>
          <gpxtpx:TrackPointExtension>
            <gpxtpx:hr>125</gpxtpx:hr>
          </gpxtpx:TrackPointExtension>
        </extensions>
      </trkpt>
      <trkpt lat="38.831390595094355" lon="121.50775884948996">
        <ele>3.2841820903122425</ele>
        <time>2024-08-03T13:32:07Z</time>
        <extensions>
          <gpxtpx:TrackPointExtension>
            <gpxtpx:hr>125</gpxtpx:hr>
          </gpxtpx:TrackPointExtension>
        </extensions>
      </trkpt>
      <trkpt lat="38.831371008743595" lon="121.5077533323749">
        <ele>3.2920013945549726</ele>
        <time>2024-08-03T13:32:08Z</time>
        <extensions>
          <gpxtpx:TrackPointExtension>
            <gpxtpx:hr>126</gpxtpx:hr>
          </gpxtpx:TrackPointExtension>
        </extensions>
      </trkpt>
      <trkpt lat="38.831350833093275" lon="121.50774871231155">
        <ele>3.2890754509717226</ele>
        <time>2024-08-03T13:32:09Z</time>
        <extensions>
          <gpxtpx:TrackPointExtension>
            <gpxtpx:hr>126</gpxtpx:hr>
          </gpxtpx:TrackPointExtension>
        </extensions>
      </trkpt>
      <trkpt lat="38.83133011357912" lon="121.50774593763146">
        <ele>3.2865019477903843</ele>
        <time>2024-08-03T13:32:10Z</time>
        <extensions>
          <gpxtpx:TrackPointExtension>
            <gpxtpx:hr>126</gpxtpx:hr>
          </gpxtpx:TrackPointExtension>
        </extensions>
      </trkpt>
      <trkpt lat="38.83130931804132" lon="121.50774447264864">
        <ele>3.279696791432798</ele>
        <time>2024-08-03T13:32:11Z</time>
        <extensions>
          <gpxtpx:TrackPointExtension>
            <gpxtpx:hr>126</gpxtpx:hr>
          </gpxtpx:TrackPointExtension>
        </extensions>
      </trkpt>
      <trkpt lat="38.831288394399536" lon="121.50774371974605">
        <ele>3.2726577250286937</ele>
        <time>2024-08-03T13:32:12Z</time>
        <extensions>
          <gpxtpx:TrackPointExtension>
            <gpxtpx:hr>126</gpxtpx:hr>
          </gpxtpx:TrackPointExtension>
        </extensions>
      </trkpt>
      <trkpt lat="38.83126726639293" lon="121.50774371487084">
        <ele>3.2599038258194923</ele>
        <time>2024-08-03T13:32:13Z</time>
        <extensions>
          <gpxtpx:TrackPointExtension>
            <gpxtpx:hr>126</gpxtpx:hr>
          </gpxtpx:TrackPointExtension>
        </extensions>
      </trkpt>
      <trkpt lat="38.831246210504425" lon="121.50774421747627">
        <ele>3.2459860434755683</ele>
        <time>2024-08-03T13:32:14Z</time>
        <extensions>
          <gpxtpx:TrackPointExtension>
            <gpxtpx:hr>126</gpxtpx:hr>
          </gpxtpx:TrackPointExtension>
        </extensions>
      </trkpt>
      <trkpt lat="38.83122546028051" lon="121.50774554651723">
        <ele>3.2443925570696592</ele>
        <time>2024-08-03T13:32:15Z</time>
        <extensions>
          <gpxtpx:TrackPointExtension>
            <gpxtpx:hr>126</gpxtpx:hr>
          </gpxtpx:TrackPointExtension>
        </extensions>
      </trkpt>
      <trkpt lat="38.8312047953897" lon="121.50774847517337">
        <ele>3.242265649139881</ele>
        <time>2024-08-03T13:32:16Z</time>
        <extensions>
          <gpxtpx:TrackPointExtension>
            <gpxtpx:hr>131</gpxtpx:hr>
          </gpxtpx:TrackPointExtension>
        </extensions>
      </trkpt>
      <trkpt lat="38.831184148900725" lon="121.5077511134157">
        <ele>3.2376740388572216</ele>
        <time>2024-08-03T13:32:17Z</time>
        <extensions>
          <gpxtpx:TrackPointExtension>
            <gpxtpx:hr>131</gpxtpx:hr>
          </gpxtpx:TrackPointExtension>
        </extensions>
      </trkpt>
      <trkpt lat="38.831163943379494" lon="121.50775380894612">
        <ele>3.232445977628231</ele>
        <time>2024-08-03T13:32:18Z</time>
        <extensions>
          <gpxtpx:TrackPointExtension>
            <gpxtpx:hr>131</gpxtpx:hr>
          </gpxtpx:TrackPointExtension>
        </extensions>
      </trkpt>
      <trkpt lat="38.83114482074906" lon="121.50775779683725">
        <ele>3.2217338560149074</ele>
        <time>2024-08-03T13:32:19Z</time>
        <extensions>
          <gpxtpx:TrackPointExtension>
            <gpxtpx:hr>131</gpxtpx:hr>
          </gpxtpx:TrackPointExtension>
        </extensions>
      </trkpt>
      <trkpt lat="38.831126296235" lon="121.50776176438447">
        <ele>3.2128599798306823</ele>
        <time>2024-08-03T13:32:20Z</time>
        <extensions>
          <gpxtpx:TrackPointExtension>
            <gpxtpx:hr>131</gpxtpx:hr>
          </gpxtpx:TrackPointExtension>
        </extensions>
      </trkpt>
      <trkpt lat="38.83110725722025" lon="121.50776512187264">
        <ele>3.2140588210895658</ele>
        <time>2024-08-03T13:32:21Z</time>
        <extensions>
          <gpxtpx:TrackPointExtension>
            <gpxtpx:hr>131</gpxtpx:hr>
          </gpxtpx:TrackPointExtension>
        </extensions>
      </trkpt>
      <trkpt lat="38.83108769487728" lon="121.50776720134101">
        <ele>3.22973326779902</ele>
        <time>2024-08-03T13:32:22Z</time>
        <extensions>
          <gpxtpx:TrackPointExtension>
            <gpxtpx:hr>131</gpxtpx:hr>
          </gpxtpx:TrackPointExtension>
        </extensions>
      </trkpt>
      <trkpt lat="38.83106803485916" lon="121.50776826248668">
        <ele>3.2538596875965595</ele>
        <time>2024-08-03T13:32:23Z</time>
        <extensions>
          <gpxtpx:TrackPointExtension>
            <gpxtpx:hr>134</gpxtpx:hr>
          </gpxtpx:TrackPointExtension>
        </extensions>
      </trkpt>
      <trkpt lat="38.831048262048554" lon="121.50776960670035">
        <ele>3.2754634069278836</ele>
        <time>2024-08-03T13:32:24Z</time>
        <extensions>
          <gpxtpx:TrackPointExtension>
            <gpxtpx:hr>134</gpxtpx:hr>
          </gpxtpx:TrackPointExtension>
        </extensions>
      </trkpt>
      <trkpt lat="38.83102833398072" lon="121.50777110069814">
        <ele>3.304435790516436</ele>
        <time>2024-08-03T13:32:25Z</time>
        <extensions>
          <gpxtpx:TrackPointExtension>
            <gpxtpx:hr>134</gpxtpx:hr>
          </gpxtpx:TrackPointExtension>
        </extensions>
      </trkpt>
      <trkpt lat="38.83100846391008" lon="121.50777212997264">
        <ele>3.3218786790966988</ele>
        <time>2024-08-03T13:32:26Z</time>
        <extensions>
          <gpxtpx:TrackPointExtension>
            <gpxtpx:hr>134</gpxtpx:hr>
          </gpxtpx:TrackPointExtension>
        </extensions>
      </trkpt>
      <trkpt lat="38.830988410819984" lon="121.50777255539123">
        <ele>3.3383555999025702</ele>
        <time>2024-08-03T13:32:27Z</time>
        <extensions>
          <gpxtpx:TrackPointExtension>
            <gpxtpx:hr>134</gpxtpx:hr>
          </gpxtpx:TrackPointExtension>
        </extensions>
      </trkpt>
      <trkpt lat="38.83096790466628" lon="121.50777242241399">
        <ele>3.35425163526088</ele>
        <time>2024-08-03T13:32:28Z</time>
        <extensions>
          <gpxtpx:TrackPointExtension>
            <gpxtpx:hr>135</gpxtpx:hr>
          </gpxtpx:TrackPointExtension>
        </extensions>
      </trkpt>
      <trkpt lat="38.830947556254955" lon="121.50777188879269">
        <ele>3.3658702159300447</ele>
        <time>2024-08-03T13:32:29Z</time>
        <extensions>
          <gpxtpx:TrackPointExtension>
            <gpxtpx:hr>135</gpxtpx:hr>
          </gpxtpx:TrackPointExtension>
        </extensions>
      </trkpt>
      <trkpt lat="38.830927578457505" lon="121.5077710191955">
        <ele>3.3761827452108264</ele>
        <time>2024-08-03T13:32:30Z</time>
        <extensions>
          <gpxtpx:TrackPointExtension>
            <gpxtpx:hr>135</gpxtpx:hr>
          </gpxtpx:TrackPointExtension>
        </extensions>
      </trkpt>
      <trkpt lat="38.830907345021075" lon="121.50776930900575">
        <ele>3.389086466282606</ele>
        <time>2024-08-03T13:32:31Z</time>
        <extensions>
          <gpxtpx:TrackPointExtension>
            <gpxtpx:hr>135</gpxtpx:hr>
          </gpxtpx:TrackPointExtension>
        </extensions>
      </trkpt>
      <trkpt lat="38.830886657175526" lon="121.5077666813787">
        <ele>3.4056139113381505</ele>
        <time>2024-08-03T13:32:32Z</time>
        <extensions>
          <gpxtpx:TrackPointExtension>
            <gpxtpx:hr>135</gpxtpx:hr>
          </gpxtpx:TrackPointExtension>
        </extensions>
      </trkpt>
      <trkpt lat="38.830865980674766" lon="121.50776261082667">
        <ele>3.4180108262225986</ele>
        <time>2024-08-03T13:32:33Z</time>
        <extensions>
          <gpxtpx:TrackPointExtension>
            <gpxtpx:hr>135</gpxtpx:hr>
          </gpxtpx:TrackPointExtension>
        </extensions>
      </trkpt>
      <trkpt lat="38.83084543690302" lon="121.50775698419771">
        <ele>3.428884306922555</ele>
        <time>2024-08-03T13:32:34Z</time>
        <extensions>
          <gpxtpx:TrackPointExtension>
            <gpxtpx:hr>135</gpxtpx:hr>
          </gpxtpx:TrackPointExtension>
        </extensions>
      </trkpt>
      <trkpt lat="38.83082455464491" lon="121.50775082393129">
        <ele>3.452813937328756</ele>
        <time>2024-08-03T13:32:35Z</time>
        <extensions>
          <gpxtpx:TrackPointExtension>
            <gpxtpx:hr>135</gpxtpx:hr>
          </gpxtpx:TrackPointExtension>
        </extensions>
      </trkpt>
      <trkpt lat="38.83080340688919" lon="121.50774467559246">
        <ele>3.488730201497674</ele>
        <time>2024-08-03T13:32:36Z</time>
        <extensions>
          <gpxtpx:TrackPointExtension>
            <gpxtpx:hr>135</gpxtpx:hr>
          </gpxtpx:TrackPointExtension>
        </extensions>
      </trkpt>
      <trkpt lat="38.83078264635412" lon="121.50773862042908">
        <ele>3.523141817189753</ele>
        <time>2024-08-03T13:32:37Z</time>
        <extensions>
          <gpxtpx:TrackPointExtension>
            <gpxtpx:hr>135</gpxtpx:hr>
          </gpxtpx:TrackPointExtension>
        </extensions>
      </trkpt>
      <trkpt lat="38.83076198783434" lon="121.50773261303544">
        <ele>3.5709204766899347</ele>
        <time>2024-08-03T13:32:38Z</time>
        <extensions>
          <gpxtpx:TrackPointExtension>
            <gpxtpx:hr>135</gpxtpx:hr>
          </gpxtpx:TrackPointExtension>
        </extensions>
      </trkpt>
      <trkpt lat="38.83074078745333" lon="121.50772684341607">
        <ele>3.6356961941346526</ele>
        <time>2024-08-03T13:32:39Z</time>
        <extensions>
          <gpxtpx:TrackPointExtension>
            <gpxtpx:hr>139</gpxtpx:hr>
          </gpxtpx:TrackPointExtension>
        </extensions>
      </trkpt>
      <trkpt lat="38.83071953527085" lon="121.50772113777691">
        <ele>3.703031518496573</ele>
        <time>2024-08-03T13:32:40Z</time>
        <extensions>
          <gpxtpx:TrackPointExtension>
            <gpxtpx:hr>139</gpxtpx:hr>
          </gpxtpx:TrackPointExtension>
        </extensions>
      </trkpt>
      <trkpt lat="38.83069902695844" lon="121.5077142474643">
        <ele>3.7704088306054473</ele>
        <time>2024-08-03T13:32:41Z</time>
        <extensions>
          <gpxtpx:TrackPointExtension>
            <gpxtpx:hr>139</gpxtpx:hr>
          </gpxtpx:TrackPointExtension>
        </extensions>
      </trkpt>
      <trkpt lat="38.830679415488255" lon="121.50770438930375">
        <ele>3.8250133898109198</ele>
        <time>2024-08-03T13:32:42Z</time>
        <extensions>
          <gpxtpx:TrackPointExtension>
            <gpxtpx:hr>139</gpxtpx:hr>
          </gpxtpx:TrackPointExtension>
        </extensions>
      </trkpt>
      <trkpt lat="38.83066057113824" lon="121.50769152115333">
        <ele>3.8854576107114553</ele>
        <time>2024-08-03T13:32:43Z</time>
        <extensions>
          <gpxtpx:TrackPointExtension>
            <gpxtpx:hr>139</gpxtpx:hr>
          </gpxtpx:TrackPointExtension>
        </extensions>
      </trkpt>
      <trkpt lat="38.83064262281086" lon="121.50767750710241">
        <ele>3.968648119829595</ele>
        <time>2024-08-03T13:32:44Z</time>
        <extensions>
          <gpxtpx:TrackPointExtension>
            <gpxtpx:hr>139</gpxtpx:hr>
          </gpxtpx:TrackPointExtension>
        </extensions>
      </trkpt>
      <trkpt lat="38.83062500416042" lon="121.50766400929203">
        <ele>4.056393094360828</ele>
        <time>2024-08-03T13:32:45Z</time>
        <extensions>
          <gpxtpx:TrackPointExtension>
            <gpxtpx:hr>139</gpxtpx:hr>
          </gpxtpx:TrackPointExtension>
        </extensions>
      </trkpt>
      <trkpt lat="38.83060688645284" lon="121.5076512952812">
        <ele>4.12041256017983</ele>
        <time>2024-08-03T13:32:46Z</time>
        <extensions>
          <gpxtpx:TrackPointExtension>
            <gpxtpx:hr>139</gpxtpx:hr>
          </gpxtpx:TrackPointExtension>
        </extensions>
      </trkpt>
      <trkpt lat="38.83058843038393" lon="121.50763859335017">
        <ele>4.173436141572893</ele>
        <time>2024-08-03T13:32:47Z</time>
        <extensions>
          <gpxtpx:TrackPointExtension>
            <gpxtpx:hr>139</gpxtpx:hr>
          </gpxtpx:TrackPointExtension>
        </extensions>
      </trkpt>
      <trkpt lat="38.83057028495333" lon="121.50762524111987">
        <ele>4.232820624485612</ele>
        <time>2024-08-03T13:32:48Z</time>
        <extensions>
          <gpxtpx:TrackPointExtension>
            <gpxtpx:hr>139</gpxtpx:hr>
          </gpxtpx:TrackPointExtension>
        </extensions>
      </trkpt>
      <trkpt lat="38.83055227370128" lon="121.50761089131007">
        <ele>4.276877754367888</ele>
        <time>2024-08-03T13:32:49Z</time>
        <extensions>
          <gpxtpx:TrackPointExtension>
            <gpxtpx:hr>139</gpxtpx:hr>
          </gpxtpx:TrackPointExtension>
        </extensions>
      </trkpt>
      <trkpt lat="38.830533947650785" lon="121.50759537529808">
        <ele>4.3148258021101356</ele>
        <time>2024-08-03T13:32:50Z</time>
        <extensions>
          <gpxtpx:TrackPointExtension>
            <gpxtpx:hr>139</gpxtpx:hr>
          </gpxtpx:TrackPointExtension>
        </extensions>
      </trkpt>
      <trkpt lat="38.83051566284049" lon="121.50757891894811">
        <ele>4.350257596001029</ele>
        <time>2024-08-03T13:32:51Z</time>
        <extensions>
          <gpxtpx:TrackPointExtension>
            <gpxtpx:hr>141</gpxtpx:hr>
          </gpxtpx:TrackPointExtension>
        </extensions>
      </trkpt>
      <trkpt lat="38.830497510690364" lon="121.50756183117701">
        <ele>4.370572912506759</ele>
        <time>2024-08-03T13:32:52Z</time>
        <extensions>
          <gpxtpx:TrackPointExtension>
            <gpxtpx:hr>141</gpxtpx:hr>
          </gpxtpx:TrackPointExtension>
        </extensions>
      </trkpt>
      <trkpt lat="38.83048009103294" lon="121.50754296249892">
        <ele>4.388805956579745</ele>
        <time>2024-08-03T13:32:53Z</time>
        <extensions>
          <gpxtpx:TrackPointExtension>
            <gpxtpx:hr>141</gpxtpx:hr>
          </gpxtpx:TrackPointExtension>
        </extensions>
      </trkpt>
      <trkpt lat="38.83046491681274" lon="121.50752152082752">
        <ele>4.404208013787866</ele>
        <time>2024-08-03T13:32:54Z</time>
        <extensions>
          <gpxtpx:TrackPointExtension>
            <gpxtpx:hr>141</gpxtpx:hr>
          </gpxtpx:TrackPointExtension>
        </extensions>
      </trkpt>
      <trkpt lat="38.83045154508053" lon="121.50749829873106">
        <ele>4.400373990647495</ele>
        <time>2024-08-03T13:32:55Z</time>
        <extensions>
          <gpxtpx:TrackPointExtension>
            <gpxtpx:hr>141</gpxtpx:hr>
          </gpxtpx:TrackPointExtension>
        </extensions>
      </trkpt>
      <trkpt lat="38.830437861730566" lon="121.50747433771643">
        <ele>4.391654985956848</ele>
        <time>2024-08-03T13:32:56Z</time>
        <extensions>
          <gpxtpx:TrackPointExtension>
            <gpxtpx:hr>136</gpxtpx:hr>
          </gpxtpx:TrackPointExtension>
        </extensions>
      </trkpt>
      <trkpt lat="38.83042316020089" lon="121.50745090174729">
        <ele>4.371729021891952</ele>
        <time>2024-08-03T13:32:57Z</time>
        <extensions>
          <gpxtpx:TrackPointExtension>
            <gpxtpx:hr>136</gpxtpx:hr>
          </gpxtpx:TrackPointExtension>
        </extensions>
      </trkpt>
      <trkpt lat="38.830408412838274" lon="121.50742916153739">
        <ele>4.3670084197074175</ele>
        <time>2024-08-03T13:32:58Z</time>
        <extensions>
          <gpxtpx:TrackPointExtension>
            <gpxtpx:hr>136</gpxtpx:hr>
          </gpxtpx:TrackPointExtension>
        </extensions>
      </trkpt>
      <trkpt lat="38.83039441716461" lon="121.50740800346387">
        <ele>4.369403848424554</ele>
        <time>2024-08-03T13:32:59Z</time>
        <extensions>
          <gpxtpx:TrackPointExtension>
            <gpxtpx:hr>136</gpxtpx:hr>
          </gpxtpx:TrackPointExtension>
        </extensions>
      </trkpt>
      <trkpt lat="38.83038110444566" lon="121.50738561460243">
        <ele>4.368467976339161</ele>
        <time>2024-08-03T13:33:00Z</time>
        <extensions>
          <gpxtpx:TrackPointExtension>
            <gpxtpx:hr>136</gpxtpx:hr>
          </gpxtpx:TrackPointExtension>
        </extensions>
      </trkpt>
      <trkpt lat="38.8303685802453" lon="121.50736191330455">
        <ele>4.362476914189756</ele>
        <time>2024-08-03T13:33:01Z</time>
        <extensions>
          <gpxtpx:TrackPointExtension>
            <gpxtpx:hr>136</gpxtpx:hr>
          </gpxtpx:TrackPointExtension>
        </extensions>
      </trkpt>
      <trkpt lat="38.830356552187304" lon="121.50733760381178">
        <ele>4.349836598150432</ele>
        <time>2024-08-03T13:33:02Z</time>
        <extensions>
          <gpxtpx:TrackPointExtension>
            <gpxtpx:hr>142</gpxtpx:hr>
          </gpxtpx:TrackPointExtension>
        </extensions>
      </trkpt>
      <trkpt lat="38.830344829828675" lon="121.50731239780406">
        <ele>4.341282366774976</ele>
        <time>2024-08-03T13:33:03Z</time>
        <extensions>
          <gpxtpx:TrackPointExtension>
            <gpxtpx:hr>142</gpxtpx:hr>
          </gpxtpx:TrackPointExtension>
        </extensions>
      </trkpt>
      <trkpt lat="38.83033364536242" lon="121.50728627532969">
        <ele>4.336736589670181</ele>
        <time>2024-08-03T13:33:04Z</time>
        <extensions>
          <gpxtpx:TrackPointExtension>
            <gpxtpx:hr>142</gpxtpx:hr>
          </gpxtpx:TrackPointExtension>
        </extensions>
      </trkpt>
      <trkpt lat="38.83032330756062" lon="121.50725995020026">
        <ele>4.324635612778366</ele>
        <time>2024-08-03T13:33:05Z</time>
        <extensions>
          <gpxtpx:TrackPointExtension>
            <gpxtpx:hr>142</gpxtpx:hr>
          </gpxtpx:TrackPointExtension>
        </extensions>
      </trkpt>
      <trkpt lat="38.830313619619766" lon="121.50723374440693">
        <ele>4.321731295436621</ele>
        <time>2024-08-03T13:33:06Z</time>
        <extensions>
          <gpxtpx:TrackPointExtension>
            <gpxtpx:hr>140</gpxtpx:hr>
          </gpxtpx:TrackPointExtension>
        </extensions>
      </trkpt>
      <trkpt lat="38.830304491786855" lon="121.50720814113613">
        <ele>4.329006833955646</ele>
        <time>2024-08-03T13:33:07Z</time>
        <extensions>
          <gpxtpx:TrackPointExtension>
            <gpxtpx:hr>140</gpxtpx:hr>
          </gpxtpx:TrackPointExtension>
        </extensions>
      </trkpt>
      <trkpt lat="38.830296182935356" lon="121.50718324616045">
        <ele>4.332458354532719</ele>
        <time>2024-08-03T13:33:08Z</time>
        <extensions>
          <gpxtpx:TrackPointExtension>
            <gpxtpx:hr>140</gpxtpx:hr>
          </gpxtpx:TrackPointExtension>
        </extensions>
      </trkpt>
      <trkpt lat="38.83028884606795" lon="121.50715836070346">
        <ele>4.340024875476956</ele>
        <time>2024-08-03T13:33:09Z</time>
        <extensions>
          <gpxtpx:TrackPointExtension>
            <gpxtpx:hr>140</gpxtpx:hr>
          </gpxtpx:TrackPointExtension>
        </extensions>
      </trkpt>
      <trkpt lat="38.83028181164039" lon="121.50713296449923">
        <ele>4.347818546928465</ele>
        <time>2024-08-03T13:33:10Z</time>
        <extensions>
          <gpxtpx:TrackPointExtension>
            <gpxtpx:hr>140</gpxtpx:hr>
          </gpxtpx:TrackPointExtension>
        </extensions>
      </trkpt>
      <trkpt lat="38.830273909331375" lon="121.50710771797029">
        <ele>4.34388349018991</ele>
        <time>2024-08-03T13:33:11Z</time>
        <extensions>
          <gpxtpx:TrackPointExtension>
            <gpxtpx:hr>143</gpxtpx:hr>
          </gpxtpx:TrackPointExtension>
        </extensions>
      </trkpt>
      <trkpt lat="38.830264861914735" lon="121.50708296202481">
        <ele>4.328248377889395</ele>
        <time>2024-08-03T13:33:12Z</time>
        <extensions>
          <gpxtpx:TrackPointExtension>
            <gpxtpx:hr>143</gpxtpx:hr>
          </gpxtpx:TrackPointExtension>
        </extensions>
      </trkpt>
      <trkpt lat="38.83025553060608" lon="121.50705786778742">
        <ele>4.3129106145352125</ele>
        <time>2024-08-03T13:33:13Z</time>
        <extensions>
          <gpxtpx:TrackPointExtension>
            <gpxtpx:hr>143</gpxtpx:hr>
          </gpxtpx:TrackPointExtension>
        </extensions>
      </trkpt>
      <trkpt lat="38.83024707880918" lon="121.50703219523236">
        <ele>4.31157164927572</ele>
        <time>2024-08-03T13:33:14Z</time>
        <extensions>
          <gpxtpx:TrackPointExtension>
            <gpxtpx:hr>143</gpxtpx:hr>
          </gpxtpx:TrackPointExtension>
        </extensions>
      </trkpt>
      <trkpt lat="38.83023920101427" lon="121.50700703242717">
        <ele>4.303003357723355</ele>
        <time>2024-08-03T13:33:15Z</time>
        <extensions>
          <gpxtpx:TrackPointExtension>
            <gpxtpx:hr>143</gpxtpx:hr>
          </gpxtpx:TrackPointExtension>
        </extensions>
      </trkpt>
      <trkpt lat="38.830230950953094" lon="121.50698261228426">
        <ele>4.2741492204368114</ele>
        <time>2024-08-03T13:33:16Z</time>
        <extensions>
          <gpxtpx:TrackPointExtension>
            <gpxtpx:hr>143</gpxtpx:hr>
          </gpxtpx:TrackPointExtension>
        </extensions>
      </trkpt>
      <trkpt lat="38.830221733211225" lon="121.50695861749861">
        <ele>4.238129830919206</ele>
        <time>2024-08-03T13:33:17Z</time>
        <extensions>
          <gpxtpx:TrackPointExtension>
            <gpxtpx:hr>143</gpxtpx:hr>
          </gpxtpx:TrackPointExtension>
        </extensions>
      </trkpt>
      <trkpt lat="38.83021190141441" lon="121.50693518486143">
        <ele>4.203697788529098</ele>
        <time>2024-08-03T13:33:18Z</time>
        <extensions>
          <gpxtpx:TrackPointExtension>
            <gpxtpx:hr>143</gpxtpx:hr>
          </gpxtpx:TrackPointExtension>
        </extensions>
      </trkpt>
      <trkpt lat="38.83020217786898" lon="121.50691254574171">
        <ele>4.166055832989514</ele>
        <time>2024-08-03T13:33:19Z</time>
        <extensions>
          <gpxtpx:TrackPointExtension>
            <gpxtpx:hr>143</gpxtpx:hr>
          </gpxtpx:TrackPointExtension>
        </extensions>
      </trkpt>
      <trkpt lat="38.830193987176564" lon="121.5068895804264">
        <ele>4.114085184410214</ele>
        <time>2024-08-03T13:33:20Z</time>
        <extensions>
          <gpxtpx:TrackPointExtension>
            <gpxtpx:hr>143</gpxtpx:hr>
          </gpxtpx:TrackPointExtension>
        </extensions>
      </trkpt>
      <trkpt lat="38.83018671083064" lon="121.50686664695462">
        <ele>4.067067533731461</ele>
        <time>2024-08-03T13:33:21Z</time>
        <extensions>
          <gpxtpx:TrackPointExtension>
            <gpxtpx:hr>142</gpxtpx:hr>
          </gpxtpx:TrackPointExtension>
        </extensions>
      </trkpt>
      <trkpt lat="38.83017798143294" lon="121.50684575682747">
        <ele>4.010582784190774</ele>
        <time>2024-08-03T13:33:22Z</time>
        <extensions>
          <gpxtpx:TrackPointExtension>
            <gpxtpx:hr>142</gpxtpx:hr>
          </gpxtpx:TrackPointExtension>
        </extensions>
      </trkpt>
      <trkpt lat="38.830167515022026" lon="121.50682659798461">
        <ele>3.9604505924507976</ele>
        <time>2024-08-03T13:33:23Z</time>
        <extensions>
          <gpxtpx:TrackPointExtension>
            <gpxtpx:hr>142</gpxtpx:hr>
          </gpxtpx:TrackPointExtension>
        </extensions>
      </trkpt>
      <trkpt lat="38.8301557224736" lon="121.50680818940835">
        <ele>3.9156095506623387</ele>
        <time>2024-08-03T13:33:24Z</time>
        <extensions>
          <gpxtpx:TrackPointExtension>
            <gpxtpx:hr>142</gpxtpx:hr>
          </gpxtpx:TrackPointExtension>
        </extensions>
      </trkpt>
      <trkpt lat="38.83014292363352" lon="121.50679077365373">
        <ele>3.8771161371842027</ele>
        <time>2024-08-03T13:33:25Z</time>
        <extensions>
          <gpxtpx:TrackPointExtension>
            <gpxtpx:hr>142</gpxtpx:hr>
          </gpxtpx:TrackPointExtension>
        </extensions>
      </trkpt>
      <trkpt lat="38.83012964580908" lon="121.50677469044689">
        <ele>3.8344145137816668</ele>
        <time>2024-08-03T13:33:26Z</time>
        <extensions>
          <gpxtpx:TrackPointExtension>
            <gpxtpx:hr>144</gpxtpx:hr>
          </gpxtpx:TrackPointExtension>
        </extensions>
      </trkpt>
      <trkpt lat="38.83011577762436" lon="121.50675946709588">
        <ele>3.794309874996543</ele>
        <time>2024-08-03T13:33:27Z</time>
        <extensions>
          <gpxtpx:TrackPointExtension>
            <gpxtpx:hr>144</gpxtpx:hr>
          </gpxtpx:TrackPointExtension>
        </extensions>
      </trkpt>
      <trkpt lat="38.830100625144844" lon="121.50674473403464">
        <ele>3.7717878622934222</ele>
        <time>2024-08-03T13:33:28Z</time>
        <extensions>
          <gpxtpx:TrackPointExtension>
            <gpxtpx:hr>144</gpxtpx:hr>
          </gpxtpx:TrackPointExtension>
        </extensions>
      </trkpt>
      <trkpt lat="38.83008437771116" lon="121.50673113865675">
        <ele>3.752192554064095</ele>
        <time>2024-08-03T13:33:29Z</time>
        <extensions>
          <gpxtpx:TrackPointExtension>
            <gpxtpx:hr>144</gpxtpx:hr>
          </gpxtpx:TrackPointExtension>
        </extensions>
      </trkpt>
      <trkpt lat="38.830067864684615" lon="121.50671884460353">
        <ele>3.7407084526494145</ele>
        <time>2024-08-03T13:33:30Z</time>
        <extensions>
          <gpxtpx:TrackPointExtension>
            <gpxtpx:hr>146</gpxtpx:hr>
          </gpxtpx:TrackPointExtension>
        </extensions>
      </trkpt>
      <trkpt lat="38.8300511435659" lon="121.50670777953759">
        <ele>3.7330234544351697</ele>
        <time>2024-08-03T13:33:31Z</time>
        <extensions>
          <gpxtpx:TrackPointExtension>
            <gpxtpx:hr>146</gpxtpx:hr>
          </gpxtpx:TrackPointExtension>
        </extensions>
      </trkpt>
      <trkpt lat="38.83003399302085" lon="121.50669791688112">
        <ele>3.7305198963731527</ele>
        <time>2024-08-03T13:33:32Z</time>
        <extensions>
          <gpxtpx:TrackPointExtension>
            <gpxtpx:hr>146</gpxtpx:hr>
          </gpxtpx:TrackPointExtension>
        </extensions>
      </trkpt>
      <trkpt lat="38.830016562075464" lon="121.506688591529">
        <ele>3.7334047947078943</ele>
        <time>2024-08-03T13:33:33Z</time>
        <extensions>
          <gpxtpx:TrackPointExtension>
            <gpxtpx:hr>146</gpxtpx:hr>
          </gpxtpx:TrackPointExtension>
        </extensions>
      </trkpt>
      <trkpt lat="38.82999903402663" lon="121.50667895756406">
        <ele>3.7351565808057785</ele>
        <time>2024-08-03T13:33:34Z</time>
        <extensions>
          <gpxtpx:TrackPointExtension>
            <gpxtpx:hr>146</gpxtpx:hr>
          </gpxtpx:TrackPointExtension>
        </extensions>
      </trkpt>
      <trkpt lat="38.82998160341241" lon="121.50666904736542">
        <ele>3.737872797064483</ele>
        <time>2024-08-03T13:33:35Z</time>
        <extensions>
          <gpxtpx:TrackPointExtension>
            <gpxtpx:hr>146</gpxtpx:hr>
          </gpxtpx:TrackPointExtension>
        </extensions>
      </trkpt>
      <trkpt lat="38.82996450758338" lon="121.50665947366751">
        <ele>3.738786884583533</ele>
        <time>2024-08-03T13:33:36Z</time>
        <extensions>
          <gpxtpx:TrackPointExtension>
            <gpxtpx:hr>139</gpxtpx:hr>
          </gpxtpx:TrackPointExtension>
        </extensions>
      </trkpt>
      <trkpt lat="38.82994717582718" lon="121.50665080644906">
        <ele>3.73796677775681</ele>
        <time>2024-08-03T13:33:37Z</time>
        <extensions>
          <gpxtpx:TrackPointExtension>
            <gpxtpx:hr>139</gpxtpx:hr>
          </gpxtpx:TrackPointExtension>
        </extensions>
      </trkpt>
      <trkpt lat="38.8299291751081" lon="121.5066427647729">
        <ele>3.7352663772180676</ele>
        <time>2024-08-03T13:33:38Z</time>
        <extensions>
          <gpxtpx:TrackPointExtension>
            <gpxtpx:hr>139</gpxtpx:hr>
          </gpxtpx:TrackPointExtension>
        </extensions>
      </trkpt>
      <trkpt lat="38.82991127742144" lon="121.50663469428389">
        <ele>3.7373290713876486</ele>
        <time>2024-08-03T13:33:39Z</time>
        <extensions>
          <gpxtpx:TrackPointExtension>
            <gpxtpx:hr>139</gpxtpx:hr>
          </gpxtpx:TrackPointExtension>
        </extensions>
      </trkpt>
      <trkpt lat="38.82989396500661" lon="121.50662636391255">
        <ele>3.741465418599546</ele>
        <time>2024-08-03T13:33:40Z</time>
        <extensions>
          <gpxtpx:TrackPointExtension>
            <gpxtpx:hr>139</gpxtpx:hr>
          </gpxtpx:TrackPointExtension>
        </extensions>
      </trkpt>
      <trkpt lat="38.82987662841286" lon="121.5066176888655">
        <ele>3.7411960270255804</ele>
        <time>2024-08-03T13:33:41Z</time>
        <extensions>
          <gpxtpx:TrackPointExtension>
            <gpxtpx:hr>139</gpxtpx:hr>
          </gpxtpx:TrackPointExtension>
        </extensions>
      </trkpt>
      <trkpt lat="38.82985864867545" lon="121.50660890387692">
        <ele>3.7397754983976483</ele>
        <time>2024-08-03T13:33:42Z</time>
        <extensions>
          <gpxtpx:TrackPointExtension>
            <gpxtpx:hr>139</gpxtpx:hr>
          </gpxtpx:TrackPointExtension>
        </extensions>
      </trkpt>
      <trkpt lat="38.829840575439185" lon="121.50660063243019">
        <ele>3.740847342647612</ele>
        <time>2024-08-03T13:33:43Z</time>
        <extensions>
          <gpxtpx:TrackPointExtension>
            <gpxtpx:hr>139</gpxtpx:hr>
          </gpxtpx:TrackPointExtension>
        </extensions>
      </trkpt>
      <trkpt lat="38.82982322034397" lon="121.50659270661966">
        <ele>3.743835940025747</ele>
        <time>2024-08-03T13:33:44Z</time>
        <extensions>
          <gpxtpx:TrackPointExtension>
            <gpxtpx:hr>139</gpxtpx:hr>
          </gpxtpx:TrackPointExtension>
        </extensions>
      </trkpt>
      <trkpt lat="38.829806269665475" lon="121.50658497531617">
        <ele>3.7428463473916054</ele>
        <time>2024-08-03T13:33:45Z</time>
        <extensions>
          <gpxtpx:TrackPointExtension>
            <gpxtpx:hr>139</gpxtpx:hr>
          </gpxtpx:TrackPointExtension>
        </extensions>
      </trkpt>
      <trkpt lat="38.82978930625402" lon="121.50657721150849">
        <ele>3.739474675618112</ele>
        <time>2024-08-03T13:33:46Z</time>
        <extensions>
          <gpxtpx:TrackPointExtension>
            <gpxtpx:hr>139</gpxtpx:hr>
          </gpxtpx:TrackPointExtension>
        </extensions>
      </trkpt>
      <trkpt lat="38.829772521757654" lon="121.50656861085622">
        <ele>3.7571057472378016</ele>
        <time>2024-08-03T13:33:47Z</time>
        <extensions>
          <gpxtpx:TrackPointExtension>
            <gpxtpx:hr>139</gpxtpx:hr>
          </gpxtpx:TrackPointExtension>
        </extensions>
      </trkpt>
      <trkpt lat="38.82975566140208" lon="121.50655857957699">
        <ele>3.7734769778326154</ele>
        <time>2024-08-03T13:33:48Z</time>
        <extensions>
          <gpxtpx:TrackPointExtension>
            <gpxtpx:hr>139</gpxtpx:hr>
          </gpxtpx:TrackPointExtension>
        </extensions>
      </trkpt>
      <trkpt lat="38.829738590735566" lon="121.50654726058595">
        <ele>3.7807193202897906</ele>
        <time>2024-08-03T13:33:49Z</time>
        <extensions>
          <gpxtpx:TrackPointExtension>
            <gpxtpx:hr>139</gpxtpx:hr>
          </gpxtpx:TrackPointExtension>
        </extensions>
      </trkpt>
      <trkpt lat="38.82972196797161" lon="121.50653486155493">
        <ele>3.7862692261114717</ele>
        <time>2024-08-03T13:33:50Z</time>
        <extensions>
          <gpxtpx:TrackPointExtension>
            <gpxtpx:hr>139</gpxtpx:hr>
          </gpxtpx:TrackPointExtension>
        </extensions>
      </trkpt>
      <trkpt lat="38.82970589878787" lon="121.50652198405209">
        <ele>3.802937806583941</ele>
        <time>2024-08-03T13:33:51Z</time>
      </trkpt>
      <trkpt lat="38.82969001082004" lon="121.5065084926306">
        <ele>3.816941538825631</ele>
        <time>2024-08-03T13:33:52Z</time>
      </trkpt>
      <trkpt lat="38.829674510374126" lon="121.50649382660812">
        <ele>3.8198430128395557</ele>
        <time>2024-08-03T13:33:53Z</time>
      </trkpt>
      <trkpt lat="38.829660152563406" lon="121.50647794676148">
        <ele>3.8075934844091535</ele>
        <time>2024-08-03T13:33:54Z</time>
      </trkpt>
      <trkpt lat="38.829646731832156" lon="121.50646112215014">
        <ele>3.8027837444096804</ele>
        <time>2024-08-03T13:33:55Z</time>
      </trkpt>
      <trkpt lat="38.82963310509897" lon="121.50644375829494">
        <ele>3.783607172779739</ele>
        <time>2024-08-03T13:33:56Z</time>
      </trkpt>
      <trkpt lat="38.82961896890602" lon="121.50642586473549">
        <ele>3.7636498594656587</ele>
        <time>2024-08-03T13:33:57Z</time>
      </trkpt>
      <trkpt lat="38.829604434606956" lon="121.50640771262145">
        <ele>3.7344485633075237</ele>
        <time>2024-08-03T13:33:58Z</time>
      </trkpt>
      <trkpt lat="38.82958932404771" lon="121.50638985456474">
        <ele>3.7177581815049052</ele>
        <time>2024-08-03T13:33:59Z</time>
      </trkpt>
      <trkpt lat="38.8295736996136" lon="121.50637228867532">
        <ele>3.7046697214245796</ele>
        <time>2024-08-03T13:34:00Z</time>
      </trkpt>
      <trkpt lat="38.8295586600441" lon="121.50635443317431">
        <ele>3.6956900283694267</ele>
        <time>2024-08-03T13:34:01Z</time>
      </trkpt>
      <trkpt lat="38.82954505213397" lon="121.50633588357518">
        <ele>3.6789672086015344</ele>
        <time>2024-08-03T13:34:02Z</time>
      </trkpt>
      <trkpt lat="38.82953180180765" lon="121.50631711667437">
        <ele>3.659411320462823</ele>
        <time>2024-08-03T13:34:03Z</time>
      </trkpt>
      <trkpt lat="38.82951795014038" lon="121.50629877726485">
        <ele>3.6442736983299255</ele>
        <time>2024-08-03T13:34:04Z</time>
        <extensions>
          <gpxtpx:TrackPointExtension>
            <gpxtpx:hr>138</gpxtpx:hr>
          </gpxtpx:TrackPointExtension>
        </extensions>
      </trkpt>
      <trkpt lat="38.829503796478136" lon="121.50628115283841">
        <ele>3.6283664479851723</ele>
        <time>2024-08-03T13:34:05Z</time>
        <extensions>
          <gpxtpx:TrackPointExtension>
            <gpxtpx:hr>138</gpxtpx:hr>
          </gpxtpx:TrackPointExtension>
        </extensions>
      </trkpt>
      <trkpt lat="38.82948906621605" lon="121.50626413160464">
        <ele>3.612162963487208</ele>
        <time>2024-08-03T13:34:06Z</time>
        <extensions>
          <gpxtpx:TrackPointExtension>
            <gpxtpx:hr>138</gpxtpx:hr>
          </gpxtpx:TrackPointExtension>
        </extensions>
      </trkpt>
      <trkpt lat="38.82947342352575" lon="121.50624694957811">
        <ele>3.5897063249722123</ele>
        <time>2024-08-03T13:34:07Z</time>
        <extensions>
          <gpxtpx:TrackPointExtension>
            <gpxtpx:hr>138</gpxtpx:hr>
          </gpxtpx:TrackPointExtension>
        </extensions>
      </trkpt>
      <trkpt lat="38.82945749431947" lon="121.50622953768921">
        <ele>3.5698381597176194</ele>
        <time>2024-08-03T13:34:08Z</time>
        <extensions>
          <gpxtpx:TrackPointExtension>
            <gpxtpx:hr>138</gpxtpx:hr>
          </gpxtpx:TrackPointExtension>
        </extensions>
      </trkpt>
      <trkpt lat="38.829442209026865" lon="121.50621238360532">
        <ele>3.544886196963489</ele>
        <time>2024-08-03T13:34:09Z</time>
        <extensions>
          <gpxtpx:TrackPointExtension>
            <gpxtpx:hr>138</gpxtpx:hr>
          </gpxtpx:TrackPointExtension>
        </extensions>
      </trkpt>
      <trkpt lat="38.829427192916114" lon="121.50619545695812">
        <ele>3.528498748317361</ele>
        <time>2024-08-03T13:34:10Z</time>
        <extensions>
          <gpxtpx:TrackPointExtension>
            <gpxtpx:hr>138</gpxtpx:hr>
          </gpxtpx:TrackPointExtension>
        </extensions>
      </trkpt>
      <trkpt lat="38.82941127151561" lon="121.50617896999769">
        <ele>3.5161204813048244</ele>
        <time>2024-08-03T13:34:11Z</time>
        <extensions>
          <gpxtpx:TrackPointExtension>
            <gpxtpx:hr>138</gpxtpx:hr>
          </gpxtpx:TrackPointExtension>
        </extensions>
      </trkpt>
      <trkpt lat="38.82939465293981" lon="121.50616310000484">
        <ele>3.5145123917609453</ele>
        <time>2024-08-03T13:34:12Z</time>
        <extensions>
          <gpxtpx:TrackPointExtension>
            <gpxtpx:hr>138</gpxtpx:hr>
          </gpxtpx:TrackPointExtension>
        </extensions>
      </trkpt>
      <trkpt lat="38.82937832383951" lon="121.5061478926263">
        <ele>3.514960759319365</ele>
        <time>2024-08-03T13:34:13Z</time>
        <extensions>
          <gpxtpx:TrackPointExtension>
            <gpxtpx:hr>138</gpxtpx:hr>
          </gpxtpx:TrackPointExtension>
        </extensions>
      </trkpt>
      <trkpt lat="38.82936229032613" lon="121.50613256060879">
        <ele>3.510280705988407</ele>
        <time>2024-08-03T13:34:14Z</time>
        <extensions>
          <gpxtpx:TrackPointExtension>
            <gpxtpx:hr>138</gpxtpx:hr>
          </gpxtpx:TrackPointExtension>
        </extensions>
      </trkpt>
      <trkpt lat="38.82934604775398" lon="121.5061168887261">
        <ele>3.5029822597280145</ele>
        <time>2024-08-03T13:34:15Z</time>
        <extensions>
          <gpxtpx:TrackPointExtension>
            <gpxtpx:hr>138</gpxtpx:hr>
          </gpxtpx:TrackPointExtension>
        </extensions>
      </trkpt>
      <trkpt lat="38.82932970412631" lon="121.50610171565019">
        <ele>3.496168010868132</ele>
        <time>2024-08-03T13:34:16Z</time>
        <extensions>
          <gpxtpx:TrackPointExtension>
            <gpxtpx:hr>142</gpxtpx:hr>
          </gpxtpx:TrackPointExtension>
        </extensions>
      </trkpt>
      <trkpt lat="38.829312796431" lon="121.50608782756854">
        <ele>3.4952256036922336</ele>
        <time>2024-08-03T13:34:17Z</time>
        <extensions>
          <gpxtpx:TrackPointExtension>
            <gpxtpx:hr>142</gpxtpx:hr>
          </gpxtpx:TrackPointExtension>
        </extensions>
      </trkpt>
      <trkpt lat="38.82929469004994" lon="121.5060756448828">
        <ele>3.4921428598463535</ele>
        <time>2024-08-03T13:34:18Z</time>
        <extensions>
          <gpxtpx:TrackPointExtension>
            <gpxtpx:hr>142</gpxtpx:hr>
          </gpxtpx:TrackPointExtension>
        </extensions>
      </trkpt>
      <trkpt lat="38.82927611084278" lon="121.50606524316218">
        <ele>3.480939078144729</ele>
        <time>2024-08-03T13:34:19Z</time>
        <extensions>
          <gpxtpx:TrackPointExtension>
            <gpxtpx:hr>142</gpxtpx:hr>
          </gpxtpx:TrackPointExtension>
        </extensions>
      </trkpt>
      <trkpt lat="38.829257930961695" lon="121.50605648717149">
        <ele>3.4727758783847094</ele>
        <time>2024-08-03T13:34:20Z</time>
        <extensions>
          <gpxtpx:TrackPointExtension>
            <gpxtpx:hr>142</gpxtpx:hr>
          </gpxtpx:TrackPointExtension>
        </extensions>
      </trkpt>
      <trkpt lat="38.82923977438256" lon="121.50604915913908">
        <ele>3.451714649796486</ele>
        <time>2024-08-03T13:34:21Z</time>
        <extensions>
          <gpxtpx:TrackPointExtension>
            <gpxtpx:hr>142</gpxtpx:hr>
          </gpxtpx:TrackPointExtension>
        </extensions>
      </trkpt>
      <trkpt lat="38.82922091562941" lon="121.506042177265">
        <ele>3.4312289264053106</ele>
        <time>2024-08-03T13:34:22Z</time>
        <extensions>
          <gpxtpx:TrackPointExtension>
            <gpxtpx:hr>142</gpxtpx:hr>
          </gpxtpx:TrackPointExtension>
        </extensions>
      </trkpt>
      <trkpt lat="38.829201548916245" lon="121.50603478176016">
        <ele>3.4079053942114115</ele>
        <time>2024-08-03T13:34:23Z</time>
        <extensions>
          <gpxtpx:TrackPointExtension>
            <gpxtpx:hr>142</gpxtpx:hr>
          </gpxtpx:TrackPointExtension>
        </extensions>
      </trkpt>
      <trkpt lat="38.82918171226421" lon="121.50602736626803">
        <ele>3.3757466757670045</ele>
        <time>2024-08-03T13:34:24Z</time>
        <extensions>
          <gpxtpx:TrackPointExtension>
            <gpxtpx:hr>142</gpxtpx:hr>
          </gpxtpx:TrackPointExtension>
        </extensions>
      </trkpt>
      <trkpt lat="38.829160825831565" lon="121.5060206920303">
        <ele>3.3449178393930197</ele>
        <time>2024-08-03T13:34:25Z</time>
        <extensions>
          <gpxtpx:TrackPointExtension>
            <gpxtpx:hr>142</gpxtpx:hr>
          </gpxtpx:TrackPointExtension>
        </extensions>
      </trkpt>
      <trkpt lat="38.829139148237495" lon="121.50601474033655">
        <ele>3.3240993609651923</ele>
        <time>2024-08-03T13:34:26Z</time>
        <extensions>
          <gpxtpx:TrackPointExtension>
            <gpxtpx:hr>142</gpxtpx:hr>
          </gpxtpx:TrackPointExtension>
        </extensions>
      </trkpt>
      <trkpt lat="38.82911815413921" lon="121.50600875017928">
        <ele>3.2975740022957325</ele>
        <time>2024-08-03T13:34:27Z</time>
        <extensions>
          <gpxtpx:TrackPointExtension>
            <gpxtpx:hr>142</gpxtpx:hr>
          </gpxtpx:TrackPointExtension>
        </extensions>
      </trkpt>
      <trkpt lat="38.829098277003645" lon="121.50600277108462">
        <ele>3.266063201241195</ele>
        <time>2024-08-03T13:34:28Z</time>
        <extensions>
          <gpxtpx:TrackPointExtension>
            <gpxtpx:hr>142</gpxtpx:hr>
          </gpxtpx:TrackPointExtension>
        </extensions>
      </trkpt>
      <trkpt lat="38.82907856073076" lon="121.50599696430837">
        <ele>3.233083153143525</ele>
        <time>2024-08-03T13:34:29Z</time>
      </trkpt>
      <trkpt lat="38.829058655415345" lon="121.5059918553966">
        <ele>3.198621324263513</ele>
        <time>2024-08-03T13:34:30Z</time>
      </trkpt>
      <trkpt lat="38.82903865983903" lon="121.50598866625471">
        <ele>3.158401063643396</ele>
        <time>2024-08-03T13:34:31Z</time>
      </trkpt>
      <trkpt lat="38.829018673595336" lon="121.5059876500648">
        <ele>3.1137769697234035</ele>
        <time>2024-08-03T13:34:32Z</time>
      </trkpt>
      <trkpt lat="38.82899865463747" lon="121.50598781339528">
        <ele>3.078842747025192</ele>
        <time>2024-08-03T13:34:33Z</time>
      </trkpt>
      <trkpt lat="38.828978380216185" lon="121.50598822963731">
        <ele>3.053943439386785</ele>
        <time>2024-08-03T13:34:34Z</time>
      </trkpt>
      <trkpt lat="38.82895764577967" lon="121.50598886552983">
        <ele>3.025745457969606</ele>
        <time>2024-08-03T13:34:35Z</time>
        <extensions>
          <gpxtpx:TrackPointExtension>
            <gpxtpx:hr>141</gpxtpx:hr>
          </gpxtpx:TrackPointExtension>
        </extensions>
      </trkpt>
      <trkpt lat="38.828936413923074" lon="121.50599032333324">
        <ele>3.008471705019474</ele>
        <time>2024-08-03T13:34:36Z</time>
        <extensions>
          <gpxtpx:TrackPointExtension>
            <gpxtpx:hr>141</gpxtpx:hr>
          </gpxtpx:TrackPointExtension>
        </extensions>
      </trkpt>
      <trkpt lat="38.82891519757186" lon="121.50599310735892">
        <ele>3.0026241168379784</ele>
        <time>2024-08-03T13:34:37Z</time>
        <extensions>
          <gpxtpx:TrackPointExtension>
            <gpxtpx:hr>141</gpxtpx:hr>
          </gpxtpx:TrackPointExtension>
        </extensions>
      </trkpt>
      <trkpt lat="38.828894696660505" lon="121.50599777082803">
        <ele>2.9911471074447036</ele>
        <time>2024-08-03T13:34:38Z</time>
        <extensions>
          <gpxtpx:TrackPointExtension>
            <gpxtpx:hr>141</gpxtpx:hr>
          </gpxtpx:TrackPointExtension>
        </extensions>
      </trkpt>
      <trkpt lat="38.828874477272365" lon="121.50600436654501">
        <ele>2.976647431962192</ele>
        <time>2024-08-03T13:34:39Z</time>
        <extensions>
          <gpxtpx:TrackPointExtension>
            <gpxtpx:hr>141</gpxtpx:hr>
          </gpxtpx:TrackPointExtension>
        </extensions>
      </trkpt>
      <trkpt lat="38.828853827065466" lon="121.50601245427355">
        <ele>2.9710308788344264</ele>
        <time>2024-08-03T13:34:40Z</time>
        <extensions>
          <gpxtpx:TrackPointExtension>
            <gpxtpx:hr>141</gpxtpx:hr>
          </gpxtpx:TrackPointExtension>
        </extensions>
      </trkpt>
      <trkpt lat="38.82883290786825" lon="121.50602029858196">
        <ele>2.9751514364033937</ele>
        <time>2024-08-03T13:34:41Z</time>
        <extensions>
          <gpxtpx:TrackPointExtension>
            <gpxtpx:hr>141</gpxtpx:hr>
          </gpxtpx:TrackPointExtension>
        </extensions>
      </trkpt>
      <trkpt lat="38.82881225503075" lon="121.50602769027871">
        <ele>2.975406744517386</ele>
        <time>2024-08-03T13:34:42Z</time>
        <extensions>
          <gpxtpx:TrackPointExtension>
            <gpxtpx:hr>141</gpxtpx:hr>
          </gpxtpx:TrackPointExtension>
        </extensions>
      </trkpt>
      <trkpt lat="38.828792090555794" lon="121.5060362665663">
        <ele>2.959998113103211</ele>
        <time>2024-08-03T13:34:43Z</time>
        <extensions>
          <gpxtpx:TrackPointExtension>
            <gpxtpx:hr>141</gpxtpx:hr>
          </gpxtpx:TrackPointExtension>
        </extensions>
      </trkpt>
      <trkpt lat="38.82877216590407" lon="121.50604612240237">
        <ele>2.9383647106587887</ele>
        <time>2024-08-03T13:34:44Z</time>
        <extensions>
          <gpxtpx:TrackPointExtension>
            <gpxtpx:hr>141</gpxtpx:hr>
          </gpxtpx:TrackPointExtension>
        </extensions>
      </trkpt>
      <trkpt lat="38.828752261427915" lon="121.50605612394835">
        <ele>2.9125224919989705</ele>
        <time>2024-08-03T13:34:45Z</time>
        <extensions>
          <gpxtpx:TrackPointExtension>
            <gpxtpx:hr>141</gpxtpx:hr>
          </gpxtpx:TrackPointExtension>
        </extensions>
      </trkpt>
      <trkpt lat="38.82873258175771" lon="121.5060658885643">
        <ele>2.889158219099045</ele>
        <time>2024-08-03T13:34:46Z</time>
        <extensions>
          <gpxtpx:TrackPointExtension>
            <gpxtpx:hr>141</gpxtpx:hr>
          </gpxtpx:TrackPointExtension>
        </extensions>
      </trkpt>
      <trkpt lat="38.8287135406789" lon="121.50607603694097">
        <ele>2.874865587800741</ele>
        <time>2024-08-03T13:34:47Z</time>
        <extensions>
          <gpxtpx:TrackPointExtension>
            <gpxtpx:hr>141</gpxtpx:hr>
          </gpxtpx:TrackPointExtension>
        </extensions>
      </trkpt>
      <trkpt lat="38.82869523018666" lon="121.50608754258374">
        <ele>2.8575379885733128</ele>
        <time>2024-08-03T13:34:48Z</time>
        <extensions>
          <gpxtpx:TrackPointExtension>
            <gpxtpx:hr>141</gpxtpx:hr>
          </gpxtpx:TrackPointExtension>
        </extensions>
      </trkpt>
      <trkpt lat="38.82867746810187" lon="121.5061001333876">
        <ele>2.8327990705147386</ele>
        <time>2024-08-03T13:34:49Z</time>
        <extensions>
          <gpxtpx:TrackPointExtension>
            <gpxtpx:hr>150</gpxtpx:hr>
          </gpxtpx:TrackPointExtension>
        </extensions>
      </trkpt>
      <trkpt lat="38.82866021265762" lon="121.50611384972639">
        <ele>2.802554827183485</ele>
        <time>2024-08-03T13:34:50Z</time>
        <extensions>
          <gpxtpx:TrackPointExtension>
            <gpxtpx:hr>150</gpxtpx:hr>
          </gpxtpx:TrackPointExtension>
        </extensions>
      </trkpt>
      <trkpt lat="38.82864311255505" lon="121.50612881116756">
        <ele>2.7756969975307584</ele>
        <time>2024-08-03T13:34:51Z</time>
        <extensions>
          <gpxtpx:TrackPointExtension>
            <gpxtpx:hr>150</gpxtpx:hr>
          </gpxtpx:TrackPointExtension>
        </extensions>
      </trkpt>
      <trkpt lat="38.828626408637945" lon="121.50614446237769">
        <ele>2.753238278441131</ele>
        <time>2024-08-03T13:34:52Z</time>
        <extensions>
          <gpxtpx:TrackPointExtension>
            <gpxtpx:hr>150</gpxtpx:hr>
          </gpxtpx:TrackPointExtension>
        </extensions>
      </trkpt>
      <trkpt lat="38.82861121535319" lon="121.50616004962147">
        <ele>2.7289142897352576</ele>
        <time>2024-08-03T13:34:53Z</time>
        <extensions>
          <gpxtpx:TrackPointExtension>
            <gpxtpx:hr>150</gpxtpx:hr>
          </gpxtpx:TrackPointExtension>
        </extensions>
      </trkpt>
      <trkpt lat="38.82859748872906" lon="121.50617525753295">
        <ele>2.693335922434926</ele>
        <time>2024-08-03T13:34:54Z</time>
        <extensions>
          <gpxtpx:TrackPointExtension>
            <gpxtpx:hr>150</gpxtpx:hr>
          </gpxtpx:TrackPointExtension>
        </extensions>
      </trkpt>
      <trkpt lat="38.82858360046548" lon="121.50619106238766">
        <ele>2.668495027348399</ele>
        <time>2024-08-03T13:34:55Z</time>
        <extensions>
          <gpxtpx:TrackPointExtension>
            <gpxtpx:hr>150</gpxtpx:hr>
          </gpxtpx:TrackPointExtension>
        </extensions>
      </trkpt>
      <trkpt lat="38.8285689158508" lon="121.50620972189377">
        <ele>2.645961506292224</ele>
        <time>2024-08-03T13:34:56Z</time>
        <extensions>
          <gpxtpx:TrackPointExtension>
            <gpxtpx:hr>150</gpxtpx:hr>
          </gpxtpx:TrackPointExtension>
        </extensions>
      </trkpt>
      <trkpt lat="38.82855395165616" lon="121.50623179064289">
        <ele>2.6215693932026625</ele>
        <time>2024-08-03T13:34:57Z</time>
        <extensions>
          <gpxtpx:TrackPointExtension>
            <gpxtpx:hr>152</gpxtpx:hr>
          </gpxtpx:TrackPointExtension>
        </extensions>
      </trkpt>
      <trkpt lat="38.828539127901514" lon="121.50625591685387">
        <ele>2.592489826492965</ele>
        <time>2024-08-03T13:34:58Z</time>
        <extensions>
          <gpxtpx:TrackPointExtension>
            <gpxtpx:hr>152</gpxtpx:hr>
          </gpxtpx:TrackPointExtension>
        </extensions>
      </trkpt>
      <trkpt lat="38.828525111064494" lon="121.50628084486182">
        <ele>2.554839827120304</ele>
        <time>2024-08-03T13:34:59Z</time>
        <extensions>
          <gpxtpx:TrackPointExtension>
            <gpxtpx:hr>152</gpxtpx:hr>
          </gpxtpx:TrackPointExtension>
        </extensions>
      </trkpt>
      <trkpt lat="38.82851206881278" lon="121.50630514648857">
        <ele>2.5229483991861343</ele>
        <time>2024-08-03T13:35:00Z</time>
        <extensions>
          <gpxtpx:TrackPointExtension>
            <gpxtpx:hr>152</gpxtpx:hr>
          </gpxtpx:TrackPointExtension>
        </extensions>
      </trkpt>
      <trkpt lat="38.828499381239276" lon="121.50632780400159">
        <ele>2.505591407418251</ele>
        <time>2024-08-03T13:35:01Z</time>
        <extensions>
          <gpxtpx:TrackPointExtension>
            <gpxtpx:hr>153</gpxtpx:hr>
          </gpxtpx:TrackPointExtension>
        </extensions>
      </trkpt>
      <trkpt lat="38.828486715865736" lon="121.50634925355915">
        <ele>2.4965058648958802</ele>
        <time>2024-08-03T13:35:02Z</time>
        <extensions>
          <gpxtpx:TrackPointExtension>
            <gpxtpx:hr>153</gpxtpx:hr>
          </gpxtpx:TrackPointExtension>
        </extensions>
      </trkpt>
      <trkpt lat="38.828474231286236" lon="121.50637124011223">
        <ele>2.5011305287480354</ele>
        <time>2024-08-03T13:35:03Z</time>
        <extensions>
          <gpxtpx:TrackPointExtension>
            <gpxtpx:hr>153</gpxtpx:hr>
          </gpxtpx:TrackPointExtension>
        </extensions>
      </trkpt>
      <trkpt lat="38.82846236857316" lon="121.50639484826537">
        <ele>2.5162826562300324</ele>
        <time>2024-08-03T13:35:04Z</time>
        <extensions>
          <gpxtpx:TrackPointExtension>
            <gpxtpx:hr>154</gpxtpx:hr>
          </gpxtpx:TrackPointExtension>
        </extensions>
      </trkpt>
      <trkpt lat="38.828451111244156" lon="121.50641966985928">
        <ele>2.5245754048228264</ele>
        <time>2024-08-03T13:35:05Z</time>
        <extensions>
          <gpxtpx:TrackPointExtension>
            <gpxtpx:hr>154</gpxtpx:hr>
          </gpxtpx:TrackPointExtension>
        </extensions>
      </trkpt>
      <trkpt lat="38.828440583596084" lon="121.50644540456257">
        <ele>2.52891836874187</ele>
        <time>2024-08-03T13:35:06Z</time>
        <extensions>
          <gpxtpx:TrackPointExtension>
            <gpxtpx:hr>154</gpxtpx:hr>
          </gpxtpx:TrackPointExtension>
        </extensions>
      </trkpt>
      <trkpt lat="38.828431451702606" lon="121.50647251940097">
        <ele>2.547734941355884</ele>
        <time>2024-08-03T13:35:07Z</time>
        <extensions>
          <gpxtpx:TrackPointExtension>
            <gpxtpx:hr>154</gpxtpx:hr>
          </gpxtpx:TrackPointExtension>
        </extensions>
      </trkpt>
      <trkpt lat="38.82842368773564" lon="121.50650007837936">
        <ele>2.5587953832000494</ele>
        <time>2024-08-03T13:35:08Z</time>
        <extensions>
          <gpxtpx:TrackPointExtension>
            <gpxtpx:hr>154</gpxtpx:hr>
          </gpxtpx:TrackPointExtension>
        </extensions>
      </trkpt>
      <trkpt lat="38.828416321734785" lon="121.50652642739959">
        <ele>2.5884906947612762</ele>
        <time>2024-08-03T13:35:09Z</time>
        <extensions>
          <gpxtpx:TrackPointExtension>
            <gpxtpx:hr>154</gpxtpx:hr>
          </gpxtpx:TrackPointExtension>
        </extensions>
      </trkpt>
      <trkpt lat="38.82840920692563" lon="121.50655199212085">
        <ele>2.6338639054447412</ele>
        <time>2024-08-03T13:35:10Z</time>
        <extensions>
          <gpxtpx:TrackPointExtension>
            <gpxtpx:hr>155</gpxtpx:hr>
          </gpxtpx:TrackPointExtension>
        </extensions>
      </trkpt>
      <trkpt lat="38.82840298872294" lon="121.50657784271537">
        <ele>2.686919088475406</ele>
        <time>2024-08-03T13:35:11Z</time>
        <extensions>
          <gpxtpx:TrackPointExtension>
            <gpxtpx:hr>155</gpxtpx:hr>
          </gpxtpx:TrackPointExtension>
        </extensions>
      </trkpt>
      <trkpt lat="38.82839738661625" lon="121.50660354612027">
        <ele>2.739575333893299</ele>
        <time>2024-08-03T13:35:12Z</time>
        <extensions>
          <gpxtpx:TrackPointExtension>
            <gpxtpx:hr>155</gpxtpx:hr>
          </gpxtpx:TrackPointExtension>
        </extensions>
      </trkpt>
      <trkpt lat="38.828392413145856" lon="121.5066294236442">
        <ele>2.8140051625669003</ele>
        <time>2024-08-03T13:35:13Z</time>
        <extensions>
          <gpxtpx:TrackPointExtension>
            <gpxtpx:hr>155</gpxtpx:hr>
          </gpxtpx:TrackPointExtension>
        </extensions>
      </trkpt>
      <trkpt lat="38.828389167558285" lon="121.50665634564596">
        <ele>2.8855605563148856</ele>
        <time>2024-08-03T13:35:14Z</time>
        <extensions>
          <gpxtpx:TrackPointExtension>
            <gpxtpx:hr>155</gpxtpx:hr>
          </gpxtpx:TrackPointExtension>
        </extensions>
      </trkpt>
      <trkpt lat="38.82838772270072" lon="121.50668379207559">
        <ele>2.9736589984968305</ele>
        <time>2024-08-03T13:35:15Z</time>
        <extensions>
          <gpxtpx:TrackPointExtension>
            <gpxtpx:hr>155</gpxtpx:hr>
          </gpxtpx:TrackPointExtension>
        </extensions>
      </trkpt>
      <trkpt lat="38.82838776967956" lon="121.50671093164195">
        <ele>3.064239213243127</ele>
        <time>2024-08-03T13:35:16Z</time>
        <extensions>
          <gpxtpx:TrackPointExtension>
            <gpxtpx:hr>155</gpxtpx:hr>
          </gpxtpx:TrackPointExtension>
        </extensions>
      </trkpt>
      <trkpt lat="38.828388982499334" lon="121.50673811522775">
        <ele>3.1518424060195684</ele>
        <time>2024-08-03T13:35:17Z</time>
        <extensions>
          <gpxtpx:TrackPointExtension>
            <gpxtpx:hr>156</gpxtpx:hr>
          </gpxtpx:TrackPointExtension>
        </extensions>
      </trkpt>
      <trkpt lat="38.82839045464295" lon="121.50676527318308">
        <ele>3.226507145911455</ele>
        <time>2024-08-03T13:35:18Z</time>
        <extensions>
          <gpxtpx:TrackPointExtension>
            <gpxtpx:hr>156</gpxtpx:hr>
          </gpxtpx:TrackPointExtension>
        </extensions>
      </trkpt>
      <trkpt lat="38.82839173890231" lon="121.50679173440437">
        <ele>3.305349704809487</ele>
        <time>2024-08-03T13:35:19Z</time>
        <extensions>
          <gpxtpx:TrackPointExtension>
            <gpxtpx:hr>156</gpxtpx:hr>
          </gpxtpx:TrackPointExtension>
        </extensions>
      </trkpt>
      <trkpt lat="38.82839294284975" lon="121.50681808153308">
        <ele>3.3714014003053308</ele>
        <time>2024-08-03T13:35:20Z</time>
        <extensions>
          <gpxtpx:TrackPointExtension>
            <gpxtpx:hr>156</gpxtpx:hr>
          </gpxtpx:TrackPointExtension>
        </extensions>
      </trkpt>
      <trkpt lat="38.828393825942875" lon="121.50684496766962">
        <ele>3.4245337462052703</ele>
        <time>2024-08-03T13:35:21Z</time>
        <extensions>
          <gpxtpx:TrackPointExtension>
            <gpxtpx:hr>156</gpxtpx:hr>
          </gpxtpx:TrackPointExtension>
        </extensions>
      </trkpt>
      <trkpt lat="38.82839379573277" lon="121.50687141639274">
        <ele>3.5025809463113546</ele>
        <time>2024-08-03T13:35:22Z</time>
        <extensions>
          <gpxtpx:TrackPointExtension>
            <gpxtpx:hr>156</gpxtpx:hr>
          </gpxtpx:TrackPointExtension>
        </extensions>
      </trkpt>
      <trkpt lat="38.82839239968805" lon="121.50689714009039">
        <ele>3.5622885851189494</ele>
        <time>2024-08-03T13:35:23Z</time>
        <extensions>
          <gpxtpx:TrackPointExtension>
            <gpxtpx:hr>156</gpxtpx:hr>
          </gpxtpx:TrackPointExtension>
        </extensions>
      </trkpt>
      <trkpt lat="38.8283899699744" lon="121.50692313145812">
        <ele>3.6053713550791144</ele>
        <time>2024-08-03T13:35:24Z</time>
        <extensions>
          <gpxtpx:TrackPointExtension>
            <gpxtpx:hr>156</gpxtpx:hr>
          </gpxtpx:TrackPointExtension>
        </extensions>
      </trkpt>
      <trkpt lat="38.82838659952927" lon="121.50694966405982">
        <ele>3.648363495245576</ele>
        <time>2024-08-03T13:35:25Z</time>
        <extensions>
          <gpxtpx:TrackPointExtension>
            <gpxtpx:hr>156</gpxtpx:hr>
          </gpxtpx:TrackPointExtension>
        </extensions>
      </trkpt>
      <trkpt lat="38.828382006602624" lon="121.50697591871752">
        <ele>3.706847667694092</ele>
        <time>2024-08-03T13:35:26Z</time>
        <extensions>
          <gpxtpx:TrackPointExtension>
            <gpxtpx:hr>156</gpxtpx:hr>
          </gpxtpx:TrackPointExtension>
        </extensions>
      </trkpt>
      <trkpt lat="38.828377243662146" lon="121.50700164870193">
        <ele>3.7524836622178555</ele>
        <time>2024-08-03T13:35:27Z</time>
        <extensions>
          <gpxtpx:TrackPointExtension>
            <gpxtpx:hr>156</gpxtpx:hr>
          </gpxtpx:TrackPointExtension>
        </extensions>
      </trkpt>
      <trkpt lat="38.828373199197365" lon="121.50702677917246">
        <ele>3.8001197297126055</ele>
        <time>2024-08-03T13:35:28Z</time>
        <extensions>
          <gpxtpx:TrackPointExtension>
            <gpxtpx:hr>156</gpxtpx:hr>
          </gpxtpx:TrackPointExtension>
        </extensions>
      </trkpt>
      <trkpt lat="38.82836931119876" lon="121.50705055475562">
        <ele>3.8405493879690766</ele>
        <time>2024-08-03T13:35:29Z</time>
        <extensions>
          <gpxtpx:TrackPointExtension>
            <gpxtpx:hr>156</gpxtpx:hr>
          </gpxtpx:TrackPointExtension>
        </extensions>
      </trkpt>
      <trkpt lat="38.82836532508045" lon="121.5070738077161">
        <ele>3.868079138919711</ele>
        <time>2024-08-03T13:35:30Z</time>
        <extensions>
          <gpxtpx:TrackPointExtension>
            <gpxtpx:hr>156</gpxtpx:hr>
          </gpxtpx:TrackPointExtension>
        </extensions>
      </trkpt>
      <trkpt lat="38.828361857170194" lon="121.50709821919567">
        <ele>3.897119291126728</ele>
        <time>2024-08-03T13:35:31Z</time>
        <extensions>
          <gpxtpx:TrackPointExtension>
            <gpxtpx:hr>157</gpxtpx:hr>
          </gpxtpx:TrackPointExtension>
        </extensions>
      </trkpt>
      <trkpt lat="38.82835856990977" lon="121.50712354026597">
        <ele>3.935356328263879</ele>
        <time>2024-08-03T13:35:32Z</time>
        <extensions>
          <gpxtpx:TrackPointExtension>
            <gpxtpx:hr>157</gpxtpx:hr>
          </gpxtpx:TrackPointExtension>
        </extensions>
      </trkpt>
      <trkpt lat="38.82835455923011" lon="121.50714900245077">
        <ele>3.956925045698881</ele>
        <time>2024-08-03T13:35:33Z</time>
        <extensions>
          <gpxtpx:TrackPointExtension>
            <gpxtpx:hr>157</gpxtpx:hr>
          </gpxtpx:TrackPointExtension>
        </extensions>
      </trkpt>
      <trkpt lat="38.82835016074697" lon="121.5071743838545">
        <ele>3.99076094198972</ele>
        <time>2024-08-03T13:35:34Z</time>
        <extensions>
          <gpxtpx:TrackPointExtension>
            <gpxtpx:hr>157</gpxtpx:hr>
          </gpxtpx:TrackPointExtension>
        </extensions>
      </trkpt>
      <trkpt lat="38.82834638844174" lon="121.50719973132556">
        <ele>4.004168755374849</ele>
        <time>2024-08-03T13:35:35Z</time>
        <extensions>
          <gpxtpx:TrackPointExtension>
            <gpxtpx:hr>157</gpxtpx:hr>
          </gpxtpx:TrackPointExtension>
        </extensions>
      </trkpt>
      <trkpt lat="38.828342460032346" lon="121.5072248961395">
        <ele>3.993779401294887</ele>
        <time>2024-08-03T13:35:36Z</time>
        <extensions>
          <gpxtpx:TrackPointExtension>
            <gpxtpx:hr>156</gpxtpx:hr>
          </gpxtpx:TrackPointExtension>
        </extensions>
      </trkpt>
      <trkpt lat="38.82833764239001" lon="121.50724997233216">
        <ele>3.9873374961316586</ele>
        <time>2024-08-03T13:35:37Z</time>
        <extensions>
          <gpxtpx:TrackPointExtension>
            <gpxtpx:hr>156</gpxtpx:hr>
          </gpxtpx:TrackPointExtension>
        </extensions>
      </trkpt>
      <trkpt lat="38.828331884969394" lon="121.50727534069622">
        <ele>3.9764236100018024</ele>
        <time>2024-08-03T13:35:38Z</time>
        <extensions>
          <gpxtpx:TrackPointExtension>
            <gpxtpx:hr>156</gpxtpx:hr>
          </gpxtpx:TrackPointExtension>
        </extensions>
      </trkpt>
      <trkpt lat="38.82832490676279" lon="121.5073007323383">
        <ele>3.948290198110044</ele>
        <time>2024-08-03T13:35:39Z</time>
        <extensions>
          <gpxtpx:TrackPointExtension>
            <gpxtpx:hr>156</gpxtpx:hr>
          </gpxtpx:TrackPointExtension>
        </extensions>
      </trkpt>
      <trkpt lat="38.82831726219209" lon="121.50732612491468">
        <ele>3.90204656124115</ele>
        <time>2024-08-03T13:35:40Z</time>
        <extensions>
          <gpxtpx:TrackPointExtension>
            <gpxtpx:hr>156</gpxtpx:hr>
          </gpxtpx:TrackPointExtension>
        </extensions>
      </trkpt>
      <trkpt lat="38.828309572123544" lon="121.50735198620713">
        <ele>3.8365685557946563</ele>
        <time>2024-08-03T13:35:41Z</time>
        <extensions>
          <gpxtpx:TrackPointExtension>
            <gpxtpx:hr>156</gpxtpx:hr>
          </gpxtpx:TrackPointExtension>
        </extensions>
      </trkpt>
      <trkpt lat="38.828301718997345" lon="121.50737819021296">
        <ele>3.758812092244625</ele>
        <time>2024-08-03T13:35:42Z</time>
        <extensions>
          <gpxtpx:TrackPointExtension>
            <gpxtpx:hr>156</gpxtpx:hr>
          </gpxtpx:TrackPointExtension>
        </extensions>
      </trkpt>
      <trkpt lat="38.82829337384084" lon="121.5074041938025">
        <ele>3.6672100350260735</ele>
        <time>2024-08-03T13:35:43Z</time>
        <extensions>
          <gpxtpx:TrackPointExtension>
            <gpxtpx:hr>156</gpxtpx:hr>
          </gpxtpx:TrackPointExtension>
        </extensions>
      </trkpt>
      <trkpt lat="38.82828403188023" lon="121.50742964121322">
        <ele>3.576300885528326</ele>
        <time>2024-08-03T13:35:44Z</time>
        <extensions>
          <gpxtpx:TrackPointExtension>
            <gpxtpx:hr>156</gpxtpx:hr>
          </gpxtpx:TrackPointExtension>
        </extensions>
      </trkpt>
      <trkpt lat="38.828273837346956" lon="121.50745493071749">
        <ele>3.4902194384485483</ele>
        <time>2024-08-03T13:35:45Z</time>
        <extensions>
          <gpxtpx:TrackPointExtension>
            <gpxtpx:hr>156</gpxtpx:hr>
          </gpxtpx:TrackPointExtension>
        </extensions>
      </trkpt>
      <trkpt lat="38.82826357550206" lon="121.50748063917885">
        <ele>3.4122791420668364</ele>
        <time>2024-08-03T13:35:46Z</time>
        <extensions>
          <gpxtpx:TrackPointExtension>
            <gpxtpx:hr>156</gpxtpx:hr>
          </gpxtpx:TrackPointExtension>
        </extensions>
      </trkpt>
      <trkpt lat="38.82825372109449" lon="121.50750654425289">
        <ele>3.3373597599565983</ele>
        <time>2024-08-03T13:35:47Z</time>
        <extensions>
          <gpxtpx:TrackPointExtension>
            <gpxtpx:hr>157</gpxtpx:hr>
          </gpxtpx:TrackPointExtension>
        </extensions>
      </trkpt>
      <trkpt lat="38.828244122437376" lon="121.50753240333056">
        <ele>3.2593989511951804</ele>
        <time>2024-08-03T13:35:48Z</time>
        <extensions>
          <gpxtpx:TrackPointExtension>
            <gpxtpx:hr>157</gpxtpx:hr>
          </gpxtpx:TrackPointExtension>
        </extensions>
      </trkpt>
      <trkpt lat="38.828233471841976" lon="121.50755774853837">
        <ele>3.1843026196584105</ele>
        <time>2024-08-03T13:35:49Z</time>
        <extensions>
          <gpxtpx:TrackPointExtension>
            <gpxtpx:hr>157</gpxtpx:hr>
          </gpxtpx:TrackPointExtension>
        </extensions>
      </trkpt>
      <trkpt lat="38.828221321471815" lon="121.50758282946386">
        <ele>3.1328838700428605</ele>
        <time>2024-08-03T13:35:50Z</time>
        <extensions>
          <gpxtpx:TrackPointExtension>
            <gpxtpx:hr>157</gpxtpx:hr>
          </gpxtpx:TrackPointExtension>
        </extensions>
      </trkpt>
      <trkpt lat="38.82820811195269" lon="121.50760808914801">
        <ele>3.0762213692069054</ele>
        <time>2024-08-03T13:35:51Z</time>
        <extensions>
          <gpxtpx:TrackPointExtension>
            <gpxtpx:hr>157</gpxtpx:hr>
          </gpxtpx:TrackPointExtension>
        </extensions>
      </trkpt>
      <trkpt lat="38.82819397465391" lon="121.50763228156342">
        <ele>3.043428583070636</ele>
        <time>2024-08-03T13:35:52Z</time>
        <extensions>
          <gpxtpx:TrackPointExtension>
            <gpxtpx:hr>157</gpxtpx:hr>
          </gpxtpx:TrackPointExtension>
        </extensions>
      </trkpt>
      <trkpt lat="38.82817911311773" lon="121.50765439061988">
        <ele>3.025340656749904</ele>
        <time>2024-08-03T13:35:53Z</time>
        <extensions>
          <gpxtpx:TrackPointExtension>
            <gpxtpx:hr>157</gpxtpx:hr>
          </gpxtpx:TrackPointExtension>
        </extensions>
      </trkpt>
      <trkpt lat="38.82816365846502" lon="121.50767522791232">
        <ele>3.0129018304869533</ele>
        <time>2024-08-03T13:35:54Z</time>
        <extensions>
          <gpxtpx:TrackPointExtension>
            <gpxtpx:hr>157</gpxtpx:hr>
          </gpxtpx:TrackPointExtension>
        </extensions>
      </trkpt>
      <trkpt lat="38.828147518009594" lon="121.50769504953878">
        <ele>3.004956101998687</ele>
        <time>2024-08-03T13:35:55Z</time>
        <extensions>
          <gpxtpx:TrackPointExtension>
            <gpxtpx:hr>157</gpxtpx:hr>
          </gpxtpx:TrackPointExtension>
        </extensions>
      </trkpt>
      <trkpt lat="38.828130640167544" lon="121.50771330693823">
        <ele>3.021386582404375</ele>
        <time>2024-08-03T13:35:56Z</time>
        <extensions>
          <gpxtpx:TrackPointExtension>
            <gpxtpx:hr>157</gpxtpx:hr>
          </gpxtpx:TrackPointExtension>
        </extensions>
      </trkpt>
      <trkpt lat="38.82811317812629" lon="121.50773073773989">
        <ele>3.0294157695025206</ele>
        <time>2024-08-03T13:35:57Z</time>
        <extensions>
          <gpxtpx:TrackPointExtension>
            <gpxtpx:hr>157</gpxtpx:hr>
          </gpxtpx:TrackPointExtension>
        </extensions>
      </trkpt>
      <trkpt lat="38.82809532965763" lon="121.50774838660048">
        <ele>3.054672524333</ele>
        <time>2024-08-03T13:35:58Z</time>
        <extensions>
          <gpxtpx:TrackPointExtension>
            <gpxtpx:hr>157</gpxtpx:hr>
          </gpxtpx:TrackPointExtension>
        </extensions>
      </trkpt>
      <trkpt lat="38.82807732726785" lon="121.5077661014857">
        <ele>3.0853638844564557</ele>
        <time>2024-08-03T13:35:59Z</time>
        <extensions>
          <gpxtpx:TrackPointExtension>
            <gpxtpx:hr>157</gpxtpx:hr>
          </gpxtpx:TrackPointExtension>
        </extensions>
      </trkpt>
      <trkpt lat="38.8280595097833" lon="121.50778377736584">
        <ele>3.0865450222045183</ele>
        <time>2024-08-03T13:36:00Z</time>
        <extensions>
          <gpxtpx:TrackPointExtension>
            <gpxtpx:hr>157</gpxtpx:hr>
          </gpxtpx:TrackPointExtension>
        </extensions>
      </trkpt>
      <trkpt lat="38.828042551924284" lon="121.50780230824348">
        <ele>3.095619900152087</ele>
        <time>2024-08-03T13:36:01Z</time>
        <extensions>
          <gpxtpx:TrackPointExtension>
            <gpxtpx:hr>158</gpxtpx:hr>
          </gpxtpx:TrackPointExtension>
        </extensions>
      </trkpt>
      <trkpt lat="38.828026215637536" lon="121.50782095787085">
        <ele>3.106508420780301</ele>
        <time>2024-08-03T13:36:02Z</time>
        <extensions>
          <gpxtpx:TrackPointExtension>
            <gpxtpx:hr>158</gpxtpx:hr>
          </gpxtpx:TrackPointExtension>
        </extensions>
      </trkpt>
      <trkpt lat="38.828009474354566" lon="121.50783850260414">
        <ele>3.115874116308987</ele>
        <time>2024-08-03T13:36:03Z</time>
        <extensions>
          <gpxtpx:TrackPointExtension>
            <gpxtpx:hr>158</gpxtpx:hr>
          </gpxtpx:TrackPointExtension>
        </extensions>
      </trkpt>
      <trkpt lat="38.82799209847903" lon="121.50785566706287">
        <ele>3.132091660052538</ele>
        <time>2024-08-03T13:36:04Z</time>
        <extensions>
          <gpxtpx:TrackPointExtension>
            <gpxtpx:hr>158</gpxtpx:hr>
          </gpxtpx:TrackPointExtension>
        </extensions>
      </trkpt>
      <trkpt lat="38.827973602028585" lon="121.50787211902885">
        <ele>3.141957161948085</ele>
        <time>2024-08-03T13:36:05Z</time>
        <extensions>
          <gpxtpx:TrackPointExtension>
            <gpxtpx:hr>158</gpxtpx:hr>
          </gpxtpx:TrackPointExtension>
        </extensions>
      </trkpt>
      <trkpt lat="38.827953291348024" lon="121.50788613544506">
        <ele>3.145662642084062</ele>
        <time>2024-08-03T13:36:06Z</time>
        <extensions>
          <gpxtpx:TrackPointExtension>
            <gpxtpx:hr>155</gpxtpx:hr>
          </gpxtpx:TrackPointExtension>
        </extensions>
      </trkpt>
      <trkpt lat="38.8279322687721" lon="121.50789836269414">
        <ele>3.139270323328674</ele>
        <time>2024-08-03T13:36:07Z</time>
        <extensions>
          <gpxtpx:TrackPointExtension>
            <gpxtpx:hr>155</gpxtpx:hr>
          </gpxtpx:TrackPointExtension>
        </extensions>
      </trkpt>
      <trkpt lat="38.82791194230195" lon="121.50791076837811">
        <ele>3.1388294426724315</ele>
        <time>2024-08-03T13:36:08Z</time>
        <extensions>
          <gpxtpx:TrackPointExtension>
            <gpxtpx:hr>155</gpxtpx:hr>
          </gpxtpx:TrackPointExtension>
        </extensions>
      </trkpt>
      <trkpt lat="38.8278925175669" lon="121.50792334422084">
        <ele>3.1386322835460305</ele>
        <time>2024-08-03T13:36:09Z</time>
        <extensions>
          <gpxtpx:TrackPointExtension>
            <gpxtpx:hr>155</gpxtpx:hr>
          </gpxtpx:TrackPointExtension>
        </extensions>
      </trkpt>
      <trkpt lat="38.82787364781456" lon="121.50793561536683">
        <ele>3.129166977480054</ele>
        <time>2024-08-03T13:36:10Z</time>
        <extensions>
          <gpxtpx:TrackPointExtension>
            <gpxtpx:hr>155</gpxtpx:hr>
          </gpxtpx:TrackPointExtension>
        </extensions>
      </trkpt>
      <trkpt lat="38.827855056047085" lon="121.50794835383614">
        <ele>3.1295747300609946</ele>
        <time>2024-08-03T13:36:11Z</time>
        <extensions>
          <gpxtpx:TrackPointExtension>
            <gpxtpx:hr>155</gpxtpx:hr>
          </gpxtpx:TrackPointExtension>
        </extensions>
      </trkpt>
      <trkpt lat="38.82783633090613" lon="121.50796109818485">
        <ele>3.141858576796949</ele>
        <time>2024-08-03T13:36:12Z</time>
        <extensions>
          <gpxtpx:TrackPointExtension>
            <gpxtpx:hr>153</gpxtpx:hr>
          </gpxtpx:TrackPointExtension>
        </extensions>
      </trkpt>
      <trkpt lat="38.827816821305916" lon="121.5079722377981">
        <ele>3.1625361246988177</ele>
        <time>2024-08-03T13:36:13Z</time>
        <extensions>
          <gpxtpx:TrackPointExtension>
            <gpxtpx:hr>153</gpxtpx:hr>
          </gpxtpx:TrackPointExtension>
        </extensions>
      </trkpt>
      <trkpt lat="38.82779694571834" lon="121.50798252947052">
        <ele>3.1871618181467056</ele>
        <time>2024-08-03T13:36:14Z</time>
        <extensions>
          <gpxtpx:TrackPointExtension>
            <gpxtpx:hr>153</gpxtpx:hr>
          </gpxtpx:TrackPointExtension>
        </extensions>
      </trkpt>
      <trkpt lat="38.82777804780821" lon="121.50799399705794">
        <ele>3.211918574757874</ele>
        <time>2024-08-03T13:36:15Z</time>
        <extensions>
          <gpxtpx:TrackPointExtension>
            <gpxtpx:hr>153</gpxtpx:hr>
          </gpxtpx:TrackPointExtension>
        </extensions>
      </trkpt>
      <trkpt lat="38.82776011334652" lon="121.50800660413587">
        <ele>3.2495278008282185</ele>
        <time>2024-08-03T13:36:16Z</time>
        <extensions>
          <gpxtpx:TrackPointExtension>
            <gpxtpx:hr>153</gpxtpx:hr>
          </gpxtpx:TrackPointExtension>
        </extensions>
      </trkpt>
      <trkpt lat="38.827742409553515" lon="121.50801958583281">
        <ele>3.276856410317123</ele>
        <time>2024-08-03T13:36:17Z</time>
        <extensions>
          <gpxtpx:TrackPointExtension>
            <gpxtpx:hr>153</gpxtpx:hr>
          </gpxtpx:TrackPointExtension>
        </extensions>
      </trkpt>
      <trkpt lat="38.827724462937574" lon="121.50803247437253">
        <ele>3.301369745284319</ele>
        <time>2024-08-03T13:36:18Z</time>
        <extensions>
          <gpxtpx:TrackPointExtension>
            <gpxtpx:hr>153</gpxtpx:hr>
          </gpxtpx:TrackPointExtension>
        </extensions>
      </trkpt>
      <trkpt lat="38.82770634441141" lon="121.50804484784499">
        <ele>3.3272851249203086</ele>
        <time>2024-08-03T13:36:19Z</time>
        <extensions>
          <gpxtpx:TrackPointExtension>
            <gpxtpx:hr>153</gpxtpx:hr>
          </gpxtpx:TrackPointExtension>
        </extensions>
      </trkpt>
      <trkpt lat="38.827688376508526" lon="121.50805654589428">
        <ele>3.3575287694111466</ele>
        <time>2024-08-03T13:36:20Z</time>
        <extensions>
          <gpxtpx:TrackPointExtension>
            <gpxtpx:hr>153</gpxtpx:hr>
          </gpxtpx:TrackPointExtension>
        </extensions>
      </trkpt>
      <trkpt lat="38.82767059954762" lon="121.50806853971734">
        <ele>3.384792996570468</ele>
        <time>2024-08-03T13:36:21Z</time>
        <extensions>
          <gpxtpx:TrackPointExtension>
            <gpxtpx:hr>153</gpxtpx:hr>
          </gpxtpx:TrackPointExtension>
        </extensions>
      </trkpt>
      <trkpt lat="38.8276526216106" lon="121.50808103704478">
        <ele>3.411721808835864</ele>
        <time>2024-08-03T13:36:22Z</time>
        <extensions>
          <gpxtpx:TrackPointExtension>
            <gpxtpx:hr>153</gpxtpx:hr>
          </gpxtpx:TrackPointExtension>
        </extensions>
      </trkpt>
      <trkpt lat="38.827633270456154" lon="121.50809158019158">
        <ele>3.4323221063241363</ele>
        <time>2024-08-03T13:36:23Z</time>
        <extensions>
          <gpxtpx:TrackPointExtension>
            <gpxtpx:hr>156</gpxtpx:hr>
          </gpxtpx:TrackPointExtension>
        </extensions>
      </trkpt>
      <trkpt lat="38.82761203390502" lon="121.50809852509889">
        <ele>3.4465044233947992</ele>
        <time>2024-08-03T13:36:24Z</time>
        <extensions>
          <gpxtpx:TrackPointExtension>
            <gpxtpx:hr>156</gpxtpx:hr>
          </gpxtpx:TrackPointExtension>
        </extensions>
      </trkpt>
      <trkpt lat="38.82758995467515" lon="121.5081030191527">
        <ele>3.4459114093333483</ele>
        <time>2024-08-03T13:36:25Z</time>
        <extensions>
          <gpxtpx:TrackPointExtension>
            <gpxtpx:hr>156</gpxtpx:hr>
          </gpxtpx:TrackPointExtension>
        </extensions>
      </trkpt>
      <trkpt lat="38.827567923624926" lon="121.50810671466552">
        <ele>3.437920620664954</ele>
        <time>2024-08-03T13:36:26Z</time>
        <extensions>
          <gpxtpx:TrackPointExtension>
            <gpxtpx:hr>156</gpxtpx:hr>
          </gpxtpx:TrackPointExtension>
        </extensions>
      </trkpt>
      <trkpt lat="38.827546177301954" lon="121.5081104444281">
        <ele>3.418492119759321</ele>
        <time>2024-08-03T13:36:27Z</time>
        <extensions>
          <gpxtpx:TrackPointExtension>
            <gpxtpx:hr>156</gpxtpx:hr>
          </gpxtpx:TrackPointExtension>
        </extensions>
      </trkpt>
      <trkpt lat="38.82752511489299" lon="121.50811511333097">
        <ele>3.386268412694335</ele>
        <time>2024-08-03T13:36:28Z</time>
        <extensions>
          <gpxtpx:TrackPointExtension>
            <gpxtpx:hr>156</gpxtpx:hr>
          </gpxtpx:TrackPointExtension>
        </extensions>
      </trkpt>
      <trkpt lat="38.82750476544615" lon="121.50812049354698">
        <ele>3.3378081833943725</ele>
        <time>2024-08-03T13:36:29Z</time>
        <extensions>
          <gpxtpx:TrackPointExtension>
            <gpxtpx:hr>156</gpxtpx:hr>
          </gpxtpx:TrackPointExtension>
        </extensions>
      </trkpt>
      <trkpt lat="38.82748498050378" lon="121.50812490295908">
        <ele>3.2843091962859035</ele>
        <time>2024-08-03T13:36:30Z</time>
        <extensions>
          <gpxtpx:TrackPointExtension>
            <gpxtpx:hr>156</gpxtpx:hr>
          </gpxtpx:TrackPointExtension>
        </extensions>
      </trkpt>
      <trkpt lat="38.82746511850864" lon="121.50812838751467">
        <ele>3.2206721073016524</ele>
        <time>2024-08-03T13:36:31Z</time>
        <extensions>
          <gpxtpx:TrackPointExtension>
            <gpxtpx:hr>156</gpxtpx:hr>
          </gpxtpx:TrackPointExtension>
        </extensions>
      </trkpt>
      <trkpt lat="38.82744415318273" lon="121.50813227161616">
        <ele>3.1582775013521314</ele>
        <time>2024-08-03T13:36:32Z</time>
        <extensions>
          <gpxtpx:TrackPointExtension>
            <gpxtpx:hr>156</gpxtpx:hr>
          </gpxtpx:TrackPointExtension>
        </extensions>
      </trkpt>
      <trkpt lat="38.82742246065804" lon="121.50813623700154">
        <ele>3.09459419734776</ele>
        <time>2024-08-03T13:36:33Z</time>
        <extensions>
          <gpxtpx:TrackPointExtension>
            <gpxtpx:hr>156</gpxtpx:hr>
          </gpxtpx:TrackPointExtension>
        </extensions>
      </trkpt>
      <trkpt lat="38.82740117536462" lon="121.5081389787563">
        <ele>3.025120076723397</ele>
        <time>2024-08-03T13:36:34Z</time>
        <extensions>
          <gpxtpx:TrackPointExtension>
            <gpxtpx:hr>156</gpxtpx:hr>
          </gpxtpx:TrackPointExtension>
        </extensions>
      </trkpt>
      <trkpt lat="38.827380491861014" lon="121.50814028761462">
        <ele>2.942622714675963</ele>
        <time>2024-08-03T13:36:35Z</time>
        <extensions>
          <gpxtpx:TrackPointExtension>
            <gpxtpx:hr>156</gpxtpx:hr>
          </gpxtpx:TrackPointExtension>
        </extensions>
      </trkpt>
      <trkpt lat="38.82735980691549" lon="121.50814211799025">
        <ele>2.8772367192432284</ele>
        <time>2024-08-03T13:36:36Z</time>
        <extensions>
          <gpxtpx:TrackPointExtension>
            <gpxtpx:hr>156</gpxtpx:hr>
          </gpxtpx:TrackPointExtension>
        </extensions>
      </trkpt>
      <trkpt lat="38.82733904106359" lon="121.50814560082648">
        <ele>2.7922846162691712</ele>
        <time>2024-08-03T13:36:37Z</time>
        <extensions>
          <gpxtpx:TrackPointExtension>
            <gpxtpx:hr>162</gpxtpx:hr>
          </gpxtpx:TrackPointExtension>
        </extensions>
      </trkpt>
      <trkpt lat="38.82731830773913" lon="121.50815057525803">
        <ele>2.7250065561383963</ele>
        <time>2024-08-03T13:36:38Z</time>
        <extensions>
          <gpxtpx:TrackPointExtension>
            <gpxtpx:hr>162</gpxtpx:hr>
          </gpxtpx:TrackPointExtension>
        </extensions>
      </trkpt>
      <trkpt lat="38.82729735192213" lon="121.50815714004396">
        <ele>2.6717299427837133</ele>
        <time>2024-08-03T13:36:39Z</time>
        <extensions>
          <gpxtpx:TrackPointExtension>
            <gpxtpx:hr>162</gpxtpx:hr>
          </gpxtpx:TrackPointExtension>
        </extensions>
      </trkpt>
      <trkpt lat="38.827275942577444" lon="121.50816429990373">
        <ele>2.63142501283437</ele>
        <time>2024-08-03T13:36:40Z</time>
        <extensions>
          <gpxtpx:TrackPointExtension>
            <gpxtpx:hr>162</gpxtpx:hr>
          </gpxtpx:TrackPointExtension>
        </extensions>
      </trkpt>
      <trkpt lat="38.82725432804902" lon="121.50816968788142">
        <ele>2.600210598669946</ele>
        <time>2024-08-03T13:36:41Z</time>
        <extensions>
          <gpxtpx:TrackPointExtension>
            <gpxtpx:hr>162</gpxtpx:hr>
          </gpxtpx:TrackPointExtension>
        </extensions>
      </trkpt>
      <trkpt lat="38.827232682174326" lon="121.50817275829093">
        <ele>2.5864527923986316</ele>
        <time>2024-08-03T13:36:42Z</time>
        <extensions>
          <gpxtpx:TrackPointExtension>
            <gpxtpx:hr>162</gpxtpx:hr>
          </gpxtpx:TrackPointExtension>
        </extensions>
      </trkpt>
      <trkpt lat="38.82721084036658" lon="121.50817451107828">
        <ele>2.575503023341298</ele>
        <time>2024-08-03T13:36:43Z</time>
        <extensions>
          <gpxtpx:TrackPointExtension>
            <gpxtpx:hr>162</gpxtpx:hr>
          </gpxtpx:TrackPointExtension>
        </extensions>
      </trkpt>
      <trkpt lat="38.82718910285564" lon="121.50817635580673">
        <ele>2.575338838621974</ele>
        <time>2024-08-03T13:36:44Z</time>
        <extensions>
          <gpxtpx:TrackPointExtension>
            <gpxtpx:hr>162</gpxtpx:hr>
          </gpxtpx:TrackPointExtension>
        </extensions>
      </trkpt>
      <trkpt lat="38.82716754009565" lon="121.50817994811658">
        <ele>2.592144683934748</ele>
        <time>2024-08-03T13:36:45Z</time>
        <extensions>
          <gpxtpx:TrackPointExtension>
            <gpxtpx:hr>162</gpxtpx:hr>
          </gpxtpx:TrackPointExtension>
        </extensions>
      </trkpt>
      <trkpt lat="38.8271458762133" lon="121.50818657986265">
        <ele>2.6197211910039186</ele>
        <time>2024-08-03T13:36:46Z</time>
        <extensions>
          <gpxtpx:TrackPointExtension>
            <gpxtpx:hr>162</gpxtpx:hr>
          </gpxtpx:TrackPointExtension>
        </extensions>
      </trkpt>
      <trkpt lat="38.827124942869126" lon="121.5081957753051">
        <ele>2.6467918660491705</ele>
        <time>2024-08-03T13:36:47Z</time>
        <extensions>
          <gpxtpx:TrackPointExtension>
            <gpxtpx:hr>162</gpxtpx:hr>
          </gpxtpx:TrackPointExtension>
        </extensions>
      </trkpt>
      <trkpt lat="38.827105439137085" lon="121.5082065593144">
        <ele>2.6789292758330703</ele>
        <time>2024-08-03T13:36:48Z</time>
        <extensions>
          <gpxtpx:TrackPointExtension>
            <gpxtpx:hr>162</gpxtpx:hr>
          </gpxtpx:TrackPointExtension>
        </extensions>
      </trkpt>
      <trkpt lat="38.82708675619754" lon="121.50821953908451">
        <ele>2.714351358823478</ele>
        <time>2024-08-03T13:36:49Z</time>
        <extensions>
          <gpxtpx:TrackPointExtension>
            <gpxtpx:hr>162</gpxtpx:hr>
          </gpxtpx:TrackPointExtension>
        </extensions>
      </trkpt>
      <trkpt lat="38.827068616263794" lon="121.50823485059227">
        <ele>2.761464260518551</ele>
        <time>2024-08-03T13:36:50Z</time>
        <extensions>
          <gpxtpx:TrackPointExtension>
            <gpxtpx:hr>162</gpxtpx:hr>
          </gpxtpx:TrackPointExtension>
        </extensions>
      </trkpt>
      <trkpt lat="38.82705120661131" lon="121.50825040750837">
        <ele>2.8137042112648487</ele>
        <time>2024-08-03T13:36:51Z</time>
        <extensions>
          <gpxtpx:TrackPointExtension>
            <gpxtpx:hr>163</gpxtpx:hr>
          </gpxtpx:TrackPointExtension>
        </extensions>
      </trkpt>
      <trkpt lat="38.82703415693919" lon="121.50826492283807">
        <ele>2.864945181645453</ele>
        <time>2024-08-03T13:36:52Z</time>
        <extensions>
          <gpxtpx:TrackPointExtension>
            <gpxtpx:hr>163</gpxtpx:hr>
          </gpxtpx:TrackPointExtension>
        </extensions>
      </trkpt>
      <trkpt lat="38.827017466667705" lon="121.50828030314429">
        <ele>2.9021570226177573</ele>
        <time>2024-08-03T13:36:53Z</time>
        <extensions>
          <gpxtpx:TrackPointExtension>
            <gpxtpx:hr>163</gpxtpx:hr>
          </gpxtpx:TrackPointExtension>
        </extensions>
      </trkpt>
      <trkpt lat="38.82700180972429" lon="121.50829750100579">
        <ele>2.9189129350706935</ele>
        <time>2024-08-03T13:36:54Z</time>
        <extensions>
          <gpxtpx:TrackPointExtension>
            <gpxtpx:hr>163</gpxtpx:hr>
          </gpxtpx:TrackPointExtension>
        </extensions>
      </trkpt>
      <trkpt lat="38.826987473676105" lon="121.50831583967124">
        <ele>2.9470234932377934</ele>
        <time>2024-08-03T13:36:55Z</time>
        <extensions>
          <gpxtpx:TrackPointExtension>
            <gpxtpx:hr>163</gpxtpx:hr>
          </gpxtpx:TrackPointExtension>
        </extensions>
      </trkpt>
      <trkpt lat="38.82697383492326" lon="121.50833485814108">
        <ele>2.9680501176044345</ele>
        <time>2024-08-03T13:36:56Z</time>
        <extensions>
          <gpxtpx:TrackPointExtension>
            <gpxtpx:hr>163</gpxtpx:hr>
          </gpxtpx:TrackPointExtension>
        </extensions>
      </trkpt>
      <trkpt lat="38.826960639914056" lon="121.5083543617392">
        <ele>2.9596381103619933</ele>
        <time>2024-08-03T13:36:57Z</time>
        <extensions>
          <gpxtpx:TrackPointExtension>
            <gpxtpx:hr>163</gpxtpx:hr>
          </gpxtpx:TrackPointExtension>
        </extensions>
      </trkpt>
      <trkpt lat="38.82694790029355" lon="121.50837361553346">
        <ele>2.950591647066176</ele>
        <time>2024-08-03T13:36:58Z</time>
        <extensions>
          <gpxtpx:TrackPointExtension>
            <gpxtpx:hr>163</gpxtpx:hr>
          </gpxtpx:TrackPointExtension>
        </extensions>
      </trkpt>
      <trkpt lat="38.826935706634025" lon="121.5083928885032">
        <ele>2.9128222092986107</ele>
        <time>2024-08-03T13:36:59Z</time>
        <extensions>
          <gpxtpx:TrackPointExtension>
            <gpxtpx:hr>163</gpxtpx:hr>
          </gpxtpx:TrackPointExtension>
        </extensions>
      </trkpt>
      <trkpt lat="38.82692429158721" lon="121.50841346263653">
        <ele>2.875498070381582</ele>
        <time>2024-08-03T13:37:00Z</time>
        <extensions>
          <gpxtpx:TrackPointExtension>
            <gpxtpx:hr>163</gpxtpx:hr>
          </gpxtpx:TrackPointExtension>
        </extensions>
      </trkpt>
      <trkpt lat="38.826913929272" lon="121.50843567040623">
        <ele>2.8337715808302164</ele>
        <time>2024-08-03T13:37:01Z</time>
        <extensions>
          <gpxtpx:TrackPointExtension>
            <gpxtpx:hr>163</gpxtpx:hr>
          </gpxtpx:TrackPointExtension>
        </extensions>
      </trkpt>
      <trkpt lat="38.82690441137784" lon="121.5084590927189">
        <ele>2.777400172315538</ele>
        <time>2024-08-03T13:37:02Z</time>
        <extensions>
          <gpxtpx:TrackPointExtension>
            <gpxtpx:hr>163</gpxtpx:hr>
          </gpxtpx:TrackPointExtension>
        </extensions>
      </trkpt>
      <trkpt lat="38.82689526919198" lon="121.50848289705534">
        <ele>2.7301702331751585</ele>
        <time>2024-08-03T13:37:03Z</time>
        <extensions>
          <gpxtpx:TrackPointExtension>
            <gpxtpx:hr>163</gpxtpx:hr>
          </gpxtpx:TrackPointExtension>
        </extensions>
      </trkpt>
      <trkpt lat="38.82688646191781" lon="121.50850586784927">
        <ele>2.6932916520163417</ele>
        <time>2024-08-03T13:37:04Z</time>
        <extensions>
          <gpxtpx:TrackPointExtension>
            <gpxtpx:hr>163</gpxtpx:hr>
          </gpxtpx:TrackPointExtension>
        </extensions>
      </trkpt>
      <trkpt lat="38.82687844958238" lon="121.50852756383682">
        <ele>2.6426433753222227</ele>
        <time>2024-08-03T13:37:05Z</time>
        <extensions>
          <gpxtpx:TrackPointExtension>
            <gpxtpx:hr>163</gpxtpx:hr>
          </gpxtpx:TrackPointExtension>
        </extensions>
      </trkpt>
      <trkpt lat="38.82687192909221" lon="121.50854910468145">
        <ele>2.6001706114038825</ele>
        <time>2024-08-03T13:37:06Z</time>
        <extensions>
          <gpxtpx:TrackPointExtension>
            <gpxtpx:hr>164</gpxtpx:hr>
          </gpxtpx:TrackPointExtension>
        </extensions>
      </trkpt>
      <trkpt lat="38.82686611851338" lon="121.50857123831206">
        <ele>2.567392469383776</ele>
        <time>2024-08-03T13:37:07Z</time>
        <extensions>
          <gpxtpx:TrackPointExtension>
            <gpxtpx:hr>164</gpxtpx:hr>
          </gpxtpx:TrackPointExtension>
        </extensions>
      </trkpt>
      <trkpt lat="38.82685949410312" lon="121.50859359272128">
        <ele>2.523330776952207</ele>
        <time>2024-08-03T13:37:08Z</time>
        <extensions>
          <gpxtpx:TrackPointExtension>
            <gpxtpx:hr>164</gpxtpx:hr>
          </gpxtpx:TrackPointExtension>
        </extensions>
      </trkpt>
      <trkpt lat="38.82685247919574" lon="121.50861678387042">
        <ele>2.5040567591786385</ele>
        <time>2024-08-03T13:37:09Z</time>
        <extensions>
          <gpxtpx:TrackPointExtension>
            <gpxtpx:hr>164</gpxtpx:hr>
          </gpxtpx:TrackPointExtension>
        </extensions>
      </trkpt>
      <trkpt lat="38.826845953931155" lon="121.50864213337267">
        <ele>2.5078979348763824</ele>
        <time>2024-08-03T13:37:10Z</time>
        <extensions>
          <gpxtpx:TrackPointExtension>
            <gpxtpx:hr>164</gpxtpx:hr>
          </gpxtpx:TrackPointExtension>
        </extensions>
      </trkpt>
      <trkpt lat="38.826840410623106" lon="121.50866961902277">
        <ele>2.5034769037738442</ele>
        <time>2024-08-03T13:37:11Z</time>
        <extensions>
          <gpxtpx:TrackPointExtension>
            <gpxtpx:hr>164</gpxtpx:hr>
          </gpxtpx:TrackPointExtension>
        </extensions>
      </trkpt>
      <trkpt lat="38.826835874272625" lon="121.50869798154129">
        <ele>2.507603262551129</ele>
        <time>2024-08-03T13:37:12Z</time>
        <extensions>
          <gpxtpx:TrackPointExtension>
            <gpxtpx:hr>164</gpxtpx:hr>
          </gpxtpx:TrackPointExtension>
        </extensions>
      </trkpt>
      <trkpt lat="38.82683214811197" lon="121.50872655726852">
        <ele>2.5371821131557226</ele>
        <time>2024-08-03T13:37:13Z</time>
        <extensions>
          <gpxtpx:TrackPointExtension>
            <gpxtpx:hr>164</gpxtpx:hr>
          </gpxtpx:TrackPointExtension>
        </extensions>
      </trkpt>
      <trkpt lat="38.82682916636795" lon="121.50875509717746">
        <ele>2.5638301484286785</ele>
        <time>2024-08-03T13:37:14Z</time>
        <extensions>
          <gpxtpx:TrackPointExtension>
            <gpxtpx:hr>164</gpxtpx:hr>
          </gpxtpx:TrackPointExtension>
        </extensions>
      </trkpt>
      <trkpt lat="38.82682621721124" lon="121.50878321964339">
        <ele>2.6026282720267773</ele>
        <time>2024-08-03T13:37:15Z</time>
        <extensions>
          <gpxtpx:TrackPointExtension>
            <gpxtpx:hr>164</gpxtpx:hr>
          </gpxtpx:TrackPointExtension>
        </extensions>
      </trkpt>
      <trkpt lat="38.826823635194394" lon="121.50881123698322">
        <ele>2.644976989366114</ele>
        <time>2024-08-03T13:37:16Z</time>
        <extensions>
          <gpxtpx:TrackPointExtension>
            <gpxtpx:hr>164</gpxtpx:hr>
          </gpxtpx:TrackPointExtension>
        </extensions>
      </trkpt>
      <trkpt lat="38.82682243053412" lon="121.50883970455536">
        <ele>2.6808361439034343</ele>
        <time>2024-08-03T13:37:17Z</time>
        <extensions>
          <gpxtpx:TrackPointExtension>
            <gpxtpx:hr>165</gpxtpx:hr>
          </gpxtpx:TrackPointExtension>
        </extensions>
      </trkpt>
      <trkpt lat="38.826821944677214" lon="121.50886789555665">
        <ele>2.7249509673565626</ele>
        <time>2024-08-03T13:37:18Z</time>
        <extensions>
          <gpxtpx:TrackPointExtension>
            <gpxtpx:hr>165</gpxtpx:hr>
          </gpxtpx:TrackPointExtension>
        </extensions>
      </trkpt>
      <trkpt lat="38.82682114501396" lon="121.5088949875426">
        <ele>2.762147895991802</ele>
        <time>2024-08-03T13:37:19Z</time>
        <extensions>
          <gpxtpx:TrackPointExtension>
            <gpxtpx:hr>165</gpxtpx:hr>
          </gpxtpx:TrackPointExtension>
        </extensions>
      </trkpt>
      <trkpt lat="38.82682058014689" lon="121.50892127175446">
        <ele>2.801403522491455</ele>
        <time>2024-08-03T13:37:20Z</time>
        <extensions>
          <gpxtpx:TrackPointExtension>
            <gpxtpx:hr>165</gpxtpx:hr>
          </gpxtpx:TrackPointExtension>
        </extensions>
      </trkpt>
      <trkpt lat="38.8268210626065" lon="121.50894714232525">
        <ele>2.8428121395409107</ele>
        <time>2024-08-03T13:37:21Z</time>
        <extensions>
          <gpxtpx:TrackPointExtension>
            <gpxtpx:hr>165</gpxtpx:hr>
          </gpxtpx:TrackPointExtension>
        </extensions>
      </trkpt>
      <trkpt lat="38.82682247632053" lon="121.50897269778227">
        <ele>2.887004810385406</ele>
        <time>2024-08-03T13:37:22Z</time>
        <extensions>
          <gpxtpx:TrackPointExtension>
            <gpxtpx:hr>165</gpxtpx:hr>
          </gpxtpx:TrackPointExtension>
        </extensions>
      </trkpt>
      <trkpt lat="38.826824773774234" lon="121.50899844898412">
        <ele>2.90351212117821</ele>
        <time>2024-08-03T13:37:23Z</time>
        <extensions>
          <gpxtpx:TrackPointExtension>
            <gpxtpx:hr>165</gpxtpx:hr>
          </gpxtpx:TrackPointExtension>
        </extensions>
      </trkpt>
      <trkpt lat="38.82682797423555" lon="121.50902462417609">
        <ele>2.908468632027507</ele>
        <time>2024-08-03T13:37:24Z</time>
        <extensions>
          <gpxtpx:TrackPointExtension>
            <gpxtpx:hr>165</gpxtpx:hr>
          </gpxtpx:TrackPointExtension>
        </extensions>
      </trkpt>
      <trkpt lat="38.82683100906067" lon="121.50905095720019">
        <ele>2.9222549498081207</ele>
        <time>2024-08-03T13:37:25Z</time>
        <extensions>
          <gpxtpx:TrackPointExtension>
            <gpxtpx:hr>165</gpxtpx:hr>
          </gpxtpx:TrackPointExtension>
        </extensions>
      </trkpt>
      <trkpt lat="38.82683322607275" lon="121.50907766118101">
        <ele>2.9289417834952474</ele>
        <time>2024-08-03T13:37:26Z</time>
        <extensions>
          <gpxtpx:TrackPointExtension>
            <gpxtpx:hr>166</gpxtpx:hr>
          </gpxtpx:TrackPointExtension>
        </extensions>
      </trkpt>
      <trkpt lat="38.82683546759058" lon="121.50910479424812">
        <ele>2.9273416930809617</ele>
        <time>2024-08-03T13:37:27Z</time>
        <extensions>
          <gpxtpx:TrackPointExtension>
            <gpxtpx:hr>166</gpxtpx:hr>
          </gpxtpx:TrackPointExtension>
        </extensions>
      </trkpt>
      <trkpt lat="38.82683804408224" lon="121.50913156005221">
        <ele>2.943148909136653</ele>
        <time>2024-08-03T13:37:28Z</time>
        <extensions>
          <gpxtpx:TrackPointExtension>
            <gpxtpx:hr>166</gpxtpx:hr>
          </gpxtpx:TrackPointExtension>
        </extensions>
      </trkpt>
      <trkpt lat="38.82684080980008" lon="121.50915810278649">
        <ele>2.933648221194744</ele>
        <time>2024-08-03T13:37:29Z</time>
        <extensions>
          <gpxtpx:TrackPointExtension>
            <gpxtpx:hr>166</gpxtpx:hr>
          </gpxtpx:TrackPointExtension>
        </extensions>
      </trkpt>
      <trkpt lat="38.826844063982755" lon="121.50918518049815">
        <ele>2.919095851480961</ele>
        <time>2024-08-03T13:37:30Z</time>
        <extensions>
          <gpxtpx:TrackPointExtension>
            <gpxtpx:hr>166</gpxtpx:hr>
          </gpxtpx:TrackPointExtension>
        </extensions>
      </trkpt>
      <trkpt lat="38.82684747488029" lon="121.50921244367738">
        <ele>2.909317133948207</ele>
        <time>2024-08-03T13:37:31Z</time>
        <extensions>
          <gpxtpx:TrackPointExtension>
            <gpxtpx:hr>166</gpxtpx:hr>
          </gpxtpx:TrackPointExtension>
        </extensions>
      </trkpt>
      <trkpt lat="38.82685076272957" lon="121.5092395786981">
        <ele>2.8843699637800455</ele>
        <time>2024-08-03T13:37:32Z</time>
        <extensions>
          <gpxtpx:TrackPointExtension>
            <gpxtpx:hr>167</gpxtpx:hr>
          </gpxtpx:TrackPointExtension>
        </extensions>
      </trkpt>
      <trkpt lat="38.82685474679263" lon="121.50926666123443">
        <ele>2.8683817544952035</ele>
        <time>2024-08-03T13:37:33Z</time>
        <extensions>
          <gpxtpx:TrackPointExtension>
            <gpxtpx:hr>167</gpxtpx:hr>
          </gpxtpx:TrackPointExtension>
        </extensions>
      </trkpt>
      <trkpt lat="38.826859580721134" lon="121.50929309868208">
        <ele>2.861267247237265</ele>
        <time>2024-08-03T13:37:34Z</time>
        <extensions>
          <gpxtpx:TrackPointExtension>
            <gpxtpx:hr>167</gpxtpx:hr>
          </gpxtpx:TrackPointExtension>
        </extensions>
      </trkpt>
      <trkpt lat="38.82686430882985" lon="121.50931875565568">
        <ele>2.852729592472315</ele>
        <time>2024-08-03T13:37:35Z</time>
        <extensions>
          <gpxtpx:TrackPointExtension>
            <gpxtpx:hr>167</gpxtpx:hr>
          </gpxtpx:TrackPointExtension>
        </extensions>
      </trkpt>
      <trkpt lat="38.82686826862019" lon="121.5093444999516">
        <ele>2.862787889316678</ele>
        <time>2024-08-03T13:37:36Z</time>
        <extensions>
          <gpxtpx:TrackPointExtension>
            <gpxtpx:hr>167</gpxtpx:hr>
          </gpxtpx:TrackPointExtension>
        </extensions>
      </trkpt>
      <trkpt lat="38.82687097970967" lon="121.50937073523357">
        <ele>2.8826747089624405</ele>
        <time>2024-08-03T13:37:37Z</time>
        <extensions>
          <gpxtpx:TrackPointExtension>
            <gpxtpx:hr>167</gpxtpx:hr>
          </gpxtpx:TrackPointExtension>
        </extensions>
      </trkpt>
      <trkpt lat="38.82687212915507" lon="121.50939725209491">
        <ele>2.93322941288352</ele>
        <time>2024-08-03T13:37:38Z</time>
        <extensions>
          <gpxtpx:TrackPointExtension>
            <gpxtpx:hr>167</gpxtpx:hr>
          </gpxtpx:TrackPointExtension>
        </extensions>
      </trkpt>
      <trkpt lat="38.82687329463728" lon="121.50942410837713">
        <ele>2.971127649769187</ele>
        <time>2024-08-03T13:37:39Z</time>
        <extensions>
          <gpxtpx:TrackPointExtension>
            <gpxtpx:hr>167</gpxtpx:hr>
          </gpxtpx:TrackPointExtension>
        </extensions>
      </trkpt>
      <trkpt lat="38.82687572906423" lon="121.50945150828635">
        <ele>3.0030489498749375</ele>
        <time>2024-08-03T13:37:40Z</time>
        <extensions>
          <gpxtpx:TrackPointExtension>
            <gpxtpx:hr>167</gpxtpx:hr>
          </gpxtpx:TrackPointExtension>
        </extensions>
      </trkpt>
      <trkpt lat="38.826878765141075" lon="121.50947902903255">
        <ele>3.043259609490633</ele>
        <time>2024-08-03T13:37:41Z</time>
        <extensions>
          <gpxtpx:TrackPointExtension>
            <gpxtpx:hr>167</gpxtpx:hr>
          </gpxtpx:TrackPointExtension>
        </extensions>
      </trkpt>
      <trkpt lat="38.82688144054889" lon="121.50950633395867">
        <ele>3.096737924963236</ele>
        <time>2024-08-03T13:37:42Z</time>
        <extensions>
          <gpxtpx:TrackPointExtension>
            <gpxtpx:hr>167</gpxtpx:hr>
          </gpxtpx:TrackPointExtension>
        </extensions>
      </trkpt>
      <trkpt lat="38.826882903345535" lon="121.50953355921763">
        <ele>3.1545266397297382</ele>
        <time>2024-08-03T13:37:43Z</time>
        <extensions>
          <gpxtpx:TrackPointExtension>
            <gpxtpx:hr>167</gpxtpx:hr>
          </gpxtpx:TrackPointExtension>
        </extensions>
      </trkpt>
      <trkpt lat="38.8268822067801" lon="121.50956031167975">
        <ele>3.2055208943784237</ele>
        <time>2024-08-03T13:37:44Z</time>
        <extensions>
          <gpxtpx:TrackPointExtension>
            <gpxtpx:hr>167</gpxtpx:hr>
          </gpxtpx:TrackPointExtension>
        </extensions>
      </trkpt>
      <trkpt lat="38.82687966889458" lon="121.5095862454198">
        <ele>3.2477001883089542</ele>
        <time>2024-08-03T13:37:45Z</time>
        <extensions>
          <gpxtpx:TrackPointExtension>
            <gpxtpx:hr>167</gpxtpx:hr>
          </gpxtpx:TrackPointExtension>
        </extensions>
      </trkpt>
      <trkpt lat="38.82687619106234" lon="121.50961195451892">
        <ele>3.2999418657273054</ele>
        <time>2024-08-03T13:37:46Z</time>
        <extensions>
          <gpxtpx:TrackPointExtension>
            <gpxtpx:hr>167</gpxtpx:hr>
          </gpxtpx:TrackPointExtension>
        </extensions>
      </trkpt>
      <trkpt lat="38.82687233097712" lon="121.50963760403124">
        <ele>3.35068641230464</ele>
        <time>2024-08-03T13:37:47Z</time>
        <extensions>
          <gpxtpx:TrackPointExtension>
            <gpxtpx:hr>167</gpxtpx:hr>
          </gpxtpx:TrackPointExtension>
        </extensions>
      </trkpt>
      <trkpt lat="38.82686851289703" lon="121.50966302359897">
        <ele>3.394256175495684</ele>
        <time>2024-08-03T13:37:48Z</time>
        <extensions>
          <gpxtpx:TrackPointExtension>
            <gpxtpx:hr>167</gpxtpx:hr>
          </gpxtpx:TrackPointExtension>
        </extensions>
      </trkpt>
      <trkpt lat="38.82686499617452" lon="121.50968886112992">
        <ele>3.4106187457218766</ele>
        <time>2024-08-03T13:37:49Z</time>
        <extensions>
          <gpxtpx:TrackPointExtension>
            <gpxtpx:hr>167</gpxtpx:hr>
          </gpxtpx:TrackPointExtension>
        </extensions>
      </trkpt>
      <trkpt lat="38.826861649848276" lon="121.50971498811101">
        <ele>3.4135028142482042</ele>
        <time>2024-08-03T13:37:50Z</time>
        <extensions>
          <gpxtpx:TrackPointExtension>
            <gpxtpx:hr>167</gpxtpx:hr>
          </gpxtpx:TrackPointExtension>
        </extensions>
      </trkpt>
      <trkpt lat="38.82685775628288" lon="121.50974015421434">
        <ele>3.4026020001620054</ele>
        <time>2024-08-03T13:37:51Z</time>
        <extensions>
          <gpxtpx:TrackPointExtension>
            <gpxtpx:hr>167</gpxtpx:hr>
          </gpxtpx:TrackPointExtension>
        </extensions>
      </trkpt>
      <trkpt lat="38.826852338089424" lon="121.50976427713827">
        <ele>3.389593780040741</ele>
        <time>2024-08-03T13:37:52Z</time>
        <extensions>
          <gpxtpx:TrackPointExtension>
            <gpxtpx:hr>167</gpxtpx:hr>
          </gpxtpx:TrackPointExtension>
        </extensions>
      </trkpt>
      <trkpt lat="38.82684506148979" lon="121.5097882448973">
        <ele>3.3638630006462336</ele>
        <time>2024-08-03T13:37:53Z</time>
        <extensions>
          <gpxtpx:TrackPointExtension>
            <gpxtpx:hr>167</gpxtpx:hr>
          </gpxtpx:TrackPointExtension>
        </extensions>
      </trkpt>
      <trkpt lat="38.826836714997626" lon="121.50981214976952">
        <ele>3.3440111288800836</ele>
        <time>2024-08-03T13:37:54Z</time>
        <extensions>
          <gpxtpx:TrackPointExtension>
            <gpxtpx:hr>167</gpxtpx:hr>
          </gpxtpx:TrackPointExtension>
        </extensions>
      </trkpt>
      <trkpt lat="38.826827820424086" lon="121.50983553661972">
        <ele>3.317812994122505</ele>
        <time>2024-08-03T13:37:55Z</time>
        <extensions>
          <gpxtpx:TrackPointExtension>
            <gpxtpx:hr>167</gpxtpx:hr>
          </gpxtpx:TrackPointExtension>
        </extensions>
      </trkpt>
      <trkpt lat="38.826817965485276" lon="121.50985824406952">
        <ele>3.2740216804668307</ele>
        <time>2024-08-03T13:37:56Z</time>
        <extensions>
          <gpxtpx:TrackPointExtension>
            <gpxtpx:hr>166</gpxtpx:hr>
          </gpxtpx:TrackPointExtension>
        </extensions>
      </trkpt>
      <trkpt lat="38.82680663179239" lon="121.5098800902045">
        <ele>3.2168889762833714</ele>
        <time>2024-08-03T13:37:57Z</time>
        <extensions>
          <gpxtpx:TrackPointExtension>
            <gpxtpx:hr>166</gpxtpx:hr>
          </gpxtpx:TrackPointExtension>
        </extensions>
      </trkpt>
      <trkpt lat="38.82679394315836" lon="121.50990126815465">
        <ele>3.170412164181471</ele>
        <time>2024-08-03T13:37:58Z</time>
        <extensions>
          <gpxtpx:TrackPointExtension>
            <gpxtpx:hr>166</gpxtpx:hr>
          </gpxtpx:TrackPointExtension>
        </extensions>
      </trkpt>
      <trkpt lat="38.82678058610706" lon="121.50992209085919">
        <ele>3.119362084195018</ele>
        <time>2024-08-03T13:37:59Z</time>
        <extensions>
          <gpxtpx:TrackPointExtension>
            <gpxtpx:hr>166</gpxtpx:hr>
          </gpxtpx:TrackPointExtension>
        </extensions>
      </trkpt>
      <trkpt lat="38.82676763492302" lon="121.50994320427284">
        <ele>3.0672383811324835</ele>
        <time>2024-08-03T13:38:00Z</time>
        <extensions>
          <gpxtpx:TrackPointExtension>
            <gpxtpx:hr>166</gpxtpx:hr>
          </gpxtpx:TrackPointExtension>
        </extensions>
      </trkpt>
      <trkpt lat="38.82675495424155" lon="121.50996481809621">
        <ele>3.027190290391445</ele>
        <time>2024-08-03T13:38:01Z</time>
        <extensions>
          <gpxtpx:TrackPointExtension>
            <gpxtpx:hr>166</gpxtpx:hr>
          </gpxtpx:TrackPointExtension>
        </extensions>
      </trkpt>
      <trkpt lat="38.82674199944943" lon="121.50998702101063">
        <ele>2.971119187772274</ele>
        <time>2024-08-03T13:38:02Z</time>
        <extensions>
          <gpxtpx:TrackPointExtension>
            <gpxtpx:hr>166</gpxtpx:hr>
          </gpxtpx:TrackPointExtension>
        </extensions>
      </trkpt>
      <trkpt lat="38.8267286679382" lon="121.51000979861385">
        <ele>2.9243671847507358</ele>
        <time>2024-08-03T13:38:03Z</time>
        <extensions>
          <gpxtpx:TrackPointExtension>
            <gpxtpx:hr>166</gpxtpx:hr>
          </gpxtpx:TrackPointExtension>
        </extensions>
      </trkpt>
      <trkpt lat="38.82671454573126" lon="121.51003208941448">
        <ele>2.8809828041121364</ele>
        <time>2024-08-03T13:38:04Z</time>
        <extensions>
          <gpxtpx:TrackPointExtension>
            <gpxtpx:hr>166</gpxtpx:hr>
          </gpxtpx:TrackPointExtension>
        </extensions>
      </trkpt>
      <trkpt lat="38.82669961332427" lon="121.51005360607049">
        <ele>2.8493713587522507</ele>
        <time>2024-08-03T13:38:05Z</time>
        <extensions>
          <gpxtpx:TrackPointExtension>
            <gpxtpx:hr>166</gpxtpx:hr>
          </gpxtpx:TrackPointExtension>
        </extensions>
      </trkpt>
      <trkpt lat="38.82668444994128" lon="121.51007511004997">
        <ele>2.8070730147883296</ele>
        <time>2024-08-03T13:38:06Z</time>
        <extensions>
          <gpxtpx:TrackPointExtension>
            <gpxtpx:hr>167</gpxtpx:hr>
          </gpxtpx:TrackPointExtension>
        </extensions>
      </trkpt>
      <trkpt lat="38.826669486205645" lon="121.51009714352666">
        <ele>2.773543056100607</ele>
        <time>2024-08-03T13:38:07Z</time>
        <extensions>
          <gpxtpx:TrackPointExtension>
            <gpxtpx:hr>167</gpxtpx:hr>
          </gpxtpx:TrackPointExtension>
        </extensions>
      </trkpt>
      <trkpt lat="38.826654851796214" lon="121.5101194602766">
        <ele>2.7382212206721306</ele>
        <time>2024-08-03T13:38:08Z</time>
        <extensions>
          <gpxtpx:TrackPointExtension>
            <gpxtpx:hr>167</gpxtpx:hr>
          </gpxtpx:TrackPointExtension>
        </extensions>
      </trkpt>
      <trkpt lat="38.826640537022975" lon="121.5101413492685">
        <ele>2.695377863943577</ele>
        <time>2024-08-03T13:38:09Z</time>
        <extensions>
          <gpxtpx:TrackPointExtension>
            <gpxtpx:hr>167</gpxtpx:hr>
          </gpxtpx:TrackPointExtension>
        </extensions>
      </trkpt>
      <trkpt lat="38.826626443923374" lon="121.51016269982753">
        <ele>2.6530187306925654</ele>
        <time>2024-08-03T13:38:10Z</time>
        <extensions>
          <gpxtpx:TrackPointExtension>
            <gpxtpx:hr>167</gpxtpx:hr>
          </gpxtpx:TrackPointExtension>
        </extensions>
      </trkpt>
      <trkpt lat="38.8266123772233" lon="121.5101833465011">
        <ele>2.6155956760048866</ele>
        <time>2024-08-03T13:38:11Z</time>
        <extensions>
          <gpxtpx:TrackPointExtension>
            <gpxtpx:hr>167</gpxtpx:hr>
          </gpxtpx:TrackPointExtension>
        </extensions>
      </trkpt>
      <trkpt lat="38.82659824956643" lon="121.5102031356312">
        <ele>2.58081026840955</ele>
        <time>2024-08-03T13:38:12Z</time>
        <extensions>
          <gpxtpx:TrackPointExtension>
            <gpxtpx:hr>167</gpxtpx:hr>
          </gpxtpx:TrackPointExtension>
        </extensions>
      </trkpt>
      <trkpt lat="38.826584128938435" lon="121.51022295556551">
        <ele>2.553976086899638</ele>
        <time>2024-08-03T13:38:13Z</time>
        <extensions>
          <gpxtpx:TrackPointExtension>
            <gpxtpx:hr>167</gpxtpx:hr>
          </gpxtpx:TrackPointExtension>
        </extensions>
      </trkpt>
      <trkpt lat="38.8265703150511" lon="121.51024349934161">
        <ele>2.5316568994894624</ele>
        <time>2024-08-03T13:38:14Z</time>
        <extensions>
          <gpxtpx:TrackPointExtension>
            <gpxtpx:hr>167</gpxtpx:hr>
          </gpxtpx:TrackPointExtension>
        </extensions>
      </trkpt>
      <trkpt lat="38.82655685804375" lon="121.51026423543838">
        <ele>2.5131521988660097</ele>
        <time>2024-08-03T13:38:15Z</time>
        <extensions>
          <gpxtpx:TrackPointExtension>
            <gpxtpx:hr>167</gpxtpx:hr>
          </gpxtpx:TrackPointExtension>
        </extensions>
      </trkpt>
      <trkpt lat="38.82654327106652" lon="121.51028453752292">
        <ele>2.5043311966583133</ele>
        <time>2024-08-03T13:38:16Z</time>
        <extensions>
          <gpxtpx:TrackPointExtension>
            <gpxtpx:hr>167</gpxtpx:hr>
          </gpxtpx:TrackPointExtension>
        </extensions>
      </trkpt>
      <trkpt lat="38.826529074087006" lon="121.51030439899115">
        <ele>2.499249717220664</ele>
        <time>2024-08-03T13:38:17Z</time>
        <extensions>
          <gpxtpx:TrackPointExtension>
            <gpxtpx:hr>167</gpxtpx:hr>
          </gpxtpx:TrackPointExtension>
        </extensions>
      </trkpt>
      <trkpt lat="38.82651399383003" lon="121.51032309179618">
        <ele>2.4960713014006615</ele>
        <time>2024-08-03T13:38:18Z</time>
        <extensions>
          <gpxtpx:TrackPointExtension>
            <gpxtpx:hr>167</gpxtpx:hr>
          </gpxtpx:TrackPointExtension>
        </extensions>
      </trkpt>
      <trkpt lat="38.82649800643056" lon="121.51033957179645">
        <ele>2.4900663383305073</ele>
        <time>2024-08-03T13:38:19Z</time>
        <extensions>
          <gpxtpx:TrackPointExtension>
            <gpxtpx:hr>167</gpxtpx:hr>
          </gpxtpx:TrackPointExtension>
        </extensions>
      </trkpt>
      <trkpt lat="38.82648142324111" lon="121.51035483125058">
        <ele>2.4871483612805605</ele>
        <time>2024-08-03T13:38:20Z</time>
        <extensions>
          <gpxtpx:TrackPointExtension>
            <gpxtpx:hr>168</gpxtpx:hr>
          </gpxtpx:TrackPointExtension>
        </extensions>
      </trkpt>
      <trkpt lat="38.826464671929685" lon="121.51037052063913">
        <ele>2.4853479843586683</ele>
        <time>2024-08-03T13:38:21Z</time>
        <extensions>
          <gpxtpx:TrackPointExtension>
            <gpxtpx:hr>168</gpxtpx:hr>
          </gpxtpx:TrackPointExtension>
        </extensions>
      </trkpt>
      <trkpt lat="38.82644745848385" lon="121.51038559749222">
        <ele>2.4928537076339126</ele>
        <time>2024-08-03T13:38:22Z</time>
        <extensions>
          <gpxtpx:TrackPointExtension>
            <gpxtpx:hr>168</gpxtpx:hr>
          </gpxtpx:TrackPointExtension>
        </extensions>
      </trkpt>
      <trkpt lat="38.82642922742272" lon="121.51039839020366">
        <ele>2.509057321585715</ele>
        <time>2024-08-03T13:38:23Z</time>
        <extensions>
          <gpxtpx:TrackPointExtension>
            <gpxtpx:hr>168</gpxtpx:hr>
          </gpxtpx:TrackPointExtension>
        </extensions>
      </trkpt>
      <trkpt lat="38.82641012802868" lon="121.51040937212642">
        <ele>2.5204416792839766</ele>
        <time>2024-08-03T13:38:24Z</time>
        <extensions>
          <gpxtpx:TrackPointExtension>
            <gpxtpx:hr>168</gpxtpx:hr>
          </gpxtpx:TrackPointExtension>
        </extensions>
      </trkpt>
      <trkpt lat="38.82639047850316" lon="121.51041870184883">
        <ele>2.526357808150351</ele>
        <time>2024-08-03T13:38:25Z</time>
        <extensions>
          <gpxtpx:TrackPointExtension>
            <gpxtpx:hr>168</gpxtpx:hr>
          </gpxtpx:TrackPointExtension>
        </extensions>
      </trkpt>
      <trkpt lat="38.82637063430213" lon="121.51042628422975">
        <ele>2.554589523933828</ele>
        <time>2024-08-03T13:38:26Z</time>
        <extensions>
          <gpxtpx:TrackPointExtension>
            <gpxtpx:hr>168</gpxtpx:hr>
          </gpxtpx:TrackPointExtension>
        </extensions>
      </trkpt>
      <trkpt lat="38.82635079502726" lon="121.51043295450721">
        <ele>2.571810661815107</ele>
        <time>2024-08-03T13:38:27Z</time>
        <extensions>
          <gpxtpx:TrackPointExtension>
            <gpxtpx:hr>168</gpxtpx:hr>
          </gpxtpx:TrackPointExtension>
        </extensions>
      </trkpt>
      <trkpt lat="38.82633078124495" lon="121.51043964071602">
        <ele>2.5859103612601757</ele>
        <time>2024-08-03T13:38:28Z</time>
        <extensions>
          <gpxtpx:TrackPointExtension>
            <gpxtpx:hr>168</gpxtpx:hr>
          </gpxtpx:TrackPointExtension>
        </extensions>
      </trkpt>
      <trkpt lat="38.82631065175828" lon="121.5104467476793">
        <ele>2.601080126129091</ele>
        <time>2024-08-03T13:38:29Z</time>
        <extensions>
          <gpxtpx:TrackPointExtension>
            <gpxtpx:hr>168</gpxtpx:hr>
          </gpxtpx:TrackPointExtension>
        </extensions>
      </trkpt>
      <trkpt lat="38.8262907908025" lon="121.51045431680882">
        <ele>2.627626190893352</ele>
        <time>2024-08-03T13:38:30Z</time>
        <extensions>
          <gpxtpx:TrackPointExtension>
            <gpxtpx:hr>168</gpxtpx:hr>
          </gpxtpx:TrackPointExtension>
        </extensions>
      </trkpt>
      <trkpt lat="38.82627093389273" lon="121.51046223978476">
        <ele>2.6553395446389914</ele>
        <time>2024-08-03T13:38:31Z</time>
        <extensions>
          <gpxtpx:TrackPointExtension>
            <gpxtpx:hr>168</gpxtpx:hr>
          </gpxtpx:TrackPointExtension>
        </extensions>
      </trkpt>
      <trkpt lat="38.82625091235681" lon="121.5104700646636">
        <ele>2.6615545684471726</ele>
        <time>2024-08-03T13:38:32Z</time>
        <extensions>
          <gpxtpx:TrackPointExtension>
            <gpxtpx:hr>168</gpxtpx:hr>
          </gpxtpx:TrackPointExtension>
        </extensions>
      </trkpt>
      <trkpt lat="38.826230994260754" lon="121.51047751774502">
        <ele>2.657805516384542</ele>
        <time>2024-08-03T13:38:33Z</time>
        <extensions>
          <gpxtpx:TrackPointExtension>
            <gpxtpx:hr>168</gpxtpx:hr>
          </gpxtpx:TrackPointExtension>
        </extensions>
      </trkpt>
      <trkpt lat="38.82621102731864" lon="121.5104852754986">
        <ele>2.6706903679296374</ele>
        <time>2024-08-03T13:38:34Z</time>
        <extensions>
          <gpxtpx:TrackPointExtension>
            <gpxtpx:hr>168</gpxtpx:hr>
          </gpxtpx:TrackPointExtension>
        </extensions>
      </trkpt>
      <trkpt lat="38.82619071399343" lon="121.51049336345801">
        <ele>2.6629457799717784</ele>
        <time>2024-08-03T13:38:35Z</time>
        <extensions>
          <gpxtpx:TrackPointExtension>
            <gpxtpx:hr>168</gpxtpx:hr>
          </gpxtpx:TrackPointExtension>
        </extensions>
      </trkpt>
      <trkpt lat="38.82617017624544" lon="121.51050065197023">
        <ele>2.65047365706414</ele>
        <time>2024-08-03T13:38:36Z</time>
        <extensions>
          <gpxtpx:TrackPointExtension>
            <gpxtpx:hr>168</gpxtpx:hr>
          </gpxtpx:TrackPointExtension>
        </extensions>
      </trkpt>
      <trkpt lat="38.82615038799098" lon="121.51050593861059">
        <ele>2.633666784502566</ele>
        <time>2024-08-03T13:38:37Z</time>
        <extensions>
          <gpxtpx:TrackPointExtension>
            <gpxtpx:hr>168</gpxtpx:hr>
          </gpxtpx:TrackPointExtension>
        </extensions>
      </trkpt>
      <trkpt lat="38.826131293852484" lon="121.51050904990083">
        <ele>2.594281643629074</ele>
        <time>2024-08-03T13:38:38Z</time>
        <extensions>
          <gpxtpx:TrackPointExtension>
            <gpxtpx:hr>168</gpxtpx:hr>
          </gpxtpx:TrackPointExtension>
        </extensions>
      </trkpt>
      <trkpt lat="38.82611234171467" lon="121.51051053817933">
        <ele>2.549056652933359</ele>
        <time>2024-08-03T13:38:39Z</time>
        <extensions>
          <gpxtpx:TrackPointExtension>
            <gpxtpx:hr>168</gpxtpx:hr>
          </gpxtpx:TrackPointExtension>
        </extensions>
      </trkpt>
      <trkpt lat="38.826093608769355" lon="121.51051166799671">
        <ele>2.5247156312689185</ele>
        <time>2024-08-03T13:38:40Z</time>
        <extensions>
          <gpxtpx:TrackPointExtension>
            <gpxtpx:hr>168</gpxtpx:hr>
          </gpxtpx:TrackPointExtension>
        </extensions>
      </trkpt>
      <trkpt lat="38.826075475684505" lon="121.51051379092259">
        <ele>2.492136826738715</ele>
        <time>2024-08-03T13:38:41Z</time>
        <extensions>
          <gpxtpx:TrackPointExtension>
            <gpxtpx:hr>168</gpxtpx:hr>
          </gpxtpx:TrackPointExtension>
        </extensions>
      </trkpt>
      <trkpt lat="38.826058418348474" lon="121.51051806539819">
        <ele>2.447219291701913</ele>
        <time>2024-08-03T13:38:42Z</time>
        <extensions>
          <gpxtpx:TrackPointExtension>
            <gpxtpx:hr>168</gpxtpx:hr>
          </gpxtpx:TrackPointExtension>
        </extensions>
      </trkpt>
      <trkpt lat="38.82604347610002" lon="121.51052451733939">
        <ele>2.407686182297766</ele>
        <time>2024-08-03T13:38:43Z</time>
        <extensions>
          <gpxtpx:TrackPointExtension>
            <gpxtpx:hr>168</gpxtpx:hr>
          </gpxtpx:TrackPointExtension>
        </extensions>
      </trkpt>
      <trkpt lat="38.82603244116472" lon="121.51053168360328">
        <ele>2.3596648825332522</ele>
        <time>2024-08-03T13:38:44Z</time>
        <extensions>
          <gpxtpx:TrackPointExtension>
            <gpxtpx:hr>168</gpxtpx:hr>
          </gpxtpx:TrackPointExtension>
        </extensions>
      </trkpt>
      <trkpt lat="38.82602833201103" lon="121.51053781436042">
        <ele>2.3363306941464543</ele>
        <time>2024-08-03T13:38:45Z</time>
        <extensions>
          <gpxtpx:TrackPointExtension>
            <gpxtpx:hr>168</gpxtpx:hr>
          </gpxtpx:TrackPointExtension>
        </extensions>
      </trkpt>
      <trkpt lat="38.82603342306801" lon="121.51053882778753">
        <ele>2.30626140255481</ele>
        <time>2024-08-03T13:38:46Z</time>
        <extensions>
          <gpxtpx:TrackPointExtension>
            <gpxtpx:hr>168</gpxtpx:hr>
          </gpxtpx:TrackPointExtension>
        </extensions>
      </trkpt>
      <trkpt lat="38.82604916837399" lon="121.51053226731727">
        <ele>2.2919808821752667</ele>
        <time>2024-08-03T13:38:47Z</time>
        <extensions>
          <gpxtpx:TrackPointExtension>
            <gpxtpx:hr>168</gpxtpx:hr>
          </gpxtpx:TrackPointExtension>
        </extensions>
      </trkpt>
      <trkpt lat="38.826073365086415" lon="121.51051951958736">
        <ele>2.2880976861342788</ele>
        <time>2024-08-03T13:38:48Z</time>
        <extensions>
          <gpxtpx:TrackPointExtension>
            <gpxtpx:hr>168</gpxtpx:hr>
          </gpxtpx:TrackPointExtension>
        </extensions>
      </trkpt>
      <trkpt lat="38.82609980531863" lon="121.51050304344102">
        <ele>2.2869633799418807</ele>
        <time>2024-08-03T13:38:49Z</time>
        <extensions>
          <gpxtpx:TrackPointExtension>
            <gpxtpx:hr>168</gpxtpx:hr>
          </gpxtpx:TrackPointExtension>
        </extensions>
      </trkpt>
      <trkpt lat="38.82612500950154" lon="121.51048637811859">
        <ele>2.286684026941657</ele>
        <time>2024-08-03T13:38:50Z</time>
        <extensions>
          <gpxtpx:TrackPointExtension>
            <gpxtpx:hr>168</gpxtpx:hr>
          </gpxtpx:TrackPointExtension>
        </extensions>
      </trkpt>
      <trkpt lat="38.82614845856847" lon="121.5104726591716">
        <ele>2.285725735127926</ele>
        <time>2024-08-03T13:38:51Z</time>
        <extensions>
          <gpxtpx:TrackPointExtension>
            <gpxtpx:hr>168</gpxtpx:hr>
          </gpxtpx:TrackPointExtension>
        </extensions>
      </trkpt>
      <trkpt lat="38.826170640730844" lon="121.51046237409892">
        <ele>2.291409756988287</ele>
        <time>2024-08-03T13:38:52Z</time>
        <extensions>
          <gpxtpx:TrackPointExtension>
            <gpxtpx:hr>168</gpxtpx:hr>
          </gpxtpx:TrackPointExtension>
        </extensions>
      </trkpt>
      <trkpt lat="38.826192307408675" lon="121.51045329406547">
        <ele>2.2980543123558164</ele>
        <time>2024-08-03T13:38:53Z</time>
        <extensions>
          <gpxtpx:TrackPointExtension>
            <gpxtpx:hr>168</gpxtpx:hr>
          </gpxtpx:TrackPointExtension>
        </extensions>
      </trkpt>
      <trkpt lat="38.82621375884336" lon="121.51044457603066">
        <ele>2.307577029801905</ele>
        <time>2024-08-03T13:38:54Z</time>
        <extensions>
          <gpxtpx:TrackPointExtension>
            <gpxtpx:hr>168</gpxtpx:hr>
          </gpxtpx:TrackPointExtension>
        </extensions>
      </trkpt>
      <trkpt lat="38.826235102425905" lon="121.51043652244395">
        <ele>2.3394452780485153</ele>
        <time>2024-08-03T13:38:55Z</time>
        <extensions>
          <gpxtpx:TrackPointExtension>
            <gpxtpx:hr>168</gpxtpx:hr>
          </gpxtpx:TrackPointExtension>
        </extensions>
      </trkpt>
      <trkpt lat="38.82625669706346" lon="121.51042858074932">
        <ele>2.3627157704904675</ele>
        <time>2024-08-03T13:38:56Z</time>
        <extensions>
          <gpxtpx:TrackPointExtension>
            <gpxtpx:hr>168</gpxtpx:hr>
          </gpxtpx:TrackPointExtension>
        </extensions>
      </trkpt>
      <trkpt lat="38.82627831568318" lon="121.51042078151589">
        <ele>2.402604268863797</ele>
        <time>2024-08-03T13:38:56Z</time>
        <extensions>
          <gpxtpx:TrackPointExtension>
            <gpxtpx:hr>169</gpxtpx:hr>
          </gpxtpx:TrackPointExtension>
        </extensions>
      </trkpt>
      <trkpt lat="38.82629965235309" lon="121.51041322235656">
        <ele>2.4401450054720044</ele>
        <time>2024-08-03T13:38:57Z</time>
        <extensions>
          <gpxtpx:TrackPointExtension>
            <gpxtpx:hr>169</gpxtpx:hr>
          </gpxtpx:TrackPointExtension>
        </extensions>
      </trkpt>
      <trkpt lat="38.826321277729654" lon="121.51040482760767">
        <ele>2.464458060450852</ele>
        <time>2024-08-03T13:38:58Z</time>
        <extensions>
          <gpxtpx:TrackPointExtension>
            <gpxtpx:hr>169</gpxtpx:hr>
          </gpxtpx:TrackPointExtension>
        </extensions>
      </trkpt>
      <trkpt lat="38.82634328650671" lon="121.51039527063078">
        <ele>2.494659353978932</ele>
        <time>2024-08-03T13:38:59Z</time>
        <extensions>
          <gpxtpx:TrackPointExtension>
            <gpxtpx:hr>169</gpxtpx:hr>
          </gpxtpx:TrackPointExtension>
        </extensions>
      </trkpt>
      <trkpt lat="38.82636460501695" lon="121.5103854562084">
        <ele>2.53456973657012</ele>
        <time>2024-08-03T13:39:00Z</time>
        <extensions>
          <gpxtpx:TrackPointExtension>
            <gpxtpx:hr>169</gpxtpx:hr>
          </gpxtpx:TrackPointExtension>
        </extensions>
      </trkpt>
      <trkpt lat="38.82638513854629" lon="121.51037555258915">
        <ele>2.5607290975749493</ele>
        <time>2024-08-03T13:39:01Z</time>
        <extensions>
          <gpxtpx:TrackPointExtension>
            <gpxtpx:hr>169</gpxtpx:hr>
          </gpxtpx:TrackPointExtension>
        </extensions>
      </trkpt>
      <trkpt lat="38.826405621502346" lon="121.51036502933937">
        <ele>2.5957994610071182</ele>
        <time>2024-08-03T13:39:02Z</time>
        <extensions>
          <gpxtpx:TrackPointExtension>
            <gpxtpx:hr>169</gpxtpx:hr>
          </gpxtpx:TrackPointExtension>
        </extensions>
      </trkpt>
      <trkpt lat="38.82642605027703" lon="121.51035447660283">
        <ele>2.6337398439645767</ele>
        <time>2024-08-03T13:39:03Z</time>
        <extensions>
          <gpxtpx:TrackPointExtension>
            <gpxtpx:hr>169</gpxtpx:hr>
          </gpxtpx:TrackPointExtension>
        </extensions>
      </trkpt>
      <trkpt lat="38.826445854429714" lon="121.51034382990612">
        <ele>2.6565234530717134</ele>
        <time>2024-08-03T13:39:04Z</time>
        <extensions>
          <gpxtpx:TrackPointExtension>
            <gpxtpx:hr>169</gpxtpx:hr>
          </gpxtpx:TrackPointExtension>
        </extensions>
      </trkpt>
      <trkpt lat="38.82646467562963" lon="121.51033157664827">
        <ele>2.6956204026937485</ele>
        <time>2024-08-03T13:39:05Z</time>
        <extensions>
          <gpxtpx:TrackPointExtension>
            <gpxtpx:hr>169</gpxtpx:hr>
          </gpxtpx:TrackPointExtension>
        </extensions>
      </trkpt>
      <trkpt lat="38.82648263445555" lon="121.51031744840125">
        <ele>2.7377452133223414</ele>
        <time>2024-08-03T13:39:06Z</time>
        <extensions>
          <gpxtpx:TrackPointExtension>
            <gpxtpx:hr>169</gpxtpx:hr>
          </gpxtpx:TrackPointExtension>
        </extensions>
      </trkpt>
      <trkpt lat="38.82650013990052" lon="121.51030235757771">
        <ele>2.7610159935429692</ele>
        <time>2024-08-03T13:39:07Z</time>
        <extensions>
          <gpxtpx:TrackPointExtension>
            <gpxtpx:hr>169</gpxtpx:hr>
          </gpxtpx:TrackPointExtension>
        </extensions>
      </trkpt>
      <trkpt lat="38.826517407853636" lon="121.51028604036213">
        <ele>2.806356872431934</ele>
        <time>2024-08-03T13:39:08Z</time>
        <extensions>
          <gpxtpx:TrackPointExtension>
            <gpxtpx:hr>169</gpxtpx:hr>
          </gpxtpx:TrackPointExtension>
        </extensions>
      </trkpt>
      <trkpt lat="38.826534067204584" lon="121.51026791337864">
        <ele>2.8425046652555466</ele>
        <time>2024-08-03T13:39:09Z</time>
        <extensions>
          <gpxtpx:TrackPointExtension>
            <gpxtpx:hr>170</gpxtpx:hr>
          </gpxtpx:TrackPointExtension>
        </extensions>
      </trkpt>
      <trkpt lat="38.826549654271076" lon="121.51024875913076">
        <ele>2.869822178967297</ele>
        <time>2024-08-03T13:39:10Z</time>
        <extensions>
          <gpxtpx:TrackPointExtension>
            <gpxtpx:hr>170</gpxtpx:hr>
          </gpxtpx:TrackPointExtension>
        </extensions>
      </trkpt>
      <trkpt lat="38.826564106980214" lon="121.51022869039795">
        <ele>2.8934919107705355</ele>
        <time>2024-08-03T13:39:11Z</time>
        <extensions>
          <gpxtpx:TrackPointExtension>
            <gpxtpx:hr>170</gpxtpx:hr>
          </gpxtpx:TrackPointExtension>
        </extensions>
      </trkpt>
      <trkpt lat="38.8265774586128" lon="121.51020688299097">
        <ele>2.912139036692679</ele>
        <time>2024-08-03T13:39:12Z</time>
        <extensions>
          <gpxtpx:TrackPointExtension>
            <gpxtpx:hr>170</gpxtpx:hr>
          </gpxtpx:TrackPointExtension>
        </extensions>
      </trkpt>
      <trkpt lat="38.826589838714405" lon="121.51018407532898">
        <ele>2.9238295136019588</ele>
        <time>2024-08-03T13:39:13Z</time>
        <extensions>
          <gpxtpx:TrackPointExtension>
            <gpxtpx:hr>170</gpxtpx:hr>
          </gpxtpx:TrackPointExtension>
        </extensions>
      </trkpt>
      <trkpt lat="38.82660224605386" lon="121.51016129735747">
        <ele>2.9583300119265914</ele>
        <time>2024-08-03T13:39:14Z</time>
        <extensions>
          <gpxtpx:TrackPointExtension>
            <gpxtpx:hr>170</gpxtpx:hr>
          </gpxtpx:TrackPointExtension>
        </extensions>
      </trkpt>
      <trkpt lat="38.82661535793253" lon="121.51013800888556">
        <ele>2.9805226577445865</ele>
        <time>2024-08-03T13:39:15Z</time>
        <extensions>
          <gpxtpx:TrackPointExtension>
            <gpxtpx:hr>172</gpxtpx:hr>
          </gpxtpx:TrackPointExtension>
        </extensions>
      </trkpt>
      <trkpt lat="38.8266286884858" lon="121.5101142194413">
        <ele>2.990485731512308</ele>
        <time>2024-08-03T13:39:16Z</time>
        <extensions>
          <gpxtpx:TrackPointExtension>
            <gpxtpx:hr>172</gpxtpx:hr>
          </gpxtpx:TrackPointExtension>
        </extensions>
      </trkpt>
      <trkpt lat="38.82664197948821" lon="121.51009090798642">
        <ele>3.0027622617781162</ele>
        <time>2024-08-03T13:39:17Z</time>
        <extensions>
          <gpxtpx:TrackPointExtension>
            <gpxtpx:hr>172</gpxtpx:hr>
          </gpxtpx:TrackPointExtension>
        </extensions>
      </trkpt>
      <trkpt lat="38.826655021070344" lon="121.51006768573096">
        <ele>3.0109228119254112</ele>
        <time>2024-08-03T13:39:18Z</time>
        <extensions>
          <gpxtpx:TrackPointExtension>
            <gpxtpx:hr>172</gpxtpx:hr>
          </gpxtpx:TrackPointExtension>
        </extensions>
      </trkpt>
      <trkpt lat="38.82666769540964" lon="121.51004419578226">
        <ele>3.0099546555429697</ele>
        <time>2024-08-03T13:39:19Z</time>
        <extensions>
          <gpxtpx:TrackPointExtension>
            <gpxtpx:hr>172</gpxtpx:hr>
          </gpxtpx:TrackPointExtension>
        </extensions>
      </trkpt>
      <trkpt lat="38.82668038911605" lon="121.51002124723136">
        <ele>3.000005411915481</ele>
        <time>2024-08-03T13:39:20Z</time>
        <extensions>
          <gpxtpx:TrackPointExtension>
            <gpxtpx:hr>172</gpxtpx:hr>
          </gpxtpx:TrackPointExtension>
        </extensions>
      </trkpt>
      <trkpt lat="38.826693122658206" lon="121.5099983875029">
        <ele>2.970878099091351</ele>
        <time>2024-08-03T13:39:21Z</time>
        <extensions>
          <gpxtpx:TrackPointExtension>
            <gpxtpx:hr>172</gpxtpx:hr>
          </gpxtpx:TrackPointExtension>
        </extensions>
      </trkpt>
      <trkpt lat="38.82670563775241" lon="121.50997483995046">
        <ele>2.9394067777320743</ele>
        <time>2024-08-03T13:39:22Z</time>
        <extensions>
          <gpxtpx:TrackPointExtension>
            <gpxtpx:hr>173</gpxtpx:hr>
          </gpxtpx:TrackPointExtension>
        </extensions>
      </trkpt>
      <trkpt lat="38.826718100847614" lon="121.50995150985612">
        <ele>2.8970330599695444</ele>
        <time>2024-08-03T13:39:23Z</time>
        <extensions>
          <gpxtpx:TrackPointExtension>
            <gpxtpx:hr>173</gpxtpx:hr>
          </gpxtpx:TrackPointExtension>
        </extensions>
      </trkpt>
      <trkpt lat="38.82673073081814" lon="121.50992877907102">
        <ele>2.835439675487578</ele>
        <time>2024-08-03T13:39:24Z</time>
        <extensions>
          <gpxtpx:TrackPointExtension>
            <gpxtpx:hr>173</gpxtpx:hr>
          </gpxtpx:TrackPointExtension>
        </extensions>
      </trkpt>
      <trkpt lat="38.826742659339" lon="121.50990454456262">
        <ele>2.774527528323233</ele>
        <time>2024-08-03T13:39:25Z</time>
        <extensions>
          <gpxtpx:TrackPointExtension>
            <gpxtpx:hr>173</gpxtpx:hr>
          </gpxtpx:TrackPointExtension>
        </extensions>
      </trkpt>
      <trkpt lat="38.826753617729494" lon="121.5098785948937">
        <ele>2.729417928494513</ele>
        <time>2024-08-03T13:39:26Z</time>
        <extensions>
          <gpxtpx:TrackPointExtension>
            <gpxtpx:hr>173</gpxtpx:hr>
          </gpxtpx:TrackPointExtension>
        </extensions>
      </trkpt>
      <trkpt lat="38.82676463293648" lon="121.50985346918966">
        <ele>2.672081468626857</ele>
        <time>2024-08-03T13:39:27Z</time>
        <extensions>
          <gpxtpx:TrackPointExtension>
            <gpxtpx:hr>173</gpxtpx:hr>
          </gpxtpx:TrackPointExtension>
        </extensions>
      </trkpt>
      <trkpt lat="38.82677611820555" lon="121.50982954826873">
        <ele>2.6203454891219735</ele>
        <time>2024-08-03T13:39:28Z</time>
        <extensions>
          <gpxtpx:TrackPointExtension>
            <gpxtpx:hr>173</gpxtpx:hr>
          </gpxtpx:TrackPointExtension>
        </extensions>
      </trkpt>
      <trkpt lat="38.826787489081404" lon="121.50980603764022">
        <ele>2.5582401789724827</ele>
        <time>2024-08-03T13:39:29Z</time>
        <extensions>
          <gpxtpx:TrackPointExtension>
            <gpxtpx:hr>173</gpxtpx:hr>
          </gpxtpx:TrackPointExtension>
        </extensions>
      </trkpt>
      <trkpt lat="38.82679813708671" lon="121.509782727828">
        <ele>2.49359667301178</ele>
        <time>2024-08-03T13:39:30Z</time>
        <extensions>
          <gpxtpx:TrackPointExtension>
            <gpxtpx:hr>173</gpxtpx:hr>
          </gpxtpx:TrackPointExtension>
        </extensions>
      </trkpt>
      <trkpt lat="38.82680718104845" lon="121.50975802895644">
        <ele>2.437306685373187</ele>
        <time>2024-08-03T13:39:31Z</time>
        <extensions>
          <gpxtpx:TrackPointExtension>
            <gpxtpx:hr>173</gpxtpx:hr>
          </gpxtpx:TrackPointExtension>
        </extensions>
      </trkpt>
      <trkpt lat="38.826814171613165" lon="121.50973123159608">
        <ele>2.3864248311147094</ele>
        <time>2024-08-03T13:39:32Z</time>
        <extensions>
          <gpxtpx:TrackPointExtension>
            <gpxtpx:hr>173</gpxtpx:hr>
          </gpxtpx:TrackPointExtension>
        </extensions>
      </trkpt>
      <trkpt lat="38.82682061747522" lon="121.50970412090369">
        <ele>2.339063163846731</ele>
        <time>2024-08-03T13:39:33Z</time>
        <extensions>
          <gpxtpx:TrackPointExtension>
            <gpxtpx:hr>173</gpxtpx:hr>
          </gpxtpx:TrackPointExtension>
        </extensions>
      </trkpt>
      <trkpt lat="38.82682733805143" lon="121.50967786178107">
        <ele>2.2884329883381724</ele>
        <time>2024-08-03T13:39:34Z</time>
        <extensions>
          <gpxtpx:TrackPointExtension>
            <gpxtpx:hr>173</gpxtpx:hr>
          </gpxtpx:TrackPointExtension>
        </extensions>
      </trkpt>
      <trkpt lat="38.82683266199048" lon="121.50965183672066">
        <ele>2.258616318926215</ele>
        <time>2024-08-03T13:39:35Z</time>
        <extensions>
          <gpxtpx:TrackPointExtension>
            <gpxtpx:hr>173</gpxtpx:hr>
          </gpxtpx:TrackPointExtension>
        </extensions>
      </trkpt>
      <trkpt lat="38.82683586023962" lon="121.50962550903519">
        <ele>2.2406940339133143</ele>
        <time>2024-08-03T13:39:36Z</time>
        <extensions>
          <gpxtpx:TrackPointExtension>
            <gpxtpx:hr>173</gpxtpx:hr>
          </gpxtpx:TrackPointExtension>
        </extensions>
      </trkpt>
      <trkpt lat="38.826838385400215" lon="121.5095989770191">
        <ele>2.2189969224855304</ele>
        <time>2024-08-03T13:39:37Z</time>
        <extensions>
          <gpxtpx:TrackPointExtension>
            <gpxtpx:hr>173</gpxtpx:hr>
          </gpxtpx:TrackPointExtension>
        </extensions>
      </trkpt>
      <trkpt lat="38.82684097171415" lon="121.50957193302409">
        <ele>2.21530500613153</ele>
        <time>2024-08-03T13:39:38Z</time>
        <extensions>
          <gpxtpx:TrackPointExtension>
            <gpxtpx:hr>173</gpxtpx:hr>
          </gpxtpx:TrackPointExtension>
        </extensions>
      </trkpt>
      <trkpt lat="38.82684352781948" lon="121.5095441614448">
        <ele>2.2194613153114915</ele>
        <time>2024-08-03T13:39:39Z</time>
        <extensions>
          <gpxtpx:TrackPointExtension>
            <gpxtpx:hr>173</gpxtpx:hr>
          </gpxtpx:TrackPointExtension>
        </extensions>
      </trkpt>
      <trkpt lat="38.82684626931463" lon="121.50951620180052">
        <ele>2.215453906916082</ele>
        <time>2024-08-03T13:39:40Z</time>
        <extensions>
          <gpxtpx:TrackPointExtension>
            <gpxtpx:hr>173</gpxtpx:hr>
          </gpxtpx:TrackPointExtension>
        </extensions>
      </trkpt>
      <trkpt lat="38.82684861008806" lon="121.50948840199894">
        <ele>2.226005420088768</ele>
        <time>2024-08-03T13:39:41Z</time>
        <extensions>
          <gpxtpx:TrackPointExtension>
            <gpxtpx:hr>173</gpxtpx:hr>
          </gpxtpx:TrackPointExtension>
        </extensions>
      </trkpt>
      <trkpt lat="38.8268496626674" lon="121.50946043670082">
        <ele>2.243064775131643</ele>
        <time>2024-08-03T13:39:42Z</time>
        <extensions>
          <gpxtpx:TrackPointExtension>
            <gpxtpx:hr>173</gpxtpx:hr>
          </gpxtpx:TrackPointExtension>
        </extensions>
      </trkpt>
      <trkpt lat="38.82684947537554" lon="121.50943238739174">
        <ele>2.2669645212590694</ele>
        <time>2024-08-03T13:39:43Z</time>
        <extensions>
          <gpxtpx:TrackPointExtension>
            <gpxtpx:hr>173</gpxtpx:hr>
          </gpxtpx:TrackPointExtension>
        </extensions>
      </trkpt>
      <trkpt lat="38.82684858390634" lon="121.50940463281323">
        <ele>2.2966539738699794</ele>
        <time>2024-08-03T13:39:44Z</time>
        <extensions>
          <gpxtpx:TrackPointExtension>
            <gpxtpx:hr>173</gpxtpx:hr>
          </gpxtpx:TrackPointExtension>
        </extensions>
      </trkpt>
      <trkpt lat="38.82684704331614" lon="121.50937664301237">
        <ele>2.3202004907652736</ele>
        <time>2024-08-03T13:39:45Z</time>
        <extensions>
          <gpxtpx:TrackPointExtension>
            <gpxtpx:hr>173</gpxtpx:hr>
          </gpxtpx:TrackPointExtension>
        </extensions>
      </trkpt>
      <trkpt lat="38.826845070813725" lon="121.5093478124257">
        <ele>2.3430018415674567</ele>
        <time>2024-08-03T13:39:46Z</time>
        <extensions>
          <gpxtpx:TrackPointExtension>
            <gpxtpx:hr>173</gpxtpx:hr>
          </gpxtpx:TrackPointExtension>
        </extensions>
      </trkpt>
      <trkpt lat="38.82684331042352" lon="121.50931916371395">
        <ele>2.378081727772951</ele>
        <time>2024-08-03T13:39:47Z</time>
        <extensions>
          <gpxtpx:TrackPointExtension>
            <gpxtpx:hr>173</gpxtpx:hr>
          </gpxtpx:TrackPointExtension>
        </extensions>
      </trkpt>
      <trkpt lat="38.826841363227125" lon="121.50929192181401">
        <ele>2.4064001543447375</ele>
        <time>2024-08-03T13:39:48Z</time>
        <extensions>
          <gpxtpx:TrackPointExtension>
            <gpxtpx:hr>173</gpxtpx:hr>
          </gpxtpx:TrackPointExtension>
        </extensions>
      </trkpt>
      <trkpt lat="38.82683889728641" lon="121.50926547537601">
        <ele>2.426091325469315</ele>
        <time>2024-08-03T13:39:49Z</time>
        <extensions>
          <gpxtpx:TrackPointExtension>
            <gpxtpx:hr>173</gpxtpx:hr>
          </gpxtpx:TrackPointExtension>
        </extensions>
      </trkpt>
      <trkpt lat="38.82683644501628" lon="121.5092390705618">
        <ele>2.4356097150593996</ele>
        <time>2024-08-03T13:39:50Z</time>
        <extensions>
          <gpxtpx:TrackPointExtension>
            <gpxtpx:hr>174</gpxtpx:hr>
          </gpxtpx:TrackPointExtension>
        </extensions>
      </trkpt>
      <trkpt lat="38.826833854410495" lon="121.50921275048874">
        <ele>2.4424472227692604</ele>
        <time>2024-08-03T13:39:51Z</time>
        <extensions>
          <gpxtpx:TrackPointExtension>
            <gpxtpx:hr>174</gpxtpx:hr>
          </gpxtpx:TrackPointExtension>
        </extensions>
      </trkpt>
      <trkpt lat="38.826830635551445" lon="121.50918629463013">
        <ele>2.447191991843283</ele>
        <time>2024-08-03T13:39:52Z</time>
        <extensions>
          <gpxtpx:TrackPointExtension>
            <gpxtpx:hr>174</gpxtpx:hr>
          </gpxtpx:TrackPointExtension>
        </extensions>
      </trkpt>
      <trkpt lat="38.82682710520299" lon="121.50915991616989">
        <ele>2.442477065138519</ele>
        <time>2024-08-03T13:39:53Z</time>
        <extensions>
          <gpxtpx:TrackPointExtension>
            <gpxtpx:hr>174</gpxtpx:hr>
          </gpxtpx:TrackPointExtension>
        </extensions>
      </trkpt>
      <trkpt lat="38.826824206802264" lon="121.50913394382098">
        <ele>2.428200020454824</ele>
        <time>2024-08-03T13:39:54Z</time>
        <extensions>
          <gpxtpx:TrackPointExtension>
            <gpxtpx:hr>174</gpxtpx:hr>
          </gpxtpx:TrackPointExtension>
        </extensions>
      </trkpt>
      <trkpt lat="38.826821527167354" lon="121.50910773615172">
        <ele>2.4163485495373607</ele>
        <time>2024-08-03T13:39:55Z</time>
        <extensions>
          <gpxtpx:TrackPointExtension>
            <gpxtpx:hr>174</gpxtpx:hr>
          </gpxtpx:TrackPointExtension>
        </extensions>
      </trkpt>
      <trkpt lat="38.826817946761985" lon="121.50908069054088">
        <ele>2.39931330550462</ele>
        <time>2024-08-03T13:39:56Z</time>
        <extensions>
          <gpxtpx:TrackPointExtension>
            <gpxtpx:hr>174</gpxtpx:hr>
          </gpxtpx:TrackPointExtension>
        </extensions>
      </trkpt>
      <trkpt lat="38.826813620052185" lon="121.50905310298295">
        <ele>2.377638346515596</ele>
        <time>2024-08-03T13:39:57Z</time>
        <extensions>
          <gpxtpx:TrackPointExtension>
            <gpxtpx:hr>175</gpxtpx:hr>
          </gpxtpx:TrackPointExtension>
        </extensions>
      </trkpt>
      <trkpt lat="38.82680952461787" lon="121.50902510775876">
        <ele>2.3603600915521383</ele>
        <time>2024-08-03T13:39:58Z</time>
        <extensions>
          <gpxtpx:TrackPointExtension>
            <gpxtpx:hr>175</gpxtpx:hr>
          </gpxtpx:TrackPointExtension>
        </extensions>
      </trkpt>
      <trkpt lat="38.82680623012526" lon="121.50899673519373">
        <ele>2.358721597120166</ele>
        <time>2024-08-03T13:39:59Z</time>
        <extensions>
          <gpxtpx:TrackPointExtension>
            <gpxtpx:hr>175</gpxtpx:hr>
          </gpxtpx:TrackPointExtension>
        </extensions>
      </trkpt>
      <trkpt lat="38.82680411238317" lon="121.50896877126587">
        <ele>2.3524917447939515</ele>
        <time>2024-08-03T13:40:00Z</time>
        <extensions>
          <gpxtpx:TrackPointExtension>
            <gpxtpx:hr>175</gpxtpx:hr>
          </gpxtpx:TrackPointExtension>
        </extensions>
      </trkpt>
      <trkpt lat="38.82680285639357" lon="121.50894152388159">
        <ele>2.341207019984722</ele>
        <time>2024-08-03T13:40:01Z</time>
        <extensions>
          <gpxtpx:TrackPointExtension>
            <gpxtpx:hr>175</gpxtpx:hr>
          </gpxtpx:TrackPointExtension>
        </extensions>
      </trkpt>
      <trkpt lat="38.826802019703436" lon="121.50891375858441">
        <ele>2.3334585959091783</ele>
        <time>2024-08-03T13:40:02Z</time>
        <extensions>
          <gpxtpx:TrackPointExtension>
            <gpxtpx:hr>175</gpxtpx:hr>
          </gpxtpx:TrackPointExtension>
        </extensions>
      </trkpt>
      <trkpt lat="38.826801998990256" lon="121.50888499495925">
        <ele>2.3193832794204354</ele>
        <time>2024-08-03T13:40:03Z</time>
        <extensions>
          <gpxtpx:TrackPointExtension>
            <gpxtpx:hr>175</gpxtpx:hr>
          </gpxtpx:TrackPointExtension>
        </extensions>
      </trkpt>
      <trkpt lat="38.82680321983633" lon="121.50885590258265">
        <ele>2.305847404524684</ele>
        <time>2024-08-03T13:40:04Z</time>
        <extensions>
          <gpxtpx:TrackPointExtension>
            <gpxtpx:hr>175</gpxtpx:hr>
          </gpxtpx:TrackPointExtension>
        </extensions>
      </trkpt>
      <trkpt lat="38.826805529187794" lon="121.5088266321474">
        <ele>2.29310907330364</ele>
        <time>2024-08-03T13:40:05Z</time>
        <extensions>
          <gpxtpx:TrackPointExtension>
            <gpxtpx:hr>175</gpxtpx:hr>
          </gpxtpx:TrackPointExtension>
        </extensions>
      </trkpt>
      <trkpt lat="38.826808524736684" lon="121.50879744781703">
        <ele>2.2839472154155374</ele>
        <time>2024-08-03T13:40:06Z</time>
        <extensions>
          <gpxtpx:TrackPointExtension>
            <gpxtpx:hr>176</gpxtpx:hr>
          </gpxtpx:TrackPointExtension>
        </extensions>
      </trkpt>
      <trkpt lat="38.82681178053025" lon="121.50876894759898">
        <ele>2.2826173277571797</ele>
        <time>2024-08-03T13:40:07Z</time>
        <extensions>
          <gpxtpx:TrackPointExtension>
            <gpxtpx:hr>176</gpxtpx:hr>
          </gpxtpx:TrackPointExtension>
        </extensions>
      </trkpt>
      <trkpt lat="38.82681461725306" lon="121.50874093754983">
        <ele>2.2805595165118575</ele>
        <time>2024-08-03T13:40:08Z</time>
        <extensions>
          <gpxtpx:TrackPointExtension>
            <gpxtpx:hr>176</gpxtpx:hr>
          </gpxtpx:TrackPointExtension>
        </extensions>
      </trkpt>
      <trkpt lat="38.826816846795985" lon="121.50871335795046">
        <ele>2.2779051577672362</ele>
        <time>2024-08-03T13:40:09Z</time>
        <extensions>
          <gpxtpx:TrackPointExtension>
            <gpxtpx:hr>176</gpxtpx:hr>
          </gpxtpx:TrackPointExtension>
        </extensions>
      </trkpt>
      <trkpt lat="38.826819055169615" lon="121.50868682727936">
        <ele>2.2746715480461717</ele>
        <time>2024-08-03T13:40:10Z</time>
        <extensions>
          <gpxtpx:TrackPointExtension>
            <gpxtpx:hr>176</gpxtpx:hr>
          </gpxtpx:TrackPointExtension>
        </extensions>
      </trkpt>
      <trkpt lat="38.82682210726753" lon="121.50866146325428">
        <ele>2.2704032603651285</ele>
        <time>2024-08-03T13:40:11Z</time>
        <extensions>
          <gpxtpx:TrackPointExtension>
            <gpxtpx:hr>177</gpxtpx:hr>
          </gpxtpx:TrackPointExtension>
        </extensions>
      </trkpt>
      <trkpt lat="38.82682674637017" lon="121.50863724495147">
        <ele>2.269665869884193</ele>
        <time>2024-08-03T13:40:12Z</time>
        <extensions>
          <gpxtpx:TrackPointExtension>
            <gpxtpx:hr>177</gpxtpx:hr>
          </gpxtpx:TrackPointExtension>
        </extensions>
      </trkpt>
      <trkpt lat="38.82683345884461" lon="121.50861450784004">
        <ele>2.2756869522854686</ele>
        <time>2024-08-03T13:40:13Z</time>
        <extensions>
          <gpxtpx:TrackPointExtension>
            <gpxtpx:hr>177</gpxtpx:hr>
          </gpxtpx:TrackPointExtension>
        </extensions>
      </trkpt>
      <trkpt lat="38.82684130208068" lon="121.50859326082616">
        <ele>2.291988231241703</ele>
        <time>2024-08-03T13:40:14Z</time>
        <extensions>
          <gpxtpx:TrackPointExtension>
            <gpxtpx:hr>177</gpxtpx:hr>
          </gpxtpx:TrackPointExtension>
        </extensions>
      </trkpt>
      <trkpt lat="38.82684912434989" lon="121.50857390075078">
        <ele>2.3230848405510187</ele>
        <time>2024-08-03T13:40:16Z</time>
        <extensions>
          <gpxtpx:TrackPointExtension>
            <gpxtpx:hr>177</gpxtpx:hr>
          </gpxtpx:TrackPointExtension>
        </extensions>
      </trkpt>
      <trkpt lat="38.826856401107015" lon="121.50855749771912">
        <ele>2.3547643488273025</ele>
        <time>2024-08-03T13:40:17Z</time>
        <extensions>
          <gpxtpx:TrackPointExtension>
            <gpxtpx:hr>175</gpxtpx:hr>
          </gpxtpx:TrackPointExtension>
        </extensions>
      </trkpt>
      <trkpt lat="38.82686269256749" lon="121.50854422609314">
        <ele>2.403514413163066</ele>
        <time>2024-08-03T13:40:18Z</time>
        <extensions>
          <gpxtpx:TrackPointExtension>
            <gpxtpx:hr>175</gpxtpx:hr>
          </gpxtpx:TrackPointExtension>
        </extensions>
      </trkpt>
      <trkpt lat="38.82686801963669" lon="121.50853394732464">
        <ele>2.466632377356291</ele>
        <time>2024-08-03T13:40:19Z</time>
        <extensions>
          <gpxtpx:TrackPointExtension>
            <gpxtpx:hr>175</gpxtpx:hr>
          </gpxtpx:TrackPointExtension>
        </extensions>
      </trkpt>
      <trkpt lat="38.826872543207124" lon="121.50852605333561">
        <ele>2.5362614588811994</ele>
        <time>2024-08-03T13:40:20Z</time>
        <extensions>
          <gpxtpx:TrackPointExtension>
            <gpxtpx:hr>175</gpxtpx:hr>
          </gpxtpx:TrackPointExtension>
        </extensions>
      </trkpt>
      <trkpt lat="38.826876812585645" lon="121.50851877590732">
        <ele>2.6080861929804087</ele>
        <time>2024-08-03T13:40:21Z</time>
        <extensions>
          <gpxtpx:TrackPointExtension>
            <gpxtpx:hr>174</gpxtpx:hr>
          </gpxtpx:TrackPointExtension>
        </extensions>
      </trkpt>
      <trkpt lat="38.82688141668595" lon="121.50851066695222">
        <ele>2.677515101619065</ele>
        <time>2024-08-03T13:40:22Z</time>
        <extensions>
          <gpxtpx:TrackPointExtension>
            <gpxtpx:hr>174</gpxtpx:hr>
          </gpxtpx:TrackPointExtension>
        </extensions>
      </trkpt>
      <trkpt lat="38.8268862649807" lon="121.50850143081973">
        <ele>2.7491054786369205</ele>
        <time>2024-08-03T13:40:23Z</time>
        <extensions>
          <gpxtpx:TrackPointExtension>
            <gpxtpx:hr>174</gpxtpx:hr>
          </gpxtpx:TrackPointExtension>
        </extensions>
      </trkpt>
      <trkpt lat="38.82689098983366" lon="121.50849131816892">
        <ele>2.8223566319793463</ele>
        <time>2024-08-03T13:40:24Z</time>
        <extensions>
          <gpxtpx:TrackPointExtension>
            <gpxtpx:hr>174</gpxtpx:hr>
          </gpxtpx:TrackPointExtension>
        </extensions>
      </trkpt>
      <trkpt lat="38.82689555845797" lon="121.5084803276996">
        <ele>2.8941009184345603</ele>
        <time>2024-08-03T13:40:25Z</time>
        <extensions>
          <gpxtpx:TrackPointExtension>
            <gpxtpx:hr>174</gpxtpx:hr>
          </gpxtpx:TrackPointExtension>
        </extensions>
      </trkpt>
      <trkpt lat="38.82690002341046" lon="121.5084689744512">
        <ele>2.965933815576136</ele>
        <time>2024-08-03T13:40:26Z</time>
        <extensions>
          <gpxtpx:TrackPointExtension>
            <gpxtpx:hr>174</gpxtpx:hr>
          </gpxtpx:TrackPointExtension>
        </extensions>
      </trkpt>
      <trkpt lat="38.82690421305049" lon="121.50845742157253">
        <ele>3.039668085053563</ele>
        <time>2024-08-03T13:40:27Z</time>
        <extensions>
          <gpxtpx:TrackPointExtension>
            <gpxtpx:hr>170</gpxtpx:hr>
          </gpxtpx:TrackPointExtension>
        </extensions>
      </trkpt>
      <trkpt lat="38.82690816643024" lon="121.50844532016635">
        <ele>3.1099619418382645</ele>
        <time>2024-08-03T13:40:28Z</time>
        <extensions>
          <gpxtpx:TrackPointExtension>
            <gpxtpx:hr>170</gpxtpx:hr>
          </gpxtpx:TrackPointExtension>
        </extensions>
      </trkpt>
      <trkpt lat="38.82691227560162" lon="121.50843314238229">
        <ele>3.1698344331234694</ele>
        <time>2024-08-03T13:40:29Z</time>
        <extensions>
          <gpxtpx:TrackPointExtension>
            <gpxtpx:hr>170</gpxtpx:hr>
          </gpxtpx:TrackPointExtension>
        </extensions>
      </trkpt>
      <trkpt lat="38.8269168375485" lon="121.50842149604277">
        <ele>3.225356171838939</ele>
        <time>2024-08-03T13:40:30Z</time>
        <extensions>
          <gpxtpx:TrackPointExtension>
            <gpxtpx:hr>170</gpxtpx:hr>
          </gpxtpx:TrackPointExtension>
        </extensions>
      </trkpt>
      <trkpt lat="38.82692185256822" lon="121.50841092207615">
        <ele>3.277768259868026</ele>
        <time>2024-08-03T13:40:31Z</time>
        <extensions>
          <gpxtpx:TrackPointExtension>
            <gpxtpx:hr>170</gpxtpx:hr>
          </gpxtpx:TrackPointExtension>
        </extensions>
      </trkpt>
      <trkpt lat="38.82692690510875" lon="121.50840118607378">
        <ele>3.3358864411711693</ele>
        <time>2024-08-03T13:40:32Z</time>
        <extensions>
          <gpxtpx:TrackPointExtension>
            <gpxtpx:hr>168</gpxtpx:hr>
          </gpxtpx:TrackPointExtension>
        </extensions>
      </trkpt>
      <trkpt lat="38.826931958481126" lon="121.50839147657535">
        <ele>3.3866673531010747</ele>
        <time>2024-08-03T13:40:33Z</time>
        <extensions>
          <gpxtpx:TrackPointExtension>
            <gpxtpx:hr>168</gpxtpx:hr>
          </gpxtpx:TrackPointExtension>
        </extensions>
      </trkpt>
      <trkpt lat="38.82693739882222" lon="121.50838139516027">
        <ele>3.42104160413146</ele>
        <time>2024-08-03T13:40:34Z</time>
        <extensions>
          <gpxtpx:TrackPointExtension>
            <gpxtpx:hr>168</gpxtpx:hr>
          </gpxtpx:TrackPointExtension>
        </extensions>
      </trkpt>
      <trkpt lat="38.82694310159692" lon="121.50837092065687">
        <ele>3.4521081456914544</ele>
        <time>2024-08-03T13:40:35Z</time>
        <extensions>
          <gpxtpx:TrackPointExtension>
            <gpxtpx:hr>167</gpxtpx:hr>
          </gpxtpx:TrackPointExtension>
        </extensions>
      </trkpt>
      <trkpt lat="38.82694879272402" lon="121.50836045873824">
        <ele>3.4781949231401086</ele>
        <time>2024-08-03T13:40:36Z</time>
        <extensions>
          <gpxtpx:TrackPointExtension>
            <gpxtpx:hr>167</gpxtpx:hr>
          </gpxtpx:TrackPointExtension>
        </extensions>
      </trkpt>
      <trkpt lat="38.82695461604624" lon="121.50835037917999">
        <ele>3.503528735600412</ele>
        <time>2024-08-03T13:40:37Z</time>
        <extensions>
          <gpxtpx:TrackPointExtension>
            <gpxtpx:hr>167</gpxtpx:hr>
          </gpxtpx:TrackPointExtension>
        </extensions>
      </trkpt>
      <trkpt lat="38.826960591975514" lon="121.50834097947484">
        <ele>3.5236917827278376</ele>
        <time>2024-08-03T13:40:38Z</time>
        <extensions>
          <gpxtpx:TrackPointExtension>
            <gpxtpx:hr>167</gpxtpx:hr>
          </gpxtpx:TrackPointExtension>
        </extensions>
      </trkpt>
      <trkpt lat="38.82696668727467" lon="121.50833192535059">
        <ele>3.537171925418079</ele>
        <time>2024-08-03T13:40:39Z</time>
        <extensions>
          <gpxtpx:TrackPointExtension>
            <gpxtpx:hr>167</gpxtpx:hr>
          </gpxtpx:TrackPointExtension>
        </extensions>
      </trkpt>
      <trkpt lat="38.82697305281616" lon="121.50832267500776">
        <ele>3.5416909297928214</ele>
        <time>2024-08-03T13:40:40Z</time>
        <extensions>
          <gpxtpx:TrackPointExtension>
            <gpxtpx:hr>167</gpxtpx:hr>
          </gpxtpx:TrackPointExtension>
        </extensions>
      </trkpt>
      <trkpt lat="38.82697984063656" lon="121.50831334721617">
        <ele>3.550491855479777</ele>
        <time>2024-08-03T13:40:41Z</time>
        <extensions>
          <gpxtpx:TrackPointExtension>
            <gpxtpx:hr>162</gpxtpx:hr>
          </gpxtpx:TrackPointExtension>
        </extensions>
      </trkpt>
      <trkpt lat="38.826986994247505" lon="121.50830400739369">
        <ele>3.5510462429374456</ele>
        <time>2024-08-03T13:40:42Z</time>
        <extensions>
          <gpxtpx:TrackPointExtension>
            <gpxtpx:hr>162</gpxtpx:hr>
          </gpxtpx:TrackPointExtension>
        </extensions>
      </trkpt>
      <trkpt lat="38.82699422621845" lon="121.50829455145212">
        <ele>3.5499100759625435</ele>
        <time>2024-08-03T13:40:43Z</time>
        <extensions>
          <gpxtpx:TrackPointExtension>
            <gpxtpx:hr>162</gpxtpx:hr>
          </gpxtpx:TrackPointExtension>
        </extensions>
      </trkpt>
      <trkpt lat="38.82700142937346" lon="121.50828512450431">
        <ele>3.5437662210315466</ele>
        <time>2024-08-03T13:40:44Z</time>
        <extensions>
          <gpxtpx:TrackPointExtension>
            <gpxtpx:hr>162</gpxtpx:hr>
          </gpxtpx:TrackPointExtension>
        </extensions>
      </trkpt>
      <trkpt lat="38.827008463122965" lon="121.50827622489155">
        <ele>3.5245855087414384</ele>
        <time>2024-08-03T13:40:45Z</time>
        <extensions>
          <gpxtpx:TrackPointExtension>
            <gpxtpx:hr>162</gpxtpx:hr>
          </gpxtpx:TrackPointExtension>
        </extensions>
      </trkpt>
      <trkpt lat="38.82701529629064" lon="121.50826819794574">
        <ele>3.5130418865010142</ele>
        <time>2024-08-03T13:40:46Z</time>
        <extensions>
          <gpxtpx:TrackPointExtension>
            <gpxtpx:hr>162</gpxtpx:hr>
          </gpxtpx:TrackPointExtension>
        </extensions>
      </trkpt>
      <trkpt lat="38.82702217984363" lon="121.5082611782802">
        <ele>3.4960343865677714</ele>
        <time>2024-08-03T13:40:47Z</time>
        <extensions>
          <gpxtpx:TrackPointExtension>
            <gpxtpx:hr>161</gpxtpx:hr>
          </gpxtpx:TrackPointExtension>
        </extensions>
      </trkpt>
      <trkpt lat="38.827029275300056" lon="121.50825504883242">
        <ele>3.490535084158182</ele>
        <time>2024-08-03T13:40:48Z</time>
        <extensions>
          <gpxtpx:TrackPointExtension>
            <gpxtpx:hr>161</gpxtpx:hr>
          </gpxtpx:TrackPointExtension>
        </extensions>
      </trkpt>
      <trkpt lat="38.82703633379919" lon="121.50824960505778">
        <ele>3.4751991853117943</ele>
        <time>2024-08-03T13:40:49Z</time>
        <extensions>
          <gpxtpx:TrackPointExtension>
            <gpxtpx:hr>161</gpxtpx:hr>
          </gpxtpx:TrackPointExtension>
        </extensions>
      </trkpt>
      <trkpt lat="38.82704319160591" lon="121.50824430822996">
        <ele>3.4556467616930604</ele>
        <time>2024-08-03T13:40:50Z</time>
        <extensions>
          <gpxtpx:TrackPointExtension>
            <gpxtpx:hr>161</gpxtpx:hr>
          </gpxtpx:TrackPointExtension>
        </extensions>
      </trkpt>
      <trkpt lat="38.82705022587201" lon="121.50823861601104">
        <ele>3.433571339584887</ele>
        <time>2024-08-03T13:40:51Z</time>
        <extensions>
          <gpxtpx:TrackPointExtension>
            <gpxtpx:hr>159</gpxtpx:hr>
          </gpxtpx:TrackPointExtension>
        </extensions>
      </trkpt>
      <trkpt lat="38.8270577317956" lon="121.50823233922384">
        <ele>3.4097943641245365</ele>
        <time>2024-08-03T13:40:52Z</time>
        <extensions>
          <gpxtpx:TrackPointExtension>
            <gpxtpx:hr>159</gpxtpx:hr>
          </gpxtpx:TrackPointExtension>
        </extensions>
      </trkpt>
      <trkpt lat="38.82706548741954" lon="121.50822553527438">
        <ele>3.3884004913270473</ele>
        <time>2024-08-03T13:40:53Z</time>
        <extensions>
          <gpxtpx:TrackPointExtension>
            <gpxtpx:hr>159</gpxtpx:hr>
          </gpxtpx:TrackPointExtension>
        </extensions>
      </trkpt>
      <trkpt lat="38.827073132265575" lon="121.50821837332747">
        <ele>3.3581153945997357</ele>
        <time>2024-08-03T13:40:54Z</time>
        <extensions>
          <gpxtpx:TrackPointExtension>
            <gpxtpx:hr>159</gpxtpx:hr>
          </gpxtpx:TrackPointExtension>
        </extensions>
      </trkpt>
      <trkpt lat="38.82708070160274" lon="121.50821111354675">
        <ele>3.3251487286761403</ele>
        <time>2024-08-03T13:40:55Z</time>
        <extensions>
          <gpxtpx:TrackPointExtension>
            <gpxtpx:hr>159</gpxtpx:hr>
          </gpxtpx:TrackPointExtension>
        </extensions>
      </trkpt>
      <trkpt lat="38.82708845217037" lon="121.50820401649027">
        <ele>3.283019568771124</ele>
        <time>2024-08-03T13:40:56Z</time>
        <extensions>
          <gpxtpx:TrackPointExtension>
            <gpxtpx:hr>156</gpxtpx:hr>
          </gpxtpx:TrackPointExtension>
        </extensions>
      </trkpt>
      <trkpt lat="38.8270965514236" lon="121.50819701055765">
        <ele>3.225291334092617</ele>
        <time>2024-08-03T13:40:57Z</time>
        <extensions>
          <gpxtpx:TrackPointExtension>
            <gpxtpx:hr>156</gpxtpx:hr>
          </gpxtpx:TrackPointExtension>
        </extensions>
      </trkpt>
      <trkpt lat="38.82710486578586" lon="121.50819002701196">
        <ele>3.1502528404816985</ele>
        <time>2024-08-03T13:40:58Z</time>
        <extensions>
          <gpxtpx:TrackPointExtension>
            <gpxtpx:hr>156</gpxtpx:hr>
          </gpxtpx:TrackPointExtension>
        </extensions>
      </trkpt>
      <trkpt lat="38.82711265795905" lon="121.50818308051151">
        <ele>3.0558997988700867</ele>
        <time>2024-08-03T13:40:59Z</time>
        <extensions>
          <gpxtpx:TrackPointExtension>
            <gpxtpx:hr>156</gpxtpx:hr>
          </gpxtpx:TrackPointExtension>
        </extensions>
      </trkpt>
      <trkpt lat="38.827119684045265" lon="121.50817617456558">
        <ele>2.9719250183552504</ele>
        <time>2024-08-03T13:41:00Z</time>
        <extensions>
          <gpxtpx:TrackPointExtension>
            <gpxtpx:hr>156</gpxtpx:hr>
          </gpxtpx:TrackPointExtension>
        </extensions>
      </trkpt>
      <trkpt lat="38.82712627934182" lon="121.50816943167345">
        <ele>2.885331032797694</ele>
        <time>2024-08-03T13:41:01Z</time>
        <extensions>
          <gpxtpx:TrackPointExtension>
            <gpxtpx:hr>156</gpxtpx:hr>
          </gpxtpx:TrackPointExtension>
        </extensions>
      </trkpt>
      <trkpt lat="38.82713257483961" lon="121.50816302817324">
        <ele>2.7862977953627706</ele>
        <time>2024-08-03T13:41:02Z</time>
        <extensions>
          <gpxtpx:TrackPointExtension>
            <gpxtpx:hr>148</gpxtpx:hr>
          </gpxtpx:TrackPointExtension>
        </extensions>
      </trkpt>
      <trkpt lat="38.827138245473485" lon="121.50815715366797">
        <ele>2.6970201525837183</ele>
        <time>2024-08-03T13:41:03Z</time>
        <extensions>
          <gpxtpx:TrackPointExtension>
            <gpxtpx:hr>148</gpxtpx:hr>
          </gpxtpx:TrackPointExtension>
        </extensions>
      </trkpt>
      <trkpt lat="38.82714318134541" lon="121.50815150940434">
        <ele>2.604357154108584</ele>
        <time>2024-08-03T13:41:04Z</time>
        <extensions>
          <gpxtpx:TrackPointExtension>
            <gpxtpx:hr>148</gpxtpx:hr>
          </gpxtpx:TrackPointExtension>
        </extensions>
      </trkpt>
      <trkpt lat="38.82714774105394" lon="121.50814593214102">
        <ele>2.513775751926005</ele>
        <time>2024-08-03T13:41:05Z</time>
        <extensions>
          <gpxtpx:TrackPointExtension>
            <gpxtpx:hr>148</gpxtpx:hr>
          </gpxtpx:TrackPointExtension>
        </extensions>
      </trkpt>
      <trkpt lat="38.82715154961022" lon="121.50814147894738">
        <ele>2.4299454614520073</ele>
        <time>2024-08-03T13:41:06Z</time>
        <extensions>
          <gpxtpx:TrackPointExtension>
            <gpxtpx:hr>148</gpxtpx:hr>
          </gpxtpx:TrackPointExtension>
        </extensions>
      </trkpt>
      <trkpt lat="38.82715415116885" lon="121.50813864018393">
        <ele>2.3527729799970984</ele>
        <time>2024-08-03T13:41:07Z</time>
        <extensions>
          <gpxtpx:TrackPointExtension>
            <gpxtpx:hr>148</gpxtpx:hr>
          </gpxtpx:TrackPointExtension>
        </extensions>
      </trkpt>
      <trkpt lat="38.8271558795976" lon="121.50813688474965">
        <ele>2.3018017020076513</ele>
        <time>2024-08-03T13:41:08Z</time>
        <extensions>
          <gpxtpx:TrackPointExtension>
            <gpxtpx:hr>148</gpxtpx:hr>
          </gpxtpx:TrackPointExtension>
        </extensions>
      </trkpt>
      <trkpt lat="38.82715678449044" lon="121.50813633443387">
        <ele>2.2584153870120645</ele>
        <time>2024-08-03T13:41:09Z</time>
        <extensions>
          <gpxtpx:TrackPointExtension>
            <gpxtpx:hr>148</gpxtpx:hr>
          </gpxtpx:TrackPointExtension>
        </extensions>
      </trkpt>
      <trkpt lat="38.827157030951994" lon="121.50813679398996">
        <ele>2.2361270459368825</ele>
        <time>2024-08-03T13:41:10Z</time>
        <extensions>
          <gpxtpx:TrackPointExtension>
            <gpxtpx:hr>143</gpxtpx:hr>
          </gpxtpx:TrackPointExtension>
        </extensions>
      </trkpt>
      <trkpt lat="38.82715718654411" lon="121.50813734018531">
        <ele>2.218262775801122</ele>
        <time>2024-08-03T13:41:11Z</time>
        <extensions>
          <gpxtpx:TrackPointExtension>
            <gpxtpx:hr>143</gpxtpx:hr>
          </gpxtpx:TrackPointExtension>
        </extensions>
      </trkpt>
      <trkpt lat="38.8271573845609" lon="121.5081372976776">
        <ele>2.2060731956735253</ele>
        <time>2024-08-03T13:41:12Z</time>
        <extensions>
          <gpxtpx:TrackPointExtension>
            <gpxtpx:hr>143</gpxtpx:hr>
          </gpxtpx:TrackPointExtension>
        </extensions>
      </trkpt>
      <trkpt lat="38.82715834356959" lon="121.50813680341307">
        <ele>2.207608098164201</ele>
        <time>2024-08-03T13:41:13Z</time>
        <extensions>
          <gpxtpx:TrackPointExtension>
            <gpxtpx:hr>143</gpxtpx:hr>
          </gpxtpx:TrackPointExtension>
        </extensions>
      </trkpt>
      <trkpt lat="38.82716078494115" lon="121.50813623416693">
        <ele>2.216385514475405</ele>
        <time>2024-08-03T13:41:14Z</time>
        <extensions>
          <gpxtpx:TrackPointExtension>
            <gpxtpx:hr>143</gpxtpx:hr>
          </gpxtpx:TrackPointExtension>
        </extensions>
      </trkpt>
      <trkpt lat="38.82716477255458" lon="121.50813551093054">
        <ele>2.238367609679699</ele>
        <time>2024-08-03T13:41:15Z</time>
        <extensions>
          <gpxtpx:TrackPointExtension>
            <gpxtpx:hr>143</gpxtpx:hr>
          </gpxtpx:TrackPointExtension>
        </extensions>
      </trkpt>
      <trkpt lat="38.82717020565453" lon="121.50813496446213">
        <ele>2.266906464472413</ele>
        <time>2024-08-03T13:41:16Z</time>
        <extensions>
          <gpxtpx:TrackPointExtension>
            <gpxtpx:hr>143</gpxtpx:hr>
          </gpxtpx:TrackPointExtension>
        </extensions>
      </trkpt>
      <trkpt lat="38.82717690140494" lon="121.50813501054829">
        <ele>2.3048123717308044</ele>
        <time>2024-08-03T13:41:17Z</time>
        <extensions>
          <gpxtpx:TrackPointExtension>
            <gpxtpx:hr>143</gpxtpx:hr>
          </gpxtpx:TrackPointExtension>
        </extensions>
      </trkpt>
      <trkpt lat="38.82718478848701" lon="121.50813576468292">
        <ele>2.3460577381774783</ele>
        <time>2024-08-03T13:41:18Z</time>
        <extensions>
          <gpxtpx:TrackPointExtension>
            <gpxtpx:hr>143</gpxtpx:hr>
          </gpxtpx:TrackPointExtension>
        </extensions>
      </trkpt>
      <trkpt lat="38.82719329984989" lon="121.50813688529773">
        <ele>2.3888797033578157</ele>
        <time>2024-08-03T13:41:19Z</time>
        <extensions>
          <gpxtpx:TrackPointExtension>
            <gpxtpx:hr>143</gpxtpx:hr>
          </gpxtpx:TrackPointExtension>
        </extensions>
      </trkpt>
      <trkpt lat="38.827202038648934" lon="121.50813791215045">
        <ele>2.4336204640567303</ele>
        <time>2024-08-03T13:41:20Z</time>
        <extensions>
          <gpxtpx:TrackPointExtension>
            <gpxtpx:hr>143</gpxtpx:hr>
          </gpxtpx:TrackPointExtension>
        </extensions>
      </trkpt>
      <trkpt lat="38.82721129449392" lon="121.5081387345997">
        <ele>2.476625833660364</ele>
        <time>2024-08-03T13:41:21Z</time>
        <extensions>
          <gpxtpx:TrackPointExtension>
            <gpxtpx:hr>143</gpxtpx:hr>
          </gpxtpx:TrackPointExtension>
        </extensions>
      </trkpt>
      <trkpt lat="38.82722133231062" lon="121.50813924346423">
        <ele>2.516954829916358</ele>
        <time>2024-08-03T13:41:22Z</time>
        <extensions>
          <gpxtpx:TrackPointExtension>
            <gpxtpx:hr>143</gpxtpx:hr>
          </gpxtpx:TrackPointExtension>
        </extensions>
      </trkpt>
      <trkpt lat="38.827231590113044" lon="121.50813932495826">
        <ele>2.556098218075931</ele>
        <time>2024-08-03T13:41:23Z</time>
        <extensions>
          <gpxtpx:TrackPointExtension>
            <gpxtpx:hr>144</gpxtpx:hr>
          </gpxtpx:TrackPointExtension>
        </extensions>
      </trkpt>
      <trkpt lat="38.82724149796829" lon="121.50813904361625">
        <ele>2.594920175150037</ele>
        <time>2024-08-03T13:41:24Z</time>
        <extensions>
          <gpxtpx:TrackPointExtension>
            <gpxtpx:hr>144</gpxtpx:hr>
          </gpxtpx:TrackPointExtension>
        </extensions>
      </trkpt>
      <trkpt lat="38.82725122882679" lon="121.50813859839984">
        <ele>2.6412580525502563</ele>
        <time>2024-08-03T13:41:25Z</time>
        <extensions>
          <gpxtpx:TrackPointExtension>
            <gpxtpx:hr>144</gpxtpx:hr>
          </gpxtpx:TrackPointExtension>
        </extensions>
      </trkpt>
      <trkpt lat="38.827260886909386" lon="121.50813816619211">
        <ele>2.679244297556579</ele>
        <time>2024-08-03T13:41:26Z</time>
        <extensions>
          <gpxtpx:TrackPointExtension>
            <gpxtpx:hr>144</gpxtpx:hr>
          </gpxtpx:TrackPointExtension>
        </extensions>
      </trkpt>
      <trkpt lat="38.82727055243979" lon="121.50813783367555">
        <ele>2.7101032556965947</ele>
        <time>2024-08-03T13:41:27Z</time>
        <extensions>
          <gpxtpx:TrackPointExtension>
            <gpxtpx:hr>144</gpxtpx:hr>
          </gpxtpx:TrackPointExtension>
        </extensions>
      </trkpt>
      <trkpt lat="38.82728030483168" lon="121.50813753341447">
        <ele>2.7377685960382223</ele>
        <time>2024-08-03T13:41:28Z</time>
        <extensions>
          <gpxtpx:TrackPointExtension>
            <gpxtpx:hr>144</gpxtpx:hr>
          </gpxtpx:TrackPointExtension>
        </extensions>
      </trkpt>
      <trkpt lat="38.8272901283149" lon="121.50813707506305">
        <ele>2.760829893872142</ele>
        <time>2024-08-03T13:41:29Z</time>
        <extensions>
          <gpxtpx:TrackPointExtension>
            <gpxtpx:hr>144</gpxtpx:hr>
          </gpxtpx:TrackPointExtension>
        </extensions>
      </trkpt>
      <trkpt lat="38.82729998454365" lon="121.50813627564811">
        <ele>2.7870451165363193</ele>
        <time>2024-08-03T13:41:30Z</time>
        <extensions>
          <gpxtpx:TrackPointExtension>
            <gpxtpx:hr>144</gpxtpx:hr>
          </gpxtpx:TrackPointExtension>
        </extensions>
      </trkpt>
      <trkpt lat="38.827309819131926" lon="121.50813506260472">
        <ele>2.8088678624480963</ele>
        <time>2024-08-03T13:41:31Z</time>
        <extensions>
          <gpxtpx:TrackPointExtension>
            <gpxtpx:hr>140</gpxtpx:hr>
          </gpxtpx:TrackPointExtension>
        </extensions>
      </trkpt>
      <trkpt lat="38.82731956574769" lon="121.50813342083411">
        <ele>2.8262376487255096</ele>
        <time>2024-08-03T13:41:32Z</time>
        <extensions>
          <gpxtpx:TrackPointExtension>
            <gpxtpx:hr>140</gpxtpx:hr>
          </gpxtpx:TrackPointExtension>
        </extensions>
      </trkpt>
      <trkpt lat="38.827329204274754" lon="121.5081313236463">
        <ele>2.845830141566694</ele>
        <time>2024-08-03T13:41:33Z</time>
        <extensions>
          <gpxtpx:TrackPointExtension>
            <gpxtpx:hr>140</gpxtpx:hr>
          </gpxtpx:TrackPointExtension>
        </extensions>
      </trkpt>
      <trkpt lat="38.82733870323415" lon="121.50812877096845">
        <ele>2.8628538390621543</ele>
        <time>2024-08-03T13:41:34Z</time>
        <extensions>
          <gpxtpx:TrackPointExtension>
            <gpxtpx:hr>140</gpxtpx:hr>
          </gpxtpx:TrackPointExtension>
        </extensions>
      </trkpt>
      <trkpt lat="38.82734803069334" lon="121.50812582244353">
        <ele>2.873195832595229</ele>
        <time>2024-08-03T13:41:35Z</time>
        <extensions>
          <gpxtpx:TrackPointExtension>
            <gpxtpx:hr>139</gpxtpx:hr>
          </gpxtpx:TrackPointExtension>
        </extensions>
      </trkpt>
      <trkpt lat="38.82735720788023" lon="121.50812255197808">
        <ele>2.884604678489268</ele>
        <time>2024-08-03T13:41:36Z</time>
        <extensions>
          <gpxtpx:TrackPointExtension>
            <gpxtpx:hr>139</gpxtpx:hr>
          </gpxtpx:TrackPointExtension>
        </extensions>
      </trkpt>
      <trkpt lat="38.82736631605888" lon="121.50811908152276">
        <ele>2.902631410397589</ele>
        <time>2024-08-03T13:41:37Z</time>
        <extensions>
          <gpxtpx:TrackPointExtension>
            <gpxtpx:hr>139</gpxtpx:hr>
          </gpxtpx:TrackPointExtension>
        </extensions>
      </trkpt>
      <trkpt lat="38.827375476636" lon="121.50811553651936">
        <ele>2.91926537360996</ele>
        <time>2024-08-03T13:41:38Z</time>
        <extensions>
          <gpxtpx:TrackPointExtension>
            <gpxtpx:hr>139</gpxtpx:hr>
          </gpxtpx:TrackPointExtension>
        </extensions>
      </trkpt>
      <trkpt lat="38.82738476834873" lon="121.50811202012254">
        <ele>2.9255671398714185</ele>
        <time>2024-08-03T13:41:39Z</time>
        <extensions>
          <gpxtpx:TrackPointExtension>
            <gpxtpx:hr>139</gpxtpx:hr>
          </gpxtpx:TrackPointExtension>
        </extensions>
      </trkpt>
      <trkpt lat="38.827394261444766" lon="121.50810859349284">
        <ele>2.930523351766169</ele>
        <time>2024-08-03T13:41:40Z</time>
        <extensions>
          <gpxtpx:TrackPointExtension>
            <gpxtpx:hr>134</gpxtpx:hr>
          </gpxtpx:TrackPointExtension>
        </extensions>
      </trkpt>
      <trkpt lat="38.82740385946361" lon="121.50810521101661">
        <ele>2.9335156232118607</ele>
        <time>2024-08-03T13:41:41Z</time>
        <extensions>
          <gpxtpx:TrackPointExtension>
            <gpxtpx:hr>134</gpxtpx:hr>
          </gpxtpx:TrackPointExtension>
        </extensions>
      </trkpt>
      <trkpt lat="38.82741352189624" lon="121.50810185717577">
        <ele>2.9421902215108275</ele>
        <time>2024-08-03T13:41:42Z</time>
        <extensions>
          <gpxtpx:TrackPointExtension>
            <gpxtpx:hr>134</gpxtpx:hr>
          </gpxtpx:TrackPointExtension>
        </extensions>
      </trkpt>
      <trkpt lat="38.827423327362176" lon="121.5080983643923">
        <ele>2.946215230040252</ele>
        <time>2024-08-03T13:41:43Z</time>
        <extensions>
          <gpxtpx:TrackPointExtension>
            <gpxtpx:hr>134</gpxtpx:hr>
          </gpxtpx:TrackPointExtension>
        </extensions>
      </trkpt>
      <trkpt lat="38.82743313118028" lon="121.50809480726744">
        <ele>2.9544357070699334</ele>
        <time>2024-08-03T13:41:44Z</time>
        <extensions>
          <gpxtpx:TrackPointExtension>
            <gpxtpx:hr>134</gpxtpx:hr>
          </gpxtpx:TrackPointExtension>
        </extensions>
      </trkpt>
      <trkpt lat="38.827443037199096" lon="121.50809131972863">
        <ele>2.956817517057061</ele>
        <time>2024-08-03T13:41:45Z</time>
        <extensions>
          <gpxtpx:TrackPointExtension>
            <gpxtpx:hr>134</gpxtpx:hr>
          </gpxtpx:TrackPointExtension>
        </extensions>
      </trkpt>
      <trkpt lat="38.827453193619625" lon="121.50808795874849">
        <ele>2.9685546793043613</ele>
        <time>2024-08-03T13:41:46Z</time>
        <extensions>
          <gpxtpx:TrackPointExtension>
            <gpxtpx:hr>134</gpxtpx:hr>
          </gpxtpx:TrackPointExtension>
        </extensions>
      </trkpt>
      <trkpt lat="38.827463781067436" lon="121.50808459560618">
        <ele>2.9900163765996695</ele>
        <time>2024-08-03T13:41:47Z</time>
        <extensions>
          <gpxtpx:TrackPointExtension>
            <gpxtpx:hr>134</gpxtpx:hr>
          </gpxtpx:TrackPointExtension>
        </extensions>
      </trkpt>
      <trkpt lat="38.82747514517319" lon="121.50808129474777">
        <ele>3.0098780216649175</ele>
        <time>2024-08-03T13:41:48Z</time>
        <extensions>
          <gpxtpx:TrackPointExtension>
            <gpxtpx:hr>134</gpxtpx:hr>
          </gpxtpx:TrackPointExtension>
        </extensions>
      </trkpt>
      <trkpt lat="38.8274876421844" lon="121.50807801860874">
        <ele>3.0288299545645714</ele>
        <time>2024-08-03T13:41:49Z</time>
        <extensions>
          <gpxtpx:TrackPointExtension>
            <gpxtpx:hr>134</gpxtpx:hr>
          </gpxtpx:TrackPointExtension>
        </extensions>
      </trkpt>
      <trkpt lat="38.827501836635335" lon="121.50807470333157">
        <ele>3.0445504589006305</ele>
        <time>2024-08-03T13:41:50Z</time>
        <extensions>
          <gpxtpx:TrackPointExtension>
            <gpxtpx:hr>134</gpxtpx:hr>
          </gpxtpx:TrackPointExtension>
        </extensions>
      </trkpt>
      <trkpt lat="38.82751908954397" lon="121.50807127427208">
        <ele>3.072391314432025</ele>
        <time>2024-08-03T13:41:51Z</time>
        <extensions>
          <gpxtpx:TrackPointExtension>
            <gpxtpx:hr>134</gpxtpx:hr>
          </gpxtpx:TrackPointExtension>
        </extensions>
      </trkpt>
      <trkpt lat="38.82753917937274" lon="121.50806711542032">
        <ele>3.1027192790061235</ele>
        <time>2024-08-03T13:41:52Z</time>
        <extensions>
          <gpxtpx:TrackPointExtension>
            <gpxtpx:hr>134</gpxtpx:hr>
          </gpxtpx:TrackPointExtension>
        </extensions>
      </trkpt>
      <trkpt lat="38.82755802263102" lon="121.50806224695283">
        <ele>3.1181736327707767</ele>
        <time>2024-08-03T13:41:53Z</time>
        <extensions>
          <gpxtpx:TrackPointExtension>
            <gpxtpx:hr>134</gpxtpx:hr>
          </gpxtpx:TrackPointExtension>
        </extensions>
      </trkpt>
      <trkpt lat="38.82757444951642" lon="121.50805766301096">
        <ele>3.110235245898366</ele>
        <time>2024-08-03T13:41:54Z</time>
        <extensions>
          <gpxtpx:TrackPointExtension>
            <gpxtpx:hr>134</gpxtpx:hr>
          </gpxtpx:TrackPointExtension>
        </extensions>
      </trkpt>
      <trkpt lat="38.82759112254596" lon="121.50805376158115">
        <ele>3.0900545800104737</ele>
        <time>2024-08-03T13:41:55Z</time>
        <extensions>
          <gpxtpx:TrackPointExtension>
            <gpxtpx:hr>139</gpxtpx:hr>
          </gpxtpx:TrackPointExtension>
        </extensions>
      </trkpt>
      <trkpt lat="38.82760692049274" lon="121.5080505345258">
        <ele>3.0831704288721085</ele>
        <time>2024-08-03T13:41:56Z</time>
        <extensions>
          <gpxtpx:TrackPointExtension>
            <gpxtpx:hr>139</gpxtpx:hr>
          </gpxtpx:TrackPointExtension>
        </extensions>
      </trkpt>
      <trkpt lat="38.82762301011523" lon="121.50804569673942">
        <ele>3.07157382927835</ele>
        <time>2024-08-03T13:41:57Z</time>
        <extensions>
          <gpxtpx:TrackPointExtension>
            <gpxtpx:hr>139</gpxtpx:hr>
          </gpxtpx:TrackPointExtension>
        </extensions>
      </trkpt>
      <trkpt lat="38.82763969794433" lon="121.50803849602632">
        <ele>3.0585271697491407</ele>
        <time>2024-08-03T13:41:58Z</time>
        <extensions>
          <gpxtpx:TrackPointExtension>
            <gpxtpx:hr>139</gpxtpx:hr>
          </gpxtpx:TrackPointExtension>
        </extensions>
      </trkpt>
      <trkpt lat="38.82765517886392" lon="121.50803105694291">
        <ele>3.0466925082728267</ele>
        <time>2024-08-03T13:41:59Z</time>
        <extensions>
          <gpxtpx:TrackPointExtension>
            <gpxtpx:hr>139</gpxtpx:hr>
          </gpxtpx:TrackPointExtension>
        </extensions>
      </trkpt>
      <trkpt lat="38.82767235499786" lon="121.5080224233788">
        <ele>3.041322316043079</ele>
        <time>2024-08-03T13:42:00Z</time>
        <extensions>
          <gpxtpx:TrackPointExtension>
            <gpxtpx:hr>139</gpxtpx:hr>
          </gpxtpx:TrackPointExtension>
        </extensions>
      </trkpt>
      <trkpt lat="38.82769325597683" lon="121.50801115839376">
        <ele>3.0468563307076693</ele>
        <time>2024-08-03T13:42:01Z</time>
        <extensions>
          <gpxtpx:TrackPointExtension>
            <gpxtpx:hr>139</gpxtpx:hr>
          </gpxtpx:TrackPointExtension>
        </extensions>
      </trkpt>
      <trkpt lat="38.82771636829318" lon="121.50799797169039">
        <ele>3.0468321414664388</ele>
        <time>2024-08-03T13:42:02Z</time>
        <extensions>
          <gpxtpx:TrackPointExtension>
            <gpxtpx:hr>139</gpxtpx:hr>
          </gpxtpx:TrackPointExtension>
        </extensions>
      </trkpt>
      <trkpt lat="38.82773992159003" lon="121.5079842083611">
        <ele>3.0437412466853857</ele>
        <time>2024-08-03T13:42:03Z</time>
        <extensions>
          <gpxtpx:TrackPointExtension>
            <gpxtpx:hr>139</gpxtpx:hr>
          </gpxtpx:TrackPointExtension>
        </extensions>
      </trkpt>
      <trkpt lat="38.82776309836688" lon="121.50797088039994">
        <ele>3.0441323863342404</ele>
        <time>2024-08-03T13:42:04Z</time>
        <extensions>
          <gpxtpx:TrackPointExtension>
            <gpxtpx:hr>139</gpxtpx:hr>
          </gpxtpx:TrackPointExtension>
        </extensions>
      </trkpt>
      <trkpt lat="38.827785029835695" lon="121.50795832293666">
        <ele>3.0516868261620402</ele>
        <time>2024-08-03T13:42:05Z</time>
        <extensions>
          <gpxtpx:TrackPointExtension>
            <gpxtpx:hr>139</gpxtpx:hr>
          </gpxtpx:TrackPointExtension>
        </extensions>
      </trkpt>
      <trkpt lat="38.82780600171227" lon="121.50794638310224">
        <ele>3.0499852942302823</ele>
        <time>2024-08-03T13:42:06Z</time>
        <extensions>
          <gpxtpx:TrackPointExtension>
            <gpxtpx:hr>145</gpxtpx:hr>
          </gpxtpx:TrackPointExtension>
        </extensions>
      </trkpt>
      <trkpt lat="38.827826593458504" lon="121.50793462466345">
        <ele>3.0415795389562845</ele>
        <time>2024-08-03T13:42:07Z</time>
        <extensions>
          <gpxtpx:TrackPointExtension>
            <gpxtpx:hr>145</gpxtpx:hr>
          </gpxtpx:TrackPointExtension>
        </extensions>
      </trkpt>
      <trkpt lat="38.82784661113575" lon="121.50792242057354">
        <ele>3.0421567717567086</ele>
        <time>2024-08-03T13:42:08Z</time>
        <extensions>
          <gpxtpx:TrackPointExtension>
            <gpxtpx:hr>145</gpxtpx:hr>
          </gpxtpx:TrackPointExtension>
        </extensions>
      </trkpt>
      <trkpt lat="38.82786595685211" lon="121.50790901073525">
        <ele>3.026324490085244</ele>
        <time>2024-08-03T13:42:09Z</time>
        <extensions>
          <gpxtpx:TrackPointExtension>
            <gpxtpx:hr>145</gpxtpx:hr>
          </gpxtpx:TrackPointExtension>
        </extensions>
      </trkpt>
      <trkpt lat="38.8278850900478" lon="121.50789450861049">
        <ele>3.032009028829634</ele>
        <time>2024-08-03T13:42:10Z</time>
        <extensions>
          <gpxtpx:TrackPointExtension>
            <gpxtpx:hr>145</gpxtpx:hr>
          </gpxtpx:TrackPointExtension>
        </extensions>
      </trkpt>
      <trkpt lat="38.82790408023835" lon="121.50788015969712">
        <ele>3.021379136480391</ele>
        <time>2024-08-03T13:42:11Z</time>
        <extensions>
          <gpxtpx:TrackPointExtension>
            <gpxtpx:hr>145</gpxtpx:hr>
          </gpxtpx:TrackPointExtension>
        </extensions>
      </trkpt>
      <trkpt lat="38.82792285572246" lon="121.50786607155575">
        <ele>3.0053702984005213</ele>
        <time>2024-08-03T13:42:12Z</time>
        <extensions>
          <gpxtpx:TrackPointExtension>
            <gpxtpx:hr>145</gpxtpx:hr>
          </gpxtpx:TrackPointExtension>
        </extensions>
      </trkpt>
      <trkpt lat="38.82794159849843" lon="121.50785121676837">
        <ele>2.987651747651398</ele>
        <time>2024-08-03T13:42:13Z</time>
        <extensions>
          <gpxtpx:TrackPointExtension>
            <gpxtpx:hr>149</gpxtpx:hr>
          </gpxtpx:TrackPointExtension>
        </extensions>
      </trkpt>
      <trkpt lat="38.827959897276095" lon="121.50783539649714">
        <ele>2.977996099740267</ele>
        <time>2024-08-03T13:42:14Z</time>
        <extensions>
          <gpxtpx:TrackPointExtension>
            <gpxtpx:hr>149</gpxtpx:hr>
          </gpxtpx:TrackPointExtension>
        </extensions>
      </trkpt>
      <trkpt lat="38.8279768256579" lon="121.50781858377937">
        <ele>2.9664412811398506</ele>
        <time>2024-08-03T13:42:15Z</time>
        <extensions>
          <gpxtpx:TrackPointExtension>
            <gpxtpx:hr>149</gpxtpx:hr>
          </gpxtpx:TrackPointExtension>
        </extensions>
      </trkpt>
      <trkpt lat="38.82799250269366" lon="121.50780066787614">
        <ele>2.960498446598649</ele>
        <time>2024-08-03T13:42:16Z</time>
        <extensions>
          <gpxtpx:TrackPointExtension>
            <gpxtpx:hr>149</gpxtpx:hr>
          </gpxtpx:TrackPointExtension>
        </extensions>
      </trkpt>
      <trkpt lat="38.82800732204066" lon="121.5077816869331">
        <ele>2.955038965679705</ele>
        <time>2024-08-03T13:42:17Z</time>
        <extensions>
          <gpxtpx:TrackPointExtension>
            <gpxtpx:hr>149</gpxtpx:hr>
          </gpxtpx:TrackPointExtension>
        </extensions>
      </trkpt>
      <trkpt lat="38.82802118852032" lon="121.50776216049425">
        <ele>2.9395539443939924</ele>
        <time>2024-08-03T13:42:18Z</time>
        <extensions>
          <gpxtpx:TrackPointExtension>
            <gpxtpx:hr>151</gpxtpx:hr>
          </gpxtpx:TrackPointExtension>
        </extensions>
      </trkpt>
      <trkpt lat="38.82803484363579" lon="121.5077426002707">
        <ele>2.9368497664108872</ele>
        <time>2024-08-03T13:42:19Z</time>
        <extensions>
          <gpxtpx:TrackPointExtension>
            <gpxtpx:hr>151</gpxtpx:hr>
          </gpxtpx:TrackPointExtension>
        </extensions>
      </trkpt>
      <trkpt lat="38.82804924705925" lon="121.50772300053498">
        <ele>2.937082485295832</ele>
        <time>2024-08-03T13:42:20Z</time>
        <extensions>
          <gpxtpx:TrackPointExtension>
            <gpxtpx:hr>151</gpxtpx:hr>
          </gpxtpx:TrackPointExtension>
        </extensions>
      </trkpt>
      <trkpt lat="38.82806390703234" lon="121.50770360649072">
        <ele>2.9382018484175205</ele>
        <time>2024-08-03T13:42:21Z</time>
        <extensions>
          <gpxtpx:TrackPointExtension>
            <gpxtpx:hr>152</gpxtpx:hr>
          </gpxtpx:TrackPointExtension>
        </extensions>
      </trkpt>
      <trkpt lat="38.82807765199191" lon="121.50768445004077">
        <ele>2.9466665536165237</ele>
        <time>2024-08-03T13:42:22Z</time>
        <extensions>
          <gpxtpx:TrackPointExtension>
            <gpxtpx:hr>152</gpxtpx:hr>
          </gpxtpx:TrackPointExtension>
        </extensions>
      </trkpt>
      <trkpt lat="38.82809014377742" lon="121.50766431776472">
        <ele>2.9505048785358667</ele>
        <time>2024-08-03T13:42:23Z</time>
        <extensions>
          <gpxtpx:TrackPointExtension>
            <gpxtpx:hr>152</gpxtpx:hr>
          </gpxtpx:TrackPointExtension>
        </extensions>
      </trkpt>
      <trkpt lat="38.82810200654031" lon="121.50764311121118">
        <ele>2.9570511942729354</ele>
        <time>2024-08-03T13:42:24Z</time>
        <extensions>
          <gpxtpx:TrackPointExtension>
            <gpxtpx:hr>154</gpxtpx:hr>
          </gpxtpx:TrackPointExtension>
        </extensions>
      </trkpt>
      <trkpt lat="38.828113840300176" lon="121.50762198253683">
        <ele>2.9796020025387406</ele>
        <time>2024-08-03T13:42:25Z</time>
        <extensions>
          <gpxtpx:TrackPointExtension>
            <gpxtpx:hr>154</gpxtpx:hr>
          </gpxtpx:TrackPointExtension>
        </extensions>
      </trkpt>
      <trkpt lat="38.82812628723429" lon="121.50760121523996">
        <ele>2.997925480827689</ele>
        <time>2024-08-03T13:42:26Z</time>
        <extensions>
          <gpxtpx:TrackPointExtension>
            <gpxtpx:hr>154</gpxtpx:hr>
          </gpxtpx:TrackPointExtension>
        </extensions>
      </trkpt>
      <trkpt lat="38.82813964473099" lon="121.50758072660753">
        <ele>3.0155683690682054</ele>
        <time>2024-08-03T13:42:27Z</time>
        <extensions>
          <gpxtpx:TrackPointExtension>
            <gpxtpx:hr>154</gpxtpx:hr>
          </gpxtpx:TrackPointExtension>
        </extensions>
      </trkpt>
      <trkpt lat="38.82815257469615" lon="121.5075605868892">
        <ele>3.037044736556709</ele>
        <time>2024-08-03T13:42:28Z</time>
        <extensions>
          <gpxtpx:TrackPointExtension>
            <gpxtpx:hr>154</gpxtpx:hr>
          </gpxtpx:TrackPointExtension>
        </extensions>
      </trkpt>
      <trkpt lat="38.828164066634145" lon="121.50754072133117">
        <ele>3.0465135760605335</ele>
        <time>2024-08-03T13:42:29Z</time>
        <extensions>
          <gpxtpx:TrackPointExtension>
            <gpxtpx:hr>156</gpxtpx:hr>
          </gpxtpx:TrackPointExtension>
        </extensions>
      </trkpt>
      <trkpt lat="38.82817498889226" lon="121.50752087069058">
        <ele>3.043414169922471</ele>
        <time>2024-08-03T13:42:30Z</time>
        <extensions>
          <gpxtpx:TrackPointExtension>
            <gpxtpx:hr>156</gpxtpx:hr>
          </gpxtpx:TrackPointExtension>
        </extensions>
      </trkpt>
      <trkpt lat="38.82818600017378" lon="121.5075008261212">
        <ele>3.030402911826968</ele>
        <time>2024-08-03T13:42:31Z</time>
        <extensions>
          <gpxtpx:TrackPointExtension>
            <gpxtpx:hr>156</gpxtpx:hr>
          </gpxtpx:TrackPointExtension>
        </extensions>
      </trkpt>
      <trkpt lat="38.82819657505191" lon="121.5074805693335">
        <ele>3.027588302269578</ele>
        <time>2024-08-03T13:42:32Z</time>
        <extensions>
          <gpxtpx:TrackPointExtension>
            <gpxtpx:hr>156</gpxtpx:hr>
          </gpxtpx:TrackPointExtension>
        </extensions>
      </trkpt>
      <trkpt lat="38.82820637142489" lon="121.50745983361765">
        <ele>3.0146403312683105</ele>
        <time>2024-08-03T13:42:33Z</time>
        <extensions>
          <gpxtpx:TrackPointExtension>
            <gpxtpx:hr>156</gpxtpx:hr>
          </gpxtpx:TrackPointExtension>
        </extensions>
      </trkpt>
      <trkpt lat="38.828215798609904" lon="121.50743894054709">
        <ele>2.983794830739498</ele>
        <time>2024-08-03T13:42:34Z</time>
        <extensions>
          <gpxtpx:TrackPointExtension>
            <gpxtpx:hr>156</gpxtpx:hr>
          </gpxtpx:TrackPointExtension>
        </extensions>
      </trkpt>
      <trkpt lat="38.82822493735318" lon="121.50741834677754">
        <ele>2.9432442439720035</ele>
        <time>2024-08-03T13:42:35Z</time>
        <extensions>
          <gpxtpx:TrackPointExtension>
            <gpxtpx:hr>156</gpxtpx:hr>
          </gpxtpx:TrackPointExtension>
        </extensions>
      </trkpt>
      <trkpt lat="38.82823415845606" lon="121.50739761134984">
        <ele>2.890908757224679</ele>
        <time>2024-08-03T13:42:36Z</time>
        <extensions>
          <gpxtpx:TrackPointExtension>
            <gpxtpx:hr>157</gpxtpx:hr>
          </gpxtpx:TrackPointExtension>
        </extensions>
      </trkpt>
      <trkpt lat="38.82824405386714" lon="121.50737632351773">
        <ele>2.8469887003302574</ele>
        <time>2024-08-03T13:42:37Z</time>
        <extensions>
          <gpxtpx:TrackPointExtension>
            <gpxtpx:hr>157</gpxtpx:hr>
          </gpxtpx:TrackPointExtension>
        </extensions>
      </trkpt>
      <trkpt lat="38.82825379514129" lon="121.50735463064369">
        <ele>2.8083272464573383</ele>
        <time>2024-08-03T13:42:38Z</time>
        <extensions>
          <gpxtpx:TrackPointExtension>
            <gpxtpx:hr>157</gpxtpx:hr>
          </gpxtpx:TrackPointExtension>
        </extensions>
      </trkpt>
      <trkpt lat="38.82826265865792" lon="121.50733197768338">
        <ele>2.7536226036027074</ele>
        <time>2024-08-03T13:42:39Z</time>
        <extensions>
          <gpxtpx:TrackPointExtension>
            <gpxtpx:hr>157</gpxtpx:hr>
          </gpxtpx:TrackPointExtension>
        </extensions>
      </trkpt>
      <trkpt lat="38.82827156715037" lon="121.50730804423281">
        <ele>2.704509840346873</ele>
        <time>2024-08-03T13:42:40Z</time>
        <extensions>
          <gpxtpx:TrackPointExtension>
            <gpxtpx:hr>157</gpxtpx:hr>
          </gpxtpx:TrackPointExtension>
        </extensions>
      </trkpt>
      <trkpt lat="38.8282811111028" lon="121.50728394846888">
        <ele>2.6645831149071455</ele>
        <time>2024-08-03T13:42:41Z</time>
        <extensions>
          <gpxtpx:TrackPointExtension>
            <gpxtpx:hr>157</gpxtpx:hr>
          </gpxtpx:TrackPointExtension>
        </extensions>
      </trkpt>
      <trkpt lat="38.82829094187863" lon="121.5072610045506">
        <ele>2.6074531311169267</ele>
        <time>2024-08-03T13:42:42Z</time>
        <extensions>
          <gpxtpx:TrackPointExtension>
            <gpxtpx:hr>157</gpxtpx:hr>
          </gpxtpx:TrackPointExtension>
        </extensions>
      </trkpt>
      <trkpt lat="38.828300390748645" lon="121.50723891224024">
        <ele>2.5472890390083194</ele>
        <time>2024-08-03T13:42:43Z</time>
        <extensions>
          <gpxtpx:TrackPointExtension>
            <gpxtpx:hr>157</gpxtpx:hr>
          </gpxtpx:TrackPointExtension>
        </extensions>
      </trkpt>
      <trkpt lat="38.828309116320824" lon="121.50721624208738">
        <ele>2.49765557795763</ele>
        <time>2024-08-03T13:42:44Z</time>
        <extensions>
          <gpxtpx:TrackPointExtension>
            <gpxtpx:hr>157</gpxtpx:hr>
          </gpxtpx:TrackPointExtension>
        </extensions>
      </trkpt>
      <trkpt lat="38.82831712529297" lon="121.50719239760238">
        <ele>2.449980279430747</ele>
        <time>2024-08-03T13:42:45Z</time>
        <extensions>
          <gpxtpx:TrackPointExtension>
            <gpxtpx:hr>157</gpxtpx:hr>
          </gpxtpx:TrackPointExtension>
        </extensions>
      </trkpt>
      <trkpt lat="38.828324181510396" lon="121.50716688590016">
        <ele>2.401658244431019</ele>
        <time>2024-08-03T13:42:46Z</time>
        <extensions>
          <gpxtpx:TrackPointExtension>
            <gpxtpx:hr>159</gpxtpx:hr>
          </gpxtpx:TrackPointExtension>
        </extensions>
      </trkpt>
      <trkpt lat="38.828330285092164" lon="121.50713970401173">
        <ele>2.3571699149906635</ele>
        <time>2024-08-03T13:42:47Z</time>
        <extensions>
          <gpxtpx:TrackPointExtension>
            <gpxtpx:hr>159</gpxtpx:hr>
          </gpxtpx:TrackPointExtension>
        </extensions>
      </trkpt>
      <trkpt lat="38.82833506903804" lon="121.50711195830317">
        <ele>2.3195138424634933</ele>
        <time>2024-08-03T13:42:48Z</time>
        <extensions>
          <gpxtpx:TrackPointExtension>
            <gpxtpx:hr>159</gpxtpx:hr>
          </gpxtpx:TrackPointExtension>
        </extensions>
      </trkpt>
      <trkpt lat="38.82833859870558" lon="121.50708431807585">
        <ele>2.27145888004452</ele>
        <time>2024-08-03T13:42:49Z</time>
        <extensions>
          <gpxtpx:TrackPointExtension>
            <gpxtpx:hr>159</gpxtpx:hr>
          </gpxtpx:TrackPointExtension>
        </extensions>
      </trkpt>
      <trkpt lat="38.82834184555367" lon="121.50705679223951">
        <ele>2.2200208669528365</ele>
        <time>2024-08-03T13:42:50Z</time>
        <extensions>
          <gpxtpx:TrackPointExtension>
            <gpxtpx:hr>159</gpxtpx:hr>
          </gpxtpx:TrackPointExtension>
        </extensions>
      </trkpt>
      <trkpt lat="38.828344855557695" lon="121.50702966730178">
        <ele>2.167187226936221</ele>
        <time>2024-08-03T13:42:51Z</time>
        <extensions>
          <gpxtpx:TrackPointExtension>
            <gpxtpx:hr>159</gpxtpx:hr>
          </gpxtpx:TrackPointExtension>
        </extensions>
      </trkpt>
      <trkpt lat="38.82834689309995" lon="121.50700306316708">
        <ele>2.1412444030866027</ele>
        <time>2024-08-03T13:42:52Z</time>
        <extensions>
          <gpxtpx:TrackPointExtension>
            <gpxtpx:hr>159</gpxtpx:hr>
          </gpxtpx:TrackPointExtension>
        </extensions>
      </trkpt>
      <trkpt lat="38.828348118830974" lon="121.50697626621034">
        <ele>2.1157246753573418</ele>
        <time>2024-08-03T13:42:53Z</time>
        <extensions>
          <gpxtpx:TrackPointExtension>
            <gpxtpx:hr>160</gpxtpx:hr>
          </gpxtpx:TrackPointExtension>
        </extensions>
      </trkpt>
      <trkpt lat="38.82834978241566" lon="121.50694863011697">
        <ele>2.090052052401006</ele>
        <time>2024-08-03T13:42:54Z</time>
        <extensions>
          <gpxtpx:TrackPointExtension>
            <gpxtpx:hr>160</gpxtpx:hr>
          </gpxtpx:TrackPointExtension>
        </extensions>
      </trkpt>
      <trkpt lat="38.82835233343486" lon="121.50692049123889">
        <ele>2.066771723330021</ele>
        <time>2024-08-03T13:42:55Z</time>
        <extensions>
          <gpxtpx:TrackPointExtension>
            <gpxtpx:hr>160</gpxtpx:hr>
          </gpxtpx:TrackPointExtension>
        </extensions>
      </trkpt>
      <trkpt lat="38.82835543396885" lon="121.50689252689985">
        <ele>2.0507627660408616</ele>
        <time>2024-08-03T13:42:56Z</time>
        <extensions>
          <gpxtpx:TrackPointExtension>
            <gpxtpx:hr>160</gpxtpx:hr>
          </gpxtpx:TrackPointExtension>
        </extensions>
      </trkpt>
      <trkpt lat="38.828359096514134" lon="121.50686511165992">
        <ele>2.032476027496159</ele>
        <time>2024-08-03T13:42:57Z</time>
        <extensions>
          <gpxtpx:TrackPointExtension>
            <gpxtpx:hr>160</gpxtpx:hr>
          </gpxtpx:TrackPointExtension>
        </extensions>
      </trkpt>
      <trkpt lat="38.82836255082993" lon="121.50683854380468">
        <ele>2.018794173374772</ele>
        <time>2024-08-03T13:42:58Z</time>
        <extensions>
          <gpxtpx:TrackPointExtension>
            <gpxtpx:hr>160</gpxtpx:hr>
          </gpxtpx:TrackPointExtension>
        </extensions>
      </trkpt>
      <trkpt lat="38.828365113437144" lon="121.50681269106913">
        <ele>2.001953807659447</ele>
        <time>2024-08-03T13:42:59Z</time>
        <extensions>
          <gpxtpx:TrackPointExtension>
            <gpxtpx:hr>160</gpxtpx:hr>
          </gpxtpx:TrackPointExtension>
        </extensions>
      </trkpt>
      <trkpt lat="38.82836765182693" lon="121.50678652494842">
        <ele>1.9936637626960874</ele>
        <time>2024-08-03T13:43:00Z</time>
        <extensions>
          <gpxtpx:TrackPointExtension>
            <gpxtpx:hr>162</gpxtpx:hr>
          </gpxtpx:TrackPointExtension>
        </extensions>
      </trkpt>
      <trkpt lat="38.828370427139326" lon="121.50675964981153">
        <ele>1.9903493821620941</ele>
        <time>2024-08-03T13:43:01Z</time>
        <extensions>
          <gpxtpx:TrackPointExtension>
            <gpxtpx:hr>162</gpxtpx:hr>
          </gpxtpx:TrackPointExtension>
        </extensions>
      </trkpt>
      <trkpt lat="38.82837180816909" lon="121.50673256100701">
        <ele>2.000492762774229</ele>
        <time>2024-08-03T13:43:02Z</time>
        <extensions>
          <gpxtpx:TrackPointExtension>
            <gpxtpx:hr>162</gpxtpx:hr>
          </gpxtpx:TrackPointExtension>
        </extensions>
      </trkpt>
      <trkpt lat="38.82837141410175" lon="121.50670494450654">
        <ele>2.018968596123159</ele>
        <time>2024-08-03T13:43:03Z</time>
        <extensions>
          <gpxtpx:TrackPointExtension>
            <gpxtpx:hr>162</gpxtpx:hr>
          </gpxtpx:TrackPointExtension>
        </extensions>
      </trkpt>
      <trkpt lat="38.82837091988057" lon="121.50667657569137">
        <ele>2.041552593000233</ele>
        <time>2024-08-03T13:43:03Z</time>
        <extensions>
          <gpxtpx:TrackPointExtension>
            <gpxtpx:hr>162</gpxtpx:hr>
          </gpxtpx:TrackPointExtension>
        </extensions>
      </trkpt>
      <trkpt lat="38.8283712704921" lon="121.50664850757279">
        <ele>2.08027330506593</ele>
        <time>2024-08-03T13:43:04Z</time>
        <extensions>
          <gpxtpx:TrackPointExtension>
            <gpxtpx:hr>162</gpxtpx:hr>
          </gpxtpx:TrackPointExtension>
        </extensions>
      </trkpt>
      <trkpt lat="38.828372792173575" lon="121.5066210867648">
        <ele>2.1201970847323537</ele>
        <time>2024-08-03T13:43:05Z</time>
        <extensions>
          <gpxtpx:TrackPointExtension>
            <gpxtpx:hr>162</gpxtpx:hr>
          </gpxtpx:TrackPointExtension>
        </extensions>
      </trkpt>
      <trkpt lat="38.828376071055374" lon="121.50659383700722">
        <ele>2.162523948587477</ele>
        <time>2024-08-03T13:43:06Z</time>
        <extensions>
          <gpxtpx:TrackPointExtension>
            <gpxtpx:hr>164</gpxtpx:hr>
          </gpxtpx:TrackPointExtension>
        </extensions>
      </trkpt>
      <trkpt lat="38.828380764950836" lon="121.5065672740779">
        <ele>2.2062610937282443</ele>
        <time>2024-08-03T13:43:07Z</time>
        <extensions>
          <gpxtpx:TrackPointExtension>
            <gpxtpx:hr>164</gpxtpx:hr>
          </gpxtpx:TrackPointExtension>
        </extensions>
      </trkpt>
      <trkpt lat="38.82838572886149" lon="121.50654173218084">
        <ele>2.244099556468427</ele>
        <time>2024-08-03T13:43:08Z</time>
        <extensions>
          <gpxtpx:TrackPointExtension>
            <gpxtpx:hr>164</gpxtpx:hr>
          </gpxtpx:TrackPointExtension>
        </extensions>
      </trkpt>
      <trkpt lat="38.82839096406701" lon="121.5065162464062">
        <ele>2.2872017482295632</ele>
        <time>2024-08-03T13:43:09Z</time>
        <extensions>
          <gpxtpx:TrackPointExtension>
            <gpxtpx:hr>164</gpxtpx:hr>
          </gpxtpx:TrackPointExtension>
        </extensions>
      </trkpt>
      <trkpt lat="38.82839691960246" lon="121.5064902607834">
        <ele>2.3361086808145046</ele>
        <time>2024-08-03T13:43:10Z</time>
        <extensions>
          <gpxtpx:TrackPointExtension>
            <gpxtpx:hr>164</gpxtpx:hr>
          </gpxtpx:TrackPointExtension>
        </extensions>
      </trkpt>
      <trkpt lat="38.82840339697039" lon="121.50646455980575">
        <ele>2.3838202822953463</ele>
        <time>2024-08-03T13:43:11Z</time>
        <extensions>
          <gpxtpx:TrackPointExtension>
            <gpxtpx:hr>164</gpxtpx:hr>
          </gpxtpx:TrackPointExtension>
        </extensions>
      </trkpt>
      <trkpt lat="38.82841116192166" lon="121.506439837495">
        <ele>2.429143939167261</ele>
        <time>2024-08-03T13:43:12Z</time>
        <extensions>
          <gpxtpx:TrackPointExtension>
            <gpxtpx:hr>164</gpxtpx:hr>
          </gpxtpx:TrackPointExtension>
        </extensions>
      </trkpt>
      <trkpt lat="38.82842107284145" lon="121.50641633979005">
        <ele>2.4789692033082247</ele>
        <time>2024-08-03T13:43:13Z</time>
        <extensions>
          <gpxtpx:TrackPointExtension>
            <gpxtpx:hr>164</gpxtpx:hr>
          </gpxtpx:TrackPointExtension>
        </extensions>
      </trkpt>
      <trkpt lat="38.82843205039361" lon="121.506394018046">
        <ele>2.538063360378146</ele>
        <time>2024-08-03T13:43:14Z</time>
        <extensions>
          <gpxtpx:TrackPointExtension>
            <gpxtpx:hr>164</gpxtpx:hr>
          </gpxtpx:TrackPointExtension>
        </extensions>
      </trkpt>
      <trkpt lat="38.828442528447894" lon="121.50637211558606">
        <ele>2.591014332138002</ele>
        <time>2024-08-03T13:43:15Z</time>
        <extensions>
          <gpxtpx:TrackPointExtension>
            <gpxtpx:hr>165</gpxtpx:hr>
          </gpxtpx:TrackPointExtension>
        </extensions>
      </trkpt>
      <trkpt lat="38.82845293111352" lon="121.50635033262594">
        <ele>2.634403567761183</ele>
        <time>2024-08-03T13:43:16Z</time>
        <extensions>
          <gpxtpx:TrackPointExtension>
            <gpxtpx:hr>165</gpxtpx:hr>
          </gpxtpx:TrackPointExtension>
        </extensions>
      </trkpt>
      <trkpt lat="38.82846405661708" lon="121.50632921300434">
        <ele>2.6564250495284796</ele>
        <time>2024-08-03T13:43:17Z</time>
        <extensions>
          <gpxtpx:TrackPointExtension>
            <gpxtpx:hr>165</gpxtpx:hr>
          </gpxtpx:TrackPointExtension>
        </extensions>
      </trkpt>
      <trkpt lat="38.82847507623746" lon="121.50630925495938">
        <ele>2.6691337591037154</ele>
        <time>2024-08-03T13:43:18Z</time>
        <extensions>
          <gpxtpx:TrackPointExtension>
            <gpxtpx:hr>165</gpxtpx:hr>
          </gpxtpx:TrackPointExtension>
        </extensions>
      </trkpt>
      <trkpt lat="38.82848540224992" lon="121.50629004555323">
        <ele>2.6734468825161457</ele>
        <time>2024-08-03T13:43:19Z</time>
        <extensions>
          <gpxtpx:TrackPointExtension>
            <gpxtpx:hr>165</gpxtpx:hr>
          </gpxtpx:TrackPointExtension>
        </extensions>
      </trkpt>
      <trkpt lat="38.82849501791807" lon="121.50627189142858">
        <ele>2.679915160872042</ele>
        <time>2024-08-03T13:43:20Z</time>
        <extensions>
          <gpxtpx:TrackPointExtension>
            <gpxtpx:hr>167</gpxtpx:hr>
          </gpxtpx:TrackPointExtension>
        </extensions>
      </trkpt>
      <trkpt lat="38.82850322383505" lon="121.5062565263955">
        <ele>2.6847445275634527</ele>
        <time>2024-08-03T13:43:21Z</time>
        <extensions>
          <gpxtpx:TrackPointExtension>
            <gpxtpx:hr>167</gpxtpx:hr>
          </gpxtpx:TrackPointExtension>
        </extensions>
      </trkpt>
      <trkpt lat="38.828509749801185" lon="121.50624460457522">
        <ele>2.6864976221695542</ele>
        <time>2024-08-03T13:43:22Z</time>
        <extensions>
          <gpxtpx:TrackPointExtension>
            <gpxtpx:hr>167</gpxtpx:hr>
          </gpxtpx:TrackPointExtension>
        </extensions>
      </trkpt>
      <trkpt lat="38.828515363858855" lon="121.50623528412214">
        <ele>2.6912384340539575</ele>
        <time>2024-08-03T13:43:23Z</time>
        <extensions>
          <gpxtpx:TrackPointExtension>
            <gpxtpx:hr>167</gpxtpx:hr>
          </gpxtpx:TrackPointExtension>
        </extensions>
      </trkpt>
      <trkpt lat="38.82852101530475" lon="121.50622774165728">
        <ele>2.6875021243467927</ele>
        <time>2024-08-03T13:43:24Z</time>
        <extensions>
          <gpxtpx:TrackPointExtension>
            <gpxtpx:hr>167</gpxtpx:hr>
          </gpxtpx:TrackPointExtension>
        </extensions>
      </trkpt>
      <trkpt lat="38.82852745811131" lon="121.50622126263823">
        <ele>2.6845926931127906</ele>
        <time>2024-08-03T13:43:25Z</time>
        <extensions>
          <gpxtpx:TrackPointExtension>
            <gpxtpx:hr>167</gpxtpx:hr>
          </gpxtpx:TrackPointExtension>
        </extensions>
      </trkpt>
      <trkpt lat="38.828534531718944" lon="121.5062149213045">
        <ele>2.6745719527825713</ele>
        <time>2024-08-03T13:43:26Z</time>
        <extensions>
          <gpxtpx:TrackPointExtension>
            <gpxtpx:hr>167</gpxtpx:hr>
          </gpxtpx:TrackPointExtension>
        </extensions>
      </trkpt>
      <trkpt lat="38.82854129326561" lon="121.50620811692886">
        <ele>2.6695172088220716</ele>
        <time>2024-08-03T13:43:27Z</time>
        <extensions>
          <gpxtpx:TrackPointExtension>
            <gpxtpx:hr>167</gpxtpx:hr>
          </gpxtpx:TrackPointExtension>
        </extensions>
      </trkpt>
      <trkpt lat="38.82854789325295" lon="121.5062008723222">
        <ele>2.662270925939083</ele>
        <time>2024-08-03T13:43:28Z</time>
        <extensions>
          <gpxtpx:TrackPointExtension>
            <gpxtpx:hr>167</gpxtpx:hr>
          </gpxtpx:TrackPointExtension>
        </extensions>
      </trkpt>
      <trkpt lat="38.828554815511" lon="121.50619324427781">
        <ele>2.656498127616942</ele>
        <time>2024-08-03T13:43:29Z</time>
        <extensions>
          <gpxtpx:TrackPointExtension>
            <gpxtpx:hr>167</gpxtpx:hr>
          </gpxtpx:TrackPointExtension>
        </extensions>
      </trkpt>
      <trkpt lat="38.82856242570421" lon="121.50618520374127">
        <ele>2.655758809298277</ele>
        <time>2024-08-03T13:43:30Z</time>
        <extensions>
          <gpxtpx:TrackPointExtension>
            <gpxtpx:hr>167</gpxtpx:hr>
          </gpxtpx:TrackPointExtension>
        </extensions>
      </trkpt>
      <trkpt lat="38.828570788611174" lon="121.50617708998782">
        <ele>2.654850804246962</ele>
        <time>2024-08-03T13:43:31Z</time>
        <extensions>
          <gpxtpx:TrackPointExtension>
            <gpxtpx:hr>167</gpxtpx:hr>
          </gpxtpx:TrackPointExtension>
        </extensions>
      </trkpt>
      <trkpt lat="38.82857906414111" lon="121.50616940602353">
        <ele>2.6603783490136266</ele>
        <time>2024-08-03T13:43:32Z</time>
        <extensions>
          <gpxtpx:TrackPointExtension>
            <gpxtpx:hr>166</gpxtpx:hr>
          </gpxtpx:TrackPointExtension>
        </extensions>
      </trkpt>
      <trkpt lat="38.8285868341226" lon="121.50616201893497">
        <ele>2.666873211041093</ele>
        <time>2024-08-03T13:43:33Z</time>
        <extensions>
          <gpxtpx:TrackPointExtension>
            <gpxtpx:hr>166</gpxtpx:hr>
          </gpxtpx:TrackPointExtension>
        </extensions>
      </trkpt>
      <trkpt lat="38.82859482801391" lon="121.50615448355477">
        <ele>2.677975964732468</ele>
        <time>2024-08-03T13:43:34Z</time>
        <extensions>
          <gpxtpx:TrackPointExtension>
            <gpxtpx:hr>166</gpxtpx:hr>
          </gpxtpx:TrackPointExtension>
        </extensions>
      </trkpt>
      <trkpt lat="38.828603599827524" lon="121.50614693356746">
        <ele>2.6891859462484717</ele>
        <time>2024-08-03T13:43:35Z</time>
        <extensions>
          <gpxtpx:TrackPointExtension>
            <gpxtpx:hr>166</gpxtpx:hr>
          </gpxtpx:TrackPointExtension>
        </extensions>
      </trkpt>
      <trkpt lat="38.82861246770692" lon="121.50613965639717">
        <ele>2.6948708407580853</ele>
        <time>2024-08-03T13:43:36Z</time>
        <extensions>
          <gpxtpx:TrackPointExtension>
            <gpxtpx:hr>164</gpxtpx:hr>
          </gpxtpx:TrackPointExtension>
        </extensions>
      </trkpt>
      <trkpt lat="38.8286208340445" lon="121.50613259125879">
        <ele>2.7111497577279806</ele>
        <time>2024-08-03T13:43:37Z</time>
        <extensions>
          <gpxtpx:TrackPointExtension>
            <gpxtpx:hr>164</gpxtpx:hr>
          </gpxtpx:TrackPointExtension>
        </extensions>
      </trkpt>
      <trkpt lat="38.82862872616674" lon="121.50612537162762">
        <ele>2.7204180620610714</ele>
        <time>2024-08-03T13:43:38Z</time>
        <extensions>
          <gpxtpx:TrackPointExtension>
            <gpxtpx:hr>164</gpxtpx:hr>
          </gpxtpx:TrackPointExtension>
        </extensions>
      </trkpt>
      <trkpt lat="38.8286367544862" lon="121.50611735386299">
        <ele>2.732129686512053</ele>
        <time>2024-08-03T13:43:39Z</time>
        <extensions>
          <gpxtpx:TrackPointExtension>
            <gpxtpx:hr>164</gpxtpx:hr>
          </gpxtpx:TrackPointExtension>
        </extensions>
      </trkpt>
      <trkpt lat="38.82864525216246" lon="121.50610854655788">
        <ele>2.7514554616063833</ele>
        <time>2024-08-03T13:43:40Z</time>
        <extensions>
          <gpxtpx:TrackPointExtension>
            <gpxtpx:hr>162</gpxtpx:hr>
          </gpxtpx:TrackPointExtension>
        </extensions>
      </trkpt>
      <trkpt lat="38.82865416867626" lon="121.50609969774449">
        <ele>2.764755834825337</ele>
        <time>2024-08-03T13:43:41Z</time>
        <extensions>
          <gpxtpx:TrackPointExtension>
            <gpxtpx:hr>162</gpxtpx:hr>
          </gpxtpx:TrackPointExtension>
        </extensions>
      </trkpt>
      <trkpt lat="38.82866348589404" lon="121.50609155030969">
        <ele>2.7811260037124157</ele>
        <time>2024-08-03T13:43:42Z</time>
        <extensions>
          <gpxtpx:TrackPointExtension>
            <gpxtpx:hr>162</gpxtpx:hr>
          </gpxtpx:TrackPointExtension>
        </extensions>
      </trkpt>
      <trkpt lat="38.828672876008625" lon="121.50608441136356">
        <ele>2.7944482723250985</ele>
        <time>2024-08-03T13:43:43Z</time>
        <extensions>
          <gpxtpx:TrackPointExtension>
            <gpxtpx:hr>162</gpxtpx:hr>
          </gpxtpx:TrackPointExtension>
        </extensions>
      </trkpt>
      <trkpt lat="38.82868192859309" lon="121.50607791083853">
        <ele>2.8054025573655963</ele>
        <time>2024-08-03T13:43:44Z</time>
        <extensions>
          <gpxtpx:TrackPointExtension>
            <gpxtpx:hr>161</gpxtpx:hr>
          </gpxtpx:TrackPointExtension>
        </extensions>
      </trkpt>
      <trkpt lat="38.82869032799966" lon="121.50607134910419">
        <ele>2.8209667271003127</ele>
        <time>2024-08-03T13:43:45Z</time>
        <extensions>
          <gpxtpx:TrackPointExtension>
            <gpxtpx:hr>161</gpxtpx:hr>
          </gpxtpx:TrackPointExtension>
        </extensions>
      </trkpt>
      <trkpt lat="38.82869860860417" lon="121.50606436988883">
        <ele>2.832456582225859</ele>
        <time>2024-08-03T13:43:46Z</time>
        <extensions>
          <gpxtpx:TrackPointExtension>
            <gpxtpx:hr>161</gpxtpx:hr>
          </gpxtpx:TrackPointExtension>
        </extensions>
      </trkpt>
      <trkpt lat="38.828707343826395" lon="121.5060572440337">
        <ele>2.8453068202361465</ele>
        <time>2024-08-03T13:43:47Z</time>
        <extensions>
          <gpxtpx:TrackPointExtension>
            <gpxtpx:hr>161</gpxtpx:hr>
          </gpxtpx:TrackPointExtension>
        </extensions>
      </trkpt>
      <trkpt lat="38.82871620614345" lon="121.50605066395467">
        <ele>2.860564162954688</ele>
        <time>2024-08-03T13:43:48Z</time>
        <extensions>
          <gpxtpx:TrackPointExtension>
            <gpxtpx:hr>159</gpxtpx:hr>
          </gpxtpx:TrackPointExtension>
        </extensions>
      </trkpt>
      <trkpt lat="38.82872524180191" lon="121.50604480632822">
        <ele>2.871190045028925</ele>
        <time>2024-08-03T13:43:49Z</time>
        <extensions>
          <gpxtpx:TrackPointExtension>
            <gpxtpx:hr>159</gpxtpx:hr>
          </gpxtpx:TrackPointExtension>
        </extensions>
      </trkpt>
      <trkpt lat="38.82873437646029" lon="121.50603929564951">
        <ele>2.8795428602024913</ele>
        <time>2024-08-03T13:43:50Z</time>
        <extensions>
          <gpxtpx:TrackPointExtension>
            <gpxtpx:hr>159</gpxtpx:hr>
          </gpxtpx:TrackPointExtension>
        </extensions>
      </trkpt>
      <trkpt lat="38.828743254452164" lon="121.50603390448926">
        <ele>2.880148772150278</ele>
        <time>2024-08-03T13:43:51Z</time>
        <extensions>
          <gpxtpx:TrackPointExtension>
            <gpxtpx:hr>159</gpxtpx:hr>
          </gpxtpx:TrackPointExtension>
        </extensions>
      </trkpt>
      <trkpt lat="38.82875178730244" lon="121.50602865403242">
        <ele>2.8832914577797055</ele>
        <time>2024-08-03T13:43:52Z</time>
        <extensions>
          <gpxtpx:TrackPointExtension>
            <gpxtpx:hr>159</gpxtpx:hr>
          </gpxtpx:TrackPointExtension>
        </extensions>
      </trkpt>
      <trkpt lat="38.828760228439464" lon="121.50602352266097">
        <ele>2.88246666546911</ele>
        <time>2024-08-03T13:43:53Z</time>
        <extensions>
          <gpxtpx:TrackPointExtension>
            <gpxtpx:hr>159</gpxtpx:hr>
          </gpxtpx:TrackPointExtension>
        </extensions>
      </trkpt>
      <trkpt lat="38.828769088065656" lon="121.506018651349">
        <ele>2.8753407914191484</ele>
        <time>2024-08-03T13:43:54Z</time>
        <extensions>
          <gpxtpx:TrackPointExtension>
            <gpxtpx:hr>159</gpxtpx:hr>
          </gpxtpx:TrackPointExtension>
        </extensions>
      </trkpt>
      <trkpt lat="38.8287783178805" lon="121.50601409919051">
        <ele>2.864693115465343</ele>
        <time>2024-08-03T13:43:55Z</time>
        <extensions>
          <gpxtpx:TrackPointExtension>
            <gpxtpx:hr>151</gpxtpx:hr>
          </gpxtpx:TrackPointExtension>
        </extensions>
      </trkpt>
      <trkpt lat="38.82878737066612" lon="121.5060097815555">
        <ele>2.848348807543516</ele>
        <time>2024-08-03T13:43:56Z</time>
        <extensions>
          <gpxtpx:TrackPointExtension>
            <gpxtpx:hr>151</gpxtpx:hr>
          </gpxtpx:TrackPointExtension>
        </extensions>
      </trkpt>
      <trkpt lat="38.828796013407164" lon="121.50600554751423">
        <ele>2.8347303979098797</ele>
        <time>2024-08-03T13:43:57Z</time>
        <extensions>
          <gpxtpx:TrackPointExtension>
            <gpxtpx:hr>151</gpxtpx:hr>
          </gpxtpx:TrackPointExtension>
        </extensions>
      </trkpt>
      <trkpt lat="38.828804393415425" lon="121.50600112464073">
        <ele>2.8183634160086513</ele>
        <time>2024-08-03T13:43:58Z</time>
        <extensions>
          <gpxtpx:TrackPointExtension>
            <gpxtpx:hr>151</gpxtpx:hr>
          </gpxtpx:TrackPointExtension>
        </extensions>
      </trkpt>
      <trkpt lat="38.82881312366673" lon="121.50599647881364">
        <ele>2.8046406134963036</ele>
        <time>2024-08-03T13:43:59Z</time>
        <extensions>
          <gpxtpx:TrackPointExtension>
            <gpxtpx:hr>151</gpxtpx:hr>
          </gpxtpx:TrackPointExtension>
        </extensions>
      </trkpt>
      <trkpt lat="38.82882262968626" lon="121.50599182127921">
        <ele>2.789650705642998</ele>
        <time>2024-08-03T13:44:00Z</time>
        <extensions>
          <gpxtpx:TrackPointExtension>
            <gpxtpx:hr>150</gpxtpx:hr>
          </gpxtpx:TrackPointExtension>
        </extensions>
      </trkpt>
      <trkpt lat="38.82883241733644" lon="121.5059875734324">
        <ele>2.7695102663710713</ele>
        <time>2024-08-03T13:44:01Z</time>
        <extensions>
          <gpxtpx:TrackPointExtension>
            <gpxtpx:hr>150</gpxtpx:hr>
          </gpxtpx:TrackPointExtension>
        </extensions>
      </trkpt>
      <trkpt lat="38.82884204929859" lon="121.50598410258448">
        <ele>2.7485418124124408</ele>
        <time>2024-08-03T13:44:02Z</time>
        <extensions>
          <gpxtpx:TrackPointExtension>
            <gpxtpx:hr>150</gpxtpx:hr>
          </gpxtpx:TrackPointExtension>
        </extensions>
      </trkpt>
      <trkpt lat="38.82885138177199" lon="121.50598120117195">
        <ele>2.7175721004605293</ele>
        <time>2024-08-03T13:44:03Z</time>
        <extensions>
          <gpxtpx:TrackPointExtension>
            <gpxtpx:hr>147</gpxtpx:hr>
          </gpxtpx:TrackPointExtension>
        </extensions>
      </trkpt>
      <trkpt lat="38.82886079947387" lon="121.50597859776305">
        <ele>2.6840321673080325</ele>
        <time>2024-08-03T13:44:04Z</time>
        <extensions>
          <gpxtpx:TrackPointExtension>
            <gpxtpx:hr>147</gpxtpx:hr>
          </gpxtpx:TrackPointExtension>
        </extensions>
      </trkpt>
      <trkpt lat="38.82887066385537" lon="121.50597614426277">
        <ele>2.6408576294779778</ele>
        <time>2024-08-03T13:44:05Z</time>
        <extensions>
          <gpxtpx:TrackPointExtension>
            <gpxtpx:hr>147</gpxtpx:hr>
          </gpxtpx:TrackPointExtension>
        </extensions>
      </trkpt>
      <trkpt lat="38.82888054803525" lon="121.50597392260191">
        <ele>2.6027705715969205</ele>
        <time>2024-08-03T13:44:06Z</time>
        <extensions>
          <gpxtpx:TrackPointExtension>
            <gpxtpx:hr>147</gpxtpx:hr>
          </gpxtpx:TrackPointExtension>
        </extensions>
      </trkpt>
      <trkpt lat="38.828890214079166" lon="121.50597175428669">
        <ele>2.5623809937387705</ele>
        <time>2024-08-03T13:44:07Z</time>
        <extensions>
          <gpxtpx:TrackPointExtension>
            <gpxtpx:hr>147</gpxtpx:hr>
          </gpxtpx:TrackPointExtension>
        </extensions>
      </trkpt>
      <trkpt lat="38.828899518745246" lon="121.50596919632257">
        <ele>2.517775483429432</ele>
        <time>2024-08-03T13:44:08Z</time>
        <extensions>
          <gpxtpx:TrackPointExtension>
            <gpxtpx:hr>147</gpxtpx:hr>
          </gpxtpx:TrackPointExtension>
        </extensions>
      </trkpt>
      <trkpt lat="38.828908704932296" lon="121.50596669092452">
        <ele>2.47828727401793</ele>
        <time>2024-08-03T13:44:09Z</time>
        <extensions>
          <gpxtpx:TrackPointExtension>
            <gpxtpx:hr>142</gpxtpx:hr>
          </gpxtpx:TrackPointExtension>
        </extensions>
      </trkpt>
      <trkpt lat="38.82891812524645" lon="121.50596482032877">
        <ele>2.4358928464353085</ele>
        <time>2024-08-03T13:44:10Z</time>
        <extensions>
          <gpxtpx:TrackPointExtension>
            <gpxtpx:hr>142</gpxtpx:hr>
          </gpxtpx:TrackPointExtension>
        </extensions>
      </trkpt>
      <trkpt lat="38.82892766205142" lon="121.50596360474373">
        <ele>2.397770660929382</ele>
        <time>2024-08-03T13:44:11Z</time>
        <extensions>
          <gpxtpx:TrackPointExtension>
            <gpxtpx:hr>142</gpxtpx:hr>
          </gpxtpx:TrackPointExtension>
        </extensions>
      </trkpt>
      <trkpt lat="38.828937279525746" lon="121.50596259110165">
        <ele>2.371494121849537</ele>
        <time>2024-08-03T13:44:12Z</time>
        <extensions>
          <gpxtpx:TrackPointExtension>
            <gpxtpx:hr>142</gpxtpx:hr>
          </gpxtpx:TrackPointExtension>
        </extensions>
      </trkpt>
      <trkpt lat="38.82894669281587" lon="121.50596144943759">
        <ele>2.345641450956464</ele>
        <time>2024-08-03T13:44:13Z</time>
        <extensions>
          <gpxtpx:TrackPointExtension>
            <gpxtpx:hr>142</gpxtpx:hr>
          </gpxtpx:TrackPointExtension>
        </extensions>
      </trkpt>
      <trkpt lat="38.828956224401466" lon="121.5059606501286">
        <ele>2.325759002007544</ele>
        <time>2024-08-03T13:44:14Z</time>
        <extensions>
          <gpxtpx:TrackPointExtension>
            <gpxtpx:hr>142</gpxtpx:hr>
          </gpxtpx:TrackPointExtension>
        </extensions>
      </trkpt>
      <trkpt lat="38.82896610973766" lon="121.50596040647773">
        <ele>2.3033805498853326</ele>
        <time>2024-08-03T13:44:15Z</time>
        <extensions>
          <gpxtpx:TrackPointExtension>
            <gpxtpx:hr>139</gpxtpx:hr>
          </gpxtpx:TrackPointExtension>
        </extensions>
      </trkpt>
      <trkpt lat="38.82897602314071" lon="121.5059602784048">
        <ele>2.2777711609378457</ele>
        <time>2024-08-03T13:44:16Z</time>
        <extensions>
          <gpxtpx:TrackPointExtension>
            <gpxtpx:hr>139</gpxtpx:hr>
          </gpxtpx:TrackPointExtension>
        </extensions>
      </trkpt>
      <trkpt lat="38.82898602151223" lon="121.50596000899412">
        <ele>2.2710820427164435</ele>
        <time>2024-08-03T13:44:17Z</time>
        <extensions>
          <gpxtpx:TrackPointExtension>
            <gpxtpx:hr>139</gpxtpx:hr>
          </gpxtpx:TrackPointExtension>
        </extensions>
      </trkpt>
      <trkpt lat="38.82899626995912" lon="121.50595985926702">
        <ele>2.263769577257335</ele>
        <time>2024-08-03T13:44:18Z</time>
        <extensions>
          <gpxtpx:TrackPointExtension>
            <gpxtpx:hr>139</gpxtpx:hr>
          </gpxtpx:TrackPointExtension>
        </extensions>
      </trkpt>
      <trkpt lat="38.82900663743299" lon="121.50596013364378">
        <ele>2.2590296426787972</ele>
        <time>2024-08-03T13:44:19Z</time>
        <extensions>
          <gpxtpx:TrackPointExtension>
            <gpxtpx:hr>138</gpxtpx:hr>
          </gpxtpx:TrackPointExtension>
        </extensions>
      </trkpt>
      <trkpt lat="38.82901689319156" lon="121.50596055462304">
        <ele>2.2627557702362537</ele>
        <time>2024-08-03T13:44:20Z</time>
        <extensions>
          <gpxtpx:TrackPointExtension>
            <gpxtpx:hr>138</gpxtpx:hr>
          </gpxtpx:TrackPointExtension>
        </extensions>
      </trkpt>
      <trkpt lat="38.82902700082922" lon="121.50596039638182">
        <ele>2.278368807397783</ele>
        <time>2024-08-03T13:44:21Z</time>
        <extensions>
          <gpxtpx:TrackPointExtension>
            <gpxtpx:hr>138</gpxtpx:hr>
          </gpxtpx:TrackPointExtension>
        </extensions>
      </trkpt>
      <trkpt lat="38.82903672641154" lon="121.50595899375432">
        <ele>2.2965230690315366</ele>
        <time>2024-08-03T13:44:22Z</time>
        <extensions>
          <gpxtpx:TrackPointExtension>
            <gpxtpx:hr>138</gpxtpx:hr>
          </gpxtpx:TrackPointExtension>
        </extensions>
      </trkpt>
      <trkpt lat="38.82904557436153" lon="121.5059559029402">
        <ele>2.3071802826598287</ele>
        <time>2024-08-03T13:44:23Z</time>
        <extensions>
          <gpxtpx:TrackPointExtension>
            <gpxtpx:hr>138</gpxtpx:hr>
          </gpxtpx:TrackPointExtension>
        </extensions>
      </trkpt>
      <trkpt lat="38.829053885442455" lon="121.50595120300865">
        <ele>2.32176860421896</ele>
        <time>2024-08-03T13:44:24Z</time>
        <extensions>
          <gpxtpx:TrackPointExtension>
            <gpxtpx:hr>138</gpxtpx:hr>
          </gpxtpx:TrackPointExtension>
        </extensions>
      </trkpt>
      <trkpt lat="38.8290625108242" lon="121.50594572503374">
        <ele>2.339543188922107</ele>
        <time>2024-08-03T13:44:25Z</time>
        <extensions>
          <gpxtpx:TrackPointExtension>
            <gpxtpx:hr>138</gpxtpx:hr>
          </gpxtpx:TrackPointExtension>
        </extensions>
      </trkpt>
      <trkpt lat="38.82907152612234" lon="121.50594051206974">
        <ele>2.35423696693033</ele>
        <time>2024-08-03T13:44:26Z</time>
        <extensions>
          <gpxtpx:TrackPointExtension>
            <gpxtpx:hr>138</gpxtpx:hr>
          </gpxtpx:TrackPointExtension>
        </extensions>
      </trkpt>
      <trkpt lat="38.82908070784917" lon="121.50593639423741">
        <ele>2.3749490045011044</ele>
        <time>2024-08-03T13:44:27Z</time>
        <extensions>
          <gpxtpx:TrackPointExtension>
            <gpxtpx:hr>138</gpxtpx:hr>
          </gpxtpx:TrackPointExtension>
        </extensions>
      </trkpt>
      <trkpt lat="38.82908989650875" lon="121.50593432757299">
        <ele>2.3971847109496593</ele>
        <time>2024-08-03T13:44:28Z</time>
        <extensions>
          <gpxtpx:TrackPointExtension>
            <gpxtpx:hr>138</gpxtpx:hr>
          </gpxtpx:TrackPointExtension>
        </extensions>
      </trkpt>
      <trkpt lat="38.82909870884969" lon="121.50593522889116">
        <ele>2.421080688945949</ele>
        <time>2024-08-03T13:44:29Z</time>
        <extensions>
          <gpxtpx:TrackPointExtension>
            <gpxtpx:hr>138</gpxtpx:hr>
          </gpxtpx:TrackPointExtension>
        </extensions>
      </trkpt>
      <trkpt lat="38.82910685410174" lon="121.50593921149935">
        <ele>2.44451205432415</ele>
        <time>2024-08-03T13:44:30Z</time>
        <extensions>
          <gpxtpx:TrackPointExtension>
            <gpxtpx:hr>138</gpxtpx:hr>
          </gpxtpx:TrackPointExtension>
        </extensions>
      </trkpt>
      <trkpt lat="38.829114263285675" lon="121.50594594521608">
        <ele>2.4721779339015484</ele>
        <time>2024-08-03T13:44:31Z</time>
        <extensions>
          <gpxtpx:TrackPointExtension>
            <gpxtpx:hr>138</gpxtpx:hr>
          </gpxtpx:TrackPointExtension>
        </extensions>
      </trkpt>
      <trkpt lat="38.82912149276421" lon="121.5059546892893">
        <ele>2.508085417561233</ele>
        <time>2024-08-03T13:44:32Z</time>
        <extensions>
          <gpxtpx:TrackPointExtension>
            <gpxtpx:hr>136</gpxtpx:hr>
          </gpxtpx:TrackPointExtension>
        </extensions>
      </trkpt>
      <trkpt lat="38.829128918916915" lon="121.50596426462758">
        <ele>2.5411972142755985</ele>
        <time>2024-08-03T13:44:33Z</time>
        <extensions>
          <gpxtpx:TrackPointExtension>
            <gpxtpx:hr>136</gpxtpx:hr>
          </gpxtpx:TrackPointExtension>
        </extensions>
      </trkpt>
      <trkpt lat="38.82913677698646" lon="121.50597290276832">
        <ele>2.567607960663736</ele>
        <time>2024-08-03T13:44:34Z</time>
        <extensions>
          <gpxtpx:TrackPointExtension>
            <gpxtpx:hr>136</gpxtpx:hr>
          </gpxtpx:TrackPointExtension>
        </extensions>
      </trkpt>
      <trkpt lat="38.829145520494606" lon="121.50597978461819">
        <ele>2.594826800748706</ele>
        <time>2024-08-03T13:44:35Z</time>
        <extensions>
          <gpxtpx:TrackPointExtension>
            <gpxtpx:hr>136</gpxtpx:hr>
          </gpxtpx:TrackPointExtension>
        </extensions>
      </trkpt>
      <trkpt lat="38.82915482124495" lon="121.50598537362448">
        <ele>2.6135216522961855</ele>
        <time>2024-08-03T13:44:36Z</time>
        <extensions>
          <gpxtpx:TrackPointExtension>
            <gpxtpx:hr>136</gpxtpx:hr>
          </gpxtpx:TrackPointExtension>
        </extensions>
      </trkpt>
      <trkpt lat="38.8291640541369" lon="121.50599035608651">
        <ele>2.6392821548506618</ele>
        <time>2024-08-03T13:44:37Z</time>
        <extensions>
          <gpxtpx:TrackPointExtension>
            <gpxtpx:hr>136</gpxtpx:hr>
          </gpxtpx:TrackPointExtension>
        </extensions>
      </trkpt>
      <trkpt lat="38.82917305725276" lon="121.5059953822715">
        <ele>2.6762755336239934</ele>
        <time>2024-08-03T13:44:38Z</time>
        <extensions>
          <gpxtpx:TrackPointExtension>
            <gpxtpx:hr>136</gpxtpx:hr>
          </gpxtpx:TrackPointExtension>
        </extensions>
      </trkpt>
      <trkpt lat="38.82918185693708" lon="121.50600067195496">
        <ele>2.676928455941379</ele>
        <time>2024-08-03T13:44:39Z</time>
        <extensions>
          <gpxtpx:TrackPointExtension>
            <gpxtpx:hr>136</gpxtpx:hr>
          </gpxtpx:TrackPointExtension>
        </extensions>
      </trkpt>
      <trkpt lat="38.82919035444398" lon="121.5060060660056">
        <ele>2.6884492728859186</ele>
        <time>2024-08-03T13:44:40Z</time>
        <extensions>
          <gpxtpx:TrackPointExtension>
            <gpxtpx:hr>136</gpxtpx:hr>
          </gpxtpx:TrackPointExtension>
        </extensions>
      </trkpt>
      <trkpt lat="38.82919853133059" lon="121.50601150968603">
        <ele>2.6998547185212374</ele>
        <time>2024-08-03T13:44:41Z</time>
        <extensions>
          <gpxtpx:TrackPointExtension>
            <gpxtpx:hr>136</gpxtpx:hr>
          </gpxtpx:TrackPointExtension>
        </extensions>
      </trkpt>
      <trkpt lat="38.829206576121045" lon="121.506017197581">
        <ele>2.7117282394319773</ele>
        <time>2024-08-03T13:44:42Z</time>
        <extensions>
          <gpxtpx:TrackPointExtension>
            <gpxtpx:hr>136</gpxtpx:hr>
          </gpxtpx:TrackPointExtension>
        </extensions>
      </trkpt>
      <trkpt lat="38.82921453983203" lon="121.50602315532844">
        <ele>2.716332245618105</ele>
        <time>2024-08-03T13:44:43Z</time>
        <extensions>
          <gpxtpx:TrackPointExtension>
            <gpxtpx:hr>136</gpxtpx:hr>
          </gpxtpx:TrackPointExtension>
        </extensions>
      </trkpt>
      <trkpt lat="38.82922242294758" lon="121.50602896816112">
        <ele>2.71950825676322</ele>
        <time>2024-08-03T13:44:44Z</time>
        <extensions>
          <gpxtpx:TrackPointExtension>
            <gpxtpx:hr>136</gpxtpx:hr>
          </gpxtpx:TrackPointExtension>
        </extensions>
      </trkpt>
      <trkpt lat="38.82923028705594" lon="121.5060342319152">
        <ele>2.727220468223095</ele>
        <time>2024-08-03T13:44:45Z</time>
        <extensions>
          <gpxtpx:TrackPointExtension>
            <gpxtpx:hr>135</gpxtpx:hr>
          </gpxtpx:TrackPointExtension>
        </extensions>
      </trkpt>
      <trkpt lat="38.82923862533444" lon="121.50603887057135">
        <ele>2.743442286737263</ele>
        <time>2024-08-03T13:44:46Z</time>
        <extensions>
          <gpxtpx:TrackPointExtension>
            <gpxtpx:hr>135</gpxtpx:hr>
          </gpxtpx:TrackPointExtension>
        </extensions>
      </trkpt>
      <trkpt lat="38.829247943812625" lon="121.50604349819614">
        <ele>2.7589280670508742</ele>
        <time>2024-08-03T13:44:47Z</time>
        <extensions>
          <gpxtpx:TrackPointExtension>
            <gpxtpx:hr>135</gpxtpx:hr>
          </gpxtpx:TrackPointExtension>
        </extensions>
      </trkpt>
      <trkpt lat="38.82925813797703" lon="121.50604895387148">
        <ele>2.768394219689071</ele>
        <time>2024-08-03T13:44:48Z</time>
        <extensions>
          <gpxtpx:TrackPointExtension>
            <gpxtpx:hr>135</gpxtpx:hr>
          </gpxtpx:TrackPointExtension>
        </extensions>
      </trkpt>
      <trkpt lat="38.82926853435839" lon="121.5060553196104">
        <ele>2.778918622992933</ele>
        <time>2024-08-03T13:44:49Z</time>
        <extensions>
          <gpxtpx:TrackPointExtension>
            <gpxtpx:hr>135</gpxtpx:hr>
          </gpxtpx:TrackPointExtension>
        </extensions>
      </trkpt>
      <trkpt lat="38.82927858323835" lon="121.50606216662092">
        <ele>2.791272033005953</ele>
        <time>2024-08-03T13:44:50Z</time>
        <extensions>
          <gpxtpx:TrackPointExtension>
            <gpxtpx:hr>135</gpxtpx:hr>
          </gpxtpx:TrackPointExtension>
        </extensions>
      </trkpt>
      <trkpt lat="38.82928880049187" lon="121.50606925295789">
        <ele>2.806626742705703</ele>
        <time>2024-08-03T13:44:51Z</time>
        <extensions>
          <gpxtpx:TrackPointExtension>
            <gpxtpx:hr>134</gpxtpx:hr>
          </gpxtpx:TrackPointExtension>
        </extensions>
      </trkpt>
      <trkpt lat="38.82929900350173" lon="121.5060760039329">
        <ele>2.8263410860672593</ele>
        <time>2024-08-03T13:44:52Z</time>
        <extensions>
          <gpxtpx:TrackPointExtension>
            <gpxtpx:hr>134</gpxtpx:hr>
          </gpxtpx:TrackPointExtension>
        </extensions>
      </trkpt>
      <trkpt lat="38.82930846260172" lon="121.50608298413087">
        <ele>2.8796191615983844</ele>
        <time>2024-08-03T13:44:53Z</time>
        <extensions>
          <gpxtpx:TrackPointExtension>
            <gpxtpx:hr>134</gpxtpx:hr>
          </gpxtpx:TrackPointExtension>
        </extensions>
      </trkpt>
      <trkpt lat="38.829317700084765" lon="121.50609080517552">
        <ele>2.9324734350666404</ele>
        <time>2024-08-03T13:44:54Z</time>
        <extensions>
          <gpxtpx:TrackPointExtension>
            <gpxtpx:hr>134</gpxtpx:hr>
          </gpxtpx:TrackPointExtension>
        </extensions>
      </trkpt>
      <trkpt lat="38.82932698670145" lon="121.50609843694465">
        <ele>2.993815580382943</ele>
        <time>2024-08-03T13:44:55Z</time>
        <extensions>
          <gpxtpx:TrackPointExtension>
            <gpxtpx:hr>134</gpxtpx:hr>
          </gpxtpx:TrackPointExtension>
        </extensions>
      </trkpt>
      <trkpt lat="38.829336864335524" lon="121.50610603747552">
        <ele>3.0910386173054576</ele>
        <time>2024-08-03T13:44:56Z</time>
        <extensions>
          <gpxtpx:TrackPointExtension>
            <gpxtpx:hr>134</gpxtpx:hr>
          </gpxtpx:TrackPointExtension>
        </extensions>
      </trkpt>
      <trkpt lat="38.82934771035318" lon="121.50611377639925">
        <ele>3.1741259768605232</ele>
        <time>2024-08-03T13:44:57Z</time>
        <extensions>
          <gpxtpx:TrackPointExtension>
            <gpxtpx:hr>132</gpxtpx:hr>
          </gpxtpx:TrackPointExtension>
        </extensions>
      </trkpt>
      <trkpt lat="38.82935903481403" lon="121.50612185735525">
        <ele>3.2467096289619803</ele>
        <time>2024-08-03T13:44:58Z</time>
        <extensions>
          <gpxtpx:TrackPointExtension>
            <gpxtpx:hr>132</gpxtpx:hr>
          </gpxtpx:TrackPointExtension>
        </extensions>
      </trkpt>
      <trkpt lat="38.82937057991244" lon="121.50613037459614">
        <ele>3.3233868274837732</ele>
        <time>2024-08-03T13:44:59Z</time>
        <extensions>
          <gpxtpx:TrackPointExtension>
            <gpxtpx:hr>132</gpxtpx:hr>
          </gpxtpx:TrackPointExtension>
        </extensions>
      </trkpt>
      <trkpt lat="38.829383676656285" lon="121.50614102159574">
        <ele>3.4049955205991864</ele>
        <time>2024-08-03T13:45:00Z</time>
        <extensions>
          <gpxtpx:TrackPointExtension>
            <gpxtpx:hr>132</gpxtpx:hr>
          </gpxtpx:TrackPointExtension>
        </extensions>
      </trkpt>
      <trkpt lat="38.829397856483325" lon="121.50615394055778">
        <ele>3.4816223541274667</ele>
        <time>2024-08-03T13:45:01Z</time>
        <extensions>
          <gpxtpx:TrackPointExtension>
            <gpxtpx:hr>132</gpxtpx:hr>
          </gpxtpx:TrackPointExtension>
        </extensions>
      </trkpt>
      <trkpt lat="38.82941093133853" lon="121.50616687755756">
        <ele>3.5385422529652715</ele>
        <time>2024-08-03T13:45:02Z</time>
        <extensions>
          <gpxtpx:TrackPointExtension>
            <gpxtpx:hr>132</gpxtpx:hr>
          </gpxtpx:TrackPointExtension>
        </extensions>
      </trkpt>
      <trkpt lat="38.829425176773036" lon="121.50618084899305">
        <ele>3.6168536571785808</ele>
        <time>2024-08-03T13:45:03Z</time>
        <extensions>
          <gpxtpx:TrackPointExtension>
            <gpxtpx:hr>132</gpxtpx:hr>
          </gpxtpx:TrackPointExtension>
        </extensions>
      </trkpt>
      <trkpt lat="38.82944038428855" lon="121.50619474895434">
        <ele>3.700853862799704</ele>
        <time>2024-08-03T13:45:04Z</time>
        <extensions>
          <gpxtpx:TrackPointExtension>
            <gpxtpx:hr>132</gpxtpx:hr>
          </gpxtpx:TrackPointExtension>
        </extensions>
      </trkpt>
      <trkpt lat="38.82945420603378" lon="121.50620745573278">
        <ele>3.7442634403705597</ele>
        <time>2024-08-03T13:45:05Z</time>
        <extensions>
          <gpxtpx:TrackPointExtension>
            <gpxtpx:hr>137</gpxtpx:hr>
          </gpxtpx:TrackPointExtension>
        </extensions>
      </trkpt>
      <trkpt lat="38.82946937717361" lon="121.5062228359399">
        <ele>3.7871432565152645</ele>
        <time>2024-08-03T13:45:06Z</time>
        <extensions>
          <gpxtpx:TrackPointExtension>
            <gpxtpx:hr>137</gpxtpx:hr>
          </gpxtpx:TrackPointExtension>
        </extensions>
      </trkpt>
      <trkpt lat="38.82948495014887" lon="121.50623939429133">
        <ele>3.8056042790412903</ele>
        <time>2024-08-03T13:45:07Z</time>
        <extensions>
          <gpxtpx:TrackPointExtension>
            <gpxtpx:hr>137</gpxtpx:hr>
          </gpxtpx:TrackPointExtension>
        </extensions>
      </trkpt>
      <trkpt lat="38.829499757749225" lon="121.50625638152955">
        <ele>3.7974657295271754</ele>
        <time>2024-08-03T13:45:08Z</time>
        <extensions>
          <gpxtpx:TrackPointExtension>
            <gpxtpx:hr>137</gpxtpx:hr>
          </gpxtpx:TrackPointExtension>
        </extensions>
      </trkpt>
      <trkpt lat="38.82951420373449" lon="121.50627376117694">
        <ele>3.8116342248395085</ele>
        <time>2024-08-03T13:45:09Z</time>
        <extensions>
          <gpxtpx:TrackPointExtension>
            <gpxtpx:hr>137</gpxtpx:hr>
          </gpxtpx:TrackPointExtension>
        </extensions>
      </trkpt>
      <trkpt lat="38.829527016826376" lon="121.50628953348073">
        <ele>3.7981264060363173</ele>
        <time>2024-08-03T13:45:10Z</time>
        <extensions>
          <gpxtpx:TrackPointExtension>
            <gpxtpx:hr>138</gpxtpx:hr>
          </gpxtpx:TrackPointExtension>
        </extensions>
      </trkpt>
      <trkpt lat="38.82954146484419" lon="121.5063071929499">
        <ele>3.7646522894501686</ele>
        <time>2024-08-03T13:45:11Z</time>
        <extensions>
          <gpxtpx:TrackPointExtension>
            <gpxtpx:hr>138</gpxtpx:hr>
          </gpxtpx:TrackPointExtension>
        </extensions>
      </trkpt>
      <trkpt lat="38.82955970980989" lon="121.5063287838967">
        <ele>3.7414043927565217</ele>
        <time>2024-08-03T13:45:12Z</time>
        <extensions>
          <gpxtpx:TrackPointExtension>
            <gpxtpx:hr>138</gpxtpx:hr>
          </gpxtpx:TrackPointExtension>
        </extensions>
      </trkpt>
      <trkpt lat="38.82957905027451" lon="121.50635129916675">
        <ele>3.716560718603432</ele>
        <time>2024-08-03T13:45:13Z</time>
        <extensions>
          <gpxtpx:TrackPointExtension>
            <gpxtpx:hr>138</gpxtpx:hr>
          </gpxtpx:TrackPointExtension>
        </extensions>
      </trkpt>
      <trkpt lat="38.82959758707836" lon="121.50637275776053">
        <ele>3.6725255930796266</ele>
        <time>2024-08-03T13:45:14Z</time>
        <extensions>
          <gpxtpx:TrackPointExtension>
            <gpxtpx:hr>138</gpxtpx:hr>
          </gpxtpx:TrackPointExtension>
        </extensions>
      </trkpt>
      <trkpt lat="38.82961592387379" lon="121.50639280202964">
        <ele>3.640792528167367</ele>
        <time>2024-08-03T13:45:15Z</time>
        <extensions>
          <gpxtpx:TrackPointExtension>
            <gpxtpx:hr>147</gpxtpx:hr>
          </gpxtpx:TrackPointExtension>
        </extensions>
      </trkpt>
      <trkpt lat="38.82963433252369" lon="121.50641091049384">
        <ele>3.583143450319767</ele>
        <time>2024-08-03T13:45:16Z</time>
        <extensions>
          <gpxtpx:TrackPointExtension>
            <gpxtpx:hr>147</gpxtpx:hr>
          </gpxtpx:TrackPointExtension>
        </extensions>
      </trkpt>
      <trkpt lat="38.82965264959843" lon="121.50642747990643">
        <ele>3.5146272843703628</ele>
        <time>2024-08-03T13:45:17Z</time>
        <extensions>
          <gpxtpx:TrackPointExtension>
            <gpxtpx:hr>147</gpxtpx:hr>
          </gpxtpx:TrackPointExtension>
        </extensions>
      </trkpt>
      <trkpt lat="38.82967130116593" lon="121.50644377097665">
        <ele>3.467712240293622</ele>
        <time>2024-08-03T13:45:18Z</time>
        <extensions>
          <gpxtpx:TrackPointExtension>
            <gpxtpx:hr>147</gpxtpx:hr>
          </gpxtpx:TrackPointExtension>
        </extensions>
      </trkpt>
      <trkpt lat="38.82969008580603" lon="121.50646036064227">
        <ele>3.4104111809283495</ele>
        <time>2024-08-03T13:45:19Z</time>
        <extensions>
          <gpxtpx:TrackPointExtension>
            <gpxtpx:hr>147</gpxtpx:hr>
          </gpxtpx:TrackPointExtension>
        </extensions>
      </trkpt>
      <trkpt lat="38.82970848268078" lon="121.50647679836466">
        <ele>3.3616023510694504</ele>
        <time>2024-08-03T13:45:20Z</time>
        <extensions>
          <gpxtpx:TrackPointExtension>
            <gpxtpx:hr>147</gpxtpx:hr>
          </gpxtpx:TrackPointExtension>
        </extensions>
      </trkpt>
      <trkpt lat="38.829726451843484" lon="121.50649303356816">
        <ele>3.3322843182832003</ele>
        <time>2024-08-03T13:45:21Z</time>
        <extensions>
          <gpxtpx:TrackPointExtension>
            <gpxtpx:hr>149</gpxtpx:hr>
          </gpxtpx:TrackPointExtension>
        </extensions>
      </trkpt>
      <trkpt lat="38.82974447914688" lon="121.50650826577312">
        <ele>3.2752619171515107</ele>
        <time>2024-08-03T13:45:22Z</time>
        <extensions>
          <gpxtpx:TrackPointExtension>
            <gpxtpx:hr>149</gpxtpx:hr>
          </gpxtpx:TrackPointExtension>
        </extensions>
      </trkpt>
      <trkpt lat="38.82976278345001" lon="121.50652131486662">
        <ele>3.2212544046342373</ele>
        <time>2024-08-03T13:45:23Z</time>
        <extensions>
          <gpxtpx:TrackPointExtension>
            <gpxtpx:hr>149</gpxtpx:hr>
          </gpxtpx:TrackPointExtension>
        </extensions>
      </trkpt>
      <trkpt lat="38.829781485936984" lon="121.50653283847086">
        <ele>3.188867931254208</ele>
        <time>2024-08-03T13:45:24Z</time>
        <extensions>
          <gpxtpx:TrackPointExtension>
            <gpxtpx:hr>151</gpxtpx:hr>
          </gpxtpx:TrackPointExtension>
        </extensions>
      </trkpt>
      <trkpt lat="38.829800701281144" lon="121.50654356317777">
        <ele>3.162022107280791</ele>
        <time>2024-08-03T13:45:25Z</time>
        <extensions>
          <gpxtpx:TrackPointExtension>
            <gpxtpx:hr>151</gpxtpx:hr>
          </gpxtpx:TrackPointExtension>
        </extensions>
      </trkpt>
      <trkpt lat="38.82981998150185" lon="121.50655291437151">
        <ele>3.1390004493296146</ele>
        <time>2024-08-03T13:45:26Z</time>
        <extensions>
          <gpxtpx:TrackPointExtension>
            <gpxtpx:hr>151</gpxtpx:hr>
          </gpxtpx:TrackPointExtension>
        </extensions>
      </trkpt>
      <trkpt lat="38.82983943889576" lon="121.50656176516854">
        <ele>3.1219743993133307</ele>
        <time>2024-08-03T13:45:27Z</time>
        <extensions>
          <gpxtpx:TrackPointExtension>
            <gpxtpx:hr>151</gpxtpx:hr>
          </gpxtpx:TrackPointExtension>
        </extensions>
      </trkpt>
      <trkpt lat="38.82985948688044" lon="121.50657233359505">
        <ele>3.09835743624717</ele>
        <time>2024-08-03T13:45:28Z</time>
        <extensions>
          <gpxtpx:TrackPointExtension>
            <gpxtpx:hr>151</gpxtpx:hr>
          </gpxtpx:TrackPointExtension>
        </extensions>
      </trkpt>
      <trkpt lat="38.829879737436926" lon="121.50658400755621">
        <ele>3.087270558811724</ele>
        <time>2024-08-03T13:45:29Z</time>
        <extensions>
          <gpxtpx:TrackPointExtension>
            <gpxtpx:hr>151</gpxtpx:hr>
          </gpxtpx:TrackPointExtension>
        </extensions>
      </trkpt>
      <trkpt lat="38.829899534284934" lon="121.50659519555936">
        <ele>3.1018467089161277</ele>
        <time>2024-08-03T13:45:30Z</time>
        <extensions>
          <gpxtpx:TrackPointExtension>
            <gpxtpx:hr>156</gpxtpx:hr>
          </gpxtpx:TrackPointExtension>
        </extensions>
      </trkpt>
      <trkpt lat="38.82991888412405" lon="121.50660539125438">
        <ele>3.1119901975616813</ele>
        <time>2024-08-03T13:45:31Z</time>
        <extensions>
          <gpxtpx:TrackPointExtension>
            <gpxtpx:hr>156</gpxtpx:hr>
          </gpxtpx:TrackPointExtension>
        </extensions>
      </trkpt>
      <trkpt lat="38.82993810280045" lon="121.5066142214949">
        <ele>3.13638183940202</ele>
        <time>2024-08-03T13:45:32Z</time>
        <extensions>
          <gpxtpx:TrackPointExtension>
            <gpxtpx:hr>156</gpxtpx:hr>
          </gpxtpx:TrackPointExtension>
        </extensions>
      </trkpt>
      <trkpt lat="38.829956903837335" lon="121.50662210182783">
        <ele>3.1655044173821807</ele>
        <time>2024-08-03T13:45:33Z</time>
        <extensions>
          <gpxtpx:TrackPointExtension>
            <gpxtpx:hr>156</gpxtpx:hr>
          </gpxtpx:TrackPointExtension>
        </extensions>
      </trkpt>
      <trkpt lat="38.829975725293316" lon="121.50663085914144">
        <ele>3.220958122983575</ele>
        <time>2024-08-03T13:45:34Z</time>
        <extensions>
          <gpxtpx:TrackPointExtension>
            <gpxtpx:hr>156</gpxtpx:hr>
          </gpxtpx:TrackPointExtension>
        </extensions>
      </trkpt>
      <trkpt lat="38.82999540897241" lon="121.50664144879333">
        <ele>3.2611974459141493</ele>
        <time>2024-08-03T13:45:35Z</time>
        <extensions>
          <gpxtpx:TrackPointExtension>
            <gpxtpx:hr>156</gpxtpx:hr>
          </gpxtpx:TrackPointExtension>
        </extensions>
      </trkpt>
      <trkpt lat="38.83001556101263" lon="121.50665287025426">
        <ele>3.3169536776840687</ele>
        <time>2024-08-03T13:45:36Z</time>
        <extensions>
          <gpxtpx:TrackPointExtension>
            <gpxtpx:hr>156</gpxtpx:hr>
          </gpxtpx:TrackPointExtension>
        </extensions>
      </trkpt>
      <trkpt lat="38.83003543930432" lon="121.506663765801">
        <ele>3.3818543506786227</ele>
        <time>2024-08-03T13:45:37Z</time>
        <extensions>
          <gpxtpx:TrackPointExtension>
            <gpxtpx:hr>158</gpxtpx:hr>
          </gpxtpx:TrackPointExtension>
        </extensions>
      </trkpt>
      <trkpt lat="38.8300550724743" lon="121.50667478390363">
        <ele>3.428578617051244</ele>
        <time>2024-08-03T13:45:38Z</time>
        <extensions>
          <gpxtpx:TrackPointExtension>
            <gpxtpx:hr>158</gpxtpx:hr>
          </gpxtpx:TrackPointExtension>
        </extensions>
      </trkpt>
      <trkpt lat="38.830074549337446" lon="121.50668673874765">
        <ele>3.4910896327346563</ele>
        <time>2024-08-03T13:45:39Z</time>
        <extensions>
          <gpxtpx:TrackPointExtension>
            <gpxtpx:hr>158</gpxtpx:hr>
          </gpxtpx:TrackPointExtension>
        </extensions>
      </trkpt>
      <trkpt lat="38.83009350626643" lon="121.50669951268347">
        <ele>3.5503123560920358</ele>
        <time>2024-08-03T13:45:40Z</time>
        <extensions>
          <gpxtpx:TrackPointExtension>
            <gpxtpx:hr>158</gpxtpx:hr>
          </gpxtpx:TrackPointExtension>
        </extensions>
      </trkpt>
      <trkpt lat="38.8301122464777" lon="121.5067129130306">
        <ele>3.5955232828855515</ele>
        <time>2024-08-03T13:45:41Z</time>
        <extensions>
          <gpxtpx:TrackPointExtension>
            <gpxtpx:hr>158</gpxtpx:hr>
          </gpxtpx:TrackPointExtension>
        </extensions>
      </trkpt>
      <trkpt lat="38.830131405997705" lon="121.50672648764288">
        <ele>3.647130281664431</ele>
        <time>2024-08-03T13:45:42Z</time>
        <extensions>
          <gpxtpx:TrackPointExtension>
            <gpxtpx:hr>159</gpxtpx:hr>
          </gpxtpx:TrackPointExtension>
        </extensions>
      </trkpt>
      <trkpt lat="38.83015031902143" lon="121.5067403364372">
        <ele>3.7088394537568092</ele>
        <time>2024-08-03T13:45:43Z</time>
        <extensions>
          <gpxtpx:TrackPointExtension>
            <gpxtpx:hr>159</gpxtpx:hr>
          </gpxtpx:TrackPointExtension>
        </extensions>
      </trkpt>
      <trkpt lat="38.830168516021914" lon="121.5067559703057">
        <ele>3.765156788751483</ele>
        <time>2024-08-03T13:45:44Z</time>
        <extensions>
          <gpxtpx:TrackPointExtension>
            <gpxtpx:hr>159</gpxtpx:hr>
          </gpxtpx:TrackPointExtension>
        </extensions>
      </trkpt>
      <trkpt lat="38.83018579526476" lon="121.50677476810506">
        <ele>3.837014587596059</ele>
        <time>2024-08-03T13:45:45Z</time>
        <extensions>
          <gpxtpx:TrackPointExtension>
            <gpxtpx:hr>159</gpxtpx:hr>
          </gpxtpx:TrackPointExtension>
        </extensions>
      </trkpt>
      <trkpt lat="38.830201365246" lon="121.50679581785268">
        <ele>3.86565741058439</ele>
        <time>2024-08-03T13:45:46Z</time>
        <extensions>
          <gpxtpx:TrackPointExtension>
            <gpxtpx:hr>159</gpxtpx:hr>
          </gpxtpx:TrackPointExtension>
        </extensions>
      </trkpt>
      <trkpt lat="38.83021468552438" lon="121.50681759774507">
        <ele>3.8826366448774934</ele>
        <time>2024-08-03T13:45:47Z</time>
        <extensions>
          <gpxtpx:TrackPointExtension>
            <gpxtpx:hr>159</gpxtpx:hr>
          </gpxtpx:TrackPointExtension>
        </extensions>
      </trkpt>
      <trkpt lat="38.83022644896723" lon="121.50684009148016">
        <ele>3.896177936345339</ele>
        <time>2024-08-03T13:45:48Z</time>
        <extensions>
          <gpxtpx:TrackPointExtension>
            <gpxtpx:hr>159</gpxtpx:hr>
          </gpxtpx:TrackPointExtension>
        </extensions>
      </trkpt>
      <trkpt lat="38.83023707810561" lon="121.50686379641334">
        <ele>3.901121810078621</ele>
        <time>2024-08-03T13:45:49Z</time>
        <extensions>
          <gpxtpx:TrackPointExtension>
            <gpxtpx:hr>160</gpxtpx:hr>
          </gpxtpx:TrackPointExtension>
        </extensions>
      </trkpt>
      <trkpt lat="38.83024649859541" lon="121.50688816468666">
        <ele>3.8942625876516104</ele>
        <time>2024-08-03T13:45:50Z</time>
        <extensions>
          <gpxtpx:TrackPointExtension>
            <gpxtpx:hr>160</gpxtpx:hr>
          </gpxtpx:TrackPointExtension>
        </extensions>
      </trkpt>
      <trkpt lat="38.8302550648892" lon="121.50691327651705">
        <ele>3.8958225958049297</ele>
        <time>2024-08-03T13:45:51Z</time>
        <extensions>
          <gpxtpx:TrackPointExtension>
            <gpxtpx:hr>160</gpxtpx:hr>
          </gpxtpx:TrackPointExtension>
        </extensions>
      </trkpt>
      <trkpt lat="38.83026322090646" lon="121.50693922542655">
        <ele>3.893372598104179</ele>
        <time>2024-08-03T13:45:52Z</time>
        <extensions>
          <gpxtpx:TrackPointExtension>
            <gpxtpx:hr>160</gpxtpx:hr>
          </gpxtpx:TrackPointExtension>
        </extensions>
      </trkpt>
      <trkpt lat="38.83027089664701" lon="121.50696541314502">
        <ele>3.8980586947873235</ele>
        <time>2024-08-03T13:45:53Z</time>
        <extensions>
          <gpxtpx:TrackPointExtension>
            <gpxtpx:hr>160</gpxtpx:hr>
          </gpxtpx:TrackPointExtension>
        </extensions>
      </trkpt>
      <trkpt lat="38.83027770037809" lon="121.50699218456991">
        <ele>3.8968411777168512</ele>
        <time>2024-08-03T13:45:54Z</time>
        <extensions>
          <gpxtpx:TrackPointExtension>
            <gpxtpx:hr>161</gpxtpx:hr>
          </gpxtpx:TrackPointExtension>
        </extensions>
      </trkpt>
      <trkpt lat="38.8302835913221" lon="121.50701952439896">
        <ele>3.876002690754831</ele>
        <time>2024-08-03T13:45:55Z</time>
        <extensions>
          <gpxtpx:TrackPointExtension>
            <gpxtpx:hr>161</gpxtpx:hr>
          </gpxtpx:TrackPointExtension>
        </extensions>
      </trkpt>
      <trkpt lat="38.830289371630165" lon="121.50704632088937">
        <ele>3.8688006782904267</ele>
        <time>2024-08-03T13:45:56Z</time>
        <extensions>
          <gpxtpx:TrackPointExtension>
            <gpxtpx:hr>161</gpxtpx:hr>
          </gpxtpx:TrackPointExtension>
        </extensions>
      </trkpt>
      <trkpt lat="38.83029566917255" lon="121.50707274423704">
        <ele>3.8425747361034155</ele>
        <time>2024-08-03T13:45:57Z</time>
        <extensions>
          <gpxtpx:TrackPointExtension>
            <gpxtpx:hr>161</gpxtpx:hr>
          </gpxtpx:TrackPointExtension>
        </extensions>
      </trkpt>
      <trkpt lat="38.83030306260567" lon="121.50709959999624">
        <ele>3.8238178556784987</ele>
        <time>2024-08-03T13:45:58Z</time>
        <extensions>
          <gpxtpx:TrackPointExtension>
            <gpxtpx:hr>161</gpxtpx:hr>
          </gpxtpx:TrackPointExtension>
        </extensions>
      </trkpt>
      <trkpt lat="38.830311450330726" lon="121.50712645023279">
        <ele>3.807995875366032</ele>
        <time>2024-08-03T13:45:59Z</time>
        <extensions>
          <gpxtpx:TrackPointExtension>
            <gpxtpx:hr>165</gpxtpx:hr>
          </gpxtpx:TrackPointExtension>
        </extensions>
      </trkpt>
      <trkpt lat="38.83032063735638" lon="121.50715299431297">
        <ele>3.794511846266687</ele>
        <time>2024-08-03T13:46:00Z</time>
        <extensions>
          <gpxtpx:TrackPointExtension>
            <gpxtpx:hr>165</gpxtpx:hr>
          </gpxtpx:TrackPointExtension>
        </extensions>
      </trkpt>
      <trkpt lat="38.83033061154986" lon="121.5071795311137">
        <ele>3.7928246539086103</ele>
        <time>2024-08-03T13:46:01Z</time>
        <extensions>
          <gpxtpx:TrackPointExtension>
            <gpxtpx:hr>165</gpxtpx:hr>
          </gpxtpx:TrackPointExtension>
        </extensions>
      </trkpt>
      <trkpt lat="38.83034078903566" lon="121.50720574858114">
        <ele>3.7809450179338455</ele>
        <time>2024-08-03T13:46:02Z</time>
        <extensions>
          <gpxtpx:TrackPointExtension>
            <gpxtpx:hr>165</gpxtpx:hr>
          </gpxtpx:TrackPointExtension>
        </extensions>
      </trkpt>
      <trkpt lat="38.83035124491827" lon="121.50723138419492">
        <ele>3.767486372962594</ele>
        <time>2024-08-03T13:46:03Z</time>
        <extensions>
          <gpxtpx:TrackPointExtension>
            <gpxtpx:hr>165</gpxtpx:hr>
          </gpxtpx:TrackPointExtension>
        </extensions>
      </trkpt>
      <trkpt lat="38.83036262897828" lon="121.50725685758012">
        <ele>3.7340152580291033</ele>
        <time>2024-08-03T13:46:04Z</time>
        <extensions>
          <gpxtpx:TrackPointExtension>
            <gpxtpx:hr>165</gpxtpx:hr>
          </gpxtpx:TrackPointExtension>
        </extensions>
      </trkpt>
      <trkpt lat="38.830374759242645" lon="121.50728225829373">
        <ele>3.7139861453324556</ele>
        <time>2024-08-03T13:46:05Z</time>
        <extensions>
          <gpxtpx:TrackPointExtension>
            <gpxtpx:hr>165</gpxtpx:hr>
          </gpxtpx:TrackPointExtension>
        </extensions>
      </trkpt>
      <trkpt lat="38.83038701435262" lon="121.50730760531408">
        <ele>3.681785983964801</ele>
        <time>2024-08-03T13:46:06Z</time>
        <extensions>
          <gpxtpx:TrackPointExtension>
            <gpxtpx:hr>168</gpxtpx:hr>
          </gpxtpx:TrackPointExtension>
        </extensions>
      </trkpt>
      <trkpt lat="38.83039923021093" lon="121.50733303773569">
        <ele>3.659689074382186</ele>
        <time>2024-08-03T13:46:07Z</time>
        <extensions>
          <gpxtpx:TrackPointExtension>
            <gpxtpx:hr>168</gpxtpx:hr>
          </gpxtpx:TrackPointExtension>
        </extensions>
      </trkpt>
      <trkpt lat="38.8304119957239" lon="121.50735792584739">
        <ele>3.6437134109437466</ele>
        <time>2024-08-03T13:46:08Z</time>
        <extensions>
          <gpxtpx:TrackPointExtension>
            <gpxtpx:hr>168</gpxtpx:hr>
          </gpxtpx:TrackPointExtension>
        </extensions>
      </trkpt>
      <trkpt lat="38.83042513560301" lon="121.50738205012345">
        <ele>3.611183913424611</ele>
        <time>2024-08-03T13:46:09Z</time>
        <extensions>
          <gpxtpx:TrackPointExtension>
            <gpxtpx:hr>168</gpxtpx:hr>
          </gpxtpx:TrackPointExtension>
        </extensions>
      </trkpt>
      <trkpt lat="38.830438128345556" lon="121.50740575818294">
        <ele>3.6005112901329994</ele>
        <time>2024-08-03T13:46:10Z</time>
        <extensions>
          <gpxtpx:TrackPointExtension>
            <gpxtpx:hr>168</gpxtpx:hr>
          </gpxtpx:TrackPointExtension>
        </extensions>
      </trkpt>
      <trkpt lat="38.83045107947654" lon="121.50742828250637">
        <ele>3.572453321889043</ele>
        <time>2024-08-03T13:46:11Z</time>
        <extensions>
          <gpxtpx:TrackPointExtension>
            <gpxtpx:hr>168</gpxtpx:hr>
          </gpxtpx:TrackPointExtension>
        </extensions>
      </trkpt>
      <trkpt lat="38.83046427444305" lon="121.50744966874298">
        <ele>3.529223836027086</ele>
        <time>2024-08-03T13:46:12Z</time>
        <extensions>
          <gpxtpx:TrackPointExtension>
            <gpxtpx:hr>168</gpxtpx:hr>
          </gpxtpx:TrackPointExtension>
        </extensions>
      </trkpt>
      <trkpt lat="38.83047788963607" lon="121.50747129401105">
        <ele>3.520711423829198</ele>
        <time>2024-08-03T13:46:13Z</time>
        <extensions>
          <gpxtpx:TrackPointExtension>
            <gpxtpx:hr>168</gpxtpx:hr>
          </gpxtpx:TrackPointExtension>
        </extensions>
      </trkpt>
      <trkpt lat="38.83049133972303" lon="121.50749275289655">
        <ele>3.5109818829223514</ele>
        <time>2024-08-03T13:46:14Z</time>
        <extensions>
          <gpxtpx:TrackPointExtension>
            <gpxtpx:hr>168</gpxtpx:hr>
          </gpxtpx:TrackPointExtension>
        </extensions>
      </trkpt>
      <trkpt lat="38.83050452691202" lon="121.50751318850023">
        <ele>3.451886252500117</ele>
        <time>2024-08-03T13:46:15Z</time>
        <extensions>
          <gpxtpx:TrackPointExtension>
            <gpxtpx:hr>168</gpxtpx:hr>
          </gpxtpx:TrackPointExtension>
        </extensions>
      </trkpt>
      <trkpt lat="38.830518098017" lon="121.50753248897296">
        <ele>3.3722488759085536</ele>
        <time>2024-08-03T13:46:16Z</time>
        <extensions>
          <gpxtpx:TrackPointExtension>
            <gpxtpx:hr>168</gpxtpx:hr>
          </gpxtpx:TrackPointExtension>
        </extensions>
      </trkpt>
      <trkpt lat="38.83053219914994" lon="121.50755005348691">
        <ele>3.299872054718435</ele>
        <time>2024-08-03T13:46:17Z</time>
        <extensions>
          <gpxtpx:TrackPointExtension>
            <gpxtpx:hr>168</gpxtpx:hr>
          </gpxtpx:TrackPointExtension>
        </extensions>
      </trkpt>
      <trkpt lat="38.83054693530653" lon="121.5075652142889">
        <ele>3.234268767759204</ele>
        <time>2024-08-03T13:46:18Z</time>
        <extensions>
          <gpxtpx:TrackPointExtension>
            <gpxtpx:hr>168</gpxtpx:hr>
          </gpxtpx:TrackPointExtension>
        </extensions>
      </trkpt>
      <trkpt lat="38.83056244317476" lon="121.50757836386921">
        <ele>3.1689738361164927</ele>
        <time>2024-08-03T13:46:19Z</time>
        <extensions>
          <gpxtpx:TrackPointExtension>
            <gpxtpx:hr>168</gpxtpx:hr>
          </gpxtpx:TrackPointExtension>
        </extensions>
      </trkpt>
      <trkpt lat="38.830578652693795" lon="121.50758895725998">
        <ele>3.1074252258986235</ele>
        <time>2024-08-03T13:46:20Z</time>
        <extensions>
          <gpxtpx:TrackPointExtension>
            <gpxtpx:hr>168</gpxtpx:hr>
          </gpxtpx:TrackPointExtension>
        </extensions>
      </trkpt>
      <trkpt lat="38.83059535387513" lon="121.50759565698462">
        <ele>3.0414729891344905</ele>
        <time>2024-08-03T13:46:21Z</time>
        <extensions>
          <gpxtpx:TrackPointExtension>
            <gpxtpx:hr>170</gpxtpx:hr>
          </gpxtpx:TrackPointExtension>
        </extensions>
      </trkpt>
      <trkpt lat="38.83061176499723" lon="121.5075996500346">
        <ele>2.980818268842995</ele>
        <time>2024-08-03T13:46:22Z</time>
        <extensions>
          <gpxtpx:TrackPointExtension>
            <gpxtpx:hr>170</gpxtpx:hr>
          </gpxtpx:TrackPointExtension>
        </extensions>
      </trkpt>
      <trkpt lat="38.83062727093073" lon="121.50760328235168">
        <ele>2.9240049766376615</ele>
        <time>2024-08-03T13:46:23Z</time>
        <extensions>
          <gpxtpx:TrackPointExtension>
            <gpxtpx:hr>170</gpxtpx:hr>
          </gpxtpx:TrackPointExtension>
        </extensions>
      </trkpt>
      <trkpt lat="38.830641286663884" lon="121.50760704339837">
        <ele>2.8581431098282337</ele>
        <time>2024-08-03T13:46:24Z</time>
        <extensions>
          <gpxtpx:TrackPointExtension>
            <gpxtpx:hr>170</gpxtpx:hr>
          </gpxtpx:TrackPointExtension>
        </extensions>
      </trkpt>
      <trkpt lat="38.830652314945496" lon="121.50761103219405">
        <ele>2.8019391708076</ele>
        <time>2024-08-03T13:46:25Z</time>
        <extensions>
          <gpxtpx:TrackPointExtension>
            <gpxtpx:hr>170</gpxtpx:hr>
          </gpxtpx:TrackPointExtension>
        </extensions>
      </trkpt>
      <trkpt lat="38.830660414131415" lon="121.50761438517041">
        <ele>2.7435947759076953</ele>
        <time>2024-08-03T13:46:26Z</time>
        <extensions>
          <gpxtpx:TrackPointExtension>
            <gpxtpx:hr>170</gpxtpx:hr>
          </gpxtpx:TrackPointExtension>
        </extensions>
      </trkpt>
      <trkpt lat="38.830667442325336" lon="121.50761590146465">
        <ele>2.6958071971312165</ele>
        <time>2024-08-03T13:46:27Z</time>
        <extensions>
          <gpxtpx:TrackPointExtension>
            <gpxtpx:hr>170</gpxtpx:hr>
          </gpxtpx:TrackPointExtension>
        </extensions>
      </trkpt>
      <trkpt lat="38.8306748941238" lon="121.50761655808934">
        <ele>2.648624640889466</ele>
        <time>2024-08-03T13:46:28Z</time>
        <extensions>
          <gpxtpx:TrackPointExtension>
            <gpxtpx:hr>170</gpxtpx:hr>
          </gpxtpx:TrackPointExtension>
        </extensions>
      </trkpt>
      <trkpt lat="38.83068309605037" lon="121.50761754334965">
        <ele>2.608103440143168</ele>
        <time>2024-08-03T13:46:29Z</time>
        <extensions>
          <gpxtpx:TrackPointExtension>
            <gpxtpx:hr>170</gpxtpx:hr>
          </gpxtpx:TrackPointExtension>
        </extensions>
      </trkpt>
      <trkpt lat="38.830691587723024" lon="121.50761927065503">
        <ele>2.585660805925727</ele>
        <time>2024-08-03T13:46:30Z</time>
        <extensions>
          <gpxtpx:TrackPointExtension>
            <gpxtpx:hr>170</gpxtpx:hr>
          </gpxtpx:TrackPointExtension>
        </extensions>
      </trkpt>
      <trkpt lat="38.83070009623119" lon="121.50762212137215">
        <ele>2.573099261149764</ele>
        <time>2024-08-03T13:46:31Z</time>
        <extensions>
          <gpxtpx:TrackPointExtension>
            <gpxtpx:hr>170</gpxtpx:hr>
          </gpxtpx:TrackPointExtension>
        </extensions>
      </trkpt>
      <trkpt lat="38.83070849018792" lon="121.50762602352678">
        <ele>2.5744778867810965</ele>
        <time>2024-08-03T13:46:32Z</time>
        <extensions>
          <gpxtpx:TrackPointExtension>
            <gpxtpx:hr>168</gpxtpx:hr>
          </gpxtpx:TrackPointExtension>
        </extensions>
      </trkpt>
      <trkpt lat="38.83071669159344" lon="121.50763046093459">
        <ele>2.581135339103639</ele>
        <time>2024-08-03T13:46:33Z</time>
        <extensions>
          <gpxtpx:TrackPointExtension>
            <gpxtpx:hr>168</gpxtpx:hr>
          </gpxtpx:TrackPointExtension>
        </extensions>
      </trkpt>
      <trkpt lat="38.83072473087182" lon="121.5076352820066">
        <ele>2.5919194957241416</ele>
        <time>2024-08-03T13:46:34Z</time>
        <extensions>
          <gpxtpx:TrackPointExtension>
            <gpxtpx:hr>168</gpxtpx:hr>
          </gpxtpx:TrackPointExtension>
        </extensions>
      </trkpt>
      <trkpt lat="38.83073279340307" lon="121.5076402249334">
        <ele>2.6005069790408015</ele>
        <time>2024-08-03T13:46:35Z</time>
        <extensions>
          <gpxtpx:TrackPointExtension>
            <gpxtpx:hr>168</gpxtpx:hr>
          </gpxtpx:TrackPointExtension>
        </extensions>
      </trkpt>
      <trkpt lat="38.83074081014072" lon="121.5076452052988">
        <ele>2.617638321593404</ele>
        <time>2024-08-03T13:46:36Z</time>
        <extensions>
          <gpxtpx:TrackPointExtension>
            <gpxtpx:hr>168</gpxtpx:hr>
          </gpxtpx:TrackPointExtension>
        </extensions>
      </trkpt>
      <trkpt lat="38.83074889844686" lon="121.50765006510174">
        <ele>2.6392761478200555</ele>
        <time>2024-08-03T13:46:37Z</time>
        <extensions>
          <gpxtpx:TrackPointExtension>
            <gpxtpx:hr>168</gpxtpx:hr>
          </gpxtpx:TrackPointExtension>
        </extensions>
      </trkpt>
      <trkpt lat="38.83075721628531" lon="121.50765450712669">
        <ele>2.659730739891529</ele>
        <time>2024-08-03T13:46:38Z</time>
        <extensions>
          <gpxtpx:TrackPointExtension>
            <gpxtpx:hr>168</gpxtpx:hr>
          </gpxtpx:TrackPointExtension>
        </extensions>
      </trkpt>
      <trkpt lat="38.830765761401956" lon="121.50765896237044">
        <ele>2.684745608828962</ele>
        <time>2024-08-03T13:46:39Z</time>
        <extensions>
          <gpxtpx:TrackPointExtension>
            <gpxtpx:hr>168</gpxtpx:hr>
          </gpxtpx:TrackPointExtension>
        </extensions>
      </trkpt>
      <trkpt lat="38.830774661414665" lon="121.50766396562534">
        <ele>2.719511855393648</ele>
        <time>2024-08-03T13:46:40Z</time>
        <extensions>
          <gpxtpx:TrackPointExtension>
            <gpxtpx:hr>167</gpxtpx:hr>
          </gpxtpx:TrackPointExtension>
        </extensions>
      </trkpt>
      <trkpt lat="38.83078369330065" lon="121.50766972195085">
        <ele>2.750881826505065</ele>
        <time>2024-08-03T13:46:41Z</time>
        <extensions>
          <gpxtpx:TrackPointExtension>
            <gpxtpx:hr>167</gpxtpx:hr>
          </gpxtpx:TrackPointExtension>
        </extensions>
      </trkpt>
      <trkpt lat="38.83079235494641" lon="121.50767622669879">
        <ele>2.7792487535625696</ele>
        <time>2024-08-03T13:46:42Z</time>
        <extensions>
          <gpxtpx:TrackPointExtension>
            <gpxtpx:hr>167</gpxtpx:hr>
          </gpxtpx:TrackPointExtension>
        </extensions>
      </trkpt>
      <trkpt lat="38.830800424379106" lon="121.50768325781436">
        <ele>2.8109852354973555</ele>
        <time>2024-08-03T13:46:43Z</time>
        <extensions>
          <gpxtpx:TrackPointExtension>
            <gpxtpx:hr>167</gpxtpx:hr>
          </gpxtpx:TrackPointExtension>
        </extensions>
      </trkpt>
      <trkpt lat="38.83080790928579" lon="121.50769033201126">
        <ele>2.8430644515901804</ele>
        <time>2024-08-03T13:46:44Z</time>
        <extensions>
          <gpxtpx:TrackPointExtension>
            <gpxtpx:hr>167</gpxtpx:hr>
          </gpxtpx:TrackPointExtension>
        </extensions>
      </trkpt>
      <trkpt lat="38.83081513701424" lon="121.50769667117076">
        <ele>2.8730686996132135</ele>
        <time>2024-08-03T13:46:45Z</time>
        <extensions>
          <gpxtpx:TrackPointExtension>
            <gpxtpx:hr>162</gpxtpx:hr>
          </gpxtpx:TrackPointExtension>
        </extensions>
      </trkpt>
      <trkpt lat="38.83082260022008" lon="121.50770162210935">
        <ele>2.9026784747838974</ele>
        <time>2024-08-03T13:46:46Z</time>
        <extensions>
          <gpxtpx:TrackPointExtension>
            <gpxtpx:hr>162</gpxtpx:hr>
          </gpxtpx:TrackPointExtension>
        </extensions>
      </trkpt>
      <trkpt lat="38.83083071698367" lon="121.5077050092922">
        <ele>2.9252368016168475</ele>
        <time>2024-08-03T13:46:47Z</time>
        <extensions>
          <gpxtpx:TrackPointExtension>
            <gpxtpx:hr>162</gpxtpx:hr>
          </gpxtpx:TrackPointExtension>
        </extensions>
      </trkpt>
      <trkpt lat="38.830839747188485" lon="121.50770719646694">
        <ele>2.9415355063974857</ele>
        <time>2024-08-03T13:46:48Z</time>
        <extensions>
          <gpxtpx:TrackPointExtension>
            <gpxtpx:hr>162</gpxtpx:hr>
          </gpxtpx:TrackPointExtension>
        </extensions>
      </trkpt>
      <trkpt lat="38.830849366650845" lon="121.50770904461442">
        <ele>2.9518505735322833</ele>
        <time>2024-08-03T13:46:49Z</time>
        <extensions>
          <gpxtpx:TrackPointExtension>
            <gpxtpx:hr>162</gpxtpx:hr>
          </gpxtpx:TrackPointExtension>
        </extensions>
      </trkpt>
      <trkpt lat="38.83085881447315" lon="121.50771104043677">
        <ele>2.9513550475239754</ele>
        <time>2024-08-03T13:46:50Z</time>
        <extensions>
          <gpxtpx:TrackPointExtension>
            <gpxtpx:hr>162</gpxtpx:hr>
          </gpxtpx:TrackPointExtension>
        </extensions>
      </trkpt>
      <trkpt lat="38.83086793747295" lon="121.50771340322055">
        <ele>2.94377919472754</ele>
        <time>2024-08-03T13:46:51Z</time>
        <extensions>
          <gpxtpx:TrackPointExtension>
            <gpxtpx:hr>162</gpxtpx:hr>
          </gpxtpx:TrackPointExtension>
        </extensions>
      </trkpt>
      <trkpt lat="38.83087707214294" lon="121.5077160536371">
        <ele>2.938142222352326</ele>
        <time>2024-08-03T13:46:52Z</time>
        <extensions>
          <gpxtpx:TrackPointExtension>
            <gpxtpx:hr>162</gpxtpx:hr>
          </gpxtpx:TrackPointExtension>
        </extensions>
      </trkpt>
      <trkpt lat="38.83088594509798" lon="121.50771896916424">
        <ele>2.9326565312221646</ele>
        <time>2024-08-03T13:46:53Z</time>
        <extensions>
          <gpxtpx:TrackPointExtension>
            <gpxtpx:hr>162</gpxtpx:hr>
          </gpxtpx:TrackPointExtension>
        </extensions>
      </trkpt>
      <trkpt lat="38.83089469631189" lon="121.50772226996587">
        <ele>2.921817658469081</ele>
        <time>2024-08-03T13:46:54Z</time>
        <extensions>
          <gpxtpx:TrackPointExtension>
            <gpxtpx:hr>162</gpxtpx:hr>
          </gpxtpx:TrackPointExtension>
        </extensions>
      </trkpt>
      <trkpt lat="38.83090363628032" lon="121.50772584853155">
        <ele>2.908051647245884</ele>
        <time>2024-08-03T13:46:55Z</time>
        <extensions>
          <gpxtpx:TrackPointExtension>
            <gpxtpx:hr>162</gpxtpx:hr>
          </gpxtpx:TrackPointExtension>
        </extensions>
      </trkpt>
      <trkpt lat="38.83091293501776" lon="121.50772911188643">
        <ele>2.893380328081548</ele>
        <time>2024-08-03T13:46:56Z</time>
        <extensions>
          <gpxtpx:TrackPointExtension>
            <gpxtpx:hr>159</gpxtpx:hr>
          </gpxtpx:TrackPointExtension>
        </extensions>
      </trkpt>
      <trkpt lat="38.83092259521294" lon="121.5077314085529">
        <ele>2.871949313208461</ele>
        <time>2024-08-03T13:46:57Z</time>
        <extensions>
          <gpxtpx:TrackPointExtension>
            <gpxtpx:hr>159</gpxtpx:hr>
          </gpxtpx:TrackPointExtension>
        </extensions>
      </trkpt>
      <trkpt lat="38.83093245835697" lon="121.50773275262647">
        <ele>2.848640308715403</ele>
        <time>2024-08-03T13:46:58Z</time>
        <extensions>
          <gpxtpx:TrackPointExtension>
            <gpxtpx:hr>159</gpxtpx:hr>
          </gpxtpx:TrackPointExtension>
        </extensions>
      </trkpt>
      <trkpt lat="38.830942547660655" lon="121.50773380983772">
        <ele>2.8237948017194867</ele>
        <time>2024-08-03T13:46:59Z</time>
        <extensions>
          <gpxtpx:TrackPointExtension>
            <gpxtpx:hr>159</gpxtpx:hr>
          </gpxtpx:TrackPointExtension>
        </extensions>
      </trkpt>
      <trkpt lat="38.8309523369735" lon="121.50773486044505">
        <ele>2.800359549932182</ele>
        <time>2024-08-03T13:47:00Z</time>
        <extensions>
          <gpxtpx:TrackPointExtension>
            <gpxtpx:hr>159</gpxtpx:hr>
          </gpxtpx:TrackPointExtension>
        </extensions>
      </trkpt>
      <trkpt lat="38.830962563454314" lon="121.50773575379762">
        <ele>2.771872636862099</ele>
        <time>2024-08-03T13:47:01Z</time>
        <extensions>
          <gpxtpx:TrackPointExtension>
            <gpxtpx:hr>154</gpxtpx:hr>
          </gpxtpx:TrackPointExtension>
        </extensions>
      </trkpt>
      <trkpt lat="38.83097410841157" lon="121.5077366584771">
        <ele>2.7477701976895332</ele>
        <time>2024-08-03T13:47:02Z</time>
        <extensions>
          <gpxtpx:TrackPointExtension>
            <gpxtpx:hr>154</gpxtpx:hr>
          </gpxtpx:TrackPointExtension>
        </extensions>
      </trkpt>
      <trkpt lat="38.83098534828567" lon="121.50773806898218">
        <ele>2.7238836903125048</ele>
        <time>2024-08-03T13:47:03Z</time>
        <extensions>
          <gpxtpx:TrackPointExtension>
            <gpxtpx:hr>154</gpxtpx:hr>
          </gpxtpx:TrackPointExtension>
        </extensions>
      </trkpt>
      <trkpt lat="38.83099551731224" lon="121.50774000551023">
        <ele>2.702600298449397</ele>
        <time>2024-08-03T13:47:04Z</time>
        <extensions>
          <gpxtpx:TrackPointExtension>
            <gpxtpx:hr>154</gpxtpx:hr>
          </gpxtpx:TrackPointExtension>
        </extensions>
      </trkpt>
      <trkpt lat="38.831005091521845" lon="121.50774187278918">
        <ele>2.682395056821406</ele>
        <time>2024-08-03T13:47:05Z</time>
        <extensions>
          <gpxtpx:TrackPointExtension>
            <gpxtpx:hr>154</gpxtpx:hr>
          </gpxtpx:TrackPointExtension>
        </extensions>
      </trkpt>
      <trkpt lat="38.83101426254854" lon="121.50774323857935">
        <ele>2.665202386677265</ele>
        <time>2024-08-03T13:47:06Z</time>
        <extensions>
          <gpxtpx:TrackPointExtension>
            <gpxtpx:hr>154</gpxtpx:hr>
          </gpxtpx:TrackPointExtension>
        </extensions>
      </trkpt>
      <trkpt lat="38.83102336799539" lon="121.50774380920114">
        <ele>2.647699357010424</ele>
        <time>2024-08-03T13:47:07Z</time>
        <extensions>
          <gpxtpx:TrackPointExtension>
            <gpxtpx:hr>149</gpxtpx:hr>
          </gpxtpx:TrackPointExtension>
        </extensions>
      </trkpt>
      <trkpt lat="38.8310323972" lon="121.50774365337405">
        <ele>2.6231737192720175</ele>
        <time>2024-08-03T13:47:08Z</time>
        <extensions>
          <gpxtpx:TrackPointExtension>
            <gpxtpx:hr>149</gpxtpx:hr>
          </gpxtpx:TrackPointExtension>
        </extensions>
      </trkpt>
      <trkpt lat="38.8310411108778" lon="121.50774320074889">
        <ele>2.6028656996786594</ele>
        <time>2024-08-03T13:47:09Z</time>
        <extensions>
          <gpxtpx:TrackPointExtension>
            <gpxtpx:hr>149</gpxtpx:hr>
          </gpxtpx:TrackPointExtension>
        </extensions>
      </trkpt>
      <trkpt lat="38.83104977755393" lon="121.50774278042589">
        <ele>2.5862212646752596</ele>
        <time>2024-08-03T13:47:10Z</time>
        <extensions>
          <gpxtpx:TrackPointExtension>
            <gpxtpx:hr>149</gpxtpx:hr>
          </gpxtpx:TrackPointExtension>
        </extensions>
      </trkpt>
      <trkpt lat="38.831058568245254" lon="121.50774241974541">
        <ele>2.5748127661645412</ele>
        <time>2024-08-03T13:47:11Z</time>
        <extensions>
          <gpxtpx:TrackPointExtension>
            <gpxtpx:hr>148</gpxtpx:hr>
          </gpxtpx:TrackPointExtension>
        </extensions>
      </trkpt>
      <trkpt lat="38.83106716874979" lon="121.5077420110881">
        <ele>2.5566191179677844</ele>
        <time>2024-08-03T13:47:12Z</time>
        <extensions>
          <gpxtpx:TrackPointExtension>
            <gpxtpx:hr>148</gpxtpx:hr>
          </gpxtpx:TrackPointExtension>
        </extensions>
      </trkpt>
      <trkpt lat="38.83107553938686" lon="121.5077414865234">
        <ele>2.543748284690082</ele>
        <time>2024-08-03T13:47:13Z</time>
        <extensions>
          <gpxtpx:TrackPointExtension>
            <gpxtpx:hr>148</gpxtpx:hr>
          </gpxtpx:TrackPointExtension>
        </extensions>
      </trkpt>
      <trkpt lat="38.831083931516346" lon="121.50774104073587">
        <ele>2.5255610551685095</ele>
        <time>2024-08-03T13:47:14Z</time>
        <extensions>
          <gpxtpx:TrackPointExtension>
            <gpxtpx:hr>148</gpxtpx:hr>
          </gpxtpx:TrackPointExtension>
        </extensions>
      </trkpt>
      <trkpt lat="38.83109248214932" lon="121.50774066402758">
        <ele>2.5040670931339264</ele>
        <time>2024-08-03T13:47:15Z</time>
        <extensions>
          <gpxtpx:TrackPointExtension>
            <gpxtpx:hr>148</gpxtpx:hr>
          </gpxtpx:TrackPointExtension>
        </extensions>
      </trkpt>
      <trkpt lat="38.83110098826185" lon="121.50773990464168">
        <ele>2.4900126475840807</ele>
        <time>2024-08-03T13:47:16Z</time>
        <extensions>
          <gpxtpx:TrackPointExtension>
            <gpxtpx:hr>144</gpxtpx:hr>
          </gpxtpx:TrackPointExtension>
        </extensions>
      </trkpt>
      <trkpt lat="38.8311094913815" lon="121.5077387275801">
        <ele>2.461731007322669</ele>
        <time>2024-08-03T13:47:17Z</time>
        <extensions>
          <gpxtpx:TrackPointExtension>
            <gpxtpx:hr>144</gpxtpx:hr>
          </gpxtpx:TrackPointExtension>
        </extensions>
      </trkpt>
      <trkpt lat="38.83111802786036" lon="121.50773756557432">
        <ele>2.4412965085357428</ele>
        <time>2024-08-03T13:47:18Z</time>
        <extensions>
          <gpxtpx:TrackPointExtension>
            <gpxtpx:hr>144</gpxtpx:hr>
          </gpxtpx:TrackPointExtension>
        </extensions>
      </trkpt>
      <trkpt lat="38.83112649879423" lon="121.50773677974016">
        <ele>2.4231455279514194</ele>
        <time>2024-08-03T13:47:19Z</time>
        <extensions>
          <gpxtpx:TrackPointExtension>
            <gpxtpx:hr>144</gpxtpx:hr>
          </gpxtpx:TrackPointExtension>
        </extensions>
      </trkpt>
      <trkpt lat="38.83113538464845" lon="121.50773631681696">
        <ele>2.3956283926963806</ele>
        <time>2024-08-03T13:47:20Z</time>
        <extensions>
          <gpxtpx:TrackPointExtension>
            <gpxtpx:hr>144</gpxtpx:hr>
          </gpxtpx:TrackPointExtension>
        </extensions>
      </trkpt>
      <trkpt lat="38.831145012966054" lon="121.50773592768611">
        <ele>2.371816201135516</ele>
        <time>2024-08-03T13:47:21Z</time>
        <extensions>
          <gpxtpx:TrackPointExtension>
            <gpxtpx:hr>144</gpxtpx:hr>
          </gpxtpx:TrackPointExtension>
        </extensions>
      </trkpt>
      <trkpt lat="38.83115485935331" lon="121.50773566399756">
        <ele>2.345504085533321</ele>
        <time>2024-08-03T13:47:22Z</time>
        <extensions>
          <gpxtpx:TrackPointExtension>
            <gpxtpx:hr>144</gpxtpx:hr>
          </gpxtpx:TrackPointExtension>
        </extensions>
      </trkpt>
      <trkpt lat="38.831164384335324" lon="121.50773540819412">
        <ele>2.31719584017992</ele>
        <time>2024-08-03T13:47:23Z</time>
        <extensions>
          <gpxtpx:TrackPointExtension>
            <gpxtpx:hr>144</gpxtpx:hr>
          </gpxtpx:TrackPointExtension>
        </extensions>
      </trkpt>
      <trkpt lat="38.831173647246224" lon="121.50773486163806">
        <ele>2.284894686192274</ele>
        <time>2024-08-03T13:47:24Z</time>
        <extensions>
          <gpxtpx:TrackPointExtension>
            <gpxtpx:hr>144</gpxtpx:hr>
          </gpxtpx:TrackPointExtension>
        </extensions>
      </trkpt>
      <trkpt lat="38.83118309522469" lon="121.50773399890825">
        <ele>2.24870980810374</ele>
        <time>2024-08-03T13:47:25Z</time>
        <extensions>
          <gpxtpx:TrackPointExtension>
            <gpxtpx:hr>144</gpxtpx:hr>
          </gpxtpx:TrackPointExtension>
        </extensions>
      </trkpt>
      <trkpt lat="38.83119236963389" lon="121.5077327149776">
        <ele>2.2183667849749327</ele>
        <time>2024-08-03T13:47:26Z</time>
        <extensions>
          <gpxtpx:TrackPointExtension>
            <gpxtpx:hr>144</gpxtpx:hr>
          </gpxtpx:TrackPointExtension>
        </extensions>
      </trkpt>
      <trkpt lat="38.83120160441582" lon="121.50773095700016">
        <ele>2.199134954251349</ele>
        <time>2024-08-03T13:47:27Z</time>
        <extensions>
          <gpxtpx:TrackPointExtension>
            <gpxtpx:hr>142</gpxtpx:hr>
          </gpxtpx:TrackPointExtension>
        </extensions>
      </trkpt>
      <trkpt lat="38.831211293161914" lon="121.50772923734532">
        <ele>2.1847032122313976</ele>
        <time>2024-08-03T13:47:28Z</time>
        <extensions>
          <gpxtpx:TrackPointExtension>
            <gpxtpx:hr>142</gpxtpx:hr>
          </gpxtpx:TrackPointExtension>
        </extensions>
      </trkpt>
      <trkpt lat="38.83122093904481" lon="121.50772809897846">
        <ele>2.1758630452677608</ele>
        <time>2024-08-03T13:47:29Z</time>
        <extensions>
          <gpxtpx:TrackPointExtension>
            <gpxtpx:hr>142</gpxtpx:hr>
          </gpxtpx:TrackPointExtension>
        </extensions>
      </trkpt>
      <trkpt lat="38.83123039660823" lon="121.50772745834107">
        <ele>2.168406923301518</ele>
        <time>2024-08-03T13:47:30Z</time>
        <extensions>
          <gpxtpx:TrackPointExtension>
            <gpxtpx:hr>142</gpxtpx:hr>
          </gpxtpx:TrackPointExtension>
        </extensions>
      </trkpt>
      <trkpt lat="38.83123970023356" lon="121.50772690149913">
        <ele>2.1641171826049685</ele>
        <time>2024-08-03T13:47:31Z</time>
        <extensions>
          <gpxtpx:TrackPointExtension>
            <gpxtpx:hr>142</gpxtpx:hr>
          </gpxtpx:TrackPointExtension>
        </extensions>
      </trkpt>
      <trkpt lat="38.83124888508891" lon="121.50772569488535">
        <ele>2.1609262796118855</ele>
        <time>2024-08-03T13:47:32Z</time>
        <extensions>
          <gpxtpx:TrackPointExtension>
            <gpxtpx:hr>142</gpxtpx:hr>
          </gpxtpx:TrackPointExtension>
        </extensions>
      </trkpt>
      <trkpt lat="38.83125802434596" lon="121.50772355513112">
        <ele>2.1585859674960375</ele>
        <time>2024-08-03T13:47:33Z</time>
        <extensions>
          <gpxtpx:TrackPointExtension>
            <gpxtpx:hr>142</gpxtpx:hr>
          </gpxtpx:TrackPointExtension>
        </extensions>
      </trkpt>
      <trkpt lat="38.831267002254435" lon="121.50772111742084">
        <ele>2.1598918037489057</ele>
        <time>2024-08-03T13:47:34Z</time>
        <extensions>
          <gpxtpx:TrackPointExtension>
            <gpxtpx:hr>142</gpxtpx:hr>
          </gpxtpx:TrackPointExtension>
        </extensions>
      </trkpt>
      <trkpt lat="38.831275779124375" lon="121.5077189845371">
        <ele>2.1576912868767977</ele>
        <time>2024-08-03T13:47:35Z</time>
        <extensions>
          <gpxtpx:TrackPointExtension>
            <gpxtpx:hr>142</gpxtpx:hr>
          </gpxtpx:TrackPointExtension>
        </extensions>
      </trkpt>
      <trkpt lat="38.83128482654416" lon="121.50771732885964">
        <ele>2.162879462353885</ele>
        <time>2024-08-03T13:47:36Z</time>
        <extensions>
          <gpxtpx:TrackPointExtension>
            <gpxtpx:hr>142</gpxtpx:hr>
          </gpxtpx:TrackPointExtension>
        </extensions>
      </trkpt>
      <trkpt lat="38.83129460699187" lon="121.50771639344822">
        <ele>2.176060606725514</ele>
        <time>2024-08-03T13:47:37Z</time>
        <extensions>
          <gpxtpx:TrackPointExtension>
            <gpxtpx:hr>142</gpxtpx:hr>
          </gpxtpx:TrackPointExtension>
        </extensions>
      </trkpt>
      <trkpt lat="38.831304640220814" lon="121.5077161145128">
        <ele>2.179854154586792</ele>
        <time>2024-08-03T13:47:38Z</time>
        <extensions>
          <gpxtpx:TrackPointExtension>
            <gpxtpx:hr>142</gpxtpx:hr>
          </gpxtpx:TrackPointExtension>
        </extensions>
      </trkpt>
      <trkpt lat="38.83131430748667" lon="121.50771600466497">
        <ele>2.182940600439906</ele>
        <time>2024-08-03T13:47:39Z</time>
        <extensions>
          <gpxtpx:TrackPointExtension>
            <gpxtpx:hr>142</gpxtpx:hr>
          </gpxtpx:TrackPointExtension>
        </extensions>
      </trkpt>
      <trkpt lat="38.831323678469296" lon="121.50771588248023">
        <ele>2.1830099392682314</ele>
        <time>2024-08-03T13:47:40Z</time>
        <extensions>
          <gpxtpx:TrackPointExtension>
            <gpxtpx:hr>142</gpxtpx:hr>
          </gpxtpx:TrackPointExtension>
        </extensions>
      </trkpt>
      <trkpt lat="38.831333166140176" lon="121.50771620175647">
        <ele>2.1894957525655627</ele>
        <time>2024-08-03T13:47:41Z</time>
        <extensions>
          <gpxtpx:TrackPointExtension>
            <gpxtpx:hr>142</gpxtpx:hr>
          </gpxtpx:TrackPointExtension>
        </extensions>
      </trkpt>
      <trkpt lat="38.83134289042928" lon="121.50771707305627">
        <ele>2.204022447578609</ele>
        <time>2024-08-03T13:47:42Z</time>
        <extensions>
          <gpxtpx:TrackPointExtension>
            <gpxtpx:hr>142</gpxtpx:hr>
          </gpxtpx:TrackPointExtension>
        </extensions>
      </trkpt>
      <trkpt lat="38.83135247178606" lon="121.50771826377705">
        <ele>2.2088523181155324</ele>
        <time>2024-08-03T13:47:43Z</time>
        <extensions>
          <gpxtpx:TrackPointExtension>
            <gpxtpx:hr>142</gpxtpx:hr>
          </gpxtpx:TrackPointExtension>
        </extensions>
      </trkpt>
      <trkpt lat="38.83136174927893" lon="121.50771972187464">
        <ele>2.227576296776533</ele>
        <time>2024-08-03T13:47:44Z</time>
        <extensions>
          <gpxtpx:TrackPointExtension>
            <gpxtpx:hr>142</gpxtpx:hr>
          </gpxtpx:TrackPointExtension>
        </extensions>
      </trkpt>
      <trkpt lat="38.831370570117826" lon="121.50772139354815">
        <ele>2.2464953456074</ele>
        <time>2024-08-03T13:47:45Z</time>
        <extensions>
          <gpxtpx:TrackPointExtension>
            <gpxtpx:hr>142</gpxtpx:hr>
          </gpxtpx:TrackPointExtension>
        </extensions>
      </trkpt>
      <trkpt lat="38.831379499020215" lon="121.5077229373154">
        <ele>2.262743349187076</ele>
        <time>2024-08-03T13:47:46Z</time>
        <extensions>
          <gpxtpx:TrackPointExtension>
            <gpxtpx:hr>142</gpxtpx:hr>
          </gpxtpx:TrackPointExtension>
        </extensions>
      </trkpt>
      <trkpt lat="38.83138918277236" lon="121.50772441411655">
        <ele>2.2748902728781104</ele>
        <time>2024-08-03T13:47:47Z</time>
        <extensions>
          <gpxtpx:TrackPointExtension>
            <gpxtpx:hr>138</gpxtpx:hr>
          </gpxtpx:TrackPointExtension>
        </extensions>
      </trkpt>
      <trkpt lat="38.83139927468858" lon="121.50772649200182">
        <ele>2.300034740008414</ele>
        <time>2024-08-03T13:47:48Z</time>
        <extensions>
          <gpxtpx:TrackPointExtension>
            <gpxtpx:hr>138</gpxtpx:hr>
          </gpxtpx:TrackPointExtension>
        </extensions>
      </trkpt>
      <trkpt lat="38.831409446294245" lon="121.50772943391772">
        <ele>2.3351674182340503</ele>
        <time>2024-08-03T13:47:49Z</time>
        <extensions>
          <gpxtpx:TrackPointExtension>
            <gpxtpx:hr>138</gpxtpx:hr>
          </gpxtpx:TrackPointExtension>
        </extensions>
      </trkpt>
      <trkpt lat="38.8314195645933" lon="121.50773333039253">
        <ele>2.3715490782633424</ele>
        <time>2024-08-03T13:47:50Z</time>
        <extensions>
          <gpxtpx:TrackPointExtension>
            <gpxtpx:hr>137</gpxtpx:hr>
          </gpxtpx:TrackPointExtension>
        </extensions>
      </trkpt>
      <trkpt lat="38.831429259459874" lon="121.50773810502449">
        <ele>2.418258575722575</ele>
        <time>2024-08-03T13:47:51Z</time>
        <extensions>
          <gpxtpx:TrackPointExtension>
            <gpxtpx:hr>137</gpxtpx:hr>
          </gpxtpx:TrackPointExtension>
        </extensions>
      </trkpt>
      <trkpt lat="38.83143829177805" lon="121.50774328435118">
        <ele>2.4680060651153326</ele>
        <time>2024-08-03T13:47:52Z</time>
        <extensions>
          <gpxtpx:TrackPointExtension>
            <gpxtpx:hr>137</gpxtpx:hr>
          </gpxtpx:TrackPointExtension>
        </extensions>
      </trkpt>
      <trkpt lat="38.83144743665979" lon="121.50774795838686">
        <ele>2.522867875173688</ele>
        <time>2024-08-03T13:47:53Z</time>
        <extensions>
          <gpxtpx:TrackPointExtension>
            <gpxtpx:hr>137</gpxtpx:hr>
          </gpxtpx:TrackPointExtension>
        </extensions>
      </trkpt>
      <trkpt lat="38.831457538036936" lon="121.50775170070645">
        <ele>2.5809913286939263</ele>
        <time>2024-08-03T13:47:54Z</time>
        <extensions>
          <gpxtpx:TrackPointExtension>
            <gpxtpx:hr>137</gpxtpx:hr>
          </gpxtpx:TrackPointExtension>
        </extensions>
      </trkpt>
      <trkpt lat="38.83146860086097" lon="121.50775514122564">
        <ele>2.639625748619437</ele>
        <time>2024-08-03T13:47:55Z</time>
        <extensions>
          <gpxtpx:TrackPointExtension>
            <gpxtpx:hr>136</gpxtpx:hr>
          </gpxtpx:TrackPointExtension>
        </extensions>
      </trkpt>
      <trkpt lat="38.831479839173944" lon="121.50775913690516">
        <ele>2.694527064450085</ele>
        <time>2024-08-03T13:47:56Z</time>
        <extensions>
          <gpxtpx:TrackPointExtension>
            <gpxtpx:hr>136</gpxtpx:hr>
          </gpxtpx:TrackPointExtension>
        </extensions>
      </trkpt>
      <trkpt lat="38.83149064665246" lon="121.50776411065682">
        <ele>2.750278658233583</ele>
        <time>2024-08-03T13:47:57Z</time>
        <extensions>
          <gpxtpx:TrackPointExtension>
            <gpxtpx:hr>136</gpxtpx:hr>
          </gpxtpx:TrackPointExtension>
        </extensions>
      </trkpt>
      <trkpt lat="38.83150090030646" lon="121.50776991128521">
        <ele>2.813541571609676</ele>
        <time>2024-08-03T13:47:58Z</time>
        <extensions>
          <gpxtpx:TrackPointExtension>
            <gpxtpx:hr>136</gpxtpx:hr>
          </gpxtpx:TrackPointExtension>
        </extensions>
      </trkpt>
      <trkpt lat="38.83151073511501" lon="121.50777611302244">
        <ele>2.8781167287379503</ele>
        <time>2024-08-03T13:47:59Z</time>
        <extensions>
          <gpxtpx:TrackPointExtension>
            <gpxtpx:hr>136</gpxtpx:hr>
          </gpxtpx:TrackPointExtension>
        </extensions>
      </trkpt>
      <trkpt lat="38.831520360734324" lon="121.50778219424016">
        <ele>2.9378903368487954</ele>
        <time>2024-08-03T13:48:00Z</time>
        <extensions>
          <gpxtpx:TrackPointExtension>
            <gpxtpx:hr>136</gpxtpx:hr>
          </gpxtpx:TrackPointExtension>
        </extensions>
      </trkpt>
      <trkpt lat="38.83152996594975" lon="121.50778819359508">
        <ele>2.992677920497954</ele>
        <time>2024-08-03T13:48:01Z</time>
        <extensions>
          <gpxtpx:TrackPointExtension>
            <gpxtpx:hr>136</gpxtpx:hr>
          </gpxtpx:TrackPointExtension>
        </extensions>
      </trkpt>
      <trkpt lat="38.83153967349825" lon="121.5077943180674">
        <ele>3.036726163700223</ele>
        <time>2024-08-03T13:48:02Z</time>
        <extensions>
          <gpxtpx:TrackPointExtension>
            <gpxtpx:hr>135</gpxtpx:hr>
          </gpxtpx:TrackPointExtension>
        </extensions>
      </trkpt>
      <trkpt lat="38.83154914269613" lon="121.50780074092383">
        <ele>3.074968251399696</ele>
        <time>2024-08-03T13:48:03Z</time>
        <extensions>
          <gpxtpx:TrackPointExtension>
            <gpxtpx:hr>135</gpxtpx:hr>
          </gpxtpx:TrackPointExtension>
        </extensions>
      </trkpt>
      <trkpt lat="38.83155829211743" lon="121.5078078738902">
        <ele>3.1060119746252894</ele>
        <time>2024-08-03T13:48:04Z</time>
        <extensions>
          <gpxtpx:TrackPointExtension>
            <gpxtpx:hr>135</gpxtpx:hr>
          </gpxtpx:TrackPointExtension>
        </extensions>
      </trkpt>
      <trkpt lat="38.83156708554587" lon="121.50781628578532">
        <ele>3.12986271828413</ele>
        <time>2024-08-03T13:48:05Z</time>
        <extensions>
          <gpxtpx:TrackPointExtension>
            <gpxtpx:hr>135</gpxtpx:hr>
          </gpxtpx:TrackPointExtension>
        </extensions>
      </trkpt>
      <trkpt lat="38.83157503527959" lon="121.50782562703941">
        <ele>3.145589782856405</ele>
        <time>2024-08-03T13:48:06Z</time>
        <extensions>
          <gpxtpx:TrackPointExtension>
            <gpxtpx:hr>135</gpxtpx:hr>
          </gpxtpx:TrackPointExtension>
        </extensions>
      </trkpt>
      <trkpt lat="38.83158187546327" lon="121.50783511784095">
        <ele>3.1496540559455752</ele>
        <time>2024-08-03T13:48:07Z</time>
        <extensions>
          <gpxtpx:TrackPointExtension>
            <gpxtpx:hr>135</gpxtpx:hr>
          </gpxtpx:TrackPointExtension>
        </extensions>
      </trkpt>
      <trkpt lat="38.831587894297684" lon="121.5078447393311">
        <ele>3.1420945981517434</ele>
        <time>2024-08-03T13:48:08Z</time>
        <extensions>
          <gpxtpx:TrackPointExtension>
            <gpxtpx:hr>135</gpxtpx:hr>
          </gpxtpx:TrackPointExtension>
        </extensions>
      </trkpt>
      <trkpt lat="38.83159360074538" lon="121.50785443206351">
        <ele>3.136601855047047</ele>
        <time>2024-08-03T13:48:09Z</time>
        <extensions>
          <gpxtpx:TrackPointExtension>
            <gpxtpx:hr>135</gpxtpx:hr>
          </gpxtpx:TrackPointExtension>
        </extensions>
      </trkpt>
      <trkpt lat="38.831599544949206" lon="121.50786346243635">
        <ele>3.1240185601636767</ele>
        <time>2024-08-03T13:48:10Z</time>
        <extensions>
          <gpxtpx:TrackPointExtension>
            <gpxtpx:hr>135</gpxtpx:hr>
          </gpxtpx:TrackPointExtension>
        </extensions>
      </trkpt>
      <trkpt lat="38.83160605916962" lon="121.50787143048282">
        <ele>3.110538963228464</ele>
        <time>2024-08-03T13:48:11Z</time>
        <extensions>
          <gpxtpx:TrackPointExtension>
            <gpxtpx:hr>135</gpxtpx:hr>
          </gpxtpx:TrackPointExtension>
        </extensions>
      </trkpt>
      <trkpt lat="38.831613130895946" lon="121.50787858662947">
        <ele>3.09126135148108</ele>
        <time>2024-08-03T13:48:12Z</time>
        <extensions>
          <gpxtpx:TrackPointExtension>
            <gpxtpx:hr>135</gpxtpx:hr>
          </gpxtpx:TrackPointExtension>
        </extensions>
      </trkpt>
      <trkpt lat="38.83162051307913" lon="121.50788528404391">
        <ele>3.0768032846972346</ele>
        <time>2024-08-03T13:48:13Z</time>
        <extensions>
          <gpxtpx:TrackPointExtension>
            <gpxtpx:hr>135</gpxtpx:hr>
          </gpxtpx:TrackPointExtension>
        </extensions>
      </trkpt>
      <trkpt lat="38.831628146979554" lon="121.50789173921387">
        <ele>3.0583405597135425</ele>
        <time>2024-08-03T13:48:14Z</time>
        <extensions>
          <gpxtpx:TrackPointExtension>
            <gpxtpx:hr>136</gpxtpx:hr>
          </gpxtpx:TrackPointExtension>
        </extensions>
      </trkpt>
      <trkpt lat="38.8316364447741" lon="121.50789830635381">
        <ele>3.028325072489679</ele>
        <time>2024-08-03T13:48:15Z</time>
        <extensions>
          <gpxtpx:TrackPointExtension>
            <gpxtpx:hr>136</gpxtpx:hr>
          </gpxtpx:TrackPointExtension>
        </extensions>
      </trkpt>
      <trkpt lat="38.831644952413725" lon="121.50790532724372">
        <ele>2.9903855733573437</ele>
        <time>2024-08-03T13:48:16Z</time>
        <extensions>
          <gpxtpx:TrackPointExtension>
            <gpxtpx:hr>136</gpxtpx:hr>
          </gpxtpx:TrackPointExtension>
        </extensions>
      </trkpt>
      <trkpt lat="38.83165301400296" lon="121.50791266757302">
        <ele>2.962109189480543</ele>
        <time>2024-08-03T13:48:17Z</time>
        <extensions>
          <gpxtpx:TrackPointExtension>
            <gpxtpx:hr>136</gpxtpx:hr>
          </gpxtpx:TrackPointExtension>
        </extensions>
      </trkpt>
      <trkpt lat="38.83166049786226" lon="121.50792037106328">
        <ele>2.9383462695404887</ele>
        <time>2024-08-03T13:48:18Z</time>
        <extensions>
          <gpxtpx:TrackPointExtension>
            <gpxtpx:hr>136</gpxtpx:hr>
          </gpxtpx:TrackPointExtension>
        </extensions>
      </trkpt>
      <trkpt lat="38.83166756959418" lon="121.50792882027504">
        <ele>2.920177051797509</ele>
        <time>2024-08-03T13:48:19Z</time>
        <extensions>
          <gpxtpx:TrackPointExtension>
            <gpxtpx:hr>136</gpxtpx:hr>
          </gpxtpx:TrackPointExtension>
        </extensions>
      </trkpt>
      <trkpt lat="38.831674465319026" lon="121.50793796598364">
        <ele>2.9079771358519793</ele>
        <time>2024-08-03T13:48:20Z</time>
        <extensions>
          <gpxtpx:TrackPointExtension>
            <gpxtpx:hr>137</gpxtpx:hr>
          </gpxtpx:TrackPointExtension>
        </extensions>
      </trkpt>
      <trkpt lat="38.83168066408855" lon="121.50794758351577">
        <ele>2.904065990820527</ele>
        <time>2024-08-03T13:48:21Z</time>
        <extensions>
          <gpxtpx:TrackPointExtension>
            <gpxtpx:hr>137</gpxtpx:hr>
          </gpxtpx:TrackPointExtension>
        </extensions>
      </trkpt>
      <trkpt lat="38.831685930228055" lon="121.507957478332">
        <ele>2.903555739670992</ele>
        <time>2024-08-03T13:48:22Z</time>
        <extensions>
          <gpxtpx:TrackPointExtension>
            <gpxtpx:hr>137</gpxtpx:hr>
          </gpxtpx:TrackPointExtension>
        </extensions>
      </trkpt>
      <trkpt lat="38.83169083083005" lon="121.50796754782226">
        <ele>2.911973644979298</ele>
        <time>2024-08-03T13:48:23Z</time>
        <extensions>
          <gpxtpx:TrackPointExtension>
            <gpxtpx:hr>137</gpxtpx:hr>
          </gpxtpx:TrackPointExtension>
        </extensions>
      </trkpt>
      <trkpt lat="38.83169574613171" lon="121.50797740635498">
        <ele>2.940383467823267</ele>
        <time>2024-08-03T13:48:24Z</time>
        <extensions>
          <gpxtpx:TrackPointExtension>
            <gpxtpx:hr>136</gpxtpx:hr>
          </gpxtpx:TrackPointExtension>
        </extensions>
      </trkpt>
      <trkpt lat="38.831701109156846" lon="121.507986859296">
        <ele>2.9729762841016054</ele>
        <time>2024-08-03T13:48:25Z</time>
        <extensions>
          <gpxtpx:TrackPointExtension>
            <gpxtpx:hr>136</gpxtpx:hr>
          </gpxtpx:TrackPointExtension>
        </extensions>
      </trkpt>
      <trkpt lat="38.831707328614236" lon="121.50799599427873">
        <ele>3.0014851205050945</ele>
        <time>2024-08-03T13:48:26Z</time>
        <extensions>
          <gpxtpx:TrackPointExtension>
            <gpxtpx:hr>136</gpxtpx:hr>
          </gpxtpx:TrackPointExtension>
        </extensions>
      </trkpt>
      <trkpt lat="38.83171408252739" lon="121.50800493988669">
        <ele>3.0483039980754256</ele>
        <time>2024-08-03T13:48:27Z</time>
        <extensions>
          <gpxtpx:TrackPointExtension>
            <gpxtpx:hr>136</gpxtpx:hr>
          </gpxtpx:TrackPointExtension>
        </extensions>
      </trkpt>
      <trkpt lat="38.831720928948855" lon="121.5080138268249">
        <ele>3.0939432168379426</ele>
        <time>2024-08-03T13:48:28Z</time>
        <extensions>
          <gpxtpx:TrackPointExtension>
            <gpxtpx:hr>136</gpxtpx:hr>
          </gpxtpx:TrackPointExtension>
        </extensions>
      </trkpt>
      <trkpt lat="38.83172778979106" lon="121.50802277446971">
        <ele>3.1463710283860564</ele>
        <time>2024-08-03T13:48:29Z</time>
        <extensions>
          <gpxtpx:TrackPointExtension>
            <gpxtpx:hr>136</gpxtpx:hr>
          </gpxtpx:TrackPointExtension>
        </extensions>
      </trkpt>
      <trkpt lat="38.83173450109946" lon="121.50803211987267">
        <ele>3.2417520778253675</ele>
        <time>2024-08-03T13:48:30Z</time>
        <extensions>
          <gpxtpx:TrackPointExtension>
            <gpxtpx:hr>132</gpxtpx:hr>
          </gpxtpx:TrackPointExtension>
        </extensions>
      </trkpt>
      <trkpt lat="38.831740867330474" lon="121.50804194164047">
        <ele>3.337080378085375</ele>
        <time>2024-08-03T13:48:31Z</time>
        <extensions>
          <gpxtpx:TrackPointExtension>
            <gpxtpx:hr>132</gpxtpx:hr>
          </gpxtpx:TrackPointExtension>
        </extensions>
      </trkpt>
      <trkpt lat="38.8317470233072" lon="121.50805188771469">
        <ele>3.420179677195847</ele>
        <time>2024-08-03T13:48:32Z</time>
        <extensions>
          <gpxtpx:TrackPointExtension>
            <gpxtpx:hr>132</gpxtpx:hr>
          </gpxtpx:TrackPointExtension>
        </extensions>
      </trkpt>
      <trkpt lat="38.83175328698639" lon="121.50806171706641">
        <ele>3.4920304119586945</ele>
        <time>2024-08-03T13:48:33Z</time>
        <extensions>
          <gpxtpx:TrackPointExtension>
            <gpxtpx:hr>132</gpxtpx:hr>
          </gpxtpx:TrackPointExtension>
        </extensions>
      </trkpt>
      <trkpt lat="38.83175992161839" lon="121.50807140574267">
        <ele>3.563104943372309</ele>
        <time>2024-08-03T13:48:34Z</time>
        <extensions>
          <gpxtpx:TrackPointExtension>
            <gpxtpx:hr>132</gpxtpx:hr>
          </gpxtpx:TrackPointExtension>
        </extensions>
      </trkpt>
      <trkpt lat="38.83176654790888" lon="121.50808141405292">
        <ele>3.633146658539772</ele>
        <time>2024-08-03T13:48:35Z</time>
        <extensions>
          <gpxtpx:TrackPointExtension>
            <gpxtpx:hr>132</gpxtpx:hr>
          </gpxtpx:TrackPointExtension>
        </extensions>
      </trkpt>
      <trkpt lat="38.83177279129368" lon="121.50809244033806">
        <ele>3.6734752412885427</ele>
        <time>2024-08-03T13:48:36Z</time>
        <extensions>
          <gpxtpx:TrackPointExtension>
            <gpxtpx:hr>131</gpxtpx:hr>
          </gpxtpx:TrackPointExtension>
        </extensions>
      </trkpt>
      <trkpt lat="38.83177868597595" lon="121.50810458225794">
        <ele>3.7056220984086394</ele>
        <time>2024-08-03T13:48:37Z</time>
        <extensions>
          <gpxtpx:TrackPointExtension>
            <gpxtpx:hr>131</gpxtpx:hr>
          </gpxtpx:TrackPointExtension>
        </extensions>
      </trkpt>
      <trkpt lat="38.831783700498406" lon="121.50811688078196">
        <ele>3.7356800716370344</ele>
        <time>2024-08-03T13:48:38Z</time>
        <extensions>
          <gpxtpx:TrackPointExtension>
            <gpxtpx:hr>131</gpxtpx:hr>
          </gpxtpx:TrackPointExtension>
        </extensions>
      </trkpt>
      <trkpt lat="38.83178745941522" lon="121.50812865365637">
        <ele>3.7608389668166637</ele>
        <time>2024-08-03T13:48:39Z</time>
        <extensions>
          <gpxtpx:TrackPointExtension>
            <gpxtpx:hr>131</gpxtpx:hr>
          </gpxtpx:TrackPointExtension>
        </extensions>
      </trkpt>
      <trkpt lat="38.83179046770729" lon="121.50813986013685">
        <ele>3.7774233063682914</ele>
        <time>2024-08-03T13:48:40Z</time>
        <extensions>
          <gpxtpx:TrackPointExtension>
            <gpxtpx:hr>131</gpxtpx:hr>
          </gpxtpx:TrackPointExtension>
        </extensions>
      </trkpt>
      <trkpt lat="38.831793629688555" lon="121.5081507390037">
        <ele>3.786683715879917</ele>
        <time>2024-08-03T13:48:41Z</time>
        <extensions>
          <gpxtpx:TrackPointExtension>
            <gpxtpx:hr>130</gpxtpx:hr>
          </gpxtpx:TrackPointExtension>
        </extensions>
      </trkpt>
      <trkpt lat="38.83179755870849" lon="121.50816128321239">
        <ele>3.786044828593731</ele>
        <time>2024-08-03T13:48:42Z</time>
        <extensions>
          <gpxtpx:TrackPointExtension>
            <gpxtpx:hr>130</gpxtpx:hr>
          </gpxtpx:TrackPointExtension>
        </extensions>
      </trkpt>
      <trkpt lat="38.83180242044545" lon="121.50817114295562">
        <ele>3.7682264735922217</ele>
        <time>2024-08-03T13:48:43Z</time>
        <extensions>
          <gpxtpx:TrackPointExtension>
            <gpxtpx:hr>130</gpxtpx:hr>
          </gpxtpx:TrackPointExtension>
        </extensions>
      </trkpt>
      <trkpt lat="38.83180827428425" lon="121.50818066106629">
        <ele>3.736564949154854</ele>
        <time>2024-08-03T13:48:44Z</time>
        <extensions>
          <gpxtpx:TrackPointExtension>
            <gpxtpx:hr>130</gpxtpx:hr>
          </gpxtpx:TrackPointExtension>
        </extensions>
      </trkpt>
      <trkpt lat="38.83181480909073" lon="121.50819063395139">
        <ele>3.702782265841961</ele>
        <time>2024-08-03T13:48:45Z</time>
        <extensions>
          <gpxtpx:TrackPointExtension>
            <gpxtpx:hr>130</gpxtpx:hr>
          </gpxtpx:TrackPointExtension>
        </extensions>
      </trkpt>
      <trkpt lat="38.831821575285446" lon="121.50820191271426">
        <ele>3.6876662941649556</ele>
        <time>2024-08-03T13:48:46Z</time>
        <extensions>
          <gpxtpx:TrackPointExtension>
            <gpxtpx:hr>130</gpxtpx:hr>
          </gpxtpx:TrackPointExtension>
        </extensions>
      </trkpt>
      <trkpt lat="38.83182820654296" lon="121.50821454899666">
        <ele>3.65523521322757</ele>
        <time>2024-08-03T13:48:47Z</time>
        <extensions>
          <gpxtpx:TrackPointExtension>
            <gpxtpx:hr>131</gpxtpx:hr>
          </gpxtpx:TrackPointExtension>
        </extensions>
      </trkpt>
      <trkpt lat="38.831834493361875" lon="121.50822737701299">
        <ele>3.6181916929781437</ele>
        <time>2024-08-03T13:48:48Z</time>
        <extensions>
          <gpxtpx:TrackPointExtension>
            <gpxtpx:hr>131</gpxtpx:hr>
          </gpxtpx:TrackPointExtension>
        </extensions>
      </trkpt>
      <trkpt lat="38.831840391498055" lon="121.50823925173567">
        <ele>3.595936171710491</ele>
        <time>2024-08-03T13:48:49Z</time>
        <extensions>
          <gpxtpx:TrackPointExtension>
            <gpxtpx:hr>131</gpxtpx:hr>
          </gpxtpx:TrackPointExtension>
        </extensions>
      </trkpt>
      <trkpt lat="38.83184702575758" lon="121.50825098153899">
        <ele>3.581858666613698</ele>
        <time>2024-08-03T13:48:50Z</time>
        <extensions>
          <gpxtpx:TrackPointExtension>
            <gpxtpx:hr>130</gpxtpx:hr>
          </gpxtpx:TrackPointExtension>
        </extensions>
      </trkpt>
      <trkpt lat="38.83185531548328" lon="121.50826339585632">
        <ele>3.556965494528413</ele>
        <time>2024-08-03T13:48:51Z</time>
        <extensions>
          <gpxtpx:TrackPointExtension>
            <gpxtpx:hr>130</gpxtpx:hr>
          </gpxtpx:TrackPointExtension>
        </extensions>
      </trkpt>
      <trkpt lat="38.83186504522809" lon="121.50827700726909">
        <ele>3.5484680347144604</ele>
        <time>2024-08-03T13:48:52Z</time>
        <extensions>
          <gpxtpx:TrackPointExtension>
            <gpxtpx:hr>130</gpxtpx:hr>
          </gpxtpx:TrackPointExtension>
        </extensions>
      </trkpt>
      <trkpt lat="38.83187573667419" lon="121.50829239043904">
        <ele>3.5404832968488336</ele>
        <time>2024-08-03T13:48:53Z</time>
        <extensions>
          <gpxtpx:TrackPointExtension>
            <gpxtpx:hr>130</gpxtpx:hr>
          </gpxtpx:TrackPointExtension>
        </extensions>
      </trkpt>
      <trkpt lat="38.83188605437352" lon="121.50830854608455">
        <ele>3.5296140210703015</ele>
        <time>2024-08-03T13:48:54Z</time>
        <extensions>
          <gpxtpx:TrackPointExtension>
            <gpxtpx:hr>130</gpxtpx:hr>
          </gpxtpx:TrackPointExtension>
        </extensions>
      </trkpt>
      <trkpt lat="38.831895037161466" lon="121.50832362419747">
        <ele>3.527204006910324</ele>
        <time>2024-08-03T13:48:55Z</time>
        <extensions>
          <gpxtpx:TrackPointExtension>
            <gpxtpx:hr>130</gpxtpx:hr>
          </gpxtpx:TrackPointExtension>
        </extensions>
      </trkpt>
      <trkpt lat="38.831904953493805" lon="121.5083400016168">
        <ele>3.556721094995737</ele>
        <time>2024-08-03T13:48:56Z</time>
        <extensions>
          <gpxtpx:TrackPointExtension>
            <gpxtpx:hr>130</gpxtpx:hr>
          </gpxtpx:TrackPointExtension>
        </extensions>
      </trkpt>
      <trkpt lat="38.83191532116583" lon="121.50835686348174">
        <ele>3.5933656487613916</ele>
        <time>2024-08-03T13:48:57Z</time>
        <extensions>
          <gpxtpx:TrackPointExtension>
            <gpxtpx:hr>130</gpxtpx:hr>
          </gpxtpx:TrackPointExtension>
        </extensions>
      </trkpt>
      <trkpt lat="38.83192645742819" lon="121.50837442789872">
        <ele>3.629223554395139</ele>
        <time>2024-08-03T13:48:58Z</time>
        <extensions>
          <gpxtpx:TrackPointExtension>
            <gpxtpx:hr>133</gpxtpx:hr>
          </gpxtpx:TrackPointExtension>
        </extensions>
      </trkpt>
      <trkpt lat="38.8319393720514" lon="121.50839205658673">
        <ele>3.6642423747107387</ele>
        <time>2024-08-03T13:48:59Z</time>
        <extensions>
          <gpxtpx:TrackPointExtension>
            <gpxtpx:hr>133</gpxtpx:hr>
          </gpxtpx:TrackPointExtension>
        </extensions>
      </trkpt>
      <trkpt lat="38.831953566463206" lon="121.50840835690103">
        <ele>3.702285300940275</ele>
        <time>2024-08-03T13:49:00Z</time>
        <extensions>
          <gpxtpx:TrackPointExtension>
            <gpxtpx:hr>133</gpxtpx:hr>
          </gpxtpx:TrackPointExtension>
        </extensions>
      </trkpt>
      <trkpt lat="38.83196748611825" lon="121.50842352472476">
        <ele>3.7332718558609486</ele>
        <time>2024-08-03T13:49:01Z</time>
        <extensions>
          <gpxtpx:TrackPointExtension>
            <gpxtpx:hr>133</gpxtpx:hr>
          </gpxtpx:TrackPointExtension>
        </extensions>
      </trkpt>
      <trkpt lat="38.831981952111605" lon="121.50843831040072">
        <ele>3.765895583666861</ele>
        <time>2024-08-03T13:49:02Z</time>
        <extensions>
          <gpxtpx:TrackPointExtension>
            <gpxtpx:hr>133</gpxtpx:hr>
          </gpxtpx:TrackPointExtension>
        </extensions>
      </trkpt>
      <trkpt lat="38.83199885033724" lon="121.50845448590911">
        <ele>3.8283841218799353</ele>
        <time>2024-08-03T13:49:03Z</time>
        <extensions>
          <gpxtpx:TrackPointExtension>
            <gpxtpx:hr>138</gpxtpx:hr>
          </gpxtpx:TrackPointExtension>
        </extensions>
      </trkpt>
      <trkpt lat="38.832017673476386" lon="121.50847172841704">
        <ele>3.8801957918331027</ele>
        <time>2024-08-03T13:49:04Z</time>
        <extensions>
          <gpxtpx:TrackPointExtension>
            <gpxtpx:hr>138</gpxtpx:hr>
          </gpxtpx:TrackPointExtension>
        </extensions>
      </trkpt>
      <trkpt lat="38.83203919375035" lon="121.50848944880676">
        <ele>3.9079734971746802</ele>
        <time>2024-08-03T13:49:05Z</time>
        <extensions>
          <gpxtpx:TrackPointExtension>
            <gpxtpx:hr>138</gpxtpx:hr>
          </gpxtpx:TrackPointExtension>
        </extensions>
      </trkpt>
      <trkpt lat="38.832062659125384" lon="121.50850541989557">
        <ele>3.9311831211671233</ele>
        <time>2024-08-03T13:49:06Z</time>
        <extensions>
          <gpxtpx:TrackPointExtension>
            <gpxtpx:hr>138</gpxtpx:hr>
          </gpxtpx:TrackPointExtension>
        </extensions>
      </trkpt>
      <trkpt lat="38.83208718369357" lon="121.50852005872426">
        <ele>3.9369418108835816</ele>
        <time>2024-08-03T13:49:07Z</time>
        <extensions>
          <gpxtpx:TrackPointExtension>
            <gpxtpx:hr>138</gpxtpx:hr>
          </gpxtpx:TrackPointExtension>
        </extensions>
      </trkpt>
      <trkpt lat="38.83211132222087" lon="121.50853418258379">
        <ele>3.953673810698092</ele>
        <time>2024-08-03T13:49:08Z</time>
        <extensions>
          <gpxtpx:TrackPointExtension>
            <gpxtpx:hr>142</gpxtpx:hr>
          </gpxtpx:TrackPointExtension>
        </extensions>
      </trkpt>
      <trkpt lat="38.83213479257118" lon="121.50854810458652">
        <ele>3.9503574520349503</ele>
        <time>2024-08-03T13:49:09Z</time>
        <extensions>
          <gpxtpx:TrackPointExtension>
            <gpxtpx:hr>142</gpxtpx:hr>
          </gpxtpx:TrackPointExtension>
        </extensions>
      </trkpt>
      <trkpt lat="38.832158321663755" lon="121.50856142854572">
        <ele>3.9568237122148275</ele>
        <time>2024-08-03T13:49:10Z</time>
        <extensions>
          <gpxtpx:TrackPointExtension>
            <gpxtpx:hr>142</gpxtpx:hr>
          </gpxtpx:TrackPointExtension>
        </extensions>
      </trkpt>
      <trkpt lat="38.8321827729492" lon="121.50857445476468">
        <ele>3.9832347091287374</ele>
        <time>2024-08-03T13:49:11Z</time>
        <extensions>
          <gpxtpx:TrackPointExtension>
            <gpxtpx:hr>142</gpxtpx:hr>
          </gpxtpx:TrackPointExtension>
        </extensions>
      </trkpt>
      <trkpt lat="38.83220860170589" lon="121.50858768826208">
        <ele>3.9660965455695987</ele>
        <time>2024-08-03T13:49:12Z</time>
        <extensions>
          <gpxtpx:TrackPointExtension>
            <gpxtpx:hr>142</gpxtpx:hr>
          </gpxtpx:TrackPointExtension>
        </extensions>
      </trkpt>
      <trkpt lat="38.83223532186076" lon="121.50860047615302">
        <ele>3.928892287425697</ele>
        <time>2024-08-03T13:49:13Z</time>
        <extensions>
          <gpxtpx:TrackPointExtension>
            <gpxtpx:hr>142</gpxtpx:hr>
          </gpxtpx:TrackPointExtension>
        </extensions>
      </trkpt>
      <trkpt lat="38.83226289290801" lon="121.50861308114789">
        <ele>3.923264509998262</ele>
        <time>2024-08-03T13:49:14Z</time>
        <extensions>
          <gpxtpx:TrackPointExtension>
            <gpxtpx:hr>147</gpxtpx:hr>
          </gpxtpx:TrackPointExtension>
        </extensions>
      </trkpt>
      <trkpt lat="38.83229102791482" lon="121.50862588254016">
        <ele>3.895672157406807</ele>
        <time>2024-08-03T13:49:15Z</time>
        <extensions>
          <gpxtpx:TrackPointExtension>
            <gpxtpx:hr>147</gpxtpx:hr>
          </gpxtpx:TrackPointExtension>
        </extensions>
      </trkpt>
      <trkpt lat="38.832318087177235" lon="121.50863716169044">
        <ele>3.8335233936086297</ele>
        <time>2024-08-03T13:49:16Z</time>
        <extensions>
          <gpxtpx:TrackPointExtension>
            <gpxtpx:hr>147</gpxtpx:hr>
          </gpxtpx:TrackPointExtension>
        </extensions>
      </trkpt>
      <trkpt lat="38.83234282524314" lon="121.50864489656428">
        <ele>3.8067996706813574</ele>
        <time>2024-08-03T13:49:17Z</time>
        <extensions>
          <gpxtpx:TrackPointExtension>
            <gpxtpx:hr>147</gpxtpx:hr>
          </gpxtpx:TrackPointExtension>
        </extensions>
      </trkpt>
      <trkpt lat="38.832365762270285" lon="121.50864890882718">
        <ele>3.7704245019704103</ele>
        <time>2024-08-03T13:49:18Z</time>
        <extensions>
          <gpxtpx:TrackPointExtension>
            <gpxtpx:hr>147</gpxtpx:hr>
          </gpxtpx:TrackPointExtension>
        </extensions>
      </trkpt>
      <trkpt lat="38.83238883821251" lon="121.5086509786285">
        <ele>3.7070703702047467</ele>
        <time>2024-08-03T13:49:19Z</time>
        <extensions>
          <gpxtpx:TrackPointExtension>
            <gpxtpx:hr>149</gpxtpx:hr>
          </gpxtpx:TrackPointExtension>
        </extensions>
      </trkpt>
      <trkpt lat="38.83241275149754" lon="121.50865269508677">
        <ele>3.6776984045282006</ele>
        <time>2024-08-03T13:49:20Z</time>
        <extensions>
          <gpxtpx:TrackPointExtension>
            <gpxtpx:hr>149</gpxtpx:hr>
          </gpxtpx:TrackPointExtension>
        </extensions>
      </trkpt>
      <trkpt lat="38.83243691964648" lon="121.50865393641153">
        <ele>3.642473354935646</ele>
        <time>2024-08-03T13:49:21Z</time>
        <extensions>
          <gpxtpx:TrackPointExtension>
            <gpxtpx:hr>149</gpxtpx:hr>
          </gpxtpx:TrackPointExtension>
        </extensions>
      </trkpt>
      <trkpt lat="38.83246127585926" lon="121.50865365683622">
        <ele>3.5854936614632607</ele>
        <time>2024-08-03T13:49:22Z</time>
        <extensions>
          <gpxtpx:TrackPointExtension>
            <gpxtpx:hr>149</gpxtpx:hr>
          </gpxtpx:TrackPointExtension>
        </extensions>
      </trkpt>
      <trkpt lat="38.832485734924454" lon="121.50865053212031">
        <ele>3.5299948677420616</ele>
        <time>2024-08-03T13:49:23Z</time>
        <extensions>
          <gpxtpx:TrackPointExtension>
            <gpxtpx:hr>149</gpxtpx:hr>
          </gpxtpx:TrackPointExtension>
        </extensions>
      </trkpt>
      <trkpt lat="38.832509460656595" lon="121.50864500055418">
        <ele>3.478554666042328</ele>
        <time>2024-08-03T13:49:24Z</time>
        <extensions>
          <gpxtpx:TrackPointExtension>
            <gpxtpx:hr>149</gpxtpx:hr>
          </gpxtpx:TrackPointExtension>
        </extensions>
      </trkpt>
      <trkpt lat="38.83253239073963" lon="121.50863852433069">
        <ele>3.407841785810888</ele>
        <time>2024-08-03T13:49:25Z</time>
        <extensions>
          <gpxtpx:TrackPointExtension>
            <gpxtpx:hr>152</gpxtpx:hr>
          </gpxtpx:TrackPointExtension>
        </extensions>
      </trkpt>
      <trkpt lat="38.83255541091246" lon="121.50863080898509">
        <ele>3.342577638104558</ele>
        <time>2024-08-03T13:49:26Z</time>
        <extensions>
          <gpxtpx:TrackPointExtension>
            <gpxtpx:hr>152</gpxtpx:hr>
          </gpxtpx:TrackPointExtension>
        </extensions>
      </trkpt>
      <trkpt lat="38.83257843915198" lon="121.50862133843395">
        <ele>3.2798248436301947</ele>
        <time>2024-08-03T13:49:27Z</time>
        <extensions>
          <gpxtpx:TrackPointExtension>
            <gpxtpx:hr>152</gpxtpx:hr>
          </gpxtpx:TrackPointExtension>
        </extensions>
      </trkpt>
      <trkpt lat="38.83260082489583" lon="121.50861113020598">
        <ele>3.229270478710532</ele>
        <time>2024-08-03T13:49:28Z</time>
        <extensions>
          <gpxtpx:TrackPointExtension>
            <gpxtpx:hr>152</gpxtpx:hr>
          </gpxtpx:TrackPointExtension>
        </extensions>
      </trkpt>
      <trkpt lat="38.83262286406715" lon="121.5086012622474">
        <ele>3.1993453130126</ele>
        <time>2024-08-03T13:49:29Z</time>
        <extensions>
          <gpxtpx:TrackPointExtension>
            <gpxtpx:hr>152</gpxtpx:hr>
          </gpxtpx:TrackPointExtension>
        </extensions>
      </trkpt>
      <trkpt lat="38.83264470704164" lon="121.50859124678185">
        <ele>3.164568994194269</ele>
        <time>2024-08-03T13:49:30Z</time>
        <extensions>
          <gpxtpx:TrackPointExtension>
            <gpxtpx:hr>153</gpxtpx:hr>
          </gpxtpx:TrackPointExtension>
        </extensions>
      </trkpt>
      <trkpt lat="38.83266560533216" lon="121.50858028516383">
        <ele>3.11678016372025</ele>
        <time>2024-08-03T13:49:31Z</time>
        <extensions>
          <gpxtpx:TrackPointExtension>
            <gpxtpx:hr>153</gpxtpx:hr>
          </gpxtpx:TrackPointExtension>
        </extensions>
      </trkpt>
      <trkpt lat="38.83268543288468" lon="121.50856858710718">
        <ele>3.062133038416505</ele>
        <time>2024-08-03T13:49:32Z</time>
        <extensions>
          <gpxtpx:TrackPointExtension>
            <gpxtpx:hr>153</gpxtpx:hr>
          </gpxtpx:TrackPointExtension>
        </extensions>
      </trkpt>
      <trkpt lat="38.83270480336477" lon="121.50855712045072">
        <ele>3.0065971557050943</ele>
        <time>2024-08-03T13:49:33Z</time>
        <extensions>
          <gpxtpx:TrackPointExtension>
            <gpxtpx:hr>153</gpxtpx:hr>
          </gpxtpx:TrackPointExtension>
        </extensions>
      </trkpt>
      <trkpt lat="38.83272382739701" lon="121.50854641761377">
        <ele>2.957560091279447</ele>
        <time>2024-08-03T13:49:34Z</time>
        <extensions>
          <gpxtpx:TrackPointExtension>
            <gpxtpx:hr>153</gpxtpx:hr>
          </gpxtpx:TrackPointExtension>
        </extensions>
      </trkpt>
      <trkpt lat="38.83274185535945" lon="121.50853673826639">
        <ele>2.911557223647833</ele>
        <time>2024-08-03T13:49:35Z</time>
        <extensions>
          <gpxtpx:TrackPointExtension>
            <gpxtpx:hr>163</gpxtpx:hr>
          </gpxtpx:TrackPointExtension>
        </extensions>
      </trkpt>
      <trkpt lat="38.83275849165282" lon="121.50852726645435">
        <ele>2.8629943802952766</ele>
        <time>2024-08-03T13:49:36Z</time>
        <extensions>
          <gpxtpx:TrackPointExtension>
            <gpxtpx:hr>163</gpxtpx:hr>
          </gpxtpx:TrackPointExtension>
        </extensions>
      </trkpt>
      <trkpt lat="38.832773459301194" lon="121.50851701806154">
        <ele>2.8130482099950314</ele>
        <time>2024-08-03T13:49:37Z</time>
        <extensions>
          <gpxtpx:TrackPointExtension>
            <gpxtpx:hr>163</gpxtpx:hr>
          </gpxtpx:TrackPointExtension>
        </extensions>
      </trkpt>
      <trkpt lat="38.83278603703285" lon="121.50850593878496">
        <ele>2.761524344794452</ele>
        <time>2024-08-03T13:49:38Z</time>
        <extensions>
          <gpxtpx:TrackPointExtension>
            <gpxtpx:hr>163</gpxtpx:hr>
          </gpxtpx:TrackPointExtension>
        </extensions>
      </trkpt>
      <trkpt lat="38.832795781533974" lon="121.50849473627179">
        <ele>2.7152479216456413</ele>
        <time>2024-08-03T13:49:39Z</time>
        <extensions>
          <gpxtpx:TrackPointExtension>
            <gpxtpx:hr>163</gpxtpx:hr>
          </gpxtpx:TrackPointExtension>
        </extensions>
      </trkpt>
      <trkpt lat="38.832803255176565" lon="121.50848491729263">
        <ele>2.6702105831354856</ele>
        <time>2024-08-03T13:49:40Z</time>
        <extensions>
          <gpxtpx:TrackPointExtension>
            <gpxtpx:hr>163</gpxtpx:hr>
          </gpxtpx:TrackPointExtension>
        </extensions>
      </trkpt>
      <trkpt lat="38.83280941117814" lon="121.50847723326036">
        <ele>2.6257797805592418</ele>
        <time>2024-08-03T13:49:41Z</time>
        <extensions>
          <gpxtpx:TrackPointExtension>
            <gpxtpx:hr>163</gpxtpx:hr>
          </gpxtpx:TrackPointExtension>
        </extensions>
      </trkpt>
      <trkpt lat="38.83281492866259" lon="121.50847089821058">
        <ele>2.581653387285769</ele>
        <time>2024-08-03T13:49:42Z</time>
        <extensions>
          <gpxtpx:TrackPointExtension>
            <gpxtpx:hr>165</gpxtpx:hr>
          </gpxtpx:TrackPointExtension>
        </extensions>
      </trkpt>
      <trkpt lat="38.83282039133406" lon="121.50846453465229">
        <ele>2.543116267770529</ele>
        <time>2024-08-03T13:49:43Z</time>
        <extensions>
          <gpxtpx:TrackPointExtension>
            <gpxtpx:hr>165</gpxtpx:hr>
          </gpxtpx:TrackPointExtension>
        </extensions>
      </trkpt>
      <trkpt lat="38.83282620974848" lon="121.50845753261791">
        <ele>2.5071417232975364</ele>
        <time>2024-08-03T13:49:44Z</time>
        <extensions>
          <gpxtpx:TrackPointExtension>
            <gpxtpx:hr>165</gpxtpx:hr>
          </gpxtpx:TrackPointExtension>
        </extensions>
      </trkpt>
      <trkpt lat="38.8328325379631" lon="121.50844981553045">
        <ele>2.465598457492888</ele>
        <time>2024-08-03T13:49:45Z</time>
        <extensions>
          <gpxtpx:TrackPointExtension>
            <gpxtpx:hr>165</gpxtpx:hr>
          </gpxtpx:TrackPointExtension>
        </extensions>
      </trkpt>
      <trkpt lat="38.83283913285668" lon="121.50844200678503">
        <ele>2.4305928284302354</ele>
        <time>2024-08-03T13:49:46Z</time>
        <extensions>
          <gpxtpx:TrackPointExtension>
            <gpxtpx:hr>165</gpxtpx:hr>
          </gpxtpx:TrackPointExtension>
        </extensions>
      </trkpt>
      <trkpt lat="38.83284570763247" lon="121.50843443053849">
        <ele>2.3961590407416224</ele>
        <time>2024-08-03T13:49:47Z</time>
        <extensions>
          <gpxtpx:TrackPointExtension>
            <gpxtpx:hr>164</gpxtpx:hr>
          </gpxtpx:TrackPointExtension>
        </extensions>
      </trkpt>
      <trkpt lat="38.832852205606216" lon="121.50842690069477">
        <ele>2.36991120968014</ele>
        <time>2024-08-03T13:49:48Z</time>
        <extensions>
          <gpxtpx:TrackPointExtension>
            <gpxtpx:hr>164</gpxtpx:hr>
          </gpxtpx:TrackPointExtension>
        </extensions>
      </trkpt>
      <trkpt lat="38.8328586108159" lon="121.50841948197501">
        <ele>2.349864856339991</ele>
        <time>2024-08-03T13:49:49Z</time>
        <extensions>
          <gpxtpx:TrackPointExtension>
            <gpxtpx:hr>164</gpxtpx:hr>
          </gpxtpx:TrackPointExtension>
        </extensions>
      </trkpt>
      <trkpt lat="38.832865304639235" lon="121.50841237290228">
        <ele>2.3291106279939413</ele>
        <time>2024-08-03T13:49:50Z</time>
        <extensions>
          <gpxtpx:TrackPointExtension>
            <gpxtpx:hr>164</gpxtpx:hr>
          </gpxtpx:TrackPointExtension>
        </extensions>
      </trkpt>
      <trkpt lat="38.83287248880875" lon="121.50840550558908">
        <ele>2.3139273542910814</ele>
        <time>2024-08-03T13:49:51Z</time>
        <extensions>
          <gpxtpx:TrackPointExtension>
            <gpxtpx:hr>164</gpxtpx:hr>
          </gpxtpx:TrackPointExtension>
        </extensions>
      </trkpt>
      <trkpt lat="38.832879646302814" lon="121.50839826886204">
        <ele>2.299933417700231</ele>
        <time>2024-08-03T13:49:52Z</time>
        <extensions>
          <gpxtpx:TrackPointExtension>
            <gpxtpx:hr>164</gpxtpx:hr>
          </gpxtpx:TrackPointExtension>
        </extensions>
      </trkpt>
      <trkpt lat="38.83288657672062" lon="121.50838996494785">
        <ele>2.2937625283375382</ele>
        <time>2024-08-03T13:49:53Z</time>
        <extensions>
          <gpxtpx:TrackPointExtension>
            <gpxtpx:hr>164</gpxtpx:hr>
          </gpxtpx:TrackPointExtension>
        </extensions>
      </trkpt>
      <trkpt lat="38.8328934227802" lon="121.50838079532843">
        <ele>2.290321364067495</ele>
        <time>2024-08-03T13:49:54Z</time>
        <extensions>
          <gpxtpx:TrackPointExtension>
            <gpxtpx:hr>165</gpxtpx:hr>
          </gpxtpx:TrackPointExtension>
        </extensions>
      </trkpt>
      <trkpt lat="38.83290036507329" lon="121.50837145507144">
        <ele>2.296673716045916</ele>
        <time>2024-08-03T13:49:55Z</time>
        <extensions>
          <gpxtpx:TrackPointExtension>
            <gpxtpx:hr>165</gpxtpx:hr>
          </gpxtpx:TrackPointExtension>
        </extensions>
      </trkpt>
      <trkpt lat="38.83290748151781" lon="121.50836235404546">
        <ele>2.3052276130765676</ele>
        <time>2024-08-03T13:49:56Z</time>
        <extensions>
          <gpxtpx:TrackPointExtension>
            <gpxtpx:hr>165</gpxtpx:hr>
          </gpxtpx:TrackPointExtension>
        </extensions>
      </trkpt>
      <trkpt lat="38.83291465890806" lon="121.5083537094256">
        <ele>2.3149921521544456</ele>
        <time>2024-08-03T13:49:57Z</time>
        <extensions>
          <gpxtpx:TrackPointExtension>
            <gpxtpx:hr>165</gpxtpx:hr>
          </gpxtpx:TrackPointExtension>
        </extensions>
      </trkpt>
      <trkpt lat="38.832921820695084" lon="121.50834549167733">
        <ele>2.333272726275027</ele>
        <time>2024-08-03T13:49:58Z</time>
        <extensions>
          <gpxtpx:TrackPointExtension>
            <gpxtpx:hr>165</gpxtpx:hr>
          </gpxtpx:TrackPointExtension>
        </extensions>
      </trkpt>
      <trkpt lat="38.83292881565903" lon="121.50833743121791">
        <ele>2.362246341072023</ele>
        <time>2024-08-03T13:49:59Z</time>
        <extensions>
          <gpxtpx:TrackPointExtension>
            <gpxtpx:hr>165</gpxtpx:hr>
          </gpxtpx:TrackPointExtension>
        </extensions>
      </trkpt>
      <trkpt lat="38.83293558824542" lon="121.50832916234806">
        <ele>2.3997513838112354</ele>
        <time>2024-08-03T13:50:00Z</time>
        <extensions>
          <gpxtpx:TrackPointExtension>
            <gpxtpx:hr>165</gpxtpx:hr>
          </gpxtpx:TrackPointExtension>
        </extensions>
      </trkpt>
      <trkpt lat="38.83294223020354" lon="121.50832061518523">
        <ele>2.4472163496538997</ele>
        <time>2024-08-03T13:50:01Z</time>
        <extensions>
          <gpxtpx:TrackPointExtension>
            <gpxtpx:hr>165</gpxtpx:hr>
          </gpxtpx:TrackPointExtension>
        </extensions>
      </trkpt>
      <trkpt lat="38.832948747820275" lon="121.50831188738226">
        <ele>2.4940909072756767</ele>
        <time>2024-08-03T13:50:02Z</time>
        <extensions>
          <gpxtpx:TrackPointExtension>
            <gpxtpx:hr>165</gpxtpx:hr>
          </gpxtpx:TrackPointExtension>
        </extensions>
      </trkpt>
      <trkpt lat="38.832955118431826" lon="121.5083030989307">
        <ele>2.5487714456394315</ele>
        <time>2024-08-03T13:50:03Z</time>
        <extensions>
          <gpxtpx:TrackPointExtension>
            <gpxtpx:hr>165</gpxtpx:hr>
          </gpxtpx:TrackPointExtension>
        </extensions>
      </trkpt>
      <trkpt lat="38.83296146848332" lon="121.50829456932912">
        <ele>2.6084890086203814</ele>
        <time>2024-08-03T13:50:04Z</time>
        <extensions>
          <gpxtpx:TrackPointExtension>
            <gpxtpx:hr>163</gpxtpx:hr>
          </gpxtpx:TrackPointExtension>
        </extensions>
      </trkpt>
      <trkpt lat="38.83296778235933" lon="121.50828622828006">
        <ele>2.6706923926249146</ele>
        <time>2024-08-03T13:50:05Z</time>
        <extensions>
          <gpxtpx:TrackPointExtension>
            <gpxtpx:hr>163</gpxtpx:hr>
          </gpxtpx:TrackPointExtension>
        </extensions>
      </trkpt>
      <trkpt lat="38.832974030272645" lon="121.50827781470927">
        <ele>2.7324637603014708</ele>
        <time>2024-08-03T13:50:06Z</time>
        <extensions>
          <gpxtpx:TrackPointExtension>
            <gpxtpx:hr>163</gpxtpx:hr>
          </gpxtpx:TrackPointExtension>
        </extensions>
      </trkpt>
      <trkpt lat="38.8329802828265" lon="121.5082694762343">
        <ele>2.8009198997169733</ele>
        <time>2024-08-03T13:50:07Z</time>
        <extensions>
          <gpxtpx:TrackPointExtension>
            <gpxtpx:hr>163</gpxtpx:hr>
          </gpxtpx:TrackPointExtension>
        </extensions>
      </trkpt>
      <trkpt lat="38.832986424360065" lon="121.50826154110689">
        <ele>2.8667906736955047</ele>
        <time>2024-08-03T13:50:08Z</time>
        <extensions>
          <gpxtpx:TrackPointExtension>
            <gpxtpx:hr>163</gpxtpx:hr>
          </gpxtpx:TrackPointExtension>
        </extensions>
      </trkpt>
      <trkpt lat="38.83299172679257" lon="121.50825447374112">
        <ele>2.9285314325243235</ele>
        <time>2024-08-03T13:50:09Z</time>
        <extensions>
          <gpxtpx:TrackPointExtension>
            <gpxtpx:hr>163</gpxtpx:hr>
          </gpxtpx:TrackPointExtension>
        </extensions>
      </trkpt>
      <trkpt lat="38.83299555650759" lon="121.50824900971776">
        <ele>2.995784373022616</ele>
        <time>2024-08-03T13:50:10Z</time>
        <extensions>
          <gpxtpx:TrackPointExtension>
            <gpxtpx:hr>163</gpxtpx:hr>
          </gpxtpx:TrackPointExtension>
        </extensions>
      </trkpt>
      <trkpt lat="38.83299816989719" lon="121.5082454284431">
        <ele>3.058471968397498</ele>
        <time>2024-08-03T13:50:11Z</time>
        <extensions>
          <gpxtpx:TrackPointExtension>
            <gpxtpx:hr>156</gpxtpx:hr>
          </gpxtpx:TrackPointExtension>
        </extensions>
      </trkpt>
      <trkpt lat="38.83300080033939" lon="121.50824264000649">
        <ele>3.1229672404006124</ele>
        <time>2024-08-03T13:50:12Z</time>
        <extensions>
          <gpxtpx:TrackPointExtension>
            <gpxtpx:hr>156</gpxtpx:hr>
          </gpxtpx:TrackPointExtension>
        </extensions>
      </trkpt>
      <trkpt lat="38.833004436336346" lon="121.508239588439">
        <ele>3.18721257802099</ele>
        <time>2024-08-03T13:50:13Z</time>
        <extensions>
          <gpxtpx:TrackPointExtension>
            <gpxtpx:hr>156</gpxtpx:hr>
          </gpxtpx:TrackPointExtension>
        </extensions>
      </trkpt>
      <trkpt lat="38.833009019945685" lon="121.50823616758868">
        <ele>3.248165945522487</ele>
        <time>2024-08-03T13:50:14Z</time>
        <extensions>
          <gpxtpx:TrackPointExtension>
            <gpxtpx:hr>156</gpxtpx:hr>
          </gpxtpx:TrackPointExtension>
        </extensions>
      </trkpt>
      <trkpt lat="38.83301434727926" lon="121.50823208407941">
        <ele>3.297072345390916</ele>
        <time>2024-08-03T13:50:15Z</time>
        <extensions>
          <gpxtpx:TrackPointExtension>
            <gpxtpx:hr>156</gpxtpx:hr>
          </gpxtpx:TrackPointExtension>
        </extensions>
      </trkpt>
      <trkpt lat="38.833020142161125" lon="121.5082267428316">
        <ele>3.3449993254616857</ele>
        <time>2024-08-03T13:50:16Z</time>
        <extensions>
          <gpxtpx:TrackPointExtension>
            <gpxtpx:hr>156</gpxtpx:hr>
          </gpxtpx:TrackPointExtension>
        </extensions>
      </trkpt>
      <trkpt lat="38.833026242804735" lon="121.50821991715583">
        <ele>3.3889057906344533</ele>
        <time>2024-08-03T13:50:17Z</time>
        <extensions>
          <gpxtpx:TrackPointExtension>
            <gpxtpx:hr>153</gpxtpx:hr>
          </gpxtpx:TrackPointExtension>
        </extensions>
      </trkpt>
      <trkpt lat="38.833032051218076" lon="121.50821157416001">
        <ele>3.4352661035954952</ele>
        <time>2024-08-03T13:50:18Z</time>
        <extensions>
          <gpxtpx:TrackPointExtension>
            <gpxtpx:hr>153</gpxtpx:hr>
          </gpxtpx:TrackPointExtension>
        </extensions>
      </trkpt>
      <trkpt lat="38.83303684502771" lon="121.50820177236011">
        <ele>3.4747332455590367</ele>
        <time>2024-08-03T13:50:19Z</time>
        <extensions>
          <gpxtpx:TrackPointExtension>
            <gpxtpx:hr>153</gpxtpx:hr>
          </gpxtpx:TrackPointExtension>
        </extensions>
      </trkpt>
      <trkpt lat="38.83304045121552" lon="121.50819074143898">
        <ele>3.510625389404595</ele>
        <time>2024-08-03T13:50:20Z</time>
        <extensions>
          <gpxtpx:TrackPointExtension>
            <gpxtpx:hr>153</gpxtpx:hr>
          </gpxtpx:TrackPointExtension>
        </extensions>
      </trkpt>
      <trkpt lat="38.833043049073325" lon="121.50817873986365">
        <ele>3.5552621399983764</ele>
        <time>2024-08-03T13:50:21Z</time>
        <extensions>
          <gpxtpx:TrackPointExtension>
            <gpxtpx:hr>153</gpxtpx:hr>
          </gpxtpx:TrackPointExtension>
        </extensions>
      </trkpt>
      <trkpt lat="38.83304523993384" lon="121.50816630469627">
        <ele>3.597567619755864</ele>
        <time>2024-08-03T13:50:22Z</time>
        <extensions>
          <gpxtpx:TrackPointExtension>
            <gpxtpx:hr>151</gpxtpx:hr>
          </gpxtpx:TrackPointExtension>
        </extensions>
      </trkpt>
      <trkpt lat="38.833047404564354" lon="121.50815398100949">
        <ele>3.633418389596045</ele>
        <time>2024-08-03T13:50:23Z</time>
        <extensions>
          <gpxtpx:TrackPointExtension>
            <gpxtpx:hr>151</gpxtpx:hr>
          </gpxtpx:TrackPointExtension>
        </extensions>
      </trkpt>
      <trkpt lat="38.833049464148914" lon="121.50814177942371">
        <ele>3.660604759119451</ele>
        <time>2024-08-03T13:50:24Z</time>
        <extensions>
          <gpxtpx:TrackPointExtension>
            <gpxtpx:hr>151</gpxtpx:hr>
          </gpxtpx:TrackPointExtension>
        </extensions>
      </trkpt>
      <trkpt lat="38.8330510544491" lon="121.50812936829449">
        <ele>3.682541157118976</ele>
        <time>2024-08-03T13:50:25Z</time>
        <extensions>
          <gpxtpx:TrackPointExtension>
            <gpxtpx:hr>150</gpxtpx:hr>
          </gpxtpx:TrackPointExtension>
        </extensions>
      </trkpt>
      <trkpt lat="38.833052377253786" lon="121.5081166713208">
        <ele>3.6968487752601504</ele>
        <time>2024-08-03T13:50:26Z</time>
        <extensions>
          <gpxtpx:TrackPointExtension>
            <gpxtpx:hr>150</gpxtpx:hr>
          </gpxtpx:TrackPointExtension>
        </extensions>
      </trkpt>
      <trkpt lat="38.83305440591521" lon="121.50810389585497">
        <ele>3.708642424084246</ele>
        <time>2024-08-03T13:50:27Z</time>
        <extensions>
          <gpxtpx:TrackPointExtension>
            <gpxtpx:hr>150</gpxtpx:hr>
          </gpxtpx:TrackPointExtension>
        </extensions>
      </trkpt>
      <trkpt lat="38.83305716023356" lon="121.5080917790824">
        <ele>3.7229621903970838</ele>
        <time>2024-08-03T13:50:28Z</time>
        <extensions>
          <gpxtpx:TrackPointExtension>
            <gpxtpx:hr>150</gpxtpx:hr>
          </gpxtpx:TrackPointExtension>
        </extensions>
      </trkpt>
      <trkpt lat="38.83306028200981" lon="121.508080744713">
        <ele>3.736883083358407</ele>
        <time>2024-08-03T13:50:29Z</time>
        <extensions>
          <gpxtpx:TrackPointExtension>
            <gpxtpx:hr>150</gpxtpx:hr>
          </gpxtpx:TrackPointExtension>
        </extensions>
      </trkpt>
      <trkpt lat="38.833063647696406" lon="121.50806992885407">
        <ele>3.7483113491907716</ele>
        <time>2024-08-03T13:50:30Z</time>
        <extensions>
          <gpxtpx:TrackPointExtension>
            <gpxtpx:hr>143</gpxtpx:hr>
          </gpxtpx:TrackPointExtension>
        </extensions>
      </trkpt>
      <trkpt lat="38.83306734830017" lon="121.50805869364345">
        <ele>3.748641489073634</ele>
        <time>2024-08-03T13:50:31Z</time>
        <extensions>
          <gpxtpx:TrackPointExtension>
            <gpxtpx:hr>143</gpxtpx:hr>
          </gpxtpx:TrackPointExtension>
        </extensions>
      </trkpt>
      <trkpt lat="38.833071184706256" lon="121.50804717850134">
        <ele>3.7343657156452537</ele>
        <time>2024-08-03T13:50:32Z</time>
        <extensions>
          <gpxtpx:TrackPointExtension>
            <gpxtpx:hr>143</gpxtpx:hr>
          </gpxtpx:TrackPointExtension>
        </extensions>
      </trkpt>
      <trkpt lat="38.83307491637265" lon="121.50803599900851">
        <ele>3.7169256573542953</ele>
        <time>2024-08-03T13:50:33Z</time>
        <extensions>
          <gpxtpx:TrackPointExtension>
            <gpxtpx:hr>143</gpxtpx:hr>
          </gpxtpx:TrackPointExtension>
        </extensions>
      </trkpt>
      <trkpt lat="38.83307877349266" lon="121.50802539213649">
        <ele>3.6956559913232923</ele>
        <time>2024-08-03T13:50:34Z</time>
        <extensions>
          <gpxtpx:TrackPointExtension>
            <gpxtpx:hr>143</gpxtpx:hr>
          </gpxtpx:TrackPointExtension>
        </extensions>
      </trkpt>
      <trkpt lat="38.83308255281805" lon="121.50801498382046">
        <ele>3.666570406407118</ele>
        <time>2024-08-03T13:50:35Z</time>
        <extensions>
          <gpxtpx:TrackPointExtension>
            <gpxtpx:hr>143</gpxtpx:hr>
          </gpxtpx:TrackPointExtension>
        </extensions>
      </trkpt>
      <trkpt lat="38.83308609823423" lon="121.50800455124997">
        <ele>3.639645278453827</ele>
        <time>2024-08-03T13:50:36Z</time>
        <extensions>
          <gpxtpx:TrackPointExtension>
            <gpxtpx:hr>143</gpxtpx:hr>
          </gpxtpx:TrackPointExtension>
        </extensions>
      </trkpt>
      <trkpt lat="38.833089731410006" lon="121.50799405570969">
        <ele>3.6073788423091173</ele>
        <time>2024-08-03T13:50:37Z</time>
        <extensions>
          <gpxtpx:TrackPointExtension>
            <gpxtpx:hr>141</gpxtpx:hr>
          </gpxtpx:TrackPointExtension>
        </extensions>
      </trkpt>
      <trkpt lat="38.83309366744222" lon="121.50798337085118">
        <ele>3.570142885670066</ele>
        <time>2024-08-03T13:50:38Z</time>
        <extensions>
          <gpxtpx:TrackPointExtension>
            <gpxtpx:hr>141</gpxtpx:hr>
          </gpxtpx:TrackPointExtension>
        </extensions>
      </trkpt>
      <trkpt lat="38.83309784133136" lon="121.50797267046366">
        <ele>3.534056163392961</ele>
        <time>2024-08-03T13:50:39Z</time>
        <extensions>
          <gpxtpx:TrackPointExtension>
            <gpxtpx:hr>141</gpxtpx:hr>
          </gpxtpx:TrackPointExtension>
        </extensions>
      </trkpt>
      <trkpt lat="38.83310209947757" lon="121.5079625341951">
        <ele>3.4898644406348467</ele>
        <time>2024-08-03T13:50:40Z</time>
        <extensions>
          <gpxtpx:TrackPointExtension>
            <gpxtpx:hr>139</gpxtpx:hr>
          </gpxtpx:TrackPointExtension>
        </extensions>
      </trkpt>
      <trkpt lat="38.83310631340381" lon="121.50795319950215">
        <ele>3.4576803548261523</ele>
        <time>2024-08-03T13:50:41Z</time>
        <extensions>
          <gpxtpx:TrackPointExtension>
            <gpxtpx:hr>139</gpxtpx:hr>
          </gpxtpx:TrackPointExtension>
        </extensions>
      </trkpt>
      <trkpt lat="38.83311064561639" lon="121.50794417277048">
        <ele>3.428200339898467</ele>
        <time>2024-08-03T13:50:42Z</time>
        <extensions>
          <gpxtpx:TrackPointExtension>
            <gpxtpx:hr>139</gpxtpx:hr>
          </gpxtpx:TrackPointExtension>
        </extensions>
      </trkpt>
      <trkpt lat="38.83311551955433" lon="121.50793495739109">
        <ele>3.393870720639825</ele>
        <time>2024-08-03T13:50:43Z</time>
        <extensions>
          <gpxtpx:TrackPointExtension>
            <gpxtpx:hr>139</gpxtpx:hr>
          </gpxtpx:TrackPointExtension>
        </extensions>
      </trkpt>
      <trkpt lat="38.83312025390806" lon="121.50792619696178">
        <ele>3.363428027369082</ele>
        <time>2024-08-03T13:50:44Z</time>
        <extensions>
          <gpxtpx:TrackPointExtension>
            <gpxtpx:hr>139</gpxtpx:hr>
          </gpxtpx:TrackPointExtension>
        </extensions>
      </trkpt>
      <trkpt lat="38.833124035808154" lon="121.5079183189224">
        <ele>3.3438976807519794</ele>
        <time>2024-08-03T13:50:45Z</time>
        <extensions>
          <gpxtpx:TrackPointExtension>
            <gpxtpx:hr>137</gpxtpx:hr>
          </gpxtpx:TrackPointExtension>
        </extensions>
      </trkpt>
      <trkpt lat="38.83312687242762" lon="121.50791043117349">
        <ele>3.327908616513014</ele>
        <time>2024-08-03T13:50:46Z</time>
        <extensions>
          <gpxtpx:TrackPointExtension>
            <gpxtpx:hr>137</gpxtpx:hr>
          </gpxtpx:TrackPointExtension>
        </extensions>
      </trkpt>
      <trkpt lat="38.83312901335761" lon="121.50790163174997">
        <ele>3.3085050052031875</ele>
        <time>2024-08-03T13:50:47Z</time>
        <extensions>
          <gpxtpx:TrackPointExtension>
            <gpxtpx:hr>137</gpxtpx:hr>
          </gpxtpx:TrackPointExtension>
        </extensions>
      </trkpt>
      <trkpt lat="38.833130916927175" lon="121.50789170222514">
        <ele>3.299014256335795</ele>
        <time>2024-08-03T13:50:48Z</time>
        <extensions>
          <gpxtpx:TrackPointExtension>
            <gpxtpx:hr>137</gpxtpx:hr>
          </gpxtpx:TrackPointExtension>
        </extensions>
      </trkpt>
      <trkpt lat="38.8331330138563" lon="121.50788103386104">
        <ele>3.298247991129756</ele>
        <time>2024-08-03T13:50:49Z</time>
        <extensions>
          <gpxtpx:TrackPointExtension>
            <gpxtpx:hr>137</gpxtpx:hr>
          </gpxtpx:TrackPointExtension>
        </extensions>
      </trkpt>
      <trkpt lat="38.83313552990684" lon="121.50787033422871">
        <ele>3.3141819164156914</ele>
        <time>2024-08-03T13:50:50Z</time>
        <extensions>
          <gpxtpx:TrackPointExtension>
            <gpxtpx:hr>137</gpxtpx:hr>
          </gpxtpx:TrackPointExtension>
        </extensions>
      </trkpt>
      <trkpt lat="38.83313761185562" lon="121.50786050358009">
        <ele>3.3444705456495285</ele>
        <time>2024-08-03T13:50:51Z</time>
        <extensions>
          <gpxtpx:TrackPointExtension>
            <gpxtpx:hr>135</gpxtpx:hr>
          </gpxtpx:TrackPointExtension>
        </extensions>
      </trkpt>
      <trkpt lat="38.83313830778167" lon="121.50785226453851">
        <ele>3.374580232426524</ele>
        <time>2024-08-03T13:50:52Z</time>
        <extensions>
          <gpxtpx:TrackPointExtension>
            <gpxtpx:hr>135</gpxtpx:hr>
          </gpxtpx:TrackPointExtension>
        </extensions>
      </trkpt>
      <trkpt lat="38.83313761366644" lon="121.50784577051809">
        <ele>3.409666968509555</ele>
        <time>2024-08-03T13:50:53Z</time>
        <extensions>
          <gpxtpx:TrackPointExtension>
            <gpxtpx:hr>135</gpxtpx:hr>
          </gpxtpx:TrackPointExtension>
        </extensions>
      </trkpt>
      <trkpt lat="38.83313577928364" lon="121.50784096943187">
        <ele>3.449606372974813</ele>
        <time>2024-08-03T13:50:54Z</time>
        <extensions>
          <gpxtpx:TrackPointExtension>
            <gpxtpx:hr>135</gpxtpx:hr>
          </gpxtpx:TrackPointExtension>
        </extensions>
      </trkpt>
      <trkpt lat="38.83313323910844" lon="121.50783791015117">
        <ele>3.4858310371637344</ele>
        <time>2024-08-03T13:50:55Z</time>
        <extensions>
          <gpxtpx:TrackPointExtension>
            <gpxtpx:hr>135</gpxtpx:hr>
          </gpxtpx:TrackPointExtension>
        </extensions>
      </trkpt>
      <trkpt lat="38.833130811395804" lon="121.50783626256532">
        <ele>3.4985020579770207</ele>
        <time>2024-08-03T13:50:56Z</time>
        <extensions>
          <gpxtpx:TrackPointExtension>
            <gpxtpx:hr>135</gpxtpx:hr>
          </gpxtpx:TrackPointExtension>
        </extensions>
      </trkpt>
      <trkpt lat="38.833129236324694" lon="121.50783535554338">
        <ele>3.534025352448225</ele>
        <time>2024-08-03T13:50:57Z</time>
        <extensions>
          <gpxtpx:TrackPointExtension>
            <gpxtpx:hr>135</gpxtpx:hr>
          </gpxtpx:TrackPointExtension>
        </extensions>
      </trkpt>
      <trkpt lat="38.833128831667146" lon="121.50783524797754">
        <ele>3.5662146527320147</ele>
        <time>2024-08-03T13:50:58Z</time>
        <extensions>
          <gpxtpx:TrackPointExtension>
            <gpxtpx:hr>135</gpxtpx:hr>
          </gpxtpx:TrackPointExtension>
        </extensions>
      </trkpt>
      <trkpt lat="38.83312939150755" lon="121.50783586058854">
        <ele>3.593195604160428</ele>
        <time>2024-08-03T13:50:59Z</time>
        <extensions>
          <gpxtpx:TrackPointExtension>
            <gpxtpx:hr>135</gpxtpx:hr>
          </gpxtpx:TrackPointExtension>
        </extensions>
      </trkpt>
      <trkpt lat="38.833130448925836" lon="121.50783670767383">
        <ele>3.6235453207045794</ele>
        <time>2024-08-03T13:51:00Z</time>
        <extensions>
          <gpxtpx:TrackPointExtension>
            <gpxtpx:hr>134</gpxtpx:hr>
          </gpxtpx:TrackPointExtension>
        </extensions>
      </trkpt>
      <trkpt lat="38.833131796103224" lon="121.50783745290052">
        <ele>3.650697022676468</ele>
        <time>2024-08-03T13:51:01Z</time>
        <extensions>
          <gpxtpx:TrackPointExtension>
            <gpxtpx:hr>134</gpxtpx:hr>
          </gpxtpx:TrackPointExtension>
        </extensions>
      </trkpt>
      <trkpt lat="38.83313334968089" lon="121.50783779055683">
        <ele>3.6840081373229623</ele>
        <time>2024-08-03T13:51:02Z</time>
        <extensions>
          <gpxtpx:TrackPointExtension>
            <gpxtpx:hr>134</gpxtpx:hr>
          </gpxtpx:TrackPointExtension>
        </extensions>
      </trkpt>
      <trkpt lat="38.83313530868147" lon="121.50783749820452">
        <ele>3.7166655715554953</ele>
        <time>2024-08-03T13:51:03Z</time>
        <extensions>
          <gpxtpx:TrackPointExtension>
            <gpxtpx:hr>134</gpxtpx:hr>
          </gpxtpx:TrackPointExtension>
        </extensions>
      </trkpt>
      <trkpt lat="38.83313799364227" lon="121.50783665390026">
        <ele>3.7473662989214063</ele>
        <time>2024-08-03T13:51:04Z</time>
        <extensions>
          <gpxtpx:TrackPointExtension>
            <gpxtpx:hr>134</gpxtpx:hr>
          </gpxtpx:TrackPointExtension>
        </extensions>
      </trkpt>
      <trkpt lat="38.83314099125807" lon="121.50783559065106">
        <ele>3.776527827605605</ele>
        <time>2024-08-03T13:51:05Z</time>
        <extensions>
          <gpxtpx:TrackPointExtension>
            <gpxtpx:hr>134</gpxtpx:hr>
          </gpxtpx:TrackPointExtension>
        </extensions>
      </trkpt>
      <trkpt lat="38.8331431752825" lon="121.50783541902007">
        <ele>3.7934737550094724</ele>
        <time>2024-08-03T13:51:06Z</time>
        <extensions>
          <gpxtpx:TrackPointExtension>
            <gpxtpx:hr>134</gpxtpx:hr>
          </gpxtpx:TrackPointExtension>
        </extensions>
      </trkpt>
      <trkpt lat="38.83314328558885" lon="121.50783699572992">
        <ele>3.8081360766664147</ele>
        <time>2024-08-03T13:51:07Z</time>
        <extensions>
          <gpxtpx:TrackPointExtension>
            <gpxtpx:hr>136</gpxtpx:hr>
          </gpxtpx:TrackPointExtension>
        </extensions>
      </trkpt>
      <trkpt lat="38.8331420380149" lon="121.50783933219627">
        <ele>3.8302510157227516</ele>
        <time>2024-08-03T13:51:08Z</time>
        <extensions>
          <gpxtpx:TrackPointExtension>
            <gpxtpx:hr>136</gpxtpx:hr>
          </gpxtpx:TrackPointExtension>
        </extensions>
      </trkpt>
      <trkpt lat="38.83314095800203" lon="121.50784127020053">
        <ele>3.835808373056352</ele>
        <time>2024-08-03T13:51:09Z</time>
        <extensions>
          <gpxtpx:TrackPointExtension>
            <gpxtpx:hr>136</gpxtpx:hr>
          </gpxtpx:TrackPointExtension>
        </extensions>
      </trkpt>
      <trkpt lat="38.83314007173128" lon="121.50784260627239">
        <ele>3.8329668110236526</ele>
        <time>2024-08-03T13:51:10Z</time>
        <extensions>
          <gpxtpx:TrackPointExtension>
            <gpxtpx:hr>136</gpxtpx:hr>
          </gpxtpx:TrackPointExtension>
        </extensions>
      </trkpt>
      <trkpt lat="38.833139066690904" lon="121.50784366395824">
        <ele>3.8355358792468905</ele>
        <time>2024-08-03T13:51:11Z</time>
        <extensions>
          <gpxtpx:TrackPointExtension>
            <gpxtpx:hr>136</gpxtpx:hr>
          </gpxtpx:TrackPointExtension>
        </extensions>
      </trkpt>
      <trkpt lat="38.83313804767082" lon="121.5078442735617">
        <ele>3.835888784378767</ele>
        <time>2024-08-03T13:51:12Z</time>
        <extensions>
          <gpxtpx:TrackPointExtension>
            <gpxtpx:hr>136</gpxtpx:hr>
          </gpxtpx:TrackPointExtension>
        </extensions>
      </trkpt>
      <trkpt lat="38.83313750601392" lon="121.50784393890598">
        <ele>3.8249772489070892</ele>
        <time>2024-08-03T13:51:13Z</time>
        <extensions>
          <gpxtpx:TrackPointExtension>
            <gpxtpx:hr>136</gpxtpx:hr>
          </gpxtpx:TrackPointExtension>
        </extensions>
      </trkpt>
      <trkpt lat="38.833137401685754" lon="121.50784289475868">
        <ele>3.8130020182579756</ele>
        <time>2024-08-03T13:51:14Z</time>
        <extensions>
          <gpxtpx:TrackPointExtension>
            <gpxtpx:hr>136</gpxtpx:hr>
          </gpxtpx:TrackPointExtension>
        </extensions>
      </trkpt>
      <trkpt lat="38.83313739753695" lon="121.50784165906977">
        <ele>3.788829511962831</ele>
        <time>2024-08-03T13:51:15Z</time>
        <extensions>
          <gpxtpx:TrackPointExtension>
            <gpxtpx:hr>136</gpxtpx:hr>
          </gpxtpx:TrackPointExtension>
        </extensions>
      </trkpt>
      <trkpt lat="38.83313730630258" lon="121.50784056708066">
        <ele>3.7677475521340966</ele>
        <time>2024-08-03T13:51:16Z</time>
        <extensions>
          <gpxtpx:TrackPointExtension>
            <gpxtpx:hr>126</gpxtpx:hr>
          </gpxtpx:TrackPointExtension>
        </extensions>
      </trkpt>
      <trkpt lat="38.83313706536707" lon="121.50783982100315">
        <ele>3.734095323830843</ele>
        <time>2024-08-03T13:51:17Z</time>
        <extensions>
          <gpxtpx:TrackPointExtension>
            <gpxtpx:hr>126</gpxtpx:hr>
          </gpxtpx:TrackPointExtension>
        </extensions>
      </trkpt>
      <trkpt lat="38.83313678770367" lon="121.50783953938556">
        <ele>3.693627228960395</ele>
        <time>2024-08-03T13:51:18Z</time>
        <extensions>
          <gpxtpx:TrackPointExtension>
            <gpxtpx:hr>126</gpxtpx:hr>
          </gpxtpx:TrackPointExtension>
        </extensions>
      </trkpt>
      <trkpt lat="38.833136683675505" lon="121.50783960760093">
        <ele>3.654450910165906</ele>
        <time>2024-08-03T13:51:19Z</time>
        <extensions>
          <gpxtpx:TrackPointExtension>
            <gpxtpx:hr>126</gpxtpx:hr>
          </gpxtpx:TrackPointExtension>
        </extensions>
      </trkpt>
      <trkpt lat="38.833136897090064" lon="121.50783969887682">
        <ele>3.6229900689795613</ele>
        <time>2024-08-03T13:51:20Z</time>
        <extensions>
          <gpxtpx:TrackPointExtension>
            <gpxtpx:hr>126</gpxtpx:hr>
          </gpxtpx:TrackPointExtension>
        </extensions>
      </trkpt>
      <trkpt lat="38.833137368560095" lon="121.50783971207181">
        <ele>3.6012804582715034</ele>
        <time>2024-08-03T13:51:21Z</time>
        <extensions>
          <gpxtpx:TrackPointExtension>
            <gpxtpx:hr>126</gpxtpx:hr>
          </gpxtpx:TrackPointExtension>
        </extensions>
      </trkpt>
      <trkpt lat="38.833137929946936" lon="121.50783995396368">
        <ele>3.5804115179926157</ele>
        <time>2024-08-03T13:51:22Z</time>
        <extensions>
          <gpxtpx:TrackPointExtension>
            <gpxtpx:hr>127</gpxtpx:hr>
          </gpxtpx:TrackPointExtension>
        </extensions>
      </trkpt>
      <trkpt lat="38.833138628926804" lon="121.5078408498751">
        <ele>3.5664248671382666</ele>
        <time>2024-08-03T13:51:23Z</time>
        <extensions>
          <gpxtpx:TrackPointExtension>
            <gpxtpx:hr>127</gpxtpx:hr>
          </gpxtpx:TrackPointExtension>
        </extensions>
      </trkpt>
      <trkpt lat="38.83313978164886" lon="121.50784302560824">
        <ele>3.565913592465222</ele>
        <time>2024-08-03T13:51:24Z</time>
        <extensions>
          <gpxtpx:TrackPointExtension>
            <gpxtpx:hr>127</gpxtpx:hr>
          </gpxtpx:TrackPointExtension>
        </extensions>
      </trkpt>
      <trkpt lat="38.83314190060213" lon="121.50784702103002">
        <ele>3.5845092376694083</ele>
        <time>2024-08-03T13:51:25Z</time>
        <extensions>
          <gpxtpx:TrackPointExtension>
            <gpxtpx:hr>127</gpxtpx:hr>
          </gpxtpx:TrackPointExtension>
        </extensions>
      </trkpt>
      <trkpt lat="38.83314549234075" lon="121.50785346164582">
        <ele>3.609758524224162</ele>
        <time>2024-08-03T13:51:26Z</time>
        <extensions>
          <gpxtpx:TrackPointExtension>
            <gpxtpx:hr>127</gpxtpx:hr>
          </gpxtpx:TrackPointExtension>
        </extensions>
      </trkpt>
      <trkpt lat="38.833150951252975" lon="121.50786293042796">
        <ele>3.65121126268059</ele>
        <time>2024-08-03T13:51:27Z</time>
        <extensions>
          <gpxtpx:TrackPointExtension>
            <gpxtpx:hr>127</gpxtpx:hr>
          </gpxtpx:TrackPointExtension>
        </extensions>
      </trkpt>
      <trkpt lat="38.833158309565334" lon="121.50787582451915">
        <ele>3.709993119351566</ele>
        <time>2024-08-03T13:51:28Z</time>
        <extensions>
          <gpxtpx:TrackPointExtension>
            <gpxtpx:hr>127</gpxtpx:hr>
          </gpxtpx:TrackPointExtension>
        </extensions>
      </trkpt>
      <trkpt lat="38.833166543905165" lon="121.50789275554806">
        <ele>3.771412213332951</ele>
        <time>2024-08-03T13:51:29Z</time>
        <extensions>
          <gpxtpx:TrackPointExtension>
            <gpxtpx:hr>127</gpxtpx:hr>
          </gpxtpx:TrackPointExtension>
        </extensions>
      </trkpt>
      <trkpt lat="38.83317380877451" lon="121.50791474400856">
        <ele>3.8301305137574673</ele>
        <time>2024-08-03T13:51:30Z</time>
        <extensions>
          <gpxtpx:TrackPointExtension>
            <gpxtpx:hr>127</gpxtpx:hr>
          </gpxtpx:TrackPointExtension>
        </extensions>
      </trkpt>
      <trkpt lat="38.83317931942786" lon="121.50794303503231">
        <ele>3.8970759827643633</ele>
        <time>2024-08-03T13:51:31Z</time>
        <extensions>
          <gpxtpx:TrackPointExtension>
            <gpxtpx:hr>124</gpxtpx:hr>
          </gpxtpx:TrackPointExtension>
        </extensions>
      </trkpt>
      <trkpt lat="38.833182456798525" lon="121.50797785565815">
        <ele>3.9710145220160484</ele>
        <time>2024-08-03T13:51:32Z</time>
        <extensions>
          <gpxtpx:TrackPointExtension>
            <gpxtpx:hr>124</gpxtpx:hr>
          </gpxtpx:TrackPointExtension>
        </extensions>
      </trkpt>
      <trkpt lat="38.83318381861303" lon="121.50801873972652">
        <ele>4.050605098716915</ele>
        <time>2024-08-03T13:51:33Z</time>
        <extensions>
          <gpxtpx:TrackPointExtension>
            <gpxtpx:hr>124</gpxtpx:hr>
          </gpxtpx:TrackPointExtension>
        </extensions>
      </trkpt>
      <trkpt lat="38.8331862413652" lon="121.50806380522056">
        <ele>4.134404478594661</ele>
        <time>2024-08-03T13:51:34Z</time>
        <extensions>
          <gpxtpx:TrackPointExtension>
            <gpxtpx:hr>124</gpxtpx:hr>
          </gpxtpx:TrackPointExtension>
        </extensions>
      </trkpt>
      <trkpt lat="38.83319401815373" lon="121.50810978163777">
        <ele>4.22091175056994</ele>
        <time>2024-08-03T13:51:35Z</time>
        <extensions>
          <gpxtpx:TrackPointExtension>
            <gpxtpx:hr>122</gpxtpx:hr>
          </gpxtpx:TrackPointExtension>
        </extensions>
      </trkpt>
      <trkpt lat="38.83320989484347" lon="121.50815349433944">
        <ele>4.308766555041075</ele>
        <time>2024-08-03T13:51:36Z</time>
        <extensions>
          <gpxtpx:TrackPointExtension>
            <gpxtpx:hr>122</gpxtpx:hr>
          </gpxtpx:TrackPointExtension>
        </extensions>
      </trkpt>
      <trkpt lat="38.83323465816745" lon="121.50819392025987">
        <ele>4.39692956302315</ele>
        <time>2024-08-03T13:51:37Z</time>
        <extensions>
          <gpxtpx:TrackPointExtension>
            <gpxtpx:hr>122</gpxtpx:hr>
          </gpxtpx:TrackPointExtension>
        </extensions>
      </trkpt>
      <trkpt lat="38.833267509142125" lon="121.50823251394257">
        <ele>4.484734101220965</ele>
        <time>2024-08-03T13:51:38Z</time>
        <extensions>
          <gpxtpx:TrackPointExtension>
            <gpxtpx:hr>122</gpxtpx:hr>
          </gpxtpx:TrackPointExtension>
        </extensions>
      </trkpt>
      <trkpt lat="38.83330548656466" lon="121.50827048097327">
        <ele>4.571975391358137</ele>
        <time>2024-08-03T13:51:39Z</time>
        <extensions>
          <gpxtpx:TrackPointExtension>
            <gpxtpx:hr>122</gpxtpx:hr>
          </gpxtpx:TrackPointExtension>
        </extensions>
      </trkpt>
    </trkseg>
  </trk>
</gpx>