<?xml version="1.0" encoding="UTF-8"?>
<gpx xmlns="http://www.topografix.com/GPX/1/1" xmlns:gpxtpx="http://www.garmin.com/xmlschemas/TrackPointExtension/v1" xmlns:xsi="http://www.w3.org/2001/XMLSchema-instance" xsi:schemaLocation="http://www.topografix.com/GPX/1/1 http://www.topografix.com/GPX/1/1/gpx.xsd" version="1.1" creator="gpx.py -- https://github.com/tkrajina/gpxpy">
  <trk>
    <name>gpx from keep</name>
    <type>Run</type>
    <trkseg>
      <trkpt lat="38.831241620397236" lon="121.50514808043387">
        <ele>4.325450942500883</ele>
        <time>2024-10-12T23:10:51Z</time>
        <extensions>
          <gpxtpx:TrackPointExtension>
            <gpxtpx:hr>60</gpxtpx:hr>
          </gpxtpx:TrackPointExtension>
        </extensions>
      </trkpt>
      <trkpt lat="38.83119816842233" lon="121.5052028698105">
        <ele>4.445417926167938</ele>
        <time>2024-10-12T23:10:55Z</time>
        <extensions>
          <gpxtpx:TrackPointExtension>
            <gpxtpx:hr>60</gpxtpx:hr>
          </gpxtpx:TrackPointExtension>
        </extensions>
      </trkpt>
      <trkpt lat="38.83110412520748" lon="121.50519460226332">
        <ele>4.051149942340265</ele>
        <time>2024-10-12T23:10:59Z</time>
        <extensions>
          <gpxtpx:TrackPointExtension>
            <gpxtpx:hr>60</gpxtpx:hr>
          </gpxtpx:TrackPointExtension>
        </extensions>
      </trkpt>
      <trkpt lat="38.83101401862333" lon="121.50517675164853">
        <ele>3.9526928312471004</ele>
        <time>2024-10-12T23:11:03Z</time>
      </trkpt>
      <trkpt lat="38.83093080294028" lon="121.50515374451017">
        <ele>3.7420812221243978</ele>
        <time>2024-10-12T23:11:07Z</time>
      </trkpt>
      <trkpt lat="38.830847042227646" lon="121.50512636387481">
        <ele>3.582860492169857</ele>
        <time>2024-10-12T23:11:11Z</time>
      </trkpt>
      <trkpt lat="38.83077239453825" lon="121.50509822107813">
        <ele>3.6233606096357107</ele>
        <time>2024-10-12T23:11:15Z</time>
      </trkpt>
      <trkpt lat="38.83070304976421" lon="121.50505393646276">
        <ele>3.641810854896903</ele>
        <time>2024-10-12T23:11:19Z</time>
      </trkpt>
      <trkpt lat="38.83063700842091" lon="121.50499340590183">
        <ele>3.677758889272809</ele>
        <time>2024-10-12T23:11:23Z</time>
      </trkpt>
      <trkpt lat="38.8305898483511" lon="121.50490836638136">
        <ele>3.9618333745747805</ele>
        <time>2024-10-12T23:11:27Z</time>
      </trkpt>
      <trkpt lat="38.830530186255515" lon="121.50485348300515">
        <ele>4.253746102564037</ele>
        <time>2024-10-12T23:11:31Z</time>
      </trkpt>
      <trkpt lat="38.83046172638834" lon="121.50480336275719">
        <ele>3.728546599857509</ele>
        <time>2024-10-12T23:11:35Z</time>
      </trkpt>
      <trkpt lat="38.83038931053659" lon="121.50475846836717">
        <ele>3.643214214593172</ele>
        <time>2024-10-12T23:11:39Z</time>
      </trkpt>
      <trkpt lat="38.83030583763733" lon="121.5047122398588">
        <ele>3.005797376856208</ele>
        <time>2024-10-12T23:11:43Z</time>
      </trkpt>
      <trkpt lat="38.83023262030119" lon="121.50468202874265">
        <ele>2.7765681575983763</ele>
        <time>2024-10-12T23:11:47Z</time>
      </trkpt>
      <trkpt lat="38.83014693956444" lon="121.50464901515505">
        <ele>3.0003129551187158</ele>
        <time>2024-10-12T23:11:51Z</time>
      </trkpt>
      <trkpt lat="38.83007121743857" lon="121.50460622654643">
        <ele>3.055931099690497</ele>
        <time>2024-10-12T23:11:55Z</time>
      </trkpt>
      <trkpt lat="38.8300147761575" lon="121.50455865038255">
        <ele>2.927145562134683</ele>
        <time>2024-10-12T23:11:58Z</time>
      </trkpt>
      <trkpt lat="38.82997431433125" lon="121.5045013881476">
        <ele>2.274890335276723</ele>
        <time>2024-10-12T23:12:01Z</time>
      </trkpt>
      <trkpt lat="38.82991183157223" lon="121.50443245887405">
        <ele>3.6833537127822638</ele>
        <time>2024-10-12T23:12:05Z</time>
      </trkpt>
      <trkpt lat="38.829845013338335" lon="121.50435539082781">
        <ele>3.0882539954036474</ele>
        <time>2024-10-12T23:12:09Z</time>
      </trkpt>
      <trkpt lat="38.82979609338698" lon="121.50428992341543">
        <ele>3.2683131070807576</ele>
        <time>2024-10-12T23:12:12Z</time>
      </trkpt>
      <trkpt lat="38.82972411497709" lon="121.50422369338261">
        <ele>2.3381336349993944</ele>
        <time>2024-10-12T23:12:16Z</time>
      </trkpt>
      <trkpt lat="38.82965214695523" lon="121.50416019106486">
        <ele>2.6208467977121472</ele>
        <time>2024-10-12T23:12:20Z</time>
      </trkpt>
      <trkpt lat="38.82958095094366" lon="121.50410921099719">
        <ele>2.831477359868586</ele>
        <time>2024-10-12T23:12:24Z</time>
      </trkpt>
      <trkpt lat="38.829513190204565" lon="121.50407072212745">
        <ele>2.7505671344697475</ele>
        <time>2024-10-12T23:12:28Z</time>
      </trkpt>
      <trkpt lat="38.82943593878407" lon="121.50401505047648">
        <ele>2.532609296962619</ele>
        <time>2024-10-12T23:12:32Z</time>
      </trkpt>
      <trkpt lat="38.829358261139554" lon="121.50397356130696">
        <ele>3.4140162197872996</ele>
        <time>2024-10-12T23:12:36Z</time>
        <extensions>
          <gpxtpx:TrackPointExtension>
            <gpxtpx:hr>122</gpxtpx:hr>
          </gpxtpx:TrackPointExtension>
        </extensions>
      </trkpt>
      <trkpt lat="38.829277142353874" lon="121.50396356737161">
        <ele>4.164183876477182</ele>
        <time>2024-10-12T23:12:40Z</time>
        <extensions>
          <gpxtpx:TrackPointExtension>
            <gpxtpx:hr>122</gpxtpx:hr>
          </gpxtpx:TrackPointExtension>
        </extensions>
      </trkpt>
      <trkpt lat="38.829199268045706" lon="121.50394305084289">
        <ele>4.383571011945605</ele>
        <time>2024-10-12T23:12:44Z</time>
        <extensions>
          <gpxtpx:TrackPointExtension>
            <gpxtpx:hr>122</gpxtpx:hr>
          </gpxtpx:TrackPointExtension>
        </extensions>
      </trkpt>
      <trkpt lat="38.82912211463932" lon="121.50392770311224">
        <ele>4.2962090047076344</ele>
        <time>2024-10-12T23:12:48Z</time>
        <extensions>
          <gpxtpx:TrackPointExtension>
            <gpxtpx:hr>122</gpxtpx:hr>
          </gpxtpx:TrackPointExtension>
        </extensions>
      </trkpt>
      <trkpt lat="38.829040704774364" lon="121.50389086775101">
        <ele>3.8403448229655623</ele>
        <time>2024-10-12T23:12:52Z</time>
        <extensions>
          <gpxtpx:TrackPointExtension>
            <gpxtpx:hr>121</gpxtpx:hr>
          </gpxtpx:TrackPointExtension>
        </extensions>
      </trkpt>
      <trkpt lat="38.828953108268344" lon="121.50388896543643">
        <ele>4.447055351920426</ele>
        <time>2024-10-12T23:12:56Z</time>
        <extensions>
          <gpxtpx:TrackPointExtension>
            <gpxtpx:hr>120</gpxtpx:hr>
          </gpxtpx:TrackPointExtension>
        </extensions>
      </trkpt>
      <trkpt lat="38.82887517681709" lon="121.50387667024373">
        <ele>4.310422722250223</ele>
        <time>2024-10-12T23:13:00Z</time>
        <extensions>
          <gpxtpx:TrackPointExtension>
            <gpxtpx:hr>120</gpxtpx:hr>
          </gpxtpx:TrackPointExtension>
        </extensions>
      </trkpt>
      <trkpt lat="38.828802804516144" lon="121.50389337667698">
        <ele>3.8938835626468062</ele>
        <time>2024-10-12T23:13:04Z</time>
        <extensions>
          <gpxtpx:TrackPointExtension>
            <gpxtpx:hr>119</gpxtpx:hr>
          </gpxtpx:TrackPointExtension>
        </extensions>
      </trkpt>
      <trkpt lat="38.82872654535968" lon="121.50392907710176">
        <ele>3.2814292339608073</ele>
        <time>2024-10-12T23:13:08Z</time>
        <extensions>
          <gpxtpx:TrackPointExtension>
            <gpxtpx:hr>120</gpxtpx:hr>
          </gpxtpx:TrackPointExtension>
        </extensions>
      </trkpt>
      <trkpt lat="38.82864758974881" lon="121.50392904177585">
        <ele>2.7696604328230023</ele>
        <time>2024-10-12T23:13:12Z</time>
        <extensions>
          <gpxtpx:TrackPointExtension>
            <gpxtpx:hr>120</gpxtpx:hr>
          </gpxtpx:TrackPointExtension>
        </extensions>
      </trkpt>
      <trkpt lat="38.82855938529165" lon="121.5039525863391">
        <ele>2.9723371621221304</ele>
        <time>2024-10-12T23:13:16Z</time>
        <extensions>
          <gpxtpx:TrackPointExtension>
            <gpxtpx:hr>121</gpxtpx:hr>
          </gpxtpx:TrackPointExtension>
        </extensions>
      </trkpt>
      <trkpt lat="38.82848116296655" lon="121.50397515443389">
        <ele>3.0027460400015116</ele>
        <time>2024-10-12T23:13:20Z</time>
        <extensions>
          <gpxtpx:TrackPointExtension>
            <gpxtpx:hr>121</gpxtpx:hr>
          </gpxtpx:TrackPointExtension>
        </extensions>
      </trkpt>
      <trkpt lat="38.82839299726505" lon="121.50397305529964">
        <ele>2.852632498368621</ele>
        <time>2024-10-12T23:13:24Z</time>
        <extensions>
          <gpxtpx:TrackPointExtension>
            <gpxtpx:hr>121</gpxtpx:hr>
          </gpxtpx:TrackPointExtension>
        </extensions>
      </trkpt>
      <trkpt lat="38.82830315863466" lon="121.50394642682349">
        <ele>2.4256543051451445</ele>
        <time>2024-10-12T23:13:28Z</time>
        <extensions>
          <gpxtpx:TrackPointExtension>
            <gpxtpx:hr>120</gpxtpx:hr>
          </gpxtpx:TrackPointExtension>
        </extensions>
      </trkpt>
      <trkpt lat="38.82821586509026" lon="121.50391067213478">
        <ele>2.777290207333863</ele>
        <time>2024-10-12T23:13:32Z</time>
        <extensions>
          <gpxtpx:TrackPointExtension>
            <gpxtpx:hr>119</gpxtpx:hr>
          </gpxtpx:TrackPointExtension>
        </extensions>
      </trkpt>
      <trkpt lat="38.82813260257534" lon="121.50385127991439">
        <ele>3.1242369124665856</ele>
        <time>2024-10-12T23:13:36Z</time>
        <extensions>
          <gpxtpx:TrackPointExtension>
            <gpxtpx:hr>119</gpxtpx:hr>
          </gpxtpx:TrackPointExtension>
        </extensions>
      </trkpt>
      <trkpt lat="38.828070476119606" lon="121.5037683032973">
        <ele>3.687648900784552</ele>
        <time>2024-10-12T23:13:40Z</time>
        <extensions>
          <gpxtpx:TrackPointExtension>
            <gpxtpx:hr>119</gpxtpx:hr>
          </gpxtpx:TrackPointExtension>
        </extensions>
      </trkpt>
      <trkpt lat="38.82801765193605" lon="121.5036760019803">
        <ele>3.5635339710861444</ele>
        <time>2024-10-12T23:13:44Z</time>
        <extensions>
          <gpxtpx:TrackPointExtension>
            <gpxtpx:hr>120</gpxtpx:hr>
          </gpxtpx:TrackPointExtension>
        </extensions>
      </trkpt>
      <trkpt lat="38.82797157946427" lon="121.50358059667637">
        <ele>4.145129942335188</ele>
        <time>2024-10-12T23:13:48Z</time>
        <extensions>
          <gpxtpx:TrackPointExtension>
            <gpxtpx:hr>121</gpxtpx:hr>
          </gpxtpx:TrackPointExtension>
        </extensions>
      </trkpt>
      <trkpt lat="38.82795075013184" lon="121.50348158738196">
        <ele>3.945886731147766</ele>
        <time>2024-10-12T23:13:52Z</time>
        <extensions>
          <gpxtpx:TrackPointExtension>
            <gpxtpx:hr>122</gpxtpx:hr>
          </gpxtpx:TrackPointExtension>
        </extensions>
      </trkpt>
      <trkpt lat="38.82793224694408" lon="121.50336737901212">
        <ele>4.13619939237833</ele>
        <time>2024-10-12T23:13:56Z</time>
        <extensions>
          <gpxtpx:TrackPointExtension>
            <gpxtpx:hr>124</gpxtpx:hr>
          </gpxtpx:TrackPointExtension>
        </extensions>
      </trkpt>
      <trkpt lat="38.82792249622351" lon="121.50326016804486">
        <ele>3.4737041173502803</ele>
        <time>2024-10-12T23:14:00Z</time>
        <extensions>
          <gpxtpx:TrackPointExtension>
            <gpxtpx:hr>124</gpxtpx:hr>
          </gpxtpx:TrackPointExtension>
        </extensions>
      </trkpt>
      <trkpt lat="38.827882257750495" lon="121.50316183269352">
        <ele>4.3523241160437465</ele>
        <time>2024-10-12T23:14:04Z</time>
        <extensions>
          <gpxtpx:TrackPointExtension>
            <gpxtpx:hr>125</gpxtpx:hr>
          </gpxtpx:TrackPointExtension>
        </extensions>
      </trkpt>
      <trkpt lat="38.82786604906537" lon="121.50305814529591">
        <ele>3.760158946737647</ele>
        <time>2024-10-12T23:14:08Z</time>
        <extensions>
          <gpxtpx:TrackPointExtension>
            <gpxtpx:hr>126</gpxtpx:hr>
          </gpxtpx:TrackPointExtension>
        </extensions>
      </trkpt>
      <trkpt lat="38.827816621112156" lon="121.50296812054698">
        <ele>3.6848396779969335</ele>
        <time>2024-10-12T23:14:12Z</time>
        <extensions>
          <gpxtpx:TrackPointExtension>
            <gpxtpx:hr>127</gpxtpx:hr>
          </gpxtpx:TrackPointExtension>
        </extensions>
      </trkpt>
      <trkpt lat="38.82773473282353" lon="121.5029323197521">
        <ele>3.6547175347805023</ele>
        <time>2024-10-12T23:14:16Z</time>
        <extensions>
          <gpxtpx:TrackPointExtension>
            <gpxtpx:hr>128</gpxtpx:hr>
          </gpxtpx:TrackPointExtension>
        </extensions>
      </trkpt>
      <trkpt lat="38.827650454097146" lon="121.50290159219695">
        <ele>4.156326024793088</ele>
        <time>2024-10-12T23:14:20Z</time>
        <extensions>
          <gpxtpx:TrackPointExtension>
            <gpxtpx:hr>128</gpxtpx:hr>
          </gpxtpx:TrackPointExtension>
        </extensions>
      </trkpt>
      <trkpt lat="38.82756878264768" lon="121.5028868931776">
        <ele>3.2583348928019404</ele>
        <time>2024-10-12T23:14:24Z</time>
        <extensions>
          <gpxtpx:TrackPointExtension>
            <gpxtpx:hr>129</gpxtpx:hr>
          </gpxtpx:TrackPointExtension>
        </extensions>
      </trkpt>
      <trkpt lat="38.82747769439127" lon="121.5028640407099">
        <ele>3.7935959566384554</ele>
        <time>2024-10-12T23:14:28Z</time>
        <extensions>
          <gpxtpx:TrackPointExtension>
            <gpxtpx:hr>126</gpxtpx:hr>
          </gpxtpx:TrackPointExtension>
        </extensions>
      </trkpt>
      <trkpt lat="38.8273794800808" lon="121.50286913042461">
        <ele>4.347369656898081</ele>
        <time>2024-10-12T23:14:32Z</time>
        <extensions>
          <gpxtpx:TrackPointExtension>
            <gpxtpx:hr>126</gpxtpx:hr>
          </gpxtpx:TrackPointExtension>
        </extensions>
      </trkpt>
      <trkpt lat="38.82728514310205" lon="121.50286349398749">
        <ele>4.3152366280555725</ele>
        <time>2024-10-12T23:14:36Z</time>
        <extensions>
          <gpxtpx:TrackPointExtension>
            <gpxtpx:hr>126</gpxtpx:hr>
          </gpxtpx:TrackPointExtension>
        </extensions>
      </trkpt>
      <trkpt lat="38.82720304300692" lon="121.50288381071744">
        <ele>4.072314485907555</ele>
        <time>2024-10-12T23:14:40Z</time>
        <extensions>
          <gpxtpx:TrackPointExtension>
            <gpxtpx:hr>126</gpxtpx:hr>
          </gpxtpx:TrackPointExtension>
        </extensions>
      </trkpt>
      <trkpt lat="38.827120736527405" lon="121.50293011686446">
        <ele>3.691846833564341</ele>
        <time>2024-10-12T23:14:44Z</time>
        <extensions>
          <gpxtpx:TrackPointExtension>
            <gpxtpx:hr>127</gpxtpx:hr>
          </gpxtpx:TrackPointExtension>
        </extensions>
      </trkpt>
      <trkpt lat="38.827042920877915" lon="121.50297214620028">
        <ele>3.488496094942093</ele>
        <time>2024-10-12T23:14:48Z</time>
        <extensions>
          <gpxtpx:TrackPointExtension>
            <gpxtpx:hr>127</gpxtpx:hr>
          </gpxtpx:TrackPointExtension>
        </extensions>
      </trkpt>
      <trkpt lat="38.82696590158819" lon="121.5030254058222">
        <ele>3.1215161196887493</ele>
        <time>2024-10-12T23:14:52Z</time>
        <extensions>
          <gpxtpx:TrackPointExtension>
            <gpxtpx:hr>127</gpxtpx:hr>
          </gpxtpx:TrackPointExtension>
        </extensions>
      </trkpt>
      <trkpt lat="38.826912248682625" lon="121.5030979827828">
        <ele>2.824071797542274</ele>
        <time>2024-10-12T23:14:56Z</time>
        <extensions>
          <gpxtpx:TrackPointExtension>
            <gpxtpx:hr>126</gpxtpx:hr>
          </gpxtpx:TrackPointExtension>
        </extensions>
      </trkpt>
      <trkpt lat="38.82684669865794" lon="121.50317879111196">
        <ele>3.2511386908590794</ele>
        <time>2024-10-12T23:15:00Z</time>
        <extensions>
          <gpxtpx:TrackPointExtension>
            <gpxtpx:hr>128</gpxtpx:hr>
          </gpxtpx:TrackPointExtension>
        </extensions>
      </trkpt>
      <trkpt lat="38.82678096297171" lon="121.50324232154897">
        <ele>3.1178838526830077</ele>
        <time>2024-10-12T23:15:04Z</time>
        <extensions>
          <gpxtpx:TrackPointExtension>
            <gpxtpx:hr>128</gpxtpx:hr>
          </gpxtpx:TrackPointExtension>
        </extensions>
      </trkpt>
      <trkpt lat="38.82671191911551" lon="121.50331427696295">
        <ele>3.886790843680501</ele>
        <time>2024-10-12T23:15:08Z</time>
        <extensions>
          <gpxtpx:TrackPointExtension>
            <gpxtpx:hr>127</gpxtpx:hr>
          </gpxtpx:TrackPointExtension>
        </extensions>
      </trkpt>
      <trkpt lat="38.82665255936023" lon="121.50339284920096">
        <ele>3.3251233538612723</ele>
        <time>2024-10-12T23:15:12Z</time>
        <extensions>
          <gpxtpx:TrackPointExtension>
            <gpxtpx:hr>127</gpxtpx:hr>
          </gpxtpx:TrackPointExtension>
        </extensions>
      </trkpt>
      <trkpt lat="38.826594779960075" lon="121.50347345236867">
        <ele>3.5668181125074625</ele>
        <time>2024-10-12T23:15:16Z</time>
        <extensions>
          <gpxtpx:TrackPointExtension>
            <gpxtpx:hr>127</gpxtpx:hr>
          </gpxtpx:TrackPointExtension>
        </extensions>
      </trkpt>
      <trkpt lat="38.82653959903569" lon="121.5035634387403">
        <ele>3.534136607311666</ele>
        <time>2024-10-12T23:15:20Z</time>
        <extensions>
          <gpxtpx:TrackPointExtension>
            <gpxtpx:hr>127</gpxtpx:hr>
          </gpxtpx:TrackPointExtension>
        </extensions>
      </trkpt>
      <trkpt lat="38.826502434136096" lon="121.50365197365124">
        <ele>3.9212343376129866</ele>
        <time>2024-10-12T23:15:24Z</time>
        <extensions>
          <gpxtpx:TrackPointExtension>
            <gpxtpx:hr>127</gpxtpx:hr>
          </gpxtpx:TrackPointExtension>
        </extensions>
      </trkpt>
      <trkpt lat="38.82647508669411" lon="121.50375592841681">
        <ele>4.274545571766794</ele>
        <time>2024-10-12T23:15:28Z</time>
        <extensions>
          <gpxtpx:TrackPointExtension>
            <gpxtpx:hr>129</gpxtpx:hr>
          </gpxtpx:TrackPointExtension>
        </extensions>
      </trkpt>
      <trkpt lat="38.82645905344494" lon="121.50385232975114">
        <ele>3.847930369898677</ele>
        <time>2024-10-12T23:15:32Z</time>
        <extensions>
          <gpxtpx:TrackPointExtension>
            <gpxtpx:hr>129</gpxtpx:hr>
          </gpxtpx:TrackPointExtension>
        </extensions>
      </trkpt>
      <trkpt lat="38.826454078048805" lon="121.50395276411265">
        <ele>4.160598399117589</ele>
        <time>2024-10-12T23:15:36Z</time>
        <extensions>
          <gpxtpx:TrackPointExtension>
            <gpxtpx:hr>129</gpxtpx:hr>
          </gpxtpx:TrackPointExtension>
        </extensions>
      </trkpt>
      <trkpt lat="38.826449803510904" lon="121.50406907871661">
        <ele>4.1479186452925205</ele>
        <time>2024-10-12T23:15:40Z</time>
        <extensions>
          <gpxtpx:TrackPointExtension>
            <gpxtpx:hr>129</gpxtpx:hr>
          </gpxtpx:TrackPointExtension>
        </extensions>
      </trkpt>
      <trkpt lat="38.826476300235875" lon="121.50417265236776">
        <ele>3.7091232258826494</ele>
        <time>2024-10-12T23:15:44Z</time>
        <extensions>
          <gpxtpx:TrackPointExtension>
            <gpxtpx:hr>131</gpxtpx:hr>
          </gpxtpx:TrackPointExtension>
        </extensions>
      </trkpt>
      <trkpt lat="38.82647564938762" lon="121.5042837440328">
        <ele>4.05623403377831</ele>
        <time>2024-10-12T23:15:48Z</time>
        <extensions>
          <gpxtpx:TrackPointExtension>
            <gpxtpx:hr>132</gpxtpx:hr>
          </gpxtpx:TrackPointExtension>
        </extensions>
      </trkpt>
      <trkpt lat="38.82645577084166" lon="121.50439856710375">
        <ele>4.024317072704434</ele>
        <time>2024-10-12T23:15:52Z</time>
        <extensions>
          <gpxtpx:TrackPointExtension>
            <gpxtpx:hr>132</gpxtpx:hr>
          </gpxtpx:TrackPointExtension>
        </extensions>
      </trkpt>
      <trkpt lat="38.82642411364395" lon="121.50450534299792">
        <ele>3.1672843880951405</ele>
        <time>2024-10-12T23:15:56Z</time>
        <extensions>
          <gpxtpx:TrackPointExtension>
            <gpxtpx:hr>132</gpxtpx:hr>
          </gpxtpx:TrackPointExtension>
        </extensions>
      </trkpt>
      <trkpt lat="38.82638261825969" lon="121.5046161194054">
        <ele>3.50532750133425</ele>
        <time>2024-10-12T23:16:00Z</time>
        <extensions>
          <gpxtpx:TrackPointExtension>
            <gpxtpx:hr>132</gpxtpx:hr>
          </gpxtpx:TrackPointExtension>
        </extensions>
      </trkpt>
      <trkpt lat="38.826339207789125" lon="121.50471337339616">
        <ele>3.5564889293164015</ele>
        <time>2024-10-12T23:16:04Z</time>
        <extensions>
          <gpxtpx:TrackPointExtension>
            <gpxtpx:hr>131</gpxtpx:hr>
          </gpxtpx:TrackPointExtension>
        </extensions>
      </trkpt>
      <trkpt lat="38.826270130501456" lon="121.50478199297412">
        <ele>3.2237049406394362</ele>
        <time>2024-10-12T23:16:08Z</time>
        <extensions>
          <gpxtpx:TrackPointExtension>
            <gpxtpx:hr>130</gpxtpx:hr>
          </gpxtpx:TrackPointExtension>
        </extensions>
      </trkpt>
      <trkpt lat="38.826194350119316" lon="121.50479323233677">
        <ele>2.8744294540956616</ele>
        <time>2024-10-12T23:16:11Z</time>
        <extensions>
          <gpxtpx:TrackPointExtension>
            <gpxtpx:hr>129</gpxtpx:hr>
          </gpxtpx:TrackPointExtension>
        </extensions>
      </trkpt>
      <trkpt lat="38.826104458236166" lon="121.50478220398266">
        <ele>3.5048216534778476</ele>
        <time>2024-10-12T23:16:15Z</time>
        <extensions>
          <gpxtpx:TrackPointExtension>
            <gpxtpx:hr>129</gpxtpx:hr>
          </gpxtpx:TrackPointExtension>
        </extensions>
      </trkpt>
      <trkpt lat="38.826039157675" lon="121.5047614319146">
        <ele>3.1763986200094223</ele>
        <time>2024-10-12T23:16:18Z</time>
        <extensions>
          <gpxtpx:TrackPointExtension>
            <gpxtpx:hr>130</gpxtpx:hr>
          </gpxtpx:TrackPointExtension>
        </extensions>
      </trkpt>
      <trkpt lat="38.825970552844026" lon="121.504745661259">
        <ele>3.2182381032034755</ele>
        <time>2024-10-12T23:16:21Z</time>
        <extensions>
          <gpxtpx:TrackPointExtension>
            <gpxtpx:hr>130</gpxtpx:hr>
          </gpxtpx:TrackPointExtension>
        </extensions>
      </trkpt>
      <trkpt lat="38.82590668630987" lon="121.50473787631667">
        <ele>3.508524937555194</ele>
        <time>2024-10-12T23:16:24Z</time>
        <extensions>
          <gpxtpx:TrackPointExtension>
            <gpxtpx:hr>130</gpxtpx:hr>
          </gpxtpx:TrackPointExtension>
        </extensions>
      </trkpt>
      <trkpt lat="38.82583879358397" lon="121.5047355845532">
        <ele>3.982321608811617</ele>
        <time>2024-10-12T23:16:27Z</time>
        <extensions>
          <gpxtpx:TrackPointExtension>
            <gpxtpx:hr>130</gpxtpx:hr>
          </gpxtpx:TrackPointExtension>
        </extensions>
      </trkpt>
      <trkpt lat="38.82577133803663" lon="121.50473406407316">
        <ele>3.6237636944279075</ele>
        <time>2024-10-12T23:16:30Z</time>
        <extensions>
          <gpxtpx:TrackPointExtension>
            <gpxtpx:hr>130</gpxtpx:hr>
          </gpxtpx:TrackPointExtension>
        </extensions>
      </trkpt>
      <trkpt lat="38.825701981291665" lon="121.50474088038325">
        <ele>4.088814040645957</ele>
        <time>2024-10-12T23:16:33Z</time>
        <extensions>
          <gpxtpx:TrackPointExtension>
            <gpxtpx:hr>131</gpxtpx:hr>
          </gpxtpx:TrackPointExtension>
        </extensions>
      </trkpt>
      <trkpt lat="38.825640308470575" lon="121.50475060148656">
        <ele>3.9210956627503037</ele>
        <time>2024-10-12T23:16:36Z</time>
        <extensions>
          <gpxtpx:TrackPointExtension>
            <gpxtpx:hr>133</gpxtpx:hr>
          </gpxtpx:TrackPointExtension>
        </extensions>
      </trkpt>
      <trkpt lat="38.8255766490365" lon="121.50474129287123">
        <ele>3.9816607609391212</ele>
        <time>2024-10-12T23:16:39Z</time>
        <extensions>
          <gpxtpx:TrackPointExtension>
            <gpxtpx:hr>133</gpxtpx:hr>
          </gpxtpx:TrackPointExtension>
        </extensions>
      </trkpt>
      <trkpt lat="38.82551256188791" lon="121.50475555541992">
        <ele>3.921278237365186</ele>
        <time>2024-10-12T23:16:42Z</time>
        <extensions>
          <gpxtpx:TrackPointExtension>
            <gpxtpx:hr>133</gpxtpx:hr>
          </gpxtpx:TrackPointExtension>
        </extensions>
      </trkpt>
      <trkpt lat="38.82544034659301" lon="121.50476577749112">
        <ele>4.529582166112959</ele>
        <time>2024-10-12T23:16:45Z</time>
        <extensions>
          <gpxtpx:TrackPointExtension>
            <gpxtpx:hr>133</gpxtpx:hr>
          </gpxtpx:TrackPointExtension>
        </extensions>
      </trkpt>
      <trkpt lat="38.82538362727121" lon="121.50476158543384">
        <ele>4.0071829641237855</ele>
        <time>2024-10-12T23:16:48Z</time>
        <extensions>
          <gpxtpx:TrackPointExtension>
            <gpxtpx:hr>133</gpxtpx:hr>
          </gpxtpx:TrackPointExtension>
        </extensions>
      </trkpt>
      <trkpt lat="38.82531843819744" lon="121.50476893379589">
        <ele>4.150351481512189</ele>
        <time>2024-10-12T23:16:51Z</time>
        <extensions>
          <gpxtpx:TrackPointExtension>
            <gpxtpx:hr>133</gpxtpx:hr>
          </gpxtpx:TrackPointExtension>
        </extensions>
      </trkpt>
      <trkpt lat="38.825241779126486" lon="121.5047748462574">
        <ele>5.273060996085405</ele>
        <time>2024-10-12T23:16:55Z</time>
        <extensions>
          <gpxtpx:TrackPointExtension>
            <gpxtpx:hr>133</gpxtpx:hr>
          </gpxtpx:TrackPointExtension>
        </extensions>
      </trkpt>
      <trkpt lat="38.825166477259124" lon="121.50478965243583">
        <ele>4.378744027577341</ele>
        <time>2024-10-12T23:16:59Z</time>
        <extensions>
          <gpxtpx:TrackPointExtension>
            <gpxtpx:hr>134</gpxtpx:hr>
          </gpxtpx:TrackPointExtension>
        </extensions>
      </trkpt>
      <trkpt lat="38.82508356468241" lon="121.50481959953008">
        <ele>4.363685640506446</ele>
        <time>2024-10-12T23:17:03Z</time>
        <extensions>
          <gpxtpx:TrackPointExtension>
            <gpxtpx:hr>134</gpxtpx:hr>
          </gpxtpx:TrackPointExtension>
        </extensions>
      </trkpt>
      <trkpt lat="38.82501959544148" lon="121.50485594495854">
        <ele>4.62522579729557</ele>
        <time>2024-10-12T23:17:06Z</time>
        <extensions>
          <gpxtpx:TrackPointExtension>
            <gpxtpx:hr>132</gpxtpx:hr>
          </gpxtpx:TrackPointExtension>
        </extensions>
      </trkpt>
      <trkpt lat="38.82511361254128" lon="121.50490758180891">
        <ele>4.4161841897293925</ele>
        <time>2024-10-12T23:17:10Z</time>
        <extensions>
          <gpxtpx:TrackPointExtension>
            <gpxtpx:hr>132</gpxtpx:hr>
          </gpxtpx:TrackPointExtension>
        </extensions>
      </trkpt>
      <trkpt lat="38.8252116850794" lon="121.50487735939957">
        <ele>5.199958481825888</ele>
        <time>2024-10-12T23:17:14Z</time>
        <extensions>
          <gpxtpx:TrackPointExtension>
            <gpxtpx:hr>132</gpxtpx:hr>
          </gpxtpx:TrackPointExtension>
        </extensions>
      </trkpt>
      <trkpt lat="38.82530789162065" lon="121.50483946637202">
        <ele>4.8682835614308715</ele>
        <time>2024-10-12T23:17:18Z</time>
        <extensions>
          <gpxtpx:TrackPointExtension>
            <gpxtpx:hr>132</gpxtpx:hr>
          </gpxtpx:TrackPointExtension>
        </extensions>
      </trkpt>
      <trkpt lat="38.82540462754585" lon="121.50482350711087">
        <ele>5.040514116175473</ele>
        <time>2024-10-12T23:17:22Z</time>
        <extensions>
          <gpxtpx:TrackPointExtension>
            <gpxtpx:hr>136</gpxtpx:hr>
          </gpxtpx:TrackPointExtension>
        </extensions>
      </trkpt>
      <trkpt lat="38.8255031764028" lon="121.50485862816113">
        <ele>4.464872406795621</ele>
        <time>2024-10-12T23:17:26Z</time>
        <extensions>
          <gpxtpx:TrackPointExtension>
            <gpxtpx:hr>136</gpxtpx:hr>
          </gpxtpx:TrackPointExtension>
        </extensions>
      </trkpt>
      <trkpt lat="38.82559363713847" lon="121.50490320060834">
        <ele>3.685086543671787</ele>
        <time>2024-10-12T23:17:30Z</time>
        <extensions>
          <gpxtpx:TrackPointExtension>
            <gpxtpx:hr>136</gpxtpx:hr>
          </gpxtpx:TrackPointExtension>
        </extensions>
      </trkpt>
      <trkpt lat="38.825680770798535" lon="121.50493350145712">
        <ele>3.9593320563435555</ele>
        <time>2024-10-12T23:17:34Z</time>
        <extensions>
          <gpxtpx:TrackPointExtension>
            <gpxtpx:hr>135</gpxtpx:hr>
          </gpxtpx:TrackPointExtension>
        </extensions>
      </trkpt>
      <trkpt lat="38.82578304606069" lon="121.50494659391705">
        <ele>3.5219271099194884</ele>
        <time>2024-10-12T23:17:38Z</time>
        <extensions>
          <gpxtpx:TrackPointExtension>
            <gpxtpx:hr>136</gpxtpx:hr>
          </gpxtpx:TrackPointExtension>
        </extensions>
      </trkpt>
      <trkpt lat="38.825873590367124" lon="121.50494628939276">
        <ele>4.160180922597647</ele>
        <time>2024-10-12T23:17:42Z</time>
        <extensions>
          <gpxtpx:TrackPointExtension>
            <gpxtpx:hr>137</gpxtpx:hr>
          </gpxtpx:TrackPointExtension>
        </extensions>
      </trkpt>
      <trkpt lat="38.82596242650236" lon="121.50493287252462">
        <ele>4.241421736776829</ele>
        <time>2024-10-12T23:17:46Z</time>
        <extensions>
          <gpxtpx:TrackPointExtension>
            <gpxtpx:hr>139</gpxtpx:hr>
          </gpxtpx:TrackPointExtension>
        </extensions>
      </trkpt>
      <trkpt lat="38.8260462776911" lon="121.50492506665191">
        <ele>3.7395661557093263</ele>
        <time>2024-10-12T23:17:50Z</time>
        <extensions>
          <gpxtpx:TrackPointExtension>
            <gpxtpx:hr>139</gpxtpx:hr>
          </gpxtpx:TrackPointExtension>
        </extensions>
      </trkpt>
      <trkpt lat="38.8261352261471" lon="121.50489217936308">
        <ele>2.9351845011115074</ele>
        <time>2024-10-12T23:17:54Z</time>
        <extensions>
          <gpxtpx:TrackPointExtension>
            <gpxtpx:hr>139</gpxtpx:hr>
          </gpxtpx:TrackPointExtension>
        </extensions>
      </trkpt>
      <trkpt lat="38.826220408252084" lon="121.50484922426396">
        <ele>2.6990928454324603</ele>
        <time>2024-10-12T23:17:58Z</time>
        <extensions>
          <gpxtpx:TrackPointExtension>
            <gpxtpx:hr>139</gpxtpx:hr>
          </gpxtpx:TrackPointExtension>
        </extensions>
      </trkpt>
      <trkpt lat="38.82629551050556" lon="121.50479850301925">
        <ele>3.4445576667785645</ele>
        <time>2024-10-12T23:18:02Z</time>
        <extensions>
          <gpxtpx:TrackPointExtension>
            <gpxtpx:hr>140</gpxtpx:hr>
          </gpxtpx:TrackPointExtension>
        </extensions>
      </trkpt>
      <trkpt lat="38.826347852185194" lon="121.50474177144007">
        <ele>2.3768309680745006</ele>
        <time>2024-10-12T23:18:05Z</time>
        <extensions>
          <gpxtpx:TrackPointExtension>
            <gpxtpx:hr>140</gpxtpx:hr>
          </gpxtpx:TrackPointExtension>
        </extensions>
      </trkpt>
      <trkpt lat="38.82639374536997" lon="121.50465454419648">
        <ele>2.7294930750504136</ele>
        <time>2024-10-12T23:18:09Z</time>
        <extensions>
          <gpxtpx:TrackPointExtension>
            <gpxtpx:hr>139</gpxtpx:hr>
          </gpxtpx:TrackPointExtension>
        </extensions>
      </trkpt>
      <trkpt lat="38.826435912238395" lon="121.50455312396991">
        <ele>2.6959019480273128</ele>
        <time>2024-10-12T23:18:13Z</time>
        <extensions>
          <gpxtpx:TrackPointExtension>
            <gpxtpx:hr>138</gpxtpx:hr>
          </gpxtpx:TrackPointExtension>
        </extensions>
      </trkpt>
      <trkpt lat="38.82646786864865" lon="121.50445004233688">
        <ele>2.5780808059498668</ele>
        <time>2024-10-12T23:18:17Z</time>
        <extensions>
          <gpxtpx:TrackPointExtension>
            <gpxtpx:hr>140</gpxtpx:hr>
          </gpxtpx:TrackPointExtension>
        </extensions>
      </trkpt>
      <trkpt lat="38.82648856419446" lon="121.50437851592615">
        <ele>3.651009576395154</ele>
        <time>2024-10-12T23:18:20Z</time>
        <extensions>
          <gpxtpx:TrackPointExtension>
            <gpxtpx:hr>140</gpxtpx:hr>
          </gpxtpx:TrackPointExtension>
        </extensions>
      </trkpt>
      <trkpt lat="38.8264977109269" lon="121.50429106238191">
        <ele>3.7717948835343122</ele>
        <time>2024-10-12T23:18:23Z</time>
        <extensions>
          <gpxtpx:TrackPointExtension>
            <gpxtpx:hr>140</gpxtpx:hr>
          </gpxtpx:TrackPointExtension>
        </extensions>
      </trkpt>
      <trkpt lat="38.826503910909985" lon="121.50421227855696">
        <ele>4.054109371267259</ele>
        <time>2024-10-12T23:18:26Z</time>
        <extensions>
          <gpxtpx:TrackPointExtension>
            <gpxtpx:hr>140</gpxtpx:hr>
          </gpxtpx:TrackPointExtension>
        </extensions>
      </trkpt>
      <trkpt lat="38.82650859493885" lon="121.50412561079308">
        <ele>4.443551767617464</ele>
        <time>2024-10-12T23:18:29Z</time>
        <extensions>
          <gpxtpx:TrackPointExtension>
            <gpxtpx:hr>140</gpxtpx:hr>
          </gpxtpx:TrackPointExtension>
        </extensions>
      </trkpt>
      <trkpt lat="38.82650443531911" lon="121.50404121587518">
        <ele>4.171756863594055</ele>
        <time>2024-10-12T23:18:32Z</time>
        <extensions>
          <gpxtpx:TrackPointExtension>
            <gpxtpx:hr>139</gpxtpx:hr>
          </gpxtpx:TrackPointExtension>
        </extensions>
      </trkpt>
      <trkpt lat="38.82651955320468" lon="121.50395330397924">
        <ele>3.7863834695890546</ele>
        <time>2024-10-12T23:18:35Z</time>
        <extensions>
          <gpxtpx:TrackPointExtension>
            <gpxtpx:hr>139</gpxtpx:hr>
          </gpxtpx:TrackPointExtension>
        </extensions>
      </trkpt>
      <trkpt lat="38.82652721409015" lon="121.5038726369368">
        <ele>4.023249050602317</ele>
        <time>2024-10-12T23:18:38Z</time>
        <extensions>
          <gpxtpx:TrackPointExtension>
            <gpxtpx:hr>139</gpxtpx:hr>
          </gpxtpx:TrackPointExtension>
        </extensions>
      </trkpt>
      <trkpt lat="38.82653500048163" lon="121.50378531848143">
        <ele>4.427934826351702</ele>
        <time>2024-10-12T23:18:41Z</time>
        <extensions>
          <gpxtpx:TrackPointExtension>
            <gpxtpx:hr>140</gpxtpx:hr>
          </gpxtpx:TrackPointExtension>
        </extensions>
      </trkpt>
      <trkpt lat="38.82655408134788" lon="121.50370143059365">
        <ele>5.235629360191524</ele>
        <time>2024-10-12T23:18:44Z</time>
        <extensions>
          <gpxtpx:TrackPointExtension>
            <gpxtpx:hr>140</gpxtpx:hr>
          </gpxtpx:TrackPointExtension>
        </extensions>
      </trkpt>
      <trkpt lat="38.82658861355573" lon="121.50359390105187">
        <ele>4.816901002079248</ele>
        <time>2024-10-12T23:18:48Z</time>
        <extensions>
          <gpxtpx:TrackPointExtension>
            <gpxtpx:hr>139</gpxtpx:hr>
          </gpxtpx:TrackPointExtension>
        </extensions>
      </trkpt>
      <trkpt lat="38.82663925073268" lon="121.50349024111526">
        <ele>4.14473416749388</ele>
        <time>2024-10-12T23:18:52Z</time>
        <extensions>
          <gpxtpx:TrackPointExtension>
            <gpxtpx:hr>137</gpxtpx:hr>
          </gpxtpx:TrackPointExtension>
        </extensions>
      </trkpt>
      <trkpt lat="38.8267039933371" lon="121.50339851011061">
        <ele>4.094361771829426</ele>
        <time>2024-10-12T23:18:56Z</time>
        <extensions>
          <gpxtpx:TrackPointExtension>
            <gpxtpx:hr>138</gpxtpx:hr>
          </gpxtpx:TrackPointExtension>
        </extensions>
      </trkpt>
      <trkpt lat="38.826764759096015" lon="121.50332381051388">
        <ele>3.9299122113734484</ele>
        <time>2024-10-12T23:19:00Z</time>
        <extensions>
          <gpxtpx:TrackPointExtension>
            <gpxtpx:hr>139</gpxtpx:hr>
          </gpxtpx:TrackPointExtension>
        </extensions>
      </trkpt>
      <trkpt lat="38.8268355673745" lon="121.50324218108064">
        <ele>4.1100533017888665</ele>
        <time>2024-10-12T23:19:04Z</time>
        <extensions>
          <gpxtpx:TrackPointExtension>
            <gpxtpx:hr>139</gpxtpx:hr>
          </gpxtpx:TrackPointExtension>
        </extensions>
      </trkpt>
      <trkpt lat="38.8269063072198" lon="121.5031722110042">
        <ele>4.005112627521157</ele>
        <time>2024-10-12T23:19:08Z</time>
        <extensions>
          <gpxtpx:TrackPointExtension>
            <gpxtpx:hr>140</gpxtpx:hr>
          </gpxtpx:TrackPointExtension>
        </extensions>
      </trkpt>
      <trkpt lat="38.82697848369003" lon="121.50309086652706">
        <ele>4.0908627938479185</ele>
        <time>2024-10-12T23:19:12Z</time>
        <extensions>
          <gpxtpx:TrackPointExtension>
            <gpxtpx:hr>141</gpxtpx:hr>
          </gpxtpx:TrackPointExtension>
        </extensions>
      </trkpt>
      <trkpt lat="38.82705914648273" lon="121.50305138862292">
        <ele>4.131040457636118</ele>
        <time>2024-10-12T23:19:16Z</time>
        <extensions>
          <gpxtpx:TrackPointExtension>
            <gpxtpx:hr>141</gpxtpx:hr>
          </gpxtpx:TrackPointExtension>
        </extensions>
      </trkpt>
      <trkpt lat="38.827151641013145" lon="121.50301347193148">
        <ele>3.72517928853631</ele>
        <time>2024-10-12T23:19:20Z</time>
        <extensions>
          <gpxtpx:TrackPointExtension>
            <gpxtpx:hr>141</gpxtpx:hr>
          </gpxtpx:TrackPointExtension>
        </extensions>
      </trkpt>
      <trkpt lat="38.82724161494355" lon="121.50297220031766">
        <ele>3.64529980532825</ele>
        <time>2024-10-12T23:19:24Z</time>
        <extensions>
          <gpxtpx:TrackPointExtension>
            <gpxtpx:hr>140</gpxtpx:hr>
          </gpxtpx:TrackPointExtension>
        </extensions>
      </trkpt>
      <trkpt lat="38.82733261820329" lon="121.50296385856981">
        <ele>3.579156067222357</ele>
        <time>2024-10-12T23:19:28Z</time>
        <extensions>
          <gpxtpx:TrackPointExtension>
            <gpxtpx:hr>141</gpxtpx:hr>
          </gpxtpx:TrackPointExtension>
        </extensions>
      </trkpt>
      <trkpt lat="38.82742131251752" lon="121.50298060270728">
        <ele>3.763647141866386</ele>
        <time>2024-10-12T23:19:32Z</time>
        <extensions>
          <gpxtpx:TrackPointExtension>
            <gpxtpx:hr>140</gpxtpx:hr>
          </gpxtpx:TrackPointExtension>
        </extensions>
      </trkpt>
      <trkpt lat="38.827519150777626" lon="121.50299506155557">
        <ele>3.9269978664815426</ele>
        <time>2024-10-12T23:19:36Z</time>
        <extensions>
          <gpxtpx:TrackPointExtension>
            <gpxtpx:hr>142</gpxtpx:hr>
          </gpxtpx:TrackPointExtension>
        </extensions>
      </trkpt>
      <trkpt lat="38.82761040116852" lon="121.50304124405316">
        <ele>4.024642143398523</ele>
        <time>2024-10-12T23:19:40Z</time>
        <extensions>
          <gpxtpx:TrackPointExtension>
            <gpxtpx:hr>142</gpxtpx:hr>
          </gpxtpx:TrackPointExtension>
        </extensions>
      </trkpt>
      <trkpt lat="38.82769349917183" lon="121.50314065212311">
        <ele>2.5644318629056215</ele>
        <time>2024-10-12T23:19:44Z</time>
        <extensions>
          <gpxtpx:TrackPointExtension>
            <gpxtpx:hr>142</gpxtpx:hr>
          </gpxtpx:TrackPointExtension>
        </extensions>
      </trkpt>
      <trkpt lat="38.82776008728169" lon="121.50319772500039">
        <ele>2.9625006038695574</ele>
        <time>2024-10-12T23:19:48Z</time>
        <extensions>
          <gpxtpx:TrackPointExtension>
            <gpxtpx:hr>142</gpxtpx:hr>
          </gpxtpx:TrackPointExtension>
        </extensions>
      </trkpt>
      <trkpt lat="38.82783703037189" lon="121.5032622402186">
        <ele>3.047767413780093</ele>
        <time>2024-10-12T23:19:52Z</time>
        <extensions>
          <gpxtpx:TrackPointExtension>
            <gpxtpx:hr>141</gpxtpx:hr>
          </gpxtpx:TrackPointExtension>
        </extensions>
      </trkpt>
      <trkpt lat="38.827893212512684" lon="121.50336464530436">
        <ele>3.263010556809604</ele>
        <time>2024-10-12T23:19:56Z</time>
        <extensions>
          <gpxtpx:TrackPointExtension>
            <gpxtpx:hr>142</gpxtpx:hr>
          </gpxtpx:TrackPointExtension>
        </extensions>
      </trkpt>
      <trkpt lat="38.82792494048631" lon="121.50349369087803">
        <ele>2.917197210714221</ele>
        <time>2024-10-12T23:20:00Z</time>
        <extensions>
          <gpxtpx:TrackPointExtension>
            <gpxtpx:hr>142</gpxtpx:hr>
          </gpxtpx:TrackPointExtension>
        </extensions>
      </trkpt>
      <trkpt lat="38.8279564407186" lon="121.5035937258059">
        <ele>2.5471056466922164</ele>
        <time>2024-10-12T23:20:04Z</time>
        <extensions>
          <gpxtpx:TrackPointExtension>
            <gpxtpx:hr>142</gpxtpx:hr>
          </gpxtpx:TrackPointExtension>
        </extensions>
      </trkpt>
      <trkpt lat="38.827994617217534" lon="121.503700927836">
        <ele>2.592945554293692</ele>
        <time>2024-10-12T23:20:08Z</time>
        <extensions>
          <gpxtpx:TrackPointExtension>
            <gpxtpx:hr>142</gpxtpx:hr>
          </gpxtpx:TrackPointExtension>
        </extensions>
      </trkpt>
      <trkpt lat="38.82805310829938" lon="121.50379070220008">
        <ele>2.969861882738769</ele>
        <time>2024-10-12T23:20:12Z</time>
        <extensions>
          <gpxtpx:TrackPointExtension>
            <gpxtpx:hr>143</gpxtpx:hr>
          </gpxtpx:TrackPointExtension>
        </extensions>
      </trkpt>
      <trkpt lat="38.82810201679601" lon="121.50388063251175">
        <ele>3.080127213150263</ele>
        <time>2024-10-12T23:20:16Z</time>
        <extensions>
          <gpxtpx:TrackPointExtension>
            <gpxtpx:hr>144</gpxtpx:hr>
          </gpxtpx:TrackPointExtension>
        </extensions>
      </trkpt>
      <trkpt lat="38.828154570231646" lon="121.50394685720883">
        <ele>2.9647653847932816</ele>
        <time>2024-10-12T23:20:19Z</time>
        <extensions>
          <gpxtpx:TrackPointExtension>
            <gpxtpx:hr>144</gpxtpx:hr>
          </gpxtpx:TrackPointExtension>
        </extensions>
      </trkpt>
      <trkpt lat="38.82820049267652" lon="121.50397989269875">
        <ele>3.17379055544734</ele>
        <time>2024-10-12T23:20:22Z</time>
        <extensions>
          <gpxtpx:TrackPointExtension>
            <gpxtpx:hr>144</gpxtpx:hr>
          </gpxtpx:TrackPointExtension>
        </extensions>
      </trkpt>
      <trkpt lat="38.828263324060565" lon="121.50401932974707">
        <ele>3.489805020391941</ele>
        <time>2024-10-12T23:20:25Z</time>
        <extensions>
          <gpxtpx:TrackPointExtension>
            <gpxtpx:hr>144</gpxtpx:hr>
          </gpxtpx:TrackPointExtension>
        </extensions>
      </trkpt>
      <trkpt lat="38.82832325800182" lon="121.50403896265246">
        <ele>3.4009583089500666</ele>
        <time>2024-10-12T23:20:28Z</time>
        <extensions>
          <gpxtpx:TrackPointExtension>
            <gpxtpx:hr>145</gpxtpx:hr>
          </gpxtpx:TrackPointExtension>
        </extensions>
      </trkpt>
      <trkpt lat="38.8283833758524" lon="121.50404932068712">
        <ele>2.8574559381231666</ele>
        <time>2024-10-12T23:20:31Z</time>
        <extensions>
          <gpxtpx:TrackPointExtension>
            <gpxtpx:hr>145</gpxtpx:hr>
          </gpxtpx:TrackPointExtension>
        </extensions>
      </trkpt>
      <trkpt lat="38.828448546642214" lon="121.50406235526586">
        <ele>2.333864778280258</ele>
        <time>2024-10-12T23:20:34Z</time>
        <extensions>
          <gpxtpx:TrackPointExtension>
            <gpxtpx:hr>145</gpxtpx:hr>
          </gpxtpx:TrackPointExtension>
        </extensions>
      </trkpt>
      <trkpt lat="38.82851794892927" lon="121.5040542328805">
        <ele>2.751963397487998</ele>
        <time>2024-10-12T23:20:37Z</time>
        <extensions>
          <gpxtpx:TrackPointExtension>
            <gpxtpx:hr>145</gpxtpx:hr>
          </gpxtpx:TrackPointExtension>
        </extensions>
      </trkpt>
      <trkpt lat="38.828588144937804" lon="121.50405737741039">
        <ele>3.063677274622023</ele>
        <time>2024-10-12T23:20:40Z</time>
        <extensions>
          <gpxtpx:TrackPointExtension>
            <gpxtpx:hr>145</gpxtpx:hr>
          </gpxtpx:TrackPointExtension>
        </extensions>
      </trkpt>
      <trkpt lat="38.82868710015351" lon="121.50403207108651">
        <ele>3.2409722516313195</ele>
        <time>2024-10-12T23:20:44Z</time>
        <extensions>
          <gpxtpx:TrackPointExtension>
            <gpxtpx:hr>144</gpxtpx:hr>
          </gpxtpx:TrackPointExtension>
        </extensions>
      </trkpt>
      <trkpt lat="38.82875134509203" lon="121.50400920686573">
        <ele>3.159147348254919</ele>
        <time>2024-10-12T23:20:47Z</time>
        <extensions>
          <gpxtpx:TrackPointExtension>
            <gpxtpx:hr>144</gpxtpx:hr>
          </gpxtpx:TrackPointExtension>
        </extensions>
      </trkpt>
      <trkpt lat="38.82881775656588" lon="121.50400598957681">
        <ele>2.8426344711333513</ele>
        <time>2024-10-12T23:20:50Z</time>
        <extensions>
          <gpxtpx:TrackPointExtension>
            <gpxtpx:hr>144</gpxtpx:hr>
          </gpxtpx:TrackPointExtension>
        </extensions>
      </trkpt>
      <trkpt lat="38.82889097800544" lon="121.50403376801643">
        <ele>3.1646829191595316</ele>
        <time>2024-10-12T23:20:53Z</time>
        <extensions>
          <gpxtpx:TrackPointExtension>
            <gpxtpx:hr>145</gpxtpx:hr>
          </gpxtpx:TrackPointExtension>
        </extensions>
      </trkpt>
      <trkpt lat="38.828962407989046" lon="121.50404111996694">
        <ele>3.379075698554516</ele>
        <time>2024-10-12T23:20:56Z</time>
        <extensions>
          <gpxtpx:TrackPointExtension>
            <gpxtpx:hr>146</gpxtpx:hr>
          </gpxtpx:TrackPointExtension>
        </extensions>
      </trkpt>
      <trkpt lat="38.829027661522794" lon="121.50400152469834">
        <ele>3.304869359359145</ele>
        <time>2024-10-12T23:20:59Z</time>
        <extensions>
          <gpxtpx:TrackPointExtension>
            <gpxtpx:hr>146</gpxtpx:hr>
          </gpxtpx:TrackPointExtension>
        </extensions>
      </trkpt>
      <trkpt lat="38.82909727672797" lon="121.50400187945506">
        <ele>4.037587592378259</ele>
        <time>2024-10-12T23:21:02Z</time>
        <extensions>
          <gpxtpx:TrackPointExtension>
            <gpxtpx:hr>144</gpxtpx:hr>
          </gpxtpx:TrackPointExtension>
        </extensions>
      </trkpt>
      <trkpt lat="38.82917069134418" lon="121.50402360698939">
        <ele>4.234714224934578</ele>
        <time>2024-10-12T23:21:05Z</time>
        <extensions>
          <gpxtpx:TrackPointExtension>
            <gpxtpx:hr>144</gpxtpx:hr>
          </gpxtpx:TrackPointExtension>
        </extensions>
      </trkpt>
      <trkpt lat="38.82924375082758" lon="121.50403696817519">
        <ele>4.540338939987123</ele>
        <time>2024-10-12T23:21:08Z</time>
        <extensions>
          <gpxtpx:TrackPointExtension>
            <gpxtpx:hr>145</gpxtpx:hr>
          </gpxtpx:TrackPointExtension>
        </extensions>
      </trkpt>
      <trkpt lat="38.82933381231855" lon="121.5040749453384">
        <ele>4.923919645138085</ele>
        <time>2024-10-12T23:21:12Z</time>
        <extensions>
          <gpxtpx:TrackPointExtension>
            <gpxtpx:hr>144</gpxtpx:hr>
          </gpxtpx:TrackPointExtension>
        </extensions>
      </trkpt>
      <trkpt lat="38.82942432065606" lon="121.50411450677424">
        <ele>4.204874362796545</ele>
        <time>2024-10-12T23:21:16Z</time>
        <extensions>
          <gpxtpx:TrackPointExtension>
            <gpxtpx:hr>145</gpxtpx:hr>
          </gpxtpx:TrackPointExtension>
        </extensions>
      </trkpt>
      <trkpt lat="38.8295112212109" lon="121.5041643530089">
        <ele>5.0632173186168075</ele>
        <time>2024-10-12T23:21:20Z</time>
        <extensions>
          <gpxtpx:TrackPointExtension>
            <gpxtpx:hr>145</gpxtpx:hr>
          </gpxtpx:TrackPointExtension>
        </extensions>
      </trkpt>
      <trkpt lat="38.82959067570628" lon="121.5042247078384">
        <ele>4.3543964717537165</ele>
        <time>2024-10-12T23:21:24Z</time>
        <extensions>
          <gpxtpx:TrackPointExtension>
            <gpxtpx:hr>145</gpxtpx:hr>
          </gpxtpx:TrackPointExtension>
        </extensions>
      </trkpt>
      <trkpt lat="38.82967844394687" lon="121.50427867888484">
        <ele>2.653236858546734</ele>
        <time>2024-10-12T23:21:28Z</time>
        <extensions>
          <gpxtpx:TrackPointExtension>
            <gpxtpx:hr>146</gpxtpx:hr>
          </gpxtpx:TrackPointExtension>
        </extensions>
      </trkpt>
      <trkpt lat="38.829746298840405" lon="121.50435790817494">
        <ele>2.971340738236904</ele>
        <time>2024-10-12T23:21:32Z</time>
        <extensions>
          <gpxtpx:TrackPointExtension>
            <gpxtpx:hr>145</gpxtpx:hr>
          </gpxtpx:TrackPointExtension>
        </extensions>
      </trkpt>
      <trkpt lat="38.829813627875545" lon="121.50443254049904">
        <ele>3.4155322210863233</ele>
        <time>2024-10-12T23:21:36Z</time>
        <extensions>
          <gpxtpx:TrackPointExtension>
            <gpxtpx:hr>144</gpxtpx:hr>
          </gpxtpx:TrackPointExtension>
        </extensions>
      </trkpt>
      <trkpt lat="38.82988245108837" lon="121.50453086760949">
        <ele>3.415871871635318</ele>
        <time>2024-10-12T23:21:40Z</time>
        <extensions>
          <gpxtpx:TrackPointExtension>
            <gpxtpx:hr>144</gpxtpx:hr>
          </gpxtpx:TrackPointExtension>
        </extensions>
      </trkpt>
      <trkpt lat="38.82994507758369" lon="121.50460718965789">
        <ele>2.5154889971017838</ele>
        <time>2024-10-12T23:21:44Z</time>
        <extensions>
          <gpxtpx:TrackPointExtension>
            <gpxtpx:hr>144</gpxtpx:hr>
          </gpxtpx:TrackPointExtension>
        </extensions>
      </trkpt>
      <trkpt lat="38.83000863654543" lon="121.5046786995861">
        <ele>2.279104171320796</ele>
        <time>2024-10-12T23:21:48Z</time>
        <extensions>
          <gpxtpx:TrackPointExtension>
            <gpxtpx:hr>143</gpxtpx:hr>
          </gpxtpx:TrackPointExtension>
        </extensions>
      </trkpt>
      <trkpt lat="38.83010307718479" lon="121.504707327208">
        <ele>2.9017938543111086</ele>
        <time>2024-10-12T23:21:52Z</time>
        <extensions>
          <gpxtpx:TrackPointExtension>
            <gpxtpx:hr>143</gpxtpx:hr>
          </gpxtpx:TrackPointExtension>
        </extensions>
      </trkpt>
      <trkpt lat="38.83019470046357" lon="121.50475700556466">
        <ele>2.6051171496510506</ele>
        <time>2024-10-12T23:21:56Z</time>
        <extensions>
          <gpxtpx:TrackPointExtension>
            <gpxtpx:hr>143</gpxtpx:hr>
          </gpxtpx:TrackPointExtension>
        </extensions>
      </trkpt>
      <trkpt lat="38.83026563834667" lon="121.50479411725857">
        <ele>2.876189200207591</ele>
        <time>2024-10-12T23:21:59Z</time>
        <extensions>
          <gpxtpx:TrackPointExtension>
            <gpxtpx:hr>143</gpxtpx:hr>
          </gpxtpx:TrackPointExtension>
        </extensions>
      </trkpt>
      <trkpt lat="38.830356067592135" lon="121.5048346201297">
        <ele>3.2150874817743897</ele>
        <time>2024-10-12T23:22:03Z</time>
        <extensions>
          <gpxtpx:TrackPointExtension>
            <gpxtpx:hr>144</gpxtpx:hr>
          </gpxtpx:TrackPointExtension>
        </extensions>
      </trkpt>
      <trkpt lat="38.830440832116885" lon="121.50488513395717">
        <ele>3.2139341412112117</ele>
        <time>2024-10-12T23:22:07Z</time>
        <extensions>
          <gpxtpx:TrackPointExtension>
            <gpxtpx:hr>146</gpxtpx:hr>
          </gpxtpx:TrackPointExtension>
        </extensions>
      </trkpt>
      <trkpt lat="38.83053610844271" lon="121.50492770609742">
        <ele>4.131523214280605</ele>
        <time>2024-10-12T23:22:11Z</time>
        <extensions>
          <gpxtpx:TrackPointExtension>
            <gpxtpx:hr>146</gpxtpx:hr>
          </gpxtpx:TrackPointExtension>
        </extensions>
      </trkpt>
      <trkpt lat="38.83061943029322" lon="121.50497335314255">
        <ele>4.783224129118025</ele>
        <time>2024-10-12T23:22:15Z</time>
        <extensions>
          <gpxtpx:TrackPointExtension>
            <gpxtpx:hr>146</gpxtpx:hr>
          </gpxtpx:TrackPointExtension>
        </extensions>
      </trkpt>
      <trkpt lat="38.83070952933578" lon="121.5050359276331">
        <ele>4.6916349129751325</ele>
        <time>2024-10-12T23:22:19Z</time>
        <extensions>
          <gpxtpx:TrackPointExtension>
            <gpxtpx:hr>146</gpxtpx:hr>
          </gpxtpx:TrackPointExtension>
        </extensions>
      </trkpt>
      <trkpt lat="38.83077724903194" lon="121.50511501582399">
        <ele>4.112062491476536</ele>
        <time>2024-10-12T23:22:23Z</time>
        <extensions>
          <gpxtpx:TrackPointExtension>
            <gpxtpx:hr>145</gpxtpx:hr>
          </gpxtpx:TrackPointExtension>
        </extensions>
      </trkpt>
      <trkpt lat="38.8308470767229" lon="121.50519621388749">
        <ele>4.1796548226848245</ele>
        <time>2024-10-12T23:22:27Z</time>
        <extensions>
          <gpxtpx:TrackPointExtension>
            <gpxtpx:hr>146</gpxtpx:hr>
          </gpxtpx:TrackPointExtension>
        </extensions>
      </trkpt>
      <trkpt lat="38.83092152166831" lon="121.50524718185291">
        <ele>3.211771850474179</ele>
        <time>2024-10-12T23:22:31Z</time>
        <extensions>
          <gpxtpx:TrackPointExtension>
            <gpxtpx:hr>147</gpxtpx:hr>
          </gpxtpx:TrackPointExtension>
        </extensions>
      </trkpt>
      <trkpt lat="38.83098595136134" lon="121.5052743397">
        <ele>2.892583821900189</ele>
        <time>2024-10-12T23:22:34Z</time>
        <extensions>
          <gpxtpx:TrackPointExtension>
            <gpxtpx:hr>147</gpxtpx:hr>
          </gpxtpx:TrackPointExtension>
        </extensions>
      </trkpt>
      <trkpt lat="38.83105302553179" lon="121.50527537310266">
        <ele>3.890590106137097</ele>
        <time>2024-10-12T23:22:37Z</time>
        <extensions>
          <gpxtpx:TrackPointExtension>
            <gpxtpx:hr>146</gpxtpx:hr>
          </gpxtpx:TrackPointExtension>
        </extensions>
      </trkpt>
      <trkpt lat="38.83112008665869" lon="121.50526210961745">
        <ele>3.7313876543194056</ele>
        <time>2024-10-12T23:22:40Z</time>
        <extensions>
          <gpxtpx:TrackPointExtension>
            <gpxtpx:hr>146</gpxtpx:hr>
          </gpxtpx:TrackPointExtension>
        </extensions>
      </trkpt>
      <trkpt lat="38.83118098655191" lon="121.50525874945822">
        <ele>3.9535165764391422</ele>
        <time>2024-10-12T23:22:43Z</time>
        <extensions>
          <gpxtpx:TrackPointExtension>
            <gpxtpx:hr>147</gpxtpx:hr>
          </gpxtpx:TrackPointExtension>
        </extensions>
      </trkpt>
      <trkpt lat="38.83126209008167" lon="121.50529267915104">
        <ele>4.399169052951038</ele>
        <time>2024-10-12T23:22:46Z</time>
        <extensions>
          <gpxtpx:TrackPointExtension>
            <gpxtpx:hr>146</gpxtpx:hr>
          </gpxtpx:TrackPointExtension>
        </extensions>
      </trkpt>
      <trkpt lat="38.83132550410085" lon="121.50527779489391">
        <ele>3.770401503890753</ele>
        <time>2024-10-12T23:22:49Z</time>
        <extensions>
          <gpxtpx:TrackPointExtension>
            <gpxtpx:hr>146</gpxtpx:hr>
          </gpxtpx:TrackPointExtension>
        </extensions>
      </trkpt>
      <trkpt lat="38.83139639145955" lon="121.50529320755258">
        <ele>4.247051635757089</ele>
        <time>2024-10-12T23:22:52Z</time>
        <extensions>
          <gpxtpx:TrackPointExtension>
            <gpxtpx:hr>146</gpxtpx:hr>
          </gpxtpx:TrackPointExtension>
        </extensions>
      </trkpt>
      <trkpt lat="38.83147346510851" lon="121.50532256726753">
        <ele>5.104013751260936</ele>
        <time>2024-10-12T23:22:55Z</time>
        <extensions>
          <gpxtpx:TrackPointExtension>
            <gpxtpx:hr>147</gpxtpx:hr>
          </gpxtpx:TrackPointExtension>
        </extensions>
      </trkpt>
      <trkpt lat="38.83154776341804" lon="121.50535159428999">
        <ele>5.422460000962019</ele>
        <time>2024-10-12T23:22:58Z</time>
        <extensions>
          <gpxtpx:TrackPointExtension>
            <gpxtpx:hr>147</gpxtpx:hr>
          </gpxtpx:TrackPointExtension>
        </extensions>
      </trkpt>
      <trkpt lat="38.83161202165927" lon="121.50537419483264">
        <ele>5.199363702908158</ele>
        <time>2024-10-12T23:23:01Z</time>
        <extensions>
          <gpxtpx:TrackPointExtension>
            <gpxtpx:hr>148</gpxtpx:hr>
          </gpxtpx:TrackPointExtension>
        </extensions>
      </trkpt>
      <trkpt lat="38.83168644861291" lon="121.50540524097552">
        <ele>5.079004772007465</ele>
        <time>2024-10-12T23:23:04Z</time>
        <extensions>
          <gpxtpx:TrackPointExtension>
            <gpxtpx:hr>148</gpxtpx:hr>
          </gpxtpx:TrackPointExtension>
        </extensions>
      </trkpt>
      <trkpt lat="38.83174777093733" lon="121.50544315369233">
        <ele>5.4359215721488</ele>
        <time>2024-10-12T23:23:07Z</time>
        <extensions>
          <gpxtpx:TrackPointExtension>
            <gpxtpx:hr>148</gpxtpx:hr>
          </gpxtpx:TrackPointExtension>
        </extensions>
      </trkpt>
      <trkpt lat="38.831810454332405" lon="121.50547958608954">
        <ele>4.741113287396729</ele>
        <time>2024-10-12T23:23:10Z</time>
        <extensions>
          <gpxtpx:TrackPointExtension>
            <gpxtpx:hr>148</gpxtpx:hr>
          </gpxtpx:TrackPointExtension>
        </extensions>
      </trkpt>
      <trkpt lat="38.83186817939957" lon="121.50554945921625">
        <ele>5.0641100239008665</ele>
        <time>2024-10-12T23:23:13Z</time>
        <extensions>
          <gpxtpx:TrackPointExtension>
            <gpxtpx:hr>149</gpxtpx:hr>
          </gpxtpx:TrackPointExtension>
        </extensions>
      </trkpt>
      <trkpt lat="38.83193452977424" lon="121.50565298503516">
        <ele>5.603877482935786</ele>
        <time>2024-10-12T23:23:17Z</time>
        <extensions>
          <gpxtpx:TrackPointExtension>
            <gpxtpx:hr>149</gpxtpx:hr>
          </gpxtpx:TrackPointExtension>
        </extensions>
      </trkpt>
      <trkpt lat="38.831997991082446" lon="121.50573849973267">
        <ele>5.617900683544576</ele>
        <time>2024-10-12T23:23:21Z</time>
        <extensions>
          <gpxtpx:TrackPointExtension>
            <gpxtpx:hr>149</gpxtpx:hr>
          </gpxtpx:TrackPointExtension>
        </extensions>
      </trkpt>
      <trkpt lat="38.83203750070803" lon="121.50587350640261">
        <ele>5.168906736187637</ele>
        <time>2024-10-12T23:23:25Z</time>
        <extensions>
          <gpxtpx:TrackPointExtension>
            <gpxtpx:hr>149</gpxtpx:hr>
          </gpxtpx:TrackPointExtension>
        </extensions>
      </trkpt>
      <trkpt lat="38.83205999892655" lon="121.50599814366721">
        <ele>4.42801430169493</ele>
        <time>2024-10-12T23:23:29Z</time>
        <extensions>
          <gpxtpx:TrackPointExtension>
            <gpxtpx:hr>149</gpxtpx:hr>
          </gpxtpx:TrackPointExtension>
        </extensions>
      </trkpt>
      <trkpt lat="38.832094813445764" lon="121.5061070797723">
        <ele>4.097951698116958</ele>
        <time>2024-10-12T23:23:33Z</time>
        <extensions>
          <gpxtpx:TrackPointExtension>
            <gpxtpx:hr>149</gpxtpx:hr>
          </gpxtpx:TrackPointExtension>
        </extensions>
      </trkpt>
      <trkpt lat="38.83214134827131" lon="121.50618069474075">
        <ele>4.077992156147957</ele>
        <time>2024-10-12T23:23:36Z</time>
        <extensions>
          <gpxtpx:TrackPointExtension>
            <gpxtpx:hr>150</gpxtpx:hr>
          </gpxtpx:TrackPointExtension>
        </extensions>
      </trkpt>
      <trkpt lat="38.83221454410008" lon="121.50627287348513">
        <ele>2.588288967497647</ele>
        <time>2024-10-12T23:23:40Z</time>
        <extensions>
          <gpxtpx:TrackPointExtension>
            <gpxtpx:hr>150</gpxtpx:hr>
          </gpxtpx:TrackPointExtension>
        </extensions>
      </trkpt>
      <trkpt lat="38.83228831362129" lon="121.5063516037716">
        <ele>3.1940339412540197</ele>
        <time>2024-10-12T23:23:44Z</time>
        <extensions>
          <gpxtpx:TrackPointExtension>
            <gpxtpx:hr>151</gpxtpx:hr>
          </gpxtpx:TrackPointExtension>
        </extensions>
      </trkpt>
      <trkpt lat="38.832371416719155" lon="121.50641694172005">
        <ele>3.1467090686783195</ele>
        <time>2024-10-12T23:23:48Z</time>
        <extensions>
          <gpxtpx:TrackPointExtension>
            <gpxtpx:hr>151</gpxtpx:hr>
          </gpxtpx:TrackPointExtension>
        </extensions>
      </trkpt>
      <trkpt lat="38.832469592625145" lon="121.5064360845467">
        <ele>3.5259862300008535</ele>
        <time>2024-10-12T23:23:52Z</time>
        <extensions>
          <gpxtpx:TrackPointExtension>
            <gpxtpx:hr>151</gpxtpx:hr>
          </gpxtpx:TrackPointExtension>
        </extensions>
      </trkpt>
      <trkpt lat="38.83256779082489" lon="121.50645931485238">
        <ele>3.87561752833426</ele>
        <time>2024-10-12T23:23:56Z</time>
        <extensions>
          <gpxtpx:TrackPointExtension>
            <gpxtpx:hr>154</gpxtpx:hr>
          </gpxtpx:TrackPointExtension>
        </extensions>
      </trkpt>
      <trkpt lat="38.832653882776675" lon="121.50649064500692">
        <ele>3.403088844381273</ele>
        <time>2024-10-12T23:24:00Z</time>
        <extensions>
          <gpxtpx:TrackPointExtension>
            <gpxtpx:hr>154</gpxtpx:hr>
          </gpxtpx:TrackPointExtension>
        </extensions>
      </trkpt>
      <trkpt lat="38.832757653212816" lon="121.50651794258334">
        <ele>2.703049438074231</ele>
        <time>2024-10-12T23:24:04Z</time>
        <extensions>
          <gpxtpx:TrackPointExtension>
            <gpxtpx:hr>154</gpxtpx:hr>
          </gpxtpx:TrackPointExtension>
        </extensions>
      </trkpt>
      <trkpt lat="38.83284999622323" lon="121.50657395139541">
        <ele>3.6734587773680687</ele>
        <time>2024-10-12T23:24:08Z</time>
        <extensions>
          <gpxtpx:TrackPointExtension>
            <gpxtpx:hr>153</gpxtpx:hr>
          </gpxtpx:TrackPointExtension>
        </extensions>
      </trkpt>
      <trkpt lat="38.832941042451814" lon="121.50663149915265">
        <ele>3.0369602954015136</ele>
        <time>2024-10-12T23:24:12Z</time>
        <extensions>
          <gpxtpx:TrackPointExtension>
            <gpxtpx:hr>154</gpxtpx:hr>
          </gpxtpx:TrackPointExtension>
        </extensions>
      </trkpt>
      <trkpt lat="38.83302898665766" lon="121.50669583869994">
        <ele>3.2353898799046874</ele>
        <time>2024-10-12T23:24:16Z</time>
        <extensions>
          <gpxtpx:TrackPointExtension>
            <gpxtpx:hr>154</gpxtpx:hr>
          </gpxtpx:TrackPointExtension>
        </extensions>
      </trkpt>
      <trkpt lat="38.833087681699155" lon="121.50680365482354">
        <ele>2.7885512774810195</ele>
        <time>2024-10-12T23:24:20Z</time>
        <extensions>
          <gpxtpx:TrackPointExtension>
            <gpxtpx:hr>154</gpxtpx:hr>
          </gpxtpx:TrackPointExtension>
        </extensions>
      </trkpt>
      <trkpt lat="38.833144436509905" lon="121.50691559486567">
        <ele>3.383809855207801</ele>
        <time>2024-10-12T23:24:24Z</time>
        <extensions>
          <gpxtpx:TrackPointExtension>
            <gpxtpx:hr>156</gpxtpx:hr>
          </gpxtpx:TrackPointExtension>
        </extensions>
      </trkpt>
      <trkpt lat="38.833194208431" lon="121.50701147703056">
        <ele>3.289955973625183</ele>
        <time>2024-10-12T23:24:28Z</time>
        <extensions>
          <gpxtpx:TrackPointExtension>
            <gpxtpx:hr>156</gpxtpx:hr>
          </gpxtpx:TrackPointExtension>
        </extensions>
      </trkpt>
      <trkpt lat="38.833241319863454" lon="121.50712556713782">
        <ele>3.7726003043353558</ele>
        <time>2024-10-12T23:24:32Z</time>
        <extensions>
          <gpxtpx:TrackPointExtension>
            <gpxtpx:hr>157</gpxtpx:hr>
          </gpxtpx:TrackPointExtension>
        </extensions>
      </trkpt>
      <trkpt lat="38.83327099699537" lon="121.50723700683679">
        <ele>4.071853800676763</ele>
        <time>2024-10-12T23:24:36Z</time>
        <extensions>
          <gpxtpx:TrackPointExtension>
            <gpxtpx:hr>157</gpxtpx:hr>
          </gpxtpx:TrackPointExtension>
        </extensions>
      </trkpt>
      <trkpt lat="38.83328378966545" lon="121.50737837925686">
        <ele>4.302800536155701</ele>
        <time>2024-10-12T23:24:40Z</time>
        <extensions>
          <gpxtpx:TrackPointExtension>
            <gpxtpx:hr>157</gpxtpx:hr>
          </gpxtpx:TrackPointExtension>
        </extensions>
      </trkpt>
      <trkpt lat="38.83329413520956" lon="121.50746946897526">
        <ele>4.040947763249278</ele>
        <time>2024-10-12T23:24:43Z</time>
        <extensions>
          <gpxtpx:TrackPointExtension>
            <gpxtpx:hr>157</gpxtpx:hr>
          </gpxtpx:TrackPointExtension>
        </extensions>
      </trkpt>
      <trkpt lat="38.8332694733922" lon="121.50755864923335">
        <ele>4.473776250146329</ele>
        <time>2024-10-12T23:24:46Z</time>
        <extensions>
          <gpxtpx:TrackPointExtension>
            <gpxtpx:hr>157</gpxtpx:hr>
          </gpxtpx:TrackPointExtension>
        </extensions>
      </trkpt>
      <trkpt lat="38.83323433578284" lon="121.50764670866302">
        <ele>3.679043298587203</ele>
        <time>2024-10-12T23:24:49Z</time>
        <extensions>
          <gpxtpx:TrackPointExtension>
            <gpxtpx:hr>157</gpxtpx:hr>
          </gpxtpx:TrackPointExtension>
        </extensions>
      </trkpt>
      <trkpt lat="38.833218964541416" lon="121.50775282232696">
        <ele>4.3572262628003955</ele>
        <time>2024-10-12T23:24:52Z</time>
        <extensions>
          <gpxtpx:TrackPointExtension>
            <gpxtpx:hr>157</gpxtpx:hr>
          </gpxtpx:TrackPointExtension>
        </extensions>
      </trkpt>
      <trkpt lat="38.83319140372149" lon="121.5078360510035">
        <ele>3.981675489805639</ele>
        <time>2024-10-12T23:24:55Z</time>
        <extensions>
          <gpxtpx:TrackPointExtension>
            <gpxtpx:hr>157</gpxtpx:hr>
          </gpxtpx:TrackPointExtension>
        </extensions>
      </trkpt>
      <trkpt lat="38.83315892321996" lon="121.5079248998632">
        <ele>3.713875257410109</ele>
        <time>2024-10-12T23:24:58Z</time>
        <extensions>
          <gpxtpx:TrackPointExtension>
            <gpxtpx:hr>157</gpxtpx:hr>
          </gpxtpx:TrackPointExtension>
        </extensions>
      </trkpt>
      <trkpt lat="38.83308054606736" lon="121.50790498241224">
        <ele>5.133553206920624</ele>
        <time>2024-10-12T23:25:01Z</time>
        <extensions>
          <gpxtpx:TrackPointExtension>
            <gpxtpx:hr>158</gpxtpx:hr>
          </gpxtpx:TrackPointExtension>
        </extensions>
      </trkpt>
      <trkpt lat="38.83305202046193" lon="121.50799644956194">
        <ele>4.097990008071065</ele>
        <time>2024-10-12T23:25:04Z</time>
        <extensions>
          <gpxtpx:TrackPointExtension>
            <gpxtpx:hr>158</gpxtpx:hr>
          </gpxtpx:TrackPointExtension>
        </extensions>
      </trkpt>
      <trkpt lat="38.833043676141685" lon="121.50807733986076">
        <ele>4.155412958934903</ele>
        <time>2024-10-12T23:25:07Z</time>
        <extensions>
          <gpxtpx:TrackPointExtension>
            <gpxtpx:hr>158</gpxtpx:hr>
          </gpxtpx:TrackPointExtension>
        </extensions>
      </trkpt>
      <trkpt lat="38.83301634230154" lon="121.50814881396478">
        <ele>3.902365838177502</ele>
        <time>2024-10-12T23:25:10Z</time>
        <extensions>
          <gpxtpx:TrackPointExtension>
            <gpxtpx:hr>158</gpxtpx:hr>
          </gpxtpx:TrackPointExtension>
        </extensions>
      </trkpt>
      <trkpt lat="38.832980833801884" lon="121.50822269589624">
        <ele>3.8678568731993437</ele>
        <time>2024-10-12T23:25:13Z</time>
        <extensions>
          <gpxtpx:TrackPointExtension>
            <gpxtpx:hr>155</gpxtpx:hr>
          </gpxtpx:TrackPointExtension>
        </extensions>
      </trkpt>
      <trkpt lat="38.83291634764629" lon="121.5083326627959">
        <ele>3.7325052926316857</ele>
        <time>2024-10-12T23:25:17Z</time>
        <extensions>
          <gpxtpx:TrackPointExtension>
            <gpxtpx:hr>153</gpxtpx:hr>
          </gpxtpx:TrackPointExtension>
        </extensions>
      </trkpt>
      <trkpt lat="38.83284673129981" lon="121.5084177322829">
        <ele>3.698815987445414</ele>
        <time>2024-10-12T23:25:21Z</time>
        <extensions>
          <gpxtpx:TrackPointExtension>
            <gpxtpx:hr>154</gpxtpx:hr>
          </gpxtpx:TrackPointExtension>
        </extensions>
      </trkpt>
      <trkpt lat="38.8327637558919" lon="121.5084989365113">
        <ele>3.4699025601148605</ele>
        <time>2024-10-12T23:25:25Z</time>
        <extensions>
          <gpxtpx:TrackPointExtension>
            <gpxtpx:hr>154</gpxtpx:hr>
          </gpxtpx:TrackPointExtension>
        </extensions>
      </trkpt>
      <trkpt lat="38.83266946143574" lon="121.50855690190552">
        <ele>3.352051569148898</ele>
        <time>2024-10-12T23:25:29Z</time>
        <extensions>
          <gpxtpx:TrackPointExtension>
            <gpxtpx:hr>154</gpxtpx:hr>
          </gpxtpx:TrackPointExtension>
        </extensions>
      </trkpt>
      <trkpt lat="38.83257313987638" lon="121.50859138373112">
        <ele>2.639272604137659</ele>
        <time>2024-10-12T23:25:33Z</time>
        <extensions>
          <gpxtpx:TrackPointExtension>
            <gpxtpx:hr>153</gpxtpx:hr>
          </gpxtpx:TrackPointExtension>
        </extensions>
      </trkpt>
      <trkpt lat="38.8324683132512" lon="121.50862035379158">
        <ele>2.6271818093955517</ele>
        <time>2024-10-12T23:25:37Z</time>
        <extensions>
          <gpxtpx:TrackPointExtension>
            <gpxtpx:hr>154</gpxtpx:hr>
          </gpxtpx:TrackPointExtension>
        </extensions>
      </trkpt>
      <trkpt lat="38.83236479412617" lon="121.50862178822004">
        <ele>1.8705973448231816</ele>
        <time>2024-10-12T23:25:41Z</time>
        <extensions>
          <gpxtpx:TrackPointExtension>
            <gpxtpx:hr>155</gpxtpx:hr>
          </gpxtpx:TrackPointExtension>
        </extensions>
      </trkpt>
      <trkpt lat="38.832269709057485" lon="121.50859750561223">
        <ele>1.5541876601055264</ele>
        <time>2024-10-12T23:25:45Z</time>
        <extensions>
          <gpxtpx:TrackPointExtension>
            <gpxtpx:hr>155</gpxtpx:hr>
          </gpxtpx:TrackPointExtension>
        </extensions>
      </trkpt>
      <trkpt lat="38.83215796504065" lon="121.50856096361443">
        <ele>1.868798615410924</ele>
        <time>2024-10-12T23:25:49Z</time>
        <extensions>
          <gpxtpx:TrackPointExtension>
            <gpxtpx:hr>155</gpxtpx:hr>
          </gpxtpx:TrackPointExtension>
        </extensions>
      </trkpt>
      <trkpt lat="38.83205341747475" lon="121.50850230297446">
        <ele>2.076218359172344</ele>
        <time>2024-10-12T23:25:53Z</time>
        <extensions>
          <gpxtpx:TrackPointExtension>
            <gpxtpx:hr>155</gpxtpx:hr>
          </gpxtpx:TrackPointExtension>
        </extensions>
      </trkpt>
      <trkpt lat="38.831968463259216" lon="121.50842982280184">
        <ele>2.5745449867099524</ele>
        <time>2024-10-12T23:25:57Z</time>
        <extensions>
          <gpxtpx:TrackPointExtension>
            <gpxtpx:hr>155</gpxtpx:hr>
          </gpxtpx:TrackPointExtension>
        </extensions>
      </trkpt>
      <trkpt lat="38.831907287521496" lon="121.50832460427343">
        <ele>2.5420570727437735</ele>
        <time>2024-10-12T23:26:01Z</time>
        <extensions>
          <gpxtpx:TrackPointExtension>
            <gpxtpx:hr>156</gpxtpx:hr>
          </gpxtpx:TrackPointExtension>
        </extensions>
      </trkpt>
      <trkpt lat="38.83185521537457" lon="121.50821357747135">
        <ele>2.7423882596194744</ele>
        <time>2024-10-12T23:26:05Z</time>
        <extensions>
          <gpxtpx:TrackPointExtension>
            <gpxtpx:hr>156</gpxtpx:hr>
          </gpxtpx:TrackPointExtension>
        </extensions>
      </trkpt>
      <trkpt lat="38.831816499385816" lon="121.50813872078245">
        <ele>2.3342381296679378</ele>
        <time>2024-10-12T23:26:08Z</time>
        <extensions>
          <gpxtpx:TrackPointExtension>
            <gpxtpx:hr>156</gpxtpx:hr>
          </gpxtpx:TrackPointExtension>
        </extensions>
      </trkpt>
      <trkpt lat="38.83176723510876" lon="121.50803924651986">
        <ele>2.150363080203533</ele>
        <time>2024-10-12T23:26:12Z</time>
        <extensions>
          <gpxtpx:TrackPointExtension>
            <gpxtpx:hr>157</gpxtpx:hr>
          </gpxtpx:TrackPointExtension>
        </extensions>
      </trkpt>
      <trkpt lat="38.83170605162685" lon="121.50794828167032">
        <ele>3.0645958753302693</ele>
        <time>2024-10-12T23:26:16Z</time>
        <extensions>
          <gpxtpx:TrackPointExtension>
            <gpxtpx:hr>157</gpxtpx:hr>
          </gpxtpx:TrackPointExtension>
        </extensions>
      </trkpt>
      <trkpt lat="38.831634205745544" lon="121.50785939716157">
        <ele>3.0120452381670475</ele>
        <time>2024-10-12T23:26:20Z</time>
        <extensions>
          <gpxtpx:TrackPointExtension>
            <gpxtpx:hr>157</gpxtpx:hr>
          </gpxtpx:TrackPointExtension>
        </extensions>
      </trkpt>
      <trkpt lat="38.83155855042592" lon="121.50780221669734">
        <ele>3.206441603600979</ele>
        <time>2024-10-12T23:26:24Z</time>
        <extensions>
          <gpxtpx:TrackPointExtension>
            <gpxtpx:hr>158</gpxtpx:hr>
          </gpxtpx:TrackPointExtension>
        </extensions>
      </trkpt>
      <trkpt lat="38.83148841299124" lon="121.50776325116418">
        <ele>3.501368122175336</ele>
        <time>2024-10-12T23:26:27Z</time>
        <extensions>
          <gpxtpx:TrackPointExtension>
            <gpxtpx:hr>159</gpxtpx:hr>
          </gpxtpx:TrackPointExtension>
        </extensions>
      </trkpt>
      <trkpt lat="38.83140091522015" lon="121.50772167939677">
        <ele>2.6100434130057693</ele>
        <time>2024-10-12T23:26:31Z</time>
        <extensions>
          <gpxtpx:TrackPointExtension>
            <gpxtpx:hr>159</gpxtpx:hr>
          </gpxtpx:TrackPointExtension>
        </extensions>
      </trkpt>
      <trkpt lat="38.831309061464474" lon="121.50773069167901">
        <ele>2.8578929090872407</ele>
        <time>2024-10-12T23:26:35Z</time>
        <extensions>
          <gpxtpx:TrackPointExtension>
            <gpxtpx:hr>159</gpxtpx:hr>
          </gpxtpx:TrackPointExtension>
        </extensions>
      </trkpt>
      <trkpt lat="38.83124724847437" lon="121.50772511725113">
        <ele>2.3374102730304003</ele>
        <time>2024-10-12T23:26:38Z</time>
        <extensions>
          <gpxtpx:TrackPointExtension>
            <gpxtpx:hr>159</gpxtpx:hr>
          </gpxtpx:TrackPointExtension>
        </extensions>
      </trkpt>
      <trkpt lat="38.831177299137664" lon="121.50773743590666">
        <ele>2.242998318746686</ele>
        <time>2024-10-12T23:26:41Z</time>
        <extensions>
          <gpxtpx:TrackPointExtension>
            <gpxtpx:hr>159</gpxtpx:hr>
          </gpxtpx:TrackPointExtension>
        </extensions>
      </trkpt>
      <trkpt lat="38.83111103212939" lon="121.50774912833229">
        <ele>2.0595735367387533</ele>
        <time>2024-10-12T23:26:44Z</time>
        <extensions>
          <gpxtpx:TrackPointExtension>
            <gpxtpx:hr>159</gpxtpx:hr>
          </gpxtpx:TrackPointExtension>
        </extensions>
      </trkpt>
      <trkpt lat="38.83103835531797" lon="121.50773989528929">
        <ele>3.004363913089037</ele>
        <time>2024-10-12T23:26:47Z</time>
        <extensions>
          <gpxtpx:TrackPointExtension>
            <gpxtpx:hr>158</gpxtpx:hr>
          </gpxtpx:TrackPointExtension>
        </extensions>
      </trkpt>
      <trkpt lat="38.830969282799366" lon="121.50773508203629">
        <ele>3.2894865227863193</ele>
        <time>2024-10-12T23:26:50Z</time>
        <extensions>
          <gpxtpx:TrackPointExtension>
            <gpxtpx:hr>158</gpxtpx:hr>
          </gpxtpx:TrackPointExtension>
        </extensions>
      </trkpt>
      <trkpt lat="38.830889881468124" lon="121.50770775890157">
        <ele>3.191975886002183</ele>
        <time>2024-10-12T23:26:53Z</time>
        <extensions>
          <gpxtpx:TrackPointExtension>
            <gpxtpx:hr>158</gpxtpx:hr>
          </gpxtpx:TrackPointExtension>
        </extensions>
      </trkpt>
      <trkpt lat="38.83081656110855" lon="121.50768637609335">
        <ele>2.6021534195169806</ele>
        <time>2024-10-12T23:26:56Z</time>
        <extensions>
          <gpxtpx:TrackPointExtension>
            <gpxtpx:hr>159</gpxtpx:hr>
          </gpxtpx:TrackPointExtension>
        </extensions>
      </trkpt>
      <trkpt lat="38.830734868015455" lon="121.50765240290173">
        <ele>2.085373179987073</ele>
        <time>2024-10-12T23:26:59Z</time>
        <extensions>
          <gpxtpx:TrackPointExtension>
            <gpxtpx:hr>159</gpxtpx:hr>
          </gpxtpx:TrackPointExtension>
        </extensions>
      </trkpt>
      <trkpt lat="38.830670202070856" lon="121.50762041399841">
        <ele>2.5032694349065423</ele>
        <time>2024-10-12T23:27:02Z</time>
        <extensions>
          <gpxtpx:TrackPointExtension>
            <gpxtpx:hr>159</gpxtpx:hr>
          </gpxtpx:TrackPointExtension>
        </extensions>
      </trkpt>
      <trkpt lat="38.83059687096441" lon="121.50758639780985">
        <ele>2.705452525988221</ele>
        <time>2024-10-12T23:27:05Z</time>
        <extensions>
          <gpxtpx:TrackPointExtension>
            <gpxtpx:hr>159</gpxtpx:hr>
          </gpxtpx:TrackPointExtension>
        </extensions>
      </trkpt>
      <trkpt lat="38.83053256691752" lon="121.50752551470157">
        <ele>3.429817356169224</ele>
        <time>2024-10-12T23:27:08Z</time>
        <extensions>
          <gpxtpx:TrackPointExtension>
            <gpxtpx:hr>159</gpxtpx:hr>
          </gpxtpx:TrackPointExtension>
        </extensions>
      </trkpt>
      <trkpt lat="38.830476527013204" lon="121.50744877121825">
        <ele>3.827715299092233</ele>
        <time>2024-10-12T23:27:11Z</time>
        <extensions>
          <gpxtpx:TrackPointExtension>
            <gpxtpx:hr>159</gpxtpx:hr>
          </gpxtpx:TrackPointExtension>
        </extensions>
      </trkpt>
      <trkpt lat="38.83043008350979" lon="121.50738547935646">
        <ele>4.2907818695530295</ele>
        <time>2024-10-12T23:27:14Z</time>
        <extensions>
          <gpxtpx:TrackPointExtension>
            <gpxtpx:hr>159</gpxtpx:hr>
          </gpxtpx:TrackPointExtension>
        </extensions>
      </trkpt>
      <trkpt lat="38.83037655863377" lon="121.50731342124634">
        <ele>4.882725031115115</ele>
        <time>2024-10-12T23:27:17Z</time>
        <extensions>
          <gpxtpx:TrackPointExtension>
            <gpxtpx:hr>159</gpxtpx:hr>
          </gpxtpx:TrackPointExtension>
        </extensions>
      </trkpt>
      <trkpt lat="38.830346473512286" lon="121.50723160948856">
        <ele>4.226863455027342</ele>
        <time>2024-10-12T23:27:20Z</time>
        <extensions>
          <gpxtpx:TrackPointExtension>
            <gpxtpx:hr>159</gpxtpx:hr>
          </gpxtpx:TrackPointExtension>
        </extensions>
      </trkpt>
      <trkpt lat="38.830315925817985" lon="121.50715128873678">
        <ele>3.647513004951179</ele>
        <time>2024-10-12T23:27:23Z</time>
        <extensions>
          <gpxtpx:TrackPointExtension>
            <gpxtpx:hr>160</gpxtpx:hr>
          </gpxtpx:TrackPointExtension>
        </extensions>
      </trkpt>
      <trkpt lat="38.83025755773078" lon="121.5072198041464">
        <ele>3.122426594607532</ele>
        <time>2024-10-12T23:27:27Z</time>
        <extensions>
          <gpxtpx:TrackPointExtension>
            <gpxtpx:hr>156</gpxtpx:hr>
          </gpxtpx:TrackPointExtension>
        </extensions>
      </trkpt>
      <trkpt lat="38.83034351887793" lon="121.50732356015595">
        <ele>3.045406668446958</ele>
        <time>2024-10-12T23:27:31Z</time>
        <extensions>
          <gpxtpx:TrackPointExtension>
            <gpxtpx:hr>156</gpxtpx:hr>
          </gpxtpx:TrackPointExtension>
        </extensions>
      </trkpt>
      <trkpt lat="38.83033184285747" lon="121.5074130596219">
        <ele>4.211197219789028</ele>
        <time>2024-10-12T23:27:34Z</time>
        <extensions>
          <gpxtpx:TrackPointExtension>
            <gpxtpx:hr>156</gpxtpx:hr>
          </gpxtpx:TrackPointExtension>
        </extensions>
      </trkpt>
      <trkpt lat="38.83037206734583" lon="121.5074999917686">
        <ele>3.7597919199615717</ele>
        <time>2024-10-12T23:27:37Z</time>
        <extensions>
          <gpxtpx:TrackPointExtension>
            <gpxtpx:hr>157</gpxtpx:hr>
          </gpxtpx:TrackPointExtension>
        </extensions>
      </trkpt>
      <trkpt lat="38.830450348583824" lon="121.50758949827512">
        <ele>4.4611676363274455</ele>
        <time>2024-10-12T23:27:41Z</time>
        <extensions>
          <gpxtpx:TrackPointExtension>
            <gpxtpx:hr>157</gpxtpx:hr>
          </gpxtpx:TrackPointExtension>
        </extensions>
      </trkpt>
      <trkpt lat="38.8305355791266" lon="121.50765467963814">
        <ele>4.516603003256023</ele>
        <time>2024-10-12T23:27:45Z</time>
        <extensions>
          <gpxtpx:TrackPointExtension>
            <gpxtpx:hr>157</gpxtpx:hr>
          </gpxtpx:TrackPointExtension>
        </extensions>
      </trkpt>
      <trkpt lat="38.83062264945009" lon="121.50772782023066">
        <ele>5.322171740233898</ele>
        <time>2024-10-12T23:27:49Z</time>
        <extensions>
          <gpxtpx:TrackPointExtension>
            <gpxtpx:hr>158</gpxtpx:hr>
          </gpxtpx:TrackPointExtension>
        </extensions>
      </trkpt>
      <trkpt lat="38.830718003673" lon="121.50777238433726">
        <ele>4.6677043829113245</ele>
        <time>2024-10-12T23:27:53Z</time>
        <extensions>
          <gpxtpx:TrackPointExtension>
            <gpxtpx:hr>159</gpxtpx:hr>
          </gpxtpx:TrackPointExtension>
        </extensions>
      </trkpt>
      <trkpt lat="38.83080740952647" lon="121.50781411639868">
        <ele>4.8817546190693974</ele>
        <time>2024-10-12T23:27:57Z</time>
        <extensions>
          <gpxtpx:TrackPointExtension>
            <gpxtpx:hr>159</gpxtpx:hr>
          </gpxtpx:TrackPointExtension>
        </extensions>
      </trkpt>
      <trkpt lat="38.83090366095305" lon="121.50784101059241">
        <ele>4.922771614044905</ele>
        <time>2024-10-12T23:28:01Z</time>
        <extensions>
          <gpxtpx:TrackPointExtension>
            <gpxtpx:hr>158</gpxtpx:hr>
          </gpxtpx:TrackPointExtension>
        </extensions>
      </trkpt>
      <trkpt lat="38.83099101786813" lon="121.50785584469263">
        <ele>4.099656144157052</ele>
        <time>2024-10-12T23:28:05Z</time>
        <extensions>
          <gpxtpx:TrackPointExtension>
            <gpxtpx:hr>158</gpxtpx:hr>
          </gpxtpx:TrackPointExtension>
        </extensions>
      </trkpt>
      <trkpt lat="38.83108437914333" lon="121.50786755272166">
        <ele>4.017985021695495</ele>
        <time>2024-10-12T23:28:09Z</time>
        <extensions>
          <gpxtpx:TrackPointExtension>
            <gpxtpx:hr>159</gpxtpx:hr>
          </gpxtpx:TrackPointExtension>
        </extensions>
      </trkpt>
      <trkpt lat="38.831182897113635" lon="121.50785119794394">
        <ele>3.491088079288602</ele>
        <time>2024-10-12T23:28:13Z</time>
        <extensions>
          <gpxtpx:TrackPointExtension>
            <gpxtpx:hr>159</gpxtpx:hr>
          </gpxtpx:TrackPointExtension>
        </extensions>
      </trkpt>
      <trkpt lat="38.83126703828903" lon="121.50784050962324">
        <ele>3.131035096012056</ele>
        <time>2024-10-12T23:28:17Z</time>
        <extensions>
          <gpxtpx:TrackPointExtension>
            <gpxtpx:hr>159</gpxtpx:hr>
          </gpxtpx:TrackPointExtension>
        </extensions>
      </trkpt>
      <trkpt lat="38.83133732932986" lon="121.50788324189992">
        <ele>4.098447065800428</ele>
        <time>2024-10-12T23:28:21Z</time>
        <extensions>
          <gpxtpx:TrackPointExtension>
            <gpxtpx:hr>159</gpxtpx:hr>
          </gpxtpx:TrackPointExtension>
        </extensions>
      </trkpt>
      <trkpt lat="38.83135798743288" lon="121.50775989988527">
        <ele>2.0982470205053687</ele>
        <time>2024-10-12T23:28:25Z</time>
        <extensions>
          <gpxtpx:TrackPointExtension>
            <gpxtpx:hr>159</gpxtpx:hr>
          </gpxtpx:TrackPointExtension>
        </extensions>
      </trkpt>
      <trkpt lat="38.83141588948676" lon="121.50769666653899">
        <ele>2.531500901095569</ele>
        <time>2024-10-12T23:28:28Z</time>
        <extensions>
          <gpxtpx:TrackPointExtension>
            <gpxtpx:hr>158</gpxtpx:hr>
          </gpxtpx:TrackPointExtension>
        </extensions>
      </trkpt>
      <trkpt lat="38.8315190780968" lon="121.50774800972113">
        <ele>3.0013312185183167</ele>
        <time>2024-10-12T23:28:32Z</time>
        <extensions>
          <gpxtpx:TrackPointExtension>
            <gpxtpx:hr>158</gpxtpx:hr>
          </gpxtpx:TrackPointExtension>
        </extensions>
      </trkpt>
      <trkpt lat="38.831602628280564" lon="121.50780227468893">
        <ele>2.7224168637767434</ele>
        <time>2024-10-12T23:28:36Z</time>
        <extensions>
          <gpxtpx:TrackPointExtension>
            <gpxtpx:hr>158</gpxtpx:hr>
          </gpxtpx:TrackPointExtension>
        </extensions>
      </trkpt>
      <trkpt lat="38.83168513019049" lon="121.50785186570484">
        <ele>2.7689653653651476</ele>
        <time>2024-10-12T23:28:40Z</time>
        <extensions>
          <gpxtpx:TrackPointExtension>
            <gpxtpx:hr>158</gpxtpx:hr>
          </gpxtpx:TrackPointExtension>
        </extensions>
      </trkpt>
      <trkpt lat="38.83173812263518" lon="121.50791861552986">
        <ele>2.469934606924653</ele>
        <time>2024-10-12T23:28:43Z</time>
        <extensions>
          <gpxtpx:TrackPointExtension>
            <gpxtpx:hr>158</gpxtpx:hr>
          </gpxtpx:TrackPointExtension>
        </extensions>
      </trkpt>
      <trkpt lat="38.83178252937202" lon="121.50799023443726">
        <ele>2.193091280758381</ele>
        <time>2024-10-12T23:28:46Z</time>
        <extensions>
          <gpxtpx:TrackPointExtension>
            <gpxtpx:hr>157</gpxtpx:hr>
          </gpxtpx:TrackPointExtension>
        </extensions>
      </trkpt>
      <trkpt lat="38.83182069121811" lon="121.508071362071">
        <ele>3.2876985734328628</ele>
        <time>2024-10-12T23:28:49Z</time>
        <extensions>
          <gpxtpx:TrackPointExtension>
            <gpxtpx:hr>157</gpxtpx:hr>
          </gpxtpx:TrackPointExtension>
        </extensions>
      </trkpt>
      <trkpt lat="38.83184835922399" lon="121.5081519029181">
        <ele>3.0356116220355034</ele>
        <time>2024-10-12T23:28:52Z</time>
        <extensions>
          <gpxtpx:TrackPointExtension>
            <gpxtpx:hr>156</gpxtpx:hr>
          </gpxtpx:TrackPointExtension>
        </extensions>
      </trkpt>
      <trkpt lat="38.83188006539044" lon="121.5082390900412">
        <ele>4.015202067792416</ele>
        <time>2024-10-12T23:28:55Z</time>
        <extensions>
          <gpxtpx:TrackPointExtension>
            <gpxtpx:hr>157</gpxtpx:hr>
          </gpxtpx:TrackPointExtension>
        </extensions>
      </trkpt>
      <trkpt lat="38.8319295165095" lon="121.50831131955069">
        <ele>2.696025469340384</ele>
        <time>2024-10-12T23:28:58Z</time>
        <extensions>
          <gpxtpx:TrackPointExtension>
            <gpxtpx:hr>157</gpxtpx:hr>
          </gpxtpx:TrackPointExtension>
        </extensions>
      </trkpt>
      <trkpt lat="38.83197575878289" lon="121.50838018109994">
        <ele>2.6750607658177614</ele>
        <time>2024-10-12T23:29:01Z</time>
        <extensions>
          <gpxtpx:TrackPointExtension>
            <gpxtpx:hr>156</gpxtpx:hr>
          </gpxtpx:TrackPointExtension>
        </extensions>
      </trkpt>
      <trkpt lat="38.83202946601717" lon="121.50844209399776">
        <ele>2.612890813499689</ele>
        <time>2024-10-12T23:29:04Z</time>
        <extensions>
          <gpxtpx:TrackPointExtension>
            <gpxtpx:hr>156</gpxtpx:hr>
          </gpxtpx:TrackPointExtension>
        </extensions>
      </trkpt>
      <trkpt lat="38.8320898199061" lon="121.50848546935588">
        <ele>2.8859699964523315</ele>
        <time>2024-10-12T23:29:07Z</time>
        <extensions>
          <gpxtpx:TrackPointExtension>
            <gpxtpx:hr>156</gpxtpx:hr>
          </gpxtpx:TrackPointExtension>
        </extensions>
      </trkpt>
      <trkpt lat="38.832188715192984" lon="121.50853489651608">
        <ele>3.382703931070864</ele>
        <time>2024-10-12T23:29:11Z</time>
        <extensions>
          <gpxtpx:TrackPointExtension>
            <gpxtpx:hr>158</gpxtpx:hr>
          </gpxtpx:TrackPointExtension>
        </extensions>
      </trkpt>
      <trkpt lat="38.83224623791411" lon="121.50855655436">
        <ele>2.7721783770248294</ele>
        <time>2024-10-12T23:29:14Z</time>
        <extensions>
          <gpxtpx:TrackPointExtension>
            <gpxtpx:hr>158</gpxtpx:hr>
          </gpxtpx:TrackPointExtension>
        </extensions>
      </trkpt>
      <trkpt lat="38.83231534696189" lon="121.50858279802">
        <ele>2.8918706700205803</ele>
        <time>2024-10-12T23:29:17Z</time>
        <extensions>
          <gpxtpx:TrackPointExtension>
            <gpxtpx:hr>158</gpxtpx:hr>
          </gpxtpx:TrackPointExtension>
        </extensions>
      </trkpt>
      <trkpt lat="38.832380361717334" lon="121.50858387083892">
        <ele>3.0108098397031426</ele>
        <time>2024-10-12T23:29:20Z</time>
        <extensions>
          <gpxtpx:TrackPointExtension>
            <gpxtpx:hr>158</gpxtpx:hr>
          </gpxtpx:TrackPointExtension>
        </extensions>
      </trkpt>
      <trkpt lat="38.832474250765365" lon="121.50859551708083">
        <ele>2.9894058974459767</ele>
        <time>2024-10-12T23:29:24Z</time>
        <extensions>
          <gpxtpx:TrackPointExtension>
            <gpxtpx:hr>159</gpxtpx:hr>
          </gpxtpx:TrackPointExtension>
        </extensions>
      </trkpt>
      <trkpt lat="38.83253762726529" lon="121.50857243081263">
        <ele>3.004675348289311</ele>
        <time>2024-10-12T23:29:27Z</time>
        <extensions>
          <gpxtpx:TrackPointExtension>
            <gpxtpx:hr>158</gpxtpx:hr>
          </gpxtpx:TrackPointExtension>
        </extensions>
      </trkpt>
      <trkpt lat="38.832628214180815" lon="121.50853933900895">
        <ele>3.0252322098240256</ele>
        <time>2024-10-12T23:29:31Z</time>
        <extensions>
          <gpxtpx:TrackPointExtension>
            <gpxtpx:hr>159</gpxtpx:hr>
          </gpxtpx:TrackPointExtension>
        </extensions>
      </trkpt>
      <trkpt lat="38.832703559951675" lon="121.5085096041974">
        <ele>2.2635906571522355</ele>
        <time>2024-10-12T23:29:34Z</time>
        <extensions>
          <gpxtpx:TrackPointExtension>
            <gpxtpx:hr>159</gpxtpx:hr>
          </gpxtpx:TrackPointExtension>
        </extensions>
      </trkpt>
      <trkpt lat="38.83278144870884" lon="121.50844803852819">
        <ele>2.967474785633385</ele>
        <time>2024-10-12T23:29:38Z</time>
        <extensions>
          <gpxtpx:TrackPointExtension>
            <gpxtpx:hr>159</gpxtpx:hr>
          </gpxtpx:TrackPointExtension>
        </extensions>
      </trkpt>
      <trkpt lat="38.832859034679174" lon="121.50837783856804">
        <ele>3.0116061149165034</ele>
        <time>2024-10-12T23:29:42Z</time>
        <extensions>
          <gpxtpx:TrackPointExtension>
            <gpxtpx:hr>159</gpxtpx:hr>
          </gpxtpx:TrackPointExtension>
        </extensions>
      </trkpt>
      <trkpt lat="38.832921323782145" lon="121.50828703587705">
        <ele>3.463754461146891</ele>
        <time>2024-10-12T23:29:46Z</time>
        <extensions>
          <gpxtpx:TrackPointExtension>
            <gpxtpx:hr>160</gpxtpx:hr>
          </gpxtpx:TrackPointExtension>
        </extensions>
      </trkpt>
      <trkpt lat="38.832976167962414" lon="121.50819240637571">
        <ele>3.030178460292518</ele>
        <time>2024-10-12T23:29:50Z</time>
        <extensions>
          <gpxtpx:TrackPointExtension>
            <gpxtpx:hr>160</gpxtpx:hr>
          </gpxtpx:TrackPointExtension>
        </extensions>
      </trkpt>
      <trkpt lat="38.83301415474345" lon="121.50809148133558">
        <ele>3.7064859587699175</ele>
        <time>2024-10-12T23:29:54Z</time>
        <extensions>
          <gpxtpx:TrackPointExtension>
            <gpxtpx:hr>159</gpxtpx:hr>
          </gpxtpx:TrackPointExtension>
        </extensions>
      </trkpt>
      <trkpt lat="38.833049578643326" lon="121.50797311848937">
        <ele>4.136127907782793</ele>
        <time>2024-10-12T23:29:58Z</time>
        <extensions>
          <gpxtpx:TrackPointExtension>
            <gpxtpx:hr>159</gpxtpx:hr>
          </gpxtpx:TrackPointExtension>
        </extensions>
      </trkpt>
      <trkpt lat="38.83306406844004" lon="121.507879201598">
        <ele>4.1304580783471465</ele>
        <time>2024-10-12T23:30:01Z</time>
        <extensions>
          <gpxtpx:TrackPointExtension>
            <gpxtpx:hr>160</gpxtpx:hr>
          </gpxtpx:TrackPointExtension>
        </extensions>
      </trkpt>
      <trkpt lat="38.83309571654761" lon="121.50776266732366">
        <ele>5.02924766112119</ele>
        <time>2024-10-12T23:30:05Z</time>
        <extensions>
          <gpxtpx:TrackPointExtension>
            <gpxtpx:hr>160</gpxtpx:hr>
          </gpxtpx:TrackPointExtension>
        </extensions>
      </trkpt>
      <trkpt lat="38.83314142518103" lon="121.50764776578286">
        <ele>4.785819791257381</ele>
        <time>2024-10-12T23:30:09Z</time>
        <extensions>
          <gpxtpx:TrackPointExtension>
            <gpxtpx:hr>164</gpxtpx:hr>
          </gpxtpx:TrackPointExtension>
        </extensions>
      </trkpt>
      <trkpt lat="38.83318659475715" lon="121.50753142958155">
        <ele>4.7026061695069075</ele>
        <time>2024-10-12T23:30:13Z</time>
        <extensions>
          <gpxtpx:TrackPointExtension>
            <gpxtpx:hr>165</gpxtpx:hr>
          </gpxtpx:TrackPointExtension>
        </extensions>
      </trkpt>
      <trkpt lat="38.83320361262386" lon="121.50740820293925">
        <ele>3.755396065302193</ele>
        <time>2024-10-12T23:30:17Z</time>
        <extensions>
          <gpxtpx:TrackPointExtension>
            <gpxtpx:hr>162</gpxtpx:hr>
          </gpxtpx:TrackPointExtension>
        </extensions>
      </trkpt>
      <trkpt lat="38.833204588130926" lon="121.50728259326957">
        <ele>3.5968021666631103</ele>
        <time>2024-10-12T23:30:21Z</time>
        <extensions>
          <gpxtpx:TrackPointExtension>
            <gpxtpx:hr>163</gpxtpx:hr>
          </gpxtpx:TrackPointExtension>
        </extensions>
      </trkpt>
      <trkpt lat="38.83319775046369" lon="121.50717330615126">
        <ele>4.036783683113754</ele>
        <time>2024-10-12T23:30:25Z</time>
        <extensions>
          <gpxtpx:TrackPointExtension>
            <gpxtpx:hr>163</gpxtpx:hr>
          </gpxtpx:TrackPointExtension>
        </extensions>
      </trkpt>
      <trkpt lat="38.83314943920281" lon="121.50705086175124">
        <ele>4.221979293972254</ele>
        <time>2024-10-12T23:30:29Z</time>
        <extensions>
          <gpxtpx:TrackPointExtension>
            <gpxtpx:hr>163</gpxtpx:hr>
          </gpxtpx:TrackPointExtension>
        </extensions>
      </trkpt>
      <trkpt lat="38.833104619134055" lon="121.50695281119877">
        <ele>4.476300233975053</ele>
        <time>2024-10-12T23:30:33Z</time>
        <extensions>
          <gpxtpx:TrackPointExtension>
            <gpxtpx:hr>163</gpxtpx:hr>
          </gpxtpx:TrackPointExtension>
        </extensions>
      </trkpt>
      <trkpt lat="38.83305944203292" lon="121.50687343378925">
        <ele>3.527132839895785</ele>
        <time>2024-10-12T23:30:37Z</time>
        <extensions>
          <gpxtpx:TrackPointExtension>
            <gpxtpx:hr>162</gpxtpx:hr>
          </gpxtpx:TrackPointExtension>
        </extensions>
      </trkpt>
      <trkpt lat="38.833000706409436" lon="121.5067883911321">
        <ele>2.881981400772929</ele>
        <time>2024-10-12T23:30:40Z</time>
        <extensions>
          <gpxtpx:TrackPointExtension>
            <gpxtpx:hr>162</gpxtpx:hr>
          </gpxtpx:TrackPointExtension>
        </extensions>
      </trkpt>
      <trkpt lat="38.832952122238616" lon="121.50673978962601">
        <ele>3.5124332513660192</ele>
        <time>2024-10-12T23:30:43Z</time>
        <extensions>
          <gpxtpx:TrackPointExtension>
            <gpxtpx:hr>161</gpxtpx:hr>
          </gpxtpx:TrackPointExtension>
        </extensions>
      </trkpt>
    </trkseg>
  </trk>
</gpx>