<?xml version="1.0" encoding="UTF-8"?>
<gpx xmlns="http://www.topografix.com/GPX/1/1" xmlns:gpxtpx="http://www.garmin.com/xmlschemas/TrackPointExtension/v1" xmlns:xsi="http://www.w3.org/2001/XMLSchema-instance" xsi:schemaLocation="http://www.topografix.com/GPX/1/1 http://www.topografix.com/GPX/1/1/gpx.xsd" version="1.1" creator="gpx.py -- https://github.com/tkrajina/gpxpy">
  <trk>
    <name>gpx from keep</name>
    <type>Walk</type>
    <trkseg>
      <trkpt lat="38.8374191807245" lon="121.51059877952073">
        <ele>0</ele>
        <time>2025-04-11T01:23:37Z</time>
      </trkpt>
      <trkpt lat="38.8374171116576" lon="121.5106068571239">
        <ele>0</ele>
        <time>2025-04-11T01:23:37Z</time>
      </trkpt>
      <trkpt lat="38.83741505965694" lon="121.51061498544952">
        <ele>0</ele>
        <time>2025-04-11T01:23:38Z</time>
      </trkpt>
      <trkpt lat="38.8374131075018" lon="121.51062315910596">
        <ele>0</ele>
        <time>2025-04-11T01:23:39Z</time>
      </trkpt>
      <trkpt lat="38.837411220883766" lon="121.51063138089813">
        <ele>0</ele>
        <time>2025-04-11T01:23:40Z</time>
      </trkpt>
      <trkpt lat="38.83740940424171" lon="121.51063964390504">
        <ele>0</ele>
        <time>2025-04-11T01:23:41Z</time>
      </trkpt>
      <trkpt lat="38.83740764311704" lon="121.51064798393672">
        <ele>0</ele>
        <time>2025-04-11T01:23:42Z</time>
      </trkpt>
      <trkpt lat="38.83740596346651" lon="121.51065634790257">
        <ele>0</ele>
        <time>2025-04-11T01:23:43Z</time>
      </trkpt>
      <trkpt lat="38.83740433938254" lon="121.51066472208807">
        <ele>0</ele>
        <time>2025-04-11T01:23:44Z</time>
      </trkpt>
      <trkpt lat="38.83740276025389" lon="121.51067312041945">
        <ele>0</ele>
        <time>2025-04-11T01:23:45Z</time>
      </trkpt>
      <trkpt lat="38.83740122278518" lon="121.51068153868016">
        <ele>0</ele>
        <time>2025-04-11T01:23:46Z</time>
      </trkpt>
      <trkpt lat="38.83739972494624" lon="121.51068998146907">
        <ele>0</ele>
        <time>2025-04-11T01:23:47Z</time>
      </trkpt>
      <trkpt lat="38.83739826967654" lon="121.51069844202407">
        <ele>0</ele>
        <time>2025-04-11T01:23:48Z</time>
      </trkpt>
      <trkpt lat="38.83739685573743" lon="121.51070691767995">
        <ele>0</ele>
        <time>2025-04-11T01:23:49Z</time>
      </trkpt>
      <trkpt lat="38.83739547558955" lon="121.51071541643232">
        <ele>0</ele>
        <time>2025-04-11T01:23:50Z</time>
      </trkpt>
      <trkpt lat="38.83739410629292" lon="121.51072398416711">
        <ele>0</ele>
        <time>2025-04-11T01:23:51Z</time>
      </trkpt>
      <trkpt lat="38.8373927386587" lon="121.51073262424165">
        <ele>0</ele>
        <time>2025-04-11T01:23:52Z</time>
      </trkpt>
      <trkpt lat="38.837391371045825" lon="121.51074131806209">
        <ele>0</ele>
        <time>2025-04-11T01:23:53Z</time>
      </trkpt>
      <trkpt lat="38.83738999860975" lon="121.51075005911994">
        <ele>0</ele>
        <time>2025-04-11T01:23:54Z</time>
      </trkpt>
      <trkpt lat="38.837388626539315" lon="121.51075882191257">
        <ele>0</ele>
        <time>2025-04-11T01:23:55Z</time>
      </trkpt>
      <trkpt lat="38.83738725308678" lon="121.51076761003215">
        <ele>0</ele>
        <time>2025-04-11T01:23:56Z</time>
      </trkpt>
      <trkpt lat="38.837385856220976" lon="121.51077648519886">
        <ele>0</ele>
        <time>2025-04-11T01:23:57Z</time>
      </trkpt>
      <trkpt lat="38.83738459653733" lon="121.51078510534315">
        <ele>0</ele>
        <time>2025-04-11T01:23:58Z</time>
      </trkpt>
      <trkpt lat="38.83738311188234" lon="121.51079437141524">
        <ele>0</ele>
        <time>2025-04-11T01:23:59Z</time>
      </trkpt>
      <trkpt lat="38.83738159605938" lon="121.51080372707001">
        <ele>0</ele>
        <time>2025-04-11T01:24:00Z</time>
      </trkpt>
      <trkpt lat="38.83738006946912" lon="121.5108131442915">
        <ele>0</ele>
        <time>2025-04-11T01:24:01Z</time>
      </trkpt>
      <trkpt lat="38.8373785368112" lon="121.51082256821742">
        <ele>0</ele>
        <time>2025-04-11T01:24:02Z</time>
      </trkpt>
      <trkpt lat="38.83737699103345" lon="121.51083204587387">
        <ele>0</ele>
        <time>2025-04-11T01:24:03Z</time>
      </trkpt>
      <trkpt lat="38.83737542800551" lon="121.51084162405823">
        <ele>0</ele>
        <time>2025-04-11T01:24:04Z</time>
      </trkpt>
      <trkpt lat="38.83737380941498" lon="121.51085150374261">
        <ele>0</ele>
        <time>2025-04-11T01:24:05Z</time>
      </trkpt>
      <trkpt lat="38.837372127546985" lon="121.51086168274902">
        <ele>0</ele>
        <time>2025-04-11T01:24:06Z</time>
      </trkpt>
      <trkpt lat="38.837370376648934" lon="121.5108722173234">
        <ele>0</ele>
        <time>2025-04-11T01:24:07Z</time>
      </trkpt>
      <trkpt lat="38.83736852312753" lon="121.5108830988848">
        <ele>0</ele>
        <time>2025-04-11T01:24:08Z</time>
      </trkpt>
      <trkpt lat="38.83736667896294" lon="121.5108939095797">
        <ele>0</ele>
        <time>2025-04-11T01:24:09Z</time>
      </trkpt>
      <trkpt lat="38.83736494611983" lon="121.51090427404496">
        <ele>0</ele>
        <time>2025-04-11T01:24:10Z</time>
      </trkpt>
      <trkpt lat="38.83736356601075" lon="121.51091263725515">
        <ele>0</ele>
        <time>2025-04-11T01:24:11Z</time>
      </trkpt>
      <trkpt lat="38.837361597659985" lon="121.51092420487635">
        <ele>0</ele>
        <time>2025-04-11T01:24:12Z</time>
      </trkpt>
      <trkpt lat="38.83735980367365" lon="121.51093398153708">
        <ele>0</ele>
        <time>2025-04-11T01:24:13Z</time>
      </trkpt>
      <trkpt lat="38.837358164385904" lon="121.51094211923156">
        <ele>0</ele>
        <time>2025-04-11T01:24:14Z</time>
      </trkpt>
      <trkpt lat="38.837355545116075" lon="121.51095340835725">
        <ele>0</ele>
        <time>2025-04-11T01:24:15Z</time>
      </trkpt>
      <trkpt lat="38.837352881170574" lon="121.51096318310967">
        <ele>0</ele>
        <time>2025-04-11T01:24:16Z</time>
      </trkpt>
      <trkpt lat="38.83735033340714" lon="121.51097144852972">
        <ele>0</ele>
        <time>2025-04-11T01:24:17Z</time>
      </trkpt>
      <trkpt lat="38.83734649327953" lon="121.5109828732541">
        <ele>0</ele>
        <time>2025-04-11T01:24:18Z</time>
      </trkpt>
      <trkpt lat="38.83734285650529" lon="121.51099287226738">
        <ele>0</ele>
        <time>2025-04-11T01:24:19Z</time>
      </trkpt>
      <trkpt lat="38.837339609768314" lon="121.51100151890779">
        <ele>0</ele>
        <time>2025-04-11T01:24:20Z</time>
      </trkpt>
      <trkpt lat="38.83733507091562" lon="121.51101359421213">
        <ele>0</ele>
        <time>2025-04-11T01:24:21Z</time>
      </trkpt>
      <trkpt lat="38.83733113957659" lon="121.51102455439698">
        <ele>0</ele>
        <time>2025-04-11T01:24:22Z</time>
      </trkpt>
      <trkpt lat="38.83732798872827" lon="121.51103429462977">
        <ele>0</ele>
        <time>2025-04-11T01:24:23Z</time>
      </trkpt>
      <trkpt lat="38.83732467225212" lon="121.51104590879046">
        <ele>0</ele>
        <time>2025-04-11T01:24:24Z</time>
      </trkpt>
      <trkpt lat="38.837321430891436" lon="121.51105872862277">
        <ele>0</ele>
        <time>2025-04-11T01:24:25Z</time>
      </trkpt>
      <trkpt lat="38.83731921406921" lon="121.51106735137107">
        <ele>0</ele>
        <time>2025-04-11T01:24:26Z</time>
      </trkpt>
      <trkpt lat="38.83731655425337" lon="121.51107499845169">
        <ele>0</ele>
        <time>2025-04-11T01:24:27Z</time>
      </trkpt>
      <trkpt lat="38.83731250779109" lon="121.51107934605041">
        <ele>0</ele>
        <time>2025-04-11T01:24:28Z</time>
      </trkpt>
      <trkpt lat="38.837305854809344" lon="121.51108087267689">
        <ele>0</ele>
        <time>2025-04-11T01:24:29Z</time>
      </trkpt>
      <trkpt lat="38.83729457647253" lon="121.51108069273283">
        <ele>0</ele>
        <time>2025-04-11T01:24:30Z</time>
      </trkpt>
      <trkpt lat="38.83728144378041" lon="121.51108020132119">
        <ele>0</ele>
        <time>2025-04-11T01:24:31Z</time>
      </trkpt>
      <trkpt lat="38.83726776777968" lon="121.51108116306645">
        <ele>0</ele>
        <time>2025-04-11T01:24:32Z</time>
      </trkpt>
      <trkpt lat="38.83724778270421" lon="121.51108598990837">
        <ele>0</ele>
        <time>2025-04-11T01:24:33Z</time>
      </trkpt>
      <trkpt lat="38.83722964434757" lon="121.51109586638192">
        <ele>0</ele>
        <time>2025-04-11T01:24:34Z</time>
      </trkpt>
      <trkpt lat="38.83721643632101" lon="121.5111159679223">
        <ele>0</ele>
        <time>2025-04-11T01:24:35Z</time>
      </trkpt>
      <trkpt lat="38.83719955622659" lon="121.51114186383003">
        <ele>0</ele>
        <time>2025-04-11T01:24:36Z</time>
      </trkpt>
      <trkpt lat="38.83718324193953" lon="121.51115990333467">
        <ele>0</ele>
        <time>2025-04-11T01:24:37Z</time>
      </trkpt>
      <trkpt lat="38.837167715391644" lon="121.5111564313116">
        <ele>0</ele>
        <time>2025-04-11T01:24:38Z</time>
      </trkpt>
      <trkpt lat="38.837142673279125" lon="121.51110704447593">
        <ele>0</ele>
        <time>2025-04-11T01:24:39Z</time>
      </trkpt>
      <trkpt lat="38.83711468258197" lon="121.51099629050054">
        <ele>0</ele>
        <time>2025-04-11T01:24:40Z</time>
      </trkpt>
      <trkpt lat="38.83708517015411" lon="121.51082685472608">
        <ele>0</ele>
        <time>2025-04-11T01:24:41Z</time>
      </trkpt>
      <trkpt lat="38.83704188127303" lon="121.51049715164336">
        <ele>0</ele>
        <time>2025-04-11T01:24:42Z</time>
      </trkpt>
      <trkpt lat="38.83699408803691" lon="121.51006144679093">
        <ele>0</ele>
        <time>2025-04-11T01:24:43Z</time>
      </trkpt>
      <trkpt lat="38.836942835816686" lon="121.5095612523171">
        <ele>0</ele>
        <time>2025-04-11T01:24:44Z</time>
      </trkpt>
      <trkpt lat="38.83687579177688" lon="121.50885809102965">
        <ele>0</ele>
        <time>2025-04-11T01:24:45Z</time>
      </trkpt>
      <trkpt lat="38.836814040124075" lon="121.50819124751283">
        <ele>0</ele>
        <time>2025-04-11T01:24:46Z</time>
      </trkpt>
      <trkpt lat="38.83675511309939" lon="121.50763122452763">
        <ele>0</ele>
        <time>2025-04-11T01:24:47Z</time>
      </trkpt>
      <trkpt lat="38.83667638034461" lon="121.50708559514288">
        <ele>0</ele>
        <time>2025-04-11T01:24:48Z</time>
      </trkpt>
      <trkpt lat="38.83660434532519" lon="121.50671527359204">
        <ele>0</ele>
        <time>2025-04-11T01:24:49Z</time>
      </trkpt>
      <trkpt lat="38.836546085603345" lon="121.50647068290085">
        <ele>0</ele>
        <time>2025-04-11T01:24:50Z</time>
      </trkpt>
      <trkpt lat="38.83648516839452" lon="121.50628996838321">
        <ele>0</ele>
        <time>2025-04-11T01:24:51Z</time>
      </trkpt>
      <trkpt lat="38.8364377088739" lon="121.50620530571534">
        <ele>0</ele>
        <time>2025-04-11T01:24:52Z</time>
      </trkpt>
      <trkpt lat="38.83640341210104" lon="121.50616921428374">
        <ele>0</ele>
        <time>2025-04-11T01:24:53Z</time>
      </trkpt>
      <trkpt lat="38.83637440482553" lon="121.50615824212166">
        <ele>0</ele>
        <time>2025-04-11T01:24:54Z</time>
      </trkpt>
      <trkpt lat="38.83635664133668" lon="121.50616581988719">
        <ele>0</ele>
        <time>2025-04-11T01:24:55Z</time>
      </trkpt>
      <trkpt lat="38.83634566161219" lon="121.50617922240143">
        <ele>0</ele>
        <time>2025-04-11T01:24:56Z</time>
      </trkpt>
      <trkpt lat="38.83633804156976" lon="121.50619680114794">
        <ele>0</ele>
        <time>2025-04-11T01:24:57Z</time>
      </trkpt>
      <trkpt lat="38.836334327459745" lon="121.50621325438048">
        <ele>0</ele>
        <time>2025-04-11T01:24:58Z</time>
      </trkpt>
      <trkpt lat="38.83633232733711" lon="121.50622750624869">
        <ele>0</ele>
        <time>2025-04-11T01:24:59Z</time>
      </trkpt>
      <trkpt lat="38.83633067880967" lon="121.50624172905782">
        <ele>0</ele>
        <time>2025-04-11T01:25:00Z</time>
      </trkpt>
      <trkpt lat="38.83632913203192" lon="121.50625346349469">
        <ele>0</ele>
        <time>2025-04-11T01:25:01Z</time>
      </trkpt>
      <trkpt lat="38.83632731572528" lon="121.5062634756019">
        <ele>0</ele>
        <time>2025-04-11T01:25:02Z</time>
      </trkpt>
      <trkpt lat="38.83632480887397" lon="121.50627379787052">
        <ele>0</ele>
        <time>2025-04-11T01:25:03Z</time>
      </trkpt>
      <trkpt lat="38.836322099757254" lon="121.50628318254971">
        <ele>0</ele>
        <time>2025-04-11T01:25:04Z</time>
      </trkpt>
      <trkpt lat="38.836319402053476" lon="121.50629204505717">
        <ele>0</ele>
        <time>2025-04-11T01:25:05Z</time>
      </trkpt>
      <trkpt lat="38.83631642209753" lon="121.50630191468424">
        <ele>0</ele>
        <time>2025-04-11T01:25:06Z</time>
      </trkpt>
      <trkpt lat="38.836313516625935" lon="121.50631150265494">
        <ele>0</ele>
        <time>2025-04-11T01:25:07Z</time>
      </trkpt>
      <trkpt lat="38.83631056412925" lon="121.50632079339287">
        <ele>0</ele>
        <time>2025-04-11T01:25:08Z</time>
      </trkpt>
      <trkpt lat="38.836307116023534" lon="121.50633099479242">
        <ele>0</ele>
        <time>2025-04-11T01:25:09Z</time>
      </trkpt>
      <trkpt lat="38.83630367880857" lon="121.50634095034025">
        <ele>0</ele>
        <time>2025-04-11T01:25:10Z</time>
      </trkpt>
      <trkpt lat="38.836300354558794" lon="121.50635070813516">
        <ele>0</ele>
        <time>2025-04-11T01:25:11Z</time>
      </trkpt>
      <trkpt lat="38.83629687181968" lon="121.50636132264341">
        <ele>0</ele>
        <time>2025-04-11T01:25:12Z</time>
      </trkpt>
      <trkpt lat="38.83629367874143" lon="121.50637177426957">
        <ele>0</ele>
        <time>2025-04-11T01:25:13Z</time>
      </trkpt>
      <trkpt lat="38.83629080831647" lon="121.50638210455035">
        <ele>0</ele>
        <time>2025-04-11T01:25:14Z</time>
      </trkpt>
      <trkpt lat="38.83628812043212" lon="121.5063932888236">
        <ele>0</ele>
        <time>2025-04-11T01:25:15Z</time>
      </trkpt>
      <trkpt lat="38.836285730575035" lon="121.50640442702999">
        <ele>0</ele>
        <time>2025-04-11T01:25:16Z</time>
      </trkpt>
      <trkpt lat="38.83628344113147" lon="121.50641538504696">
        <ele>0</ele>
        <time>2025-04-11T01:25:17Z</time>
      </trkpt>
      <trkpt lat="38.83628108404803" lon="121.50642673533599">
        <ele>0</ele>
        <time>2025-04-11T01:25:18Z</time>
      </trkpt>
      <trkpt lat="38.83627887717687" lon="121.50643768099842">
        <ele>0</ele>
        <time>2025-04-11T01:25:19Z</time>
      </trkpt>
      <trkpt lat="38.836276857856824" lon="121.50644819485127">
        <ele>0</ele>
        <time>2025-04-11T01:25:20Z</time>
      </trkpt>
      <trkpt lat="38.83627495627165" lon="121.50645869637435">
        <ele>0</ele>
        <time>2025-04-11T01:25:21Z</time>
      </trkpt>
      <trkpt lat="38.83627327800842" lon="121.50646884513017">
        <ele>0</ele>
        <time>2025-04-11T01:25:22Z</time>
      </trkpt>
      <trkpt lat="38.836271791949805" lon="121.50647878659393">
        <ele>0</ele>
        <time>2025-04-11T01:25:23Z</time>
      </trkpt>
      <trkpt lat="38.83627038063802" lon="121.50648874162846">
        <ele>0</ele>
        <time>2025-04-11T01:25:24Z</time>
      </trkpt>
      <trkpt lat="38.83626888273389" lon="121.50649851031757">
        <ele>0</ele>
        <time>2025-04-11T01:25:25Z</time>
      </trkpt>
      <trkpt lat="38.83626703935526" lon="121.50650813796071">
        <ele>0</ele>
        <time>2025-04-11T01:25:26Z</time>
      </trkpt>
      <trkpt lat="38.83626465742481" lon="121.50651771839296">
        <ele>0</ele>
        <time>2025-04-11T01:25:27Z</time>
      </trkpt>
      <trkpt lat="38.83626168970498" lon="121.50652727653716">
        <ele>0</ele>
        <time>2025-04-11T01:25:28Z</time>
      </trkpt>
      <trkpt lat="38.83625823679439" lon="121.50653675896515">
        <ele>0</ele>
        <time>2025-04-11T01:25:29Z</time>
      </trkpt>
      <trkpt lat="38.83625435396614" lon="121.50654616471984">
        <ele>0</ele>
        <time>2025-04-11T01:25:30Z</time>
      </trkpt>
      <trkpt lat="38.83625021024113" lon="121.5065554461816">
        <ele>0</ele>
        <time>2025-04-11T01:25:31Z</time>
      </trkpt>
      <trkpt lat="38.83624599809459" lon="121.5065645513705">
        <ele>0</ele>
        <time>2025-04-11T01:25:32Z</time>
      </trkpt>
      <trkpt lat="38.83624188956813" lon="121.50657347038559">
        <ele>0</ele>
        <time>2025-04-11T01:25:33Z</time>
      </trkpt>
      <trkpt lat="38.836238108737085" lon="121.50658213589737">
        <ele>0</ele>
        <time>2025-04-11T01:25:34Z</time>
      </trkpt>
      <trkpt lat="38.836234872984676" lon="121.50659053956755">
        <ele>0</ele>
        <time>2025-04-11T01:25:35Z</time>
      </trkpt>
      <trkpt lat="38.836232237500454" lon="121.50659880829541">
        <ele>0</ele>
        <time>2025-04-11T01:25:36Z</time>
      </trkpt>
      <trkpt lat="38.8362300027422" lon="121.50660708381567">
        <ele>0</ele>
        <time>2025-04-11T01:25:37Z</time>
      </trkpt>
      <trkpt lat="38.83622782036808" lon="121.5066155397469">
        <ele>0</ele>
        <time>2025-04-11T01:25:38Z</time>
      </trkpt>
      <trkpt lat="38.83622545726006" lon="121.5066244000298">
        <ele>0</ele>
        <time>2025-04-11T01:25:39Z</time>
      </trkpt>
      <trkpt lat="38.83622282565936" lon="121.5066337699676">
        <ele>0</ele>
        <time>2025-04-11T01:25:40Z</time>
      </trkpt>
      <trkpt lat="38.8362200443029" lon="121.50664359336355">
        <ele>0</ele>
        <time>2025-04-11T01:25:41Z</time>
      </trkpt>
      <trkpt lat="38.83621716769267" lon="121.50665380518868">
        <ele>0</ele>
        <time>2025-04-11T01:25:42Z</time>
      </trkpt>
      <trkpt lat="38.83621421151042" lon="121.50666424239336">
        <ele>0</ele>
        <time>2025-04-11T01:25:43Z</time>
      </trkpt>
      <trkpt lat="38.83621115071544" lon="121.50667474497168">
        <ele>0</ele>
        <time>2025-04-11T01:25:44Z</time>
      </trkpt>
      <trkpt lat="38.83620813753179" lon="121.50668525818679">
        <ele>0</ele>
        <time>2025-04-11T01:25:45Z</time>
      </trkpt>
      <trkpt lat="38.836205436155126" lon="121.5066957669634">
        <ele>0</ele>
        <time>2025-04-11T01:25:46Z</time>
      </trkpt>
      <trkpt lat="38.83620336351061" lon="121.5067063195779">
        <ele>0</ele>
        <time>2025-04-11T01:25:47Z</time>
      </trkpt>
      <trkpt lat="38.83620215058463" lon="121.5067168674091">
        <ele>0</ele>
        <time>2025-04-11T01:25:48Z</time>
      </trkpt>
      <trkpt lat="38.836201876696606" lon="121.50672722387866">
        <ele>0</ele>
        <time>2025-04-11T01:25:49Z</time>
      </trkpt>
      <trkpt lat="38.836202416248035" lon="121.50673722605333">
        <ele>0</ele>
        <time>2025-04-11T01:25:50Z</time>
      </trkpt>
      <trkpt lat="38.83620342888939" lon="121.50674685838511">
        <ele>0</ele>
        <time>2025-04-11T01:25:51Z</time>
      </trkpt>
      <trkpt lat="38.8362047545167" lon="121.50675617274824">
        <ele>0</ele>
        <time>2025-04-11T01:25:52Z</time>
      </trkpt>
      <trkpt lat="38.83620657868744" lon="121.50676513528403">
        <ele>0</ele>
        <time>2025-04-11T01:25:53Z</time>
      </trkpt>
      <trkpt lat="38.83620910213568" lon="121.50677365583854">
        <ele>0</ele>
        <time>2025-04-11T01:25:54Z</time>
      </trkpt>
      <trkpt lat="38.83621233270254" lon="121.5067816857038">
        <ele>0</ele>
        <time>2025-04-11T01:25:55Z</time>
      </trkpt>
      <trkpt lat="38.83621614054856" lon="121.50678916422568">
        <ele>0</ele>
        <time>2025-04-11T01:25:56Z</time>
      </trkpt>
      <trkpt lat="38.83622041777546" lon="121.50679588093547">
        <ele>0</ele>
        <time>2025-04-11T01:25:57Z</time>
      </trkpt>
      <trkpt lat="38.83622504498901" lon="121.50680184943694">
        <ele>0</ele>
        <time>2025-04-11T01:25:58Z</time>
      </trkpt>
      <trkpt lat="38.836229963985545" lon="121.50680734350426">
        <ele>0</ele>
        <time>2025-04-11T01:25:59Z</time>
      </trkpt>
      <trkpt lat="38.836235194907474" lon="121.50681257783492">
        <ele>0</ele>
        <time>2025-04-11T01:26:00Z</time>
      </trkpt>
      <trkpt lat="38.83624070994768" lon="121.50681775556721">
        <ele>0</ele>
        <time>2025-04-11T01:26:01Z</time>
      </trkpt>
      <trkpt lat="38.836246506072726" lon="121.50682292331612">
        <ele>0</ele>
        <time>2025-04-11T01:26:02Z</time>
      </trkpt>
      <trkpt lat="38.83625265095158" lon="121.5068279731255">
        <ele>0</ele>
        <time>2025-04-11T01:26:03Z</time>
      </trkpt>
      <trkpt lat="38.836259094056786" lon="121.50683284796523">
        <ele>0</ele>
        <time>2025-04-11T01:26:04Z</time>
      </trkpt>
      <trkpt lat="38.8362656662542" lon="121.50683752016525">
        <ele>0</ele>
        <time>2025-04-11T01:26:05Z</time>
      </trkpt>
      <trkpt lat="38.83627220356841" lon="121.50684200157202">
        <ele>0</ele>
        <time>2025-04-11T01:26:06Z</time>
      </trkpt>
      <trkpt lat="38.83627856443031" lon="121.50684639042201">
        <ele>0</ele>
        <time>2025-04-11T01:26:07Z</time>
      </trkpt>
      <trkpt lat="38.836284670234264" lon="121.5068508679254">
        <ele>0</ele>
        <time>2025-04-11T01:26:08Z</time>
      </trkpt>
      <trkpt lat="38.83629059998093" lon="121.50685539213013">
        <ele>0</ele>
        <time>2025-04-11T01:26:09Z</time>
      </trkpt>
      <trkpt lat="38.83629655268272" lon="121.50685967400585">
        <ele>0</ele>
        <time>2025-04-11T01:26:10Z</time>
      </trkpt>
      <trkpt lat="38.83630267921412" lon="121.50686346934407">
        <ele>0</ele>
        <time>2025-04-11T01:26:11Z</time>
      </trkpt>
      <trkpt lat="38.83630896974956" lon="121.50686675521419">
        <ele>0</ele>
        <time>2025-04-11T01:26:12Z</time>
      </trkpt>
      <trkpt lat="38.8363153618818" lon="121.50686971672322">
        <ele>0</ele>
        <time>2025-04-11T01:26:13Z</time>
      </trkpt>
      <trkpt lat="38.836321832723705" lon="121.50687255353341">
        <ele>0</ele>
        <time>2025-04-11T01:26:14Z</time>
      </trkpt>
      <trkpt lat="38.83632835277521" lon="121.50687561236545">
        <ele>0</ele>
        <time>2025-04-11T01:26:15Z</time>
      </trkpt>
      <trkpt lat="38.83633486360624" lon="121.50687901578311">
        <ele>0</ele>
        <time>2025-04-11T01:26:16Z</time>
      </trkpt>
      <trkpt lat="38.836341314397586" lon="121.50688278857257">
        <ele>0</ele>
        <time>2025-04-11T01:26:17Z</time>
      </trkpt>
      <trkpt lat="38.836347774941736" lon="121.50688704664813">
        <ele>0</ele>
        <time>2025-04-11T01:26:18Z</time>
      </trkpt>
      <trkpt lat="38.836354308481695" lon="121.50689182730271">
        <ele>0</ele>
        <time>2025-04-11T01:26:19Z</time>
      </trkpt>
      <trkpt lat="38.83636089948745" lon="121.50689727747289">
        <ele>0</ele>
        <time>2025-04-11T01:26:20Z</time>
      </trkpt>
      <trkpt lat="38.836367648864034" lon="121.50690349624023">
        <ele>0</ele>
        <time>2025-04-11T01:26:21Z</time>
      </trkpt>
      <trkpt lat="38.8363747108177" lon="121.50691037142747">
        <ele>0</ele>
        <time>2025-04-11T01:26:22Z</time>
      </trkpt>
      <trkpt lat="38.83638216692531" lon="121.50691773136607">
        <ele>0</ele>
        <time>2025-04-11T01:26:23Z</time>
      </trkpt>
      <trkpt lat="38.836390053483115" lon="121.50692543363265">
        <ele>0</ele>
        <time>2025-04-11T01:26:24Z</time>
      </trkpt>
      <trkpt lat="38.836398361795645" lon="121.50693300891488">
        <ele>0</ele>
        <time>2025-04-11T01:26:25Z</time>
      </trkpt>
      <trkpt lat="38.836407042926844" lon="121.50694022650141">
        <ele>0</ele>
        <time>2025-04-11T01:26:26Z</time>
      </trkpt>
      <trkpt lat="38.83641603238811" lon="121.50694736130657">
        <ele>0</ele>
        <time>2025-04-11T01:26:27Z</time>
      </trkpt>
      <trkpt lat="38.836425206445206" lon="121.50695428277002">
        <ele>0</ele>
        <time>2025-04-11T01:26:28Z</time>
      </trkpt>
      <trkpt lat="38.83643451150872" lon="121.50696083317311">
        <ele>0</ele>
        <time>2025-04-11T01:26:29Z</time>
      </trkpt>
      <trkpt lat="38.83644400905215" lon="121.50696705517977">
        <ele>0</ele>
        <time>2025-04-11T01:26:30Z</time>
      </trkpt>
      <trkpt lat="38.83645353233104" lon="121.50697289613517">
        <ele>0</ele>
        <time>2025-04-11T01:26:31Z</time>
      </trkpt>
      <trkpt lat="38.83646284850627" lon="121.50697842617423">
        <ele>0</ele>
        <time>2025-04-11T01:26:32Z</time>
      </trkpt>
      <trkpt lat="38.83647189740752" lon="121.5069837816208">
        <ele>0</ele>
        <time>2025-04-11T01:26:33Z</time>
      </trkpt>
      <trkpt lat="38.836480502233755" lon="121.50698898580279">
        <ele>0</ele>
        <time>2025-04-11T01:26:34Z</time>
      </trkpt>
      <trkpt lat="38.83648858922628" lon="121.50699407134532">
        <ele>0</ele>
        <time>2025-04-11T01:26:35Z</time>
      </trkpt>
      <trkpt lat="38.83649630202934" lon="121.50699915476075">
        <ele>0</ele>
        <time>2025-04-11T01:26:36Z</time>
      </trkpt>
      <trkpt lat="38.83650374191332" lon="121.50700423012252">
        <ele>0</ele>
        <time>2025-04-11T01:26:37Z</time>
      </trkpt>
      <trkpt lat="38.836511023210456" lon="121.50700926614967">
        <ele>0</ele>
        <time>2025-04-11T01:26:38Z</time>
      </trkpt>
      <trkpt lat="38.836518312251066" lon="121.50701436640178">
        <ele>0</ele>
        <time>2025-04-11T01:26:39Z</time>
      </trkpt>
      <trkpt lat="38.836525694741795" lon="121.50701935539315">
        <ele>0</ele>
        <time>2025-04-11T01:26:40Z</time>
        <extensions>
          <gpxtpx:TrackPointExtension>
            <gpxtpx:hr>81</gpxtpx:hr>
          </gpxtpx:TrackPointExtension>
        </extensions>
      </trkpt>
      <trkpt lat="38.836533171469306" lon="121.5070242014585">
        <ele>0</ele>
        <time>2025-04-11T01:26:41Z</time>
        <extensions>
          <gpxtpx:TrackPointExtension>
            <gpxtpx:hr>81</gpxtpx:hr>
          </gpxtpx:TrackPointExtension>
        </extensions>
      </trkpt>
      <trkpt lat="38.83654085696864" lon="121.50702883257341">
        <ele>0</ele>
        <time>2025-04-11T01:26:42Z</time>
        <extensions>
          <gpxtpx:TrackPointExtension>
            <gpxtpx:hr>81</gpxtpx:hr>
          </gpxtpx:TrackPointExtension>
        </extensions>
      </trkpt>
      <trkpt lat="38.83654864235881" lon="121.50703325343953">
        <ele>0</ele>
        <time>2025-04-11T01:26:43Z</time>
        <extensions>
          <gpxtpx:TrackPointExtension>
            <gpxtpx:hr>81</gpxtpx:hr>
          </gpxtpx:TrackPointExtension>
        </extensions>
      </trkpt>
      <trkpt lat="38.83655646481894" lon="121.50703744369557">
        <ele>0</ele>
        <time>2025-04-11T01:26:44Z</time>
        <extensions>
          <gpxtpx:TrackPointExtension>
            <gpxtpx:hr>81</gpxtpx:hr>
          </gpxtpx:TrackPointExtension>
        </extensions>
      </trkpt>
      <trkpt lat="38.83656426915089" lon="121.50704167276676">
        <ele>0</ele>
        <time>2025-04-11T01:26:45Z</time>
        <extensions>
          <gpxtpx:TrackPointExtension>
            <gpxtpx:hr>81</gpxtpx:hr>
          </gpxtpx:TrackPointExtension>
        </extensions>
      </trkpt>
      <trkpt lat="38.83657198816986" lon="121.5070460984194">
        <ele>0</ele>
        <time>2025-04-11T01:26:46Z</time>
        <extensions>
          <gpxtpx:TrackPointExtension>
            <gpxtpx:hr>81</gpxtpx:hr>
          </gpxtpx:TrackPointExtension>
        </extensions>
      </trkpt>
      <trkpt lat="38.83657948841252" lon="121.50705086642887">
        <ele>0</ele>
        <time>2025-04-11T01:26:47Z</time>
        <extensions>
          <gpxtpx:TrackPointExtension>
            <gpxtpx:hr>81</gpxtpx:hr>
          </gpxtpx:TrackPointExtension>
        </extensions>
      </trkpt>
      <trkpt lat="38.83658682113961" lon="121.50705623937984">
        <ele>0</ele>
        <time>2025-04-11T01:26:48Z</time>
        <extensions>
          <gpxtpx:TrackPointExtension>
            <gpxtpx:hr>81</gpxtpx:hr>
          </gpxtpx:TrackPointExtension>
        </extensions>
      </trkpt>
      <trkpt lat="38.83659399794843" lon="121.50706226373539">
        <ele>0</ele>
        <time>2025-04-11T01:26:49Z</time>
        <extensions>
          <gpxtpx:TrackPointExtension>
            <gpxtpx:hr>81</gpxtpx:hr>
          </gpxtpx:TrackPointExtension>
        </extensions>
      </trkpt>
      <trkpt lat="38.836601045045434" lon="121.50706882548592">
        <ele>0</ele>
        <time>2025-04-11T01:26:50Z</time>
        <extensions>
          <gpxtpx:TrackPointExtension>
            <gpxtpx:hr>81</gpxtpx:hr>
          </gpxtpx:TrackPointExtension>
        </extensions>
      </trkpt>
      <trkpt lat="38.83660808330297" lon="121.50707572253935">
        <ele>0</ele>
        <time>2025-04-11T01:26:51Z</time>
        <extensions>
          <gpxtpx:TrackPointExtension>
            <gpxtpx:hr>81</gpxtpx:hr>
          </gpxtpx:TrackPointExtension>
        </extensions>
      </trkpt>
      <trkpt lat="38.83661500577896" lon="121.5070826838962">
        <ele>0</ele>
        <time>2025-04-11T01:26:52Z</time>
        <extensions>
          <gpxtpx:TrackPointExtension>
            <gpxtpx:hr>81</gpxtpx:hr>
          </gpxtpx:TrackPointExtension>
        </extensions>
      </trkpt>
      <trkpt lat="38.836621692555234" lon="121.50708965497917">
        <ele>0</ele>
        <time>2025-04-11T01:26:53Z</time>
        <extensions>
          <gpxtpx:TrackPointExtension>
            <gpxtpx:hr>81</gpxtpx:hr>
          </gpxtpx:TrackPointExtension>
        </extensions>
      </trkpt>
      <trkpt lat="38.8366282618511" lon="121.50709673582699">
        <ele>0</ele>
        <time>2025-04-11T01:26:54Z</time>
        <extensions>
          <gpxtpx:TrackPointExtension>
            <gpxtpx:hr>81</gpxtpx:hr>
          </gpxtpx:TrackPointExtension>
        </extensions>
      </trkpt>
      <trkpt lat="38.83663493554788" lon="121.50710378426938">
        <ele>0</ele>
        <time>2025-04-11T01:26:55Z</time>
        <extensions>
          <gpxtpx:TrackPointExtension>
            <gpxtpx:hr>81</gpxtpx:hr>
          </gpxtpx:TrackPointExtension>
        </extensions>
      </trkpt>
      <trkpt lat="38.83664204001884" lon="121.50711064055699">
        <ele>0</ele>
        <time>2025-04-11T01:26:56Z</time>
        <extensions>
          <gpxtpx:TrackPointExtension>
            <gpxtpx:hr>81</gpxtpx:hr>
          </gpxtpx:TrackPointExtension>
        </extensions>
      </trkpt>
      <trkpt lat="38.83664967203062" lon="121.50711739887994">
        <ele>0</ele>
        <time>2025-04-11T01:26:57Z</time>
        <extensions>
          <gpxtpx:TrackPointExtension>
            <gpxtpx:hr>81</gpxtpx:hr>
          </gpxtpx:TrackPointExtension>
        </extensions>
      </trkpt>
      <trkpt lat="38.83665770850773" lon="121.50712410662892">
        <ele>0</ele>
        <time>2025-04-11T01:26:58Z</time>
        <extensions>
          <gpxtpx:TrackPointExtension>
            <gpxtpx:hr>81</gpxtpx:hr>
          </gpxtpx:TrackPointExtension>
        </extensions>
      </trkpt>
      <trkpt lat="38.83666596721276" lon="121.50713082318941">
        <ele>0</ele>
        <time>2025-04-11T01:26:59Z</time>
        <extensions>
          <gpxtpx:TrackPointExtension>
            <gpxtpx:hr>81</gpxtpx:hr>
          </gpxtpx:TrackPointExtension>
        </extensions>
      </trkpt>
      <trkpt lat="38.83667439923239" lon="121.50713746453953">
        <ele>0</ele>
        <time>2025-04-11T01:27:00Z</time>
        <extensions>
          <gpxtpx:TrackPointExtension>
            <gpxtpx:hr>81</gpxtpx:hr>
          </gpxtpx:TrackPointExtension>
        </extensions>
      </trkpt>
      <trkpt lat="38.83668284698392" lon="121.50714394703438">
        <ele>0</ele>
        <time>2025-04-11T01:27:01Z</time>
        <extensions>
          <gpxtpx:TrackPointExtension>
            <gpxtpx:hr>81</gpxtpx:hr>
          </gpxtpx:TrackPointExtension>
        </extensions>
      </trkpt>
      <trkpt lat="38.83669115436639" lon="121.50715033504568">
        <ele>0</ele>
        <time>2025-04-11T01:27:02Z</time>
        <extensions>
          <gpxtpx:TrackPointExtension>
            <gpxtpx:hr>81</gpxtpx:hr>
          </gpxtpx:TrackPointExtension>
        </extensions>
      </trkpt>
      <trkpt lat="38.8366992572879" lon="121.50715657560058">
        <ele>0</ele>
        <time>2025-04-11T01:27:03Z</time>
        <extensions>
          <gpxtpx:TrackPointExtension>
            <gpxtpx:hr>81</gpxtpx:hr>
          </gpxtpx:TrackPointExtension>
        </extensions>
      </trkpt>
      <trkpt lat="38.836707039703256" lon="121.50716251979414">
        <ele>0</ele>
        <time>2025-04-11T01:27:04Z</time>
        <extensions>
          <gpxtpx:TrackPointExtension>
            <gpxtpx:hr>81</gpxtpx:hr>
          </gpxtpx:TrackPointExtension>
        </extensions>
      </trkpt>
      <trkpt lat="38.836714336882544" lon="121.50716799442783">
        <ele>0</ele>
        <time>2025-04-11T01:27:05Z</time>
        <extensions>
          <gpxtpx:TrackPointExtension>
            <gpxtpx:hr>81</gpxtpx:hr>
          </gpxtpx:TrackPointExtension>
        </extensions>
      </trkpt>
      <trkpt lat="38.83672108064535" lon="121.5071729157453">
        <ele>0</ele>
        <time>2025-04-11T01:27:06Z</time>
        <extensions>
          <gpxtpx:TrackPointExtension>
            <gpxtpx:hr>81</gpxtpx:hr>
          </gpxtpx:TrackPointExtension>
        </extensions>
      </trkpt>
      <trkpt lat="38.83672738586004" lon="121.50717710319107">
        <ele>0</ele>
        <time>2025-04-11T01:27:07Z</time>
        <extensions>
          <gpxtpx:TrackPointExtension>
            <gpxtpx:hr>81</gpxtpx:hr>
          </gpxtpx:TrackPointExtension>
        </extensions>
      </trkpt>
      <trkpt lat="38.836733533408946" lon="121.50718037414309">
        <ele>0</ele>
        <time>2025-04-11T01:27:08Z</time>
        <extensions>
          <gpxtpx:TrackPointExtension>
            <gpxtpx:hr>81</gpxtpx:hr>
          </gpxtpx:TrackPointExtension>
        </extensions>
      </trkpt>
      <trkpt lat="38.836739703806664" lon="121.50718249275106">
        <ele>0</ele>
        <time>2025-04-11T01:27:09Z</time>
        <extensions>
          <gpxtpx:TrackPointExtension>
            <gpxtpx:hr>82</gpxtpx:hr>
          </gpxtpx:TrackPointExtension>
        </extensions>
      </trkpt>
      <trkpt lat="38.83674598952316" lon="121.50718342513207">
        <ele>0</ele>
        <time>2025-04-11T01:27:10Z</time>
        <extensions>
          <gpxtpx:TrackPointExtension>
            <gpxtpx:hr>82</gpxtpx:hr>
          </gpxtpx:TrackPointExtension>
        </extensions>
      </trkpt>
      <trkpt lat="38.83675240383441" lon="121.50718321478244">
        <ele>0</ele>
        <time>2025-04-11T01:27:11Z</time>
        <extensions>
          <gpxtpx:TrackPointExtension>
            <gpxtpx:hr>82</gpxtpx:hr>
          </gpxtpx:TrackPointExtension>
        </extensions>
      </trkpt>
      <trkpt lat="38.8367589243647" lon="121.50718190489948">
        <ele>0</ele>
        <time>2025-04-11T01:27:12Z</time>
        <extensions>
          <gpxtpx:TrackPointExtension>
            <gpxtpx:hr>82</gpxtpx:hr>
          </gpxtpx:TrackPointExtension>
        </extensions>
      </trkpt>
      <trkpt lat="38.836765510370306" lon="121.50717963772945">
        <ele>0</ele>
        <time>2025-04-11T01:27:13Z</time>
        <extensions>
          <gpxtpx:TrackPointExtension>
            <gpxtpx:hr>82</gpxtpx:hr>
          </gpxtpx:TrackPointExtension>
        </extensions>
      </trkpt>
      <trkpt lat="38.836772095636896" lon="121.50717677709164">
        <ele>0</ele>
        <time>2025-04-11T01:27:14Z</time>
        <extensions>
          <gpxtpx:TrackPointExtension>
            <gpxtpx:hr>82</gpxtpx:hr>
          </gpxtpx:TrackPointExtension>
        </extensions>
      </trkpt>
      <trkpt lat="38.836778633380796" lon="121.5071735298594">
        <ele>0</ele>
        <time>2025-04-11T01:27:15Z</time>
        <extensions>
          <gpxtpx:TrackPointExtension>
            <gpxtpx:hr>82</gpxtpx:hr>
          </gpxtpx:TrackPointExtension>
        </extensions>
      </trkpt>
      <trkpt lat="38.8367850476694" lon="121.50716996573283">
        <ele>0</ele>
        <time>2025-04-11T01:27:16Z</time>
        <extensions>
          <gpxtpx:TrackPointExtension>
            <gpxtpx:hr>82</gpxtpx:hr>
          </gpxtpx:TrackPointExtension>
        </extensions>
      </trkpt>
      <trkpt lat="38.836791132905574" lon="121.50716597957766">
        <ele>0</ele>
        <time>2025-04-11T01:27:17Z</time>
        <extensions>
          <gpxtpx:TrackPointExtension>
            <gpxtpx:hr>82</gpxtpx:hr>
          </gpxtpx:TrackPointExtension>
        </extensions>
      </trkpt>
      <trkpt lat="38.83679674403988" lon="121.50716154339803">
        <ele>0</ele>
        <time>2025-04-11T01:27:18Z</time>
        <extensions>
          <gpxtpx:TrackPointExtension>
            <gpxtpx:hr>82</gpxtpx:hr>
          </gpxtpx:TrackPointExtension>
        </extensions>
      </trkpt>
      <trkpt lat="38.836801891233776" lon="121.50715687549965">
        <ele>0</ele>
        <time>2025-04-11T01:27:19Z</time>
        <extensions>
          <gpxtpx:TrackPointExtension>
            <gpxtpx:hr>82</gpxtpx:hr>
          </gpxtpx:TrackPointExtension>
        </extensions>
      </trkpt>
      <trkpt lat="38.8368066905631" lon="121.50715235809695">
        <ele>0</ele>
        <time>2025-04-11T01:27:20Z</time>
        <extensions>
          <gpxtpx:TrackPointExtension>
            <gpxtpx:hr>82</gpxtpx:hr>
          </gpxtpx:TrackPointExtension>
        </extensions>
      </trkpt>
      <trkpt lat="38.836811196305455" lon="121.50714819634514">
        <ele>0</ele>
        <time>2025-04-11T01:27:21Z</time>
      </trkpt>
      <trkpt lat="38.83681551262505" lon="121.50714410536241">
        <ele>0</ele>
        <time>2025-04-11T01:27:22Z</time>
      </trkpt>
      <trkpt lat="38.83681980834426" lon="121.50713947792994">
        <ele>0</ele>
        <time>2025-04-11T01:27:23Z</time>
      </trkpt>
      <trkpt lat="38.83682428372426" lon="121.50713382908883">
        <ele>0</ele>
        <time>2025-04-11T01:27:24Z</time>
      </trkpt>
      <trkpt lat="38.83682910695131" lon="121.50712715068758">
        <ele>0</ele>
        <time>2025-04-11T01:27:25Z</time>
      </trkpt>
      <trkpt lat="38.83683431720299" lon="121.50711982823675">
        <ele>0</ele>
        <time>2025-04-11T01:27:26Z</time>
      </trkpt>
      <trkpt lat="38.83683987237274" lon="121.50711223075177">
        <ele>0</ele>
        <time>2025-04-11T01:27:27Z</time>
      </trkpt>
      <trkpt lat="38.83684559149738" lon="121.5071045075209">
        <ele>0</ele>
        <time>2025-04-11T01:27:28Z</time>
      </trkpt>
      <trkpt lat="38.836851310119854" lon="121.5070967424725">
        <ele>0</ele>
        <time>2025-04-11T01:27:29Z</time>
        <extensions>
          <gpxtpx:TrackPointExtension>
            <gpxtpx:hr>81</gpxtpx:hr>
          </gpxtpx:TrackPointExtension>
        </extensions>
      </trkpt>
      <trkpt lat="38.83685702730711" lon="121.5070890862798">
        <ele>0</ele>
        <time>2025-04-11T01:27:30Z</time>
        <extensions>
          <gpxtpx:TrackPointExtension>
            <gpxtpx:hr>81</gpxtpx:hr>
          </gpxtpx:TrackPointExtension>
        </extensions>
      </trkpt>
      <trkpt lat="38.83686276999222" lon="121.50708165528867">
        <ele>0</ele>
        <time>2025-04-11T01:27:31Z</time>
        <extensions>
          <gpxtpx:TrackPointExtension>
            <gpxtpx:hr>81</gpxtpx:hr>
          </gpxtpx:TrackPointExtension>
        </extensions>
      </trkpt>
      <trkpt lat="38.83686843612825" lon="121.50707447394015">
        <ele>0</ele>
        <time>2025-04-11T01:27:32Z</time>
        <extensions>
          <gpxtpx:TrackPointExtension>
            <gpxtpx:hr>81</gpxtpx:hr>
          </gpxtpx:TrackPointExtension>
        </extensions>
      </trkpt>
      <trkpt lat="38.83687380154949" lon="121.50706738373118">
        <ele>0</ele>
        <time>2025-04-11T01:27:33Z</time>
        <extensions>
          <gpxtpx:TrackPointExtension>
            <gpxtpx:hr>81</gpxtpx:hr>
          </gpxtpx:TrackPointExtension>
        </extensions>
      </trkpt>
      <trkpt lat="38.83687878277505" lon="121.50706022886683">
        <ele>0</ele>
        <time>2025-04-11T01:27:34Z</time>
        <extensions>
          <gpxtpx:TrackPointExtension>
            <gpxtpx:hr>81</gpxtpx:hr>
          </gpxtpx:TrackPointExtension>
        </extensions>
      </trkpt>
      <trkpt lat="38.83688334460698" lon="121.5070529218524">
        <ele>0</ele>
        <time>2025-04-11T01:27:35Z</time>
        <extensions>
          <gpxtpx:TrackPointExtension>
            <gpxtpx:hr>81</gpxtpx:hr>
          </gpxtpx:TrackPointExtension>
        </extensions>
      </trkpt>
      <trkpt lat="38.83688755191381" lon="121.50704536493181">
        <ele>0</ele>
        <time>2025-04-11T01:27:36Z</time>
        <extensions>
          <gpxtpx:TrackPointExtension>
            <gpxtpx:hr>81</gpxtpx:hr>
          </gpxtpx:TrackPointExtension>
        </extensions>
      </trkpt>
      <trkpt lat="38.836891530717566" lon="121.50703754319933">
        <ele>0</ele>
        <time>2025-04-11T01:27:37Z</time>
        <extensions>
          <gpxtpx:TrackPointExtension>
            <gpxtpx:hr>81</gpxtpx:hr>
          </gpxtpx:TrackPointExtension>
        </extensions>
      </trkpt>
      <trkpt lat="38.836895336588" lon="121.50702951708229">
        <ele>0</ele>
        <time>2025-04-11T01:27:38Z</time>
        <extensions>
          <gpxtpx:TrackPointExtension>
            <gpxtpx:hr>81</gpxtpx:hr>
          </gpxtpx:TrackPointExtension>
        </extensions>
      </trkpt>
      <trkpt lat="38.8368989373517" lon="121.50702133713463">
        <ele>0</ele>
        <time>2025-04-11T01:27:39Z</time>
        <extensions>
          <gpxtpx:TrackPointExtension>
            <gpxtpx:hr>81</gpxtpx:hr>
          </gpxtpx:TrackPointExtension>
        </extensions>
      </trkpt>
      <trkpt lat="38.836902330549776" lon="121.50701301191853">
        <ele>0</ele>
        <time>2025-04-11T01:27:40Z</time>
        <extensions>
          <gpxtpx:TrackPointExtension>
            <gpxtpx:hr>81</gpxtpx:hr>
          </gpxtpx:TrackPointExtension>
        </extensions>
      </trkpt>
      <trkpt lat="38.83690558470625" lon="121.50700460096171">
        <ele>0</ele>
        <time>2025-04-11T01:27:41Z</time>
        <extensions>
          <gpxtpx:TrackPointExtension>
            <gpxtpx:hr>81</gpxtpx:hr>
          </gpxtpx:TrackPointExtension>
        </extensions>
      </trkpt>
      <trkpt lat="38.836908816907616" lon="121.50699627030535">
        <ele>0</ele>
        <time>2025-04-11T01:27:42Z</time>
        <extensions>
          <gpxtpx:TrackPointExtension>
            <gpxtpx:hr>81</gpxtpx:hr>
          </gpxtpx:TrackPointExtension>
        </extensions>
      </trkpt>
      <trkpt lat="38.83691212428067" lon="121.50698811473484">
        <ele>0</ele>
        <time>2025-04-11T01:27:43Z</time>
        <extensions>
          <gpxtpx:TrackPointExtension>
            <gpxtpx:hr>81</gpxtpx:hr>
          </gpxtpx:TrackPointExtension>
        </extensions>
      </trkpt>
      <trkpt lat="38.83691544595433" lon="121.50698025971847">
        <ele>0</ele>
        <time>2025-04-11T01:27:44Z</time>
        <extensions>
          <gpxtpx:TrackPointExtension>
            <gpxtpx:hr>81</gpxtpx:hr>
          </gpxtpx:TrackPointExtension>
        </extensions>
      </trkpt>
      <trkpt lat="38.83691871204903" lon="121.50697286543851">
        <ele>0</ele>
        <time>2025-04-11T01:27:45Z</time>
        <extensions>
          <gpxtpx:TrackPointExtension>
            <gpxtpx:hr>81</gpxtpx:hr>
          </gpxtpx:TrackPointExtension>
        </extensions>
      </trkpt>
      <trkpt lat="38.83692205114426" lon="121.50696606443387">
        <ele>0</ele>
        <time>2025-04-11T01:27:46Z</time>
        <extensions>
          <gpxtpx:TrackPointExtension>
            <gpxtpx:hr>81</gpxtpx:hr>
          </gpxtpx:TrackPointExtension>
        </extensions>
      </trkpt>
      <trkpt lat="38.836925562756136" lon="121.50695986411347">
        <ele>0</ele>
        <time>2025-04-11T01:27:47Z</time>
        <extensions>
          <gpxtpx:TrackPointExtension>
            <gpxtpx:hr>81</gpxtpx:hr>
          </gpxtpx:TrackPointExtension>
        </extensions>
      </trkpt>
      <trkpt lat="38.83692938782911" lon="121.50695403210337">
        <ele>0</ele>
        <time>2025-04-11T01:27:48Z</time>
        <extensions>
          <gpxtpx:TrackPointExtension>
            <gpxtpx:hr>81</gpxtpx:hr>
          </gpxtpx:TrackPointExtension>
        </extensions>
      </trkpt>
      <trkpt lat="38.8369337276908" lon="121.5069481517615">
        <ele>0</ele>
        <time>2025-04-11T01:27:49Z</time>
        <extensions>
          <gpxtpx:TrackPointExtension>
            <gpxtpx:hr>81</gpxtpx:hr>
          </gpxtpx:TrackPointExtension>
        </extensions>
      </trkpt>
      <trkpt lat="38.83693854488734" lon="121.50694188079315">
        <ele>0</ele>
        <time>2025-04-11T01:27:50Z</time>
        <extensions>
          <gpxtpx:TrackPointExtension>
            <gpxtpx:hr>81</gpxtpx:hr>
          </gpxtpx:TrackPointExtension>
        </extensions>
      </trkpt>
      <trkpt lat="38.83694359948989" lon="121.50693491221824">
        <ele>0</ele>
        <time>2025-04-11T01:27:51Z</time>
      </trkpt>
      <trkpt lat="38.83694872031477" lon="121.50692694374158">
        <ele>0</ele>
        <time>2025-04-11T01:27:52Z</time>
      </trkpt>
      <trkpt lat="38.83695383587077" lon="121.50691803184922">
        <ele>0</ele>
        <time>2025-04-11T01:27:53Z</time>
      </trkpt>
      <trkpt lat="38.83695899458851" lon="121.50690846200838">
        <ele>0</ele>
        <time>2025-04-11T01:27:54Z</time>
      </trkpt>
      <trkpt lat="38.83696438988848" lon="121.50689848002646">
        <ele>0</ele>
        <time>2025-04-11T01:27:55Z</time>
      </trkpt>
      <trkpt lat="38.83697003785226" lon="121.50688838824912">
        <ele>0</ele>
        <time>2025-04-11T01:27:56Z</time>
      </trkpt>
      <trkpt lat="38.83697588664812" lon="121.50687835539485">
        <ele>0</ele>
        <time>2025-04-11T01:27:57Z</time>
      </trkpt>
      <trkpt lat="38.836981880129706" lon="121.50686833352438">
        <ele>0</ele>
        <time>2025-04-11T01:27:58Z</time>
      </trkpt>
      <trkpt lat="38.836987861661044" lon="121.5068583943456">
        <ele>0</ele>
        <time>2025-04-11T01:27:59Z</time>
      </trkpt>
      <trkpt lat="38.83699381901992" lon="121.50684867758982">
        <ele>0</ele>
        <time>2025-04-11T01:28:00Z</time>
      </trkpt>
      <trkpt lat="38.83699988866473" lon="121.50683919782429">
        <ele>0</ele>
        <time>2025-04-11T01:28:01Z</time>
      </trkpt>
      <trkpt lat="38.83700599461104" lon="121.50683000628848">
        <ele>0</ele>
        <time>2025-04-11T01:28:02Z</time>
      </trkpt>
      <trkpt lat="38.83701192787071" lon="121.50682099618916">
        <ele>0</ele>
        <time>2025-04-11T01:28:03Z</time>
      </trkpt>
      <trkpt lat="38.83701774467174" lon="121.5068119740576">
        <ele>0</ele>
        <time>2025-04-11T01:28:04Z</time>
      </trkpt>
      <trkpt lat="38.83702348940213" lon="121.50680289070361">
        <ele>0</ele>
        <time>2025-04-11T01:28:05Z</time>
      </trkpt>
      <trkpt lat="38.837028945005606" lon="121.50679384862987">
        <ele>0</ele>
        <time>2025-04-11T01:28:06Z</time>
      </trkpt>
      <trkpt lat="38.837033845474195" lon="121.50678493742835">
        <ele>0</ele>
        <time>2025-04-11T01:28:07Z</time>
      </trkpt>
      <trkpt lat="38.83703817619561" lon="121.50677614676029">
        <ele>0</ele>
        <time>2025-04-11T01:28:08Z</time>
      </trkpt>
      <trkpt lat="38.83704217159348" lon="121.50676749123029">
        <ele>0</ele>
        <time>2025-04-11T01:28:09Z</time>
      </trkpt>
      <trkpt lat="38.83704596963691" lon="121.50675902232142">
        <ele>0</ele>
        <time>2025-04-11T01:28:10Z</time>
      </trkpt>
      <trkpt lat="38.83704960929403" lon="121.50675080003018">
        <ele>0</ele>
        <time>2025-04-11T01:28:11Z</time>
      </trkpt>
      <trkpt lat="38.837053055232566" lon="121.5067427431868">
        <ele>0</ele>
        <time>2025-04-11T01:28:12Z</time>
      </trkpt>
      <trkpt lat="38.83705634862265" lon="121.50673469855802">
        <ele>0</ele>
        <time>2025-04-11T01:28:13Z</time>
      </trkpt>
      <trkpt lat="38.83705965761769" lon="121.50672658959368">
        <ele>0</ele>
        <time>2025-04-11T01:28:14Z</time>
      </trkpt>
      <trkpt lat="38.83706327717447" lon="121.50671791605907">
        <ele>0</ele>
        <time>2025-04-11T01:28:15Z</time>
      </trkpt>
      <trkpt lat="38.83706682494165" lon="121.50670943060804">
        <ele>0</ele>
        <time>2025-04-11T01:28:16Z</time>
      </trkpt>
      <trkpt lat="38.83707050839075" lon="121.50670079162607">
        <ele>0</ele>
        <time>2025-04-11T01:28:17Z</time>
      </trkpt>
      <trkpt lat="38.83707461575655" lon="121.50669231128245">
        <ele>0</ele>
        <time>2025-04-11T01:28:18Z</time>
      </trkpt>
      <trkpt lat="38.837079196862405" lon="121.5066842810697">
        <ele>0</ele>
        <time>2025-04-11T01:28:19Z</time>
      </trkpt>
      <trkpt lat="38.83708407717939" lon="121.50667672154779">
        <ele>0</ele>
        <time>2025-04-11T01:28:20Z</time>
      </trkpt>
      <trkpt lat="38.83708923943808" lon="121.50666946258794">
        <ele>0</ele>
        <time>2025-04-11T01:28:21Z</time>
      </trkpt>
      <trkpt lat="38.83709460525205" lon="121.5066621918258">
        <ele>0</ele>
        <time>2025-04-11T01:28:22Z</time>
      </trkpt>
      <trkpt lat="38.837099923791" lon="121.50665461938087">
        <ele>0</ele>
        <time>2025-04-11T01:28:23Z</time>
      </trkpt>
      <trkpt lat="38.83710504900384" lon="121.50664667850718">
        <ele>0</ele>
        <time>2025-04-11T01:28:24Z</time>
      </trkpt>
      <trkpt lat="38.837109920536385" lon="121.50663842971636">
        <ele>0</ele>
        <time>2025-04-11T01:28:25Z</time>
      </trkpt>
      <trkpt lat="38.837114560046636" lon="121.50663002137753">
        <ele>0</ele>
        <time>2025-04-11T01:28:26Z</time>
      </trkpt>
      <trkpt lat="38.83711895570896" lon="121.50662155013829">
        <ele>0</ele>
        <time>2025-04-11T01:28:27Z</time>
      </trkpt>
      <trkpt lat="38.83712296164338" lon="121.50661295224373">
        <ele>0</ele>
        <time>2025-04-11T01:28:28Z</time>
        <extensions>
          <gpxtpx:TrackPointExtension>
            <gpxtpx:hr>82</gpxtpx:hr>
          </gpxtpx:TrackPointExtension>
        </extensions>
      </trkpt>
      <trkpt lat="38.83712647314783" lon="121.50660410502638">
        <ele>0</ele>
        <time>2025-04-11T01:28:29Z</time>
        <extensions>
          <gpxtpx:TrackPointExtension>
            <gpxtpx:hr>82</gpxtpx:hr>
          </gpxtpx:TrackPointExtension>
        </extensions>
      </trkpt>
      <trkpt lat="38.83712960217222" lon="121.50659498127702">
        <ele>0</ele>
        <time>2025-04-11T01:28:30Z</time>
        <extensions>
          <gpxtpx:TrackPointExtension>
            <gpxtpx:hr>82</gpxtpx:hr>
          </gpxtpx:TrackPointExtension>
        </extensions>
      </trkpt>
      <trkpt lat="38.83713273369078" lon="121.50658563830639">
        <ele>0</ele>
        <time>2025-04-11T01:28:31Z</time>
        <extensions>
          <gpxtpx:TrackPointExtension>
            <gpxtpx:hr>82</gpxtpx:hr>
          </gpxtpx:TrackPointExtension>
        </extensions>
      </trkpt>
      <trkpt lat="38.83713622472689" lon="121.50657609521633">
        <ele>0</ele>
        <time>2025-04-11T01:28:32Z</time>
        <extensions>
          <gpxtpx:TrackPointExtension>
            <gpxtpx:hr>82</gpxtpx:hr>
          </gpxtpx:TrackPointExtension>
        </extensions>
      </trkpt>
      <trkpt lat="38.83714021822111" lon="121.50656638093687">
        <ele>0</ele>
        <time>2025-04-11T01:28:33Z</time>
        <extensions>
          <gpxtpx:TrackPointExtension>
            <gpxtpx:hr>82</gpxtpx:hr>
          </gpxtpx:TrackPointExtension>
        </extensions>
      </trkpt>
      <trkpt lat="38.837144672027804" lon="121.50655665022863">
        <ele>0</ele>
        <time>2025-04-11T01:28:34Z</time>
        <extensions>
          <gpxtpx:TrackPointExtension>
            <gpxtpx:hr>82</gpxtpx:hr>
          </gpxtpx:TrackPointExtension>
        </extensions>
      </trkpt>
      <trkpt lat="38.83714944501622" lon="121.50654702545641">
        <ele>0</ele>
        <time>2025-04-11T01:28:35Z</time>
        <extensions>
          <gpxtpx:TrackPointExtension>
            <gpxtpx:hr>82</gpxtpx:hr>
          </gpxtpx:TrackPointExtension>
        </extensions>
      </trkpt>
      <trkpt lat="38.837154490405986" lon="121.50653757494052">
        <ele>0</ele>
        <time>2025-04-11T01:28:36Z</time>
        <extensions>
          <gpxtpx:TrackPointExtension>
            <gpxtpx:hr>82</gpxtpx:hr>
          </gpxtpx:TrackPointExtension>
        </extensions>
      </trkpt>
      <trkpt lat="38.83715971292632" lon="121.50652835103926">
        <ele>0</ele>
        <time>2025-04-11T01:28:37Z</time>
        <extensions>
          <gpxtpx:TrackPointExtension>
            <gpxtpx:hr>82</gpxtpx:hr>
          </gpxtpx:TrackPointExtension>
        </extensions>
      </trkpt>
      <trkpt lat="38.83716510050941" lon="121.50651950371487">
        <ele>0</ele>
        <time>2025-04-11T01:28:38Z</time>
        <extensions>
          <gpxtpx:TrackPointExtension>
            <gpxtpx:hr>82</gpxtpx:hr>
          </gpxtpx:TrackPointExtension>
        </extensions>
      </trkpt>
      <trkpt lat="38.83717085939966" lon="121.50651131448835">
        <ele>0</ele>
        <time>2025-04-11T01:28:39Z</time>
        <extensions>
          <gpxtpx:TrackPointExtension>
            <gpxtpx:hr>82</gpxtpx:hr>
          </gpxtpx:TrackPointExtension>
        </extensions>
      </trkpt>
      <trkpt lat="38.837176922549816" lon="121.5065039651314">
        <ele>0</ele>
        <time>2025-04-11T01:28:40Z</time>
        <extensions>
          <gpxtpx:TrackPointExtension>
            <gpxtpx:hr>82</gpxtpx:hr>
          </gpxtpx:TrackPointExtension>
        </extensions>
      </trkpt>
      <trkpt lat="38.837182975136024" lon="121.50649743959654">
        <ele>0</ele>
        <time>2025-04-11T01:28:41Z</time>
        <extensions>
          <gpxtpx:TrackPointExtension>
            <gpxtpx:hr>82</gpxtpx:hr>
          </gpxtpx:TrackPointExtension>
        </extensions>
      </trkpt>
      <trkpt lat="38.83718869597685" lon="121.50649135883748">
        <ele>0</ele>
        <time>2025-04-11T01:28:42Z</time>
        <extensions>
          <gpxtpx:TrackPointExtension>
            <gpxtpx:hr>82</gpxtpx:hr>
          </gpxtpx:TrackPointExtension>
        </extensions>
      </trkpt>
      <trkpt lat="38.83719391415193" lon="121.50648514628756">
        <ele>0</ele>
        <time>2025-04-11T01:28:43Z</time>
        <extensions>
          <gpxtpx:TrackPointExtension>
            <gpxtpx:hr>82</gpxtpx:hr>
          </gpxtpx:TrackPointExtension>
        </extensions>
      </trkpt>
      <trkpt lat="38.837198809519606" lon="121.50647857884957">
        <ele>0</ele>
        <time>2025-04-11T01:28:44Z</time>
        <extensions>
          <gpxtpx:TrackPointExtension>
            <gpxtpx:hr>82</gpxtpx:hr>
          </gpxtpx:TrackPointExtension>
        </extensions>
      </trkpt>
      <trkpt lat="38.837203512125924" lon="121.50647169118633">
        <ele>0</ele>
        <time>2025-04-11T01:28:45Z</time>
        <extensions>
          <gpxtpx:TrackPointExtension>
            <gpxtpx:hr>82</gpxtpx:hr>
          </gpxtpx:TrackPointExtension>
        </extensions>
      </trkpt>
      <trkpt lat="38.83720784673916" lon="121.50646445694188">
        <ele>0</ele>
        <time>2025-04-11T01:28:46Z</time>
        <extensions>
          <gpxtpx:TrackPointExtension>
            <gpxtpx:hr>82</gpxtpx:hr>
          </gpxtpx:TrackPointExtension>
        </extensions>
      </trkpt>
      <trkpt lat="38.83721177108632" lon="121.50645706936471">
        <ele>0</ele>
        <time>2025-04-11T01:28:47Z</time>
        <extensions>
          <gpxtpx:TrackPointExtension>
            <gpxtpx:hr>82</gpxtpx:hr>
          </gpxtpx:TrackPointExtension>
        </extensions>
      </trkpt>
      <trkpt lat="38.83721538788847" lon="121.5064497928014">
        <ele>0</ele>
        <time>2025-04-11T01:28:48Z</time>
        <extensions>
          <gpxtpx:TrackPointExtension>
            <gpxtpx:hr>82</gpxtpx:hr>
          </gpxtpx:TrackPointExtension>
        </extensions>
      </trkpt>
      <trkpt lat="38.837218866669964" lon="121.50644291111814">
        <ele>0</ele>
        <time>2025-04-11T01:28:49Z</time>
        <extensions>
          <gpxtpx:TrackPointExtension>
            <gpxtpx:hr>82</gpxtpx:hr>
          </gpxtpx:TrackPointExtension>
        </extensions>
      </trkpt>
      <trkpt lat="38.83722220997278" lon="121.50643660861381">
        <ele>0</ele>
        <time>2025-04-11T01:28:50Z</time>
        <extensions>
          <gpxtpx:TrackPointExtension>
            <gpxtpx:hr>82</gpxtpx:hr>
          </gpxtpx:TrackPointExtension>
        </extensions>
      </trkpt>
      <trkpt lat="38.837225230373825" lon="121.5064310071197">
        <ele>0</ele>
        <time>2025-04-11T01:28:51Z</time>
      </trkpt>
      <trkpt lat="38.83722765484623" lon="121.50642633369975">
        <ele>0</ele>
        <time>2025-04-11T01:28:52Z</time>
      </trkpt>
      <trkpt lat="38.83722927930584" lon="121.50642286840687">
        <ele>0</ele>
        <time>2025-04-11T01:28:53Z</time>
      </trkpt>
      <trkpt lat="38.83723021497099" lon="121.50642072795601">
        <ele>0</ele>
        <time>2025-04-11T01:28:54Z</time>
      </trkpt>
      <trkpt lat="38.83723070000704" lon="121.50641972267235">
        <ele>0</ele>
        <time>2025-04-11T01:28:55Z</time>
      </trkpt>
      <trkpt lat="38.83723082865719" lon="121.50641947415804">
        <ele>0</ele>
        <time>2025-04-11T01:28:56Z</time>
      </trkpt>
      <trkpt lat="38.83723062108553" lon="121.50641969381633">
        <ele>0</ele>
        <time>2025-04-11T01:28:57Z</time>
      </trkpt>
      <trkpt lat="38.83723018185941" lon="121.50642008540339">
        <ele>0</ele>
        <time>2025-04-11T01:28:58Z</time>
      </trkpt>
      <trkpt lat="38.83722944261082" lon="121.50642043578546">
        <ele>0</ele>
        <time>2025-04-11T01:28:59Z</time>
      </trkpt>
      <trkpt lat="38.83722877490902" lon="121.50642063877257">
        <ele>0</ele>
        <time>2025-04-11T01:29:00Z</time>
      </trkpt>
      <trkpt lat="38.83722816570053" lon="121.50642074144656">
        <ele>0</ele>
        <time>2025-04-11T01:29:01Z</time>
      </trkpt>
      <trkpt lat="38.83722758167502" lon="121.50642078899317">
        <ele>0</ele>
        <time>2025-04-11T01:29:02Z</time>
      </trkpt>
      <trkpt lat="38.83722702548971" lon="121.50642081323119">
        <ele>0</ele>
        <time>2025-04-11T01:29:03Z</time>
      </trkpt>
      <trkpt lat="38.83722651240169" lon="121.50642083035055">
        <ele>0</ele>
        <time>2025-04-11T01:29:04Z</time>
      </trkpt>
      <trkpt lat="38.83722613887456" lon="121.50642082930838">
        <ele>0</ele>
        <time>2025-04-11T01:29:05Z</time>
      </trkpt>
      <trkpt lat="38.83722605902668" lon="121.50642080434393">
        <ele>0</ele>
        <time>2025-04-11T01:29:06Z</time>
      </trkpt>
      <trkpt lat="38.83722613635062" lon="121.50642077821256">
        <ele>0</ele>
        <time>2025-04-11T01:29:06Z</time>
      </trkpt>
      <trkpt lat="38.83722639188638" lon="121.50642071578821">
        <ele>0</ele>
        <time>2025-04-11T01:29:07Z</time>
      </trkpt>
      <trkpt lat="38.837226562140046" lon="121.50642068146713">
        <ele>0</ele>
        <time>2025-04-11T01:29:08Z</time>
      </trkpt>
      <trkpt lat="38.837226723251675" lon="121.50642079799971">
        <ele>0</ele>
        <time>2025-04-11T01:29:09Z</time>
      </trkpt>
      <trkpt lat="38.83722665551317" lon="121.50642087600148">
        <ele>0</ele>
        <time>2025-04-11T01:29:10Z</time>
      </trkpt>
      <trkpt lat="38.837226473476136" lon="121.50642102271308">
        <ele>0</ele>
        <time>2025-04-11T01:29:11Z</time>
      </trkpt>
      <trkpt lat="38.83722634759684" lon="121.50642135177432">
        <ele>0</ele>
        <time>2025-04-11T01:29:12Z</time>
        <extensions>
          <gpxtpx:TrackPointExtension>
            <gpxtpx:hr>80</gpxtpx:hr>
          </gpxtpx:TrackPointExtension>
        </extensions>
      </trkpt>
      <trkpt lat="38.83722613051079" lon="121.50642163569756">
        <ele>0</ele>
        <time>2025-04-11T01:29:13Z</time>
        <extensions>
          <gpxtpx:TrackPointExtension>
            <gpxtpx:hr>80</gpxtpx:hr>
          </gpxtpx:TrackPointExtension>
        </extensions>
      </trkpt>
      <trkpt lat="38.83722595962325" lon="121.50642178294285">
        <ele>0</ele>
        <time>2025-04-11T01:29:14Z</time>
        <extensions>
          <gpxtpx:TrackPointExtension>
            <gpxtpx:hr>80</gpxtpx:hr>
          </gpxtpx:TrackPointExtension>
        </extensions>
      </trkpt>
      <trkpt lat="38.83722582955398" lon="121.50642206829654">
        <ele>0</ele>
        <time>2025-04-11T01:29:15Z</time>
        <extensions>
          <gpxtpx:TrackPointExtension>
            <gpxtpx:hr>80</gpxtpx:hr>
          </gpxtpx:TrackPointExtension>
        </extensions>
      </trkpt>
      <trkpt lat="38.837225759239516" lon="121.50642225010361">
        <ele>0</ele>
        <time>2025-04-11T01:29:16Z</time>
        <extensions>
          <gpxtpx:TrackPointExtension>
            <gpxtpx:hr>80</gpxtpx:hr>
          </gpxtpx:TrackPointExtension>
        </extensions>
      </trkpt>
      <trkpt lat="38.83722575768897" lon="121.50642224366095">
        <ele>0</ele>
        <time>2025-04-11T01:29:17Z</time>
        <extensions>
          <gpxtpx:TrackPointExtension>
            <gpxtpx:hr>80</gpxtpx:hr>
          </gpxtpx:TrackPointExtension>
        </extensions>
      </trkpt>
      <trkpt lat="38.8372258239952" lon="121.50642193334063">
        <ele>0</ele>
        <time>2025-04-11T01:29:18Z</time>
        <extensions>
          <gpxtpx:TrackPointExtension>
            <gpxtpx:hr>80</gpxtpx:hr>
          </gpxtpx:TrackPointExtension>
        </extensions>
      </trkpt>
      <trkpt lat="38.83722588283027" lon="121.50642169128311">
        <ele>0</ele>
        <time>2025-04-11T01:29:18Z</time>
        <extensions>
          <gpxtpx:TrackPointExtension>
            <gpxtpx:hr>80</gpxtpx:hr>
          </gpxtpx:TrackPointExtension>
        </extensions>
      </trkpt>
      <trkpt lat="38.83722595623278" lon="121.50642122795473">
        <ele>0</ele>
        <time>2025-04-11T01:29:19Z</time>
        <extensions>
          <gpxtpx:TrackPointExtension>
            <gpxtpx:hr>80</gpxtpx:hr>
          </gpxtpx:TrackPointExtension>
        </extensions>
      </trkpt>
      <trkpt lat="38.83722591410356" lon="121.5064209426808">
        <ele>0</ele>
        <time>2025-04-11T01:29:20Z</time>
        <extensions>
          <gpxtpx:TrackPointExtension>
            <gpxtpx:hr>80</gpxtpx:hr>
          </gpxtpx:TrackPointExtension>
        </extensions>
      </trkpt>
      <trkpt lat="38.837225667891545" lon="121.50642069579776">
        <ele>0</ele>
        <time>2025-04-11T01:29:21Z</time>
        <extensions>
          <gpxtpx:TrackPointExtension>
            <gpxtpx:hr>80</gpxtpx:hr>
          </gpxtpx:TrackPointExtension>
        </extensions>
      </trkpt>
      <trkpt lat="38.83722545759537" lon="121.50642074479542">
        <ele>0</ele>
        <time>2025-04-11T01:29:22Z</time>
        <extensions>
          <gpxtpx:TrackPointExtension>
            <gpxtpx:hr>80</gpxtpx:hr>
          </gpxtpx:TrackPointExtension>
        </extensions>
      </trkpt>
      <trkpt lat="38.837225387204725" lon="121.50642093752289">
        <ele>0</ele>
        <time>2025-04-11T01:29:23Z</time>
        <extensions>
          <gpxtpx:TrackPointExtension>
            <gpxtpx:hr>80</gpxtpx:hr>
          </gpxtpx:TrackPointExtension>
        </extensions>
      </trkpt>
      <trkpt lat="38.83722534725309" lon="121.50642126246741">
        <ele>0</ele>
        <time>2025-04-11T01:29:24Z</time>
        <extensions>
          <gpxtpx:TrackPointExtension>
            <gpxtpx:hr>80</gpxtpx:hr>
          </gpxtpx:TrackPointExtension>
        </extensions>
      </trkpt>
      <trkpt lat="38.83722541832535" lon="121.506421352026">
        <ele>0</ele>
        <time>2025-04-11T01:29:25Z</time>
        <extensions>
          <gpxtpx:TrackPointExtension>
            <gpxtpx:hr>80</gpxtpx:hr>
          </gpxtpx:TrackPointExtension>
        </extensions>
      </trkpt>
      <trkpt lat="38.837225550466286" lon="121.5064212448498">
        <ele>0</ele>
        <time>2025-04-11T01:29:26Z</time>
        <extensions>
          <gpxtpx:TrackPointExtension>
            <gpxtpx:hr>80</gpxtpx:hr>
          </gpxtpx:TrackPointExtension>
        </extensions>
      </trkpt>
      <trkpt lat="38.83722571804437" lon="121.5064209628226">
        <ele>0</ele>
        <time>2025-04-11T01:29:27Z</time>
        <extensions>
          <gpxtpx:TrackPointExtension>
            <gpxtpx:hr>80</gpxtpx:hr>
          </gpxtpx:TrackPointExtension>
        </extensions>
      </trkpt>
      <trkpt lat="38.83722589107006" lon="121.50642051474365">
        <ele>0</ele>
        <time>2025-04-11T01:29:28Z</time>
        <extensions>
          <gpxtpx:TrackPointExtension>
            <gpxtpx:hr>80</gpxtpx:hr>
          </gpxtpx:TrackPointExtension>
        </extensions>
      </trkpt>
      <trkpt lat="38.837226085745996" lon="121.5064199227069">
        <ele>0</ele>
        <time>2025-04-11T01:29:29Z</time>
        <extensions>
          <gpxtpx:TrackPointExtension>
            <gpxtpx:hr>80</gpxtpx:hr>
          </gpxtpx:TrackPointExtension>
        </extensions>
      </trkpt>
      <trkpt lat="38.83722633877447" lon="121.50641924367912">
        <ele>0</ele>
        <time>2025-04-11T01:29:30Z</time>
        <extensions>
          <gpxtpx:TrackPointExtension>
            <gpxtpx:hr>80</gpxtpx:hr>
          </gpxtpx:TrackPointExtension>
        </extensions>
      </trkpt>
      <trkpt lat="38.83722666162141" lon="121.50641854576105">
        <ele>0</ele>
        <time>2025-04-11T01:29:31Z</time>
        <extensions>
          <gpxtpx:TrackPointExtension>
            <gpxtpx:hr>80</gpxtpx:hr>
          </gpxtpx:TrackPointExtension>
        </extensions>
      </trkpt>
      <trkpt lat="38.837227032762804" lon="121.50641787929257">
        <ele>0</ele>
        <time>2025-04-11T01:29:32Z</time>
        <extensions>
          <gpxtpx:TrackPointExtension>
            <gpxtpx:hr>80</gpxtpx:hr>
          </gpxtpx:TrackPointExtension>
        </extensions>
      </trkpt>
      <trkpt lat="38.83722745972692" lon="121.50641732879585">
        <ele>0</ele>
        <time>2025-04-11T01:29:33Z</time>
        <extensions>
          <gpxtpx:TrackPointExtension>
            <gpxtpx:hr>80</gpxtpx:hr>
          </gpxtpx:TrackPointExtension>
        </extensions>
      </trkpt>
      <trkpt lat="38.837227952784716" lon="121.50641695713094">
        <ele>0</ele>
        <time>2025-04-11T01:29:34Z</time>
        <extensions>
          <gpxtpx:TrackPointExtension>
            <gpxtpx:hr>80</gpxtpx:hr>
          </gpxtpx:TrackPointExtension>
        </extensions>
      </trkpt>
      <trkpt lat="38.837228451137435" lon="121.50641673643194">
        <ele>0</ele>
        <time>2025-04-11T01:29:35Z</time>
        <extensions>
          <gpxtpx:TrackPointExtension>
            <gpxtpx:hr>80</gpxtpx:hr>
          </gpxtpx:TrackPointExtension>
        </extensions>
      </trkpt>
      <trkpt lat="38.83722891546113" lon="121.50641662253524">
        <ele>0</ele>
        <time>2025-04-11T01:29:36Z</time>
        <extensions>
          <gpxtpx:TrackPointExtension>
            <gpxtpx:hr>79</gpxtpx:hr>
          </gpxtpx:TrackPointExtension>
        </extensions>
      </trkpt>
      <trkpt lat="38.83722934162253" lon="121.50641657749024">
        <ele>0</ele>
        <time>2025-04-11T01:29:37Z</time>
        <extensions>
          <gpxtpx:TrackPointExtension>
            <gpxtpx:hr>79</gpxtpx:hr>
          </gpxtpx:TrackPointExtension>
        </extensions>
      </trkpt>
      <trkpt lat="38.83722976000108" lon="121.50641657232667">
        <ele>0</ele>
        <time>2025-04-11T01:29:38Z</time>
        <extensions>
          <gpxtpx:TrackPointExtension>
            <gpxtpx:hr>79</gpxtpx:hr>
          </gpxtpx:TrackPointExtension>
        </extensions>
      </trkpt>
      <trkpt lat="38.83723022835367" lon="121.50641658650818">
        <ele>0</ele>
        <time>2025-04-11T01:29:39Z</time>
        <extensions>
          <gpxtpx:TrackPointExtension>
            <gpxtpx:hr>79</gpxtpx:hr>
          </gpxtpx:TrackPointExtension>
        </extensions>
      </trkpt>
      <trkpt lat="38.83723066499433" lon="121.50641675795063">
        <ele>0</ele>
        <time>2025-04-11T01:29:40Z</time>
        <extensions>
          <gpxtpx:TrackPointExtension>
            <gpxtpx:hr>80</gpxtpx:hr>
          </gpxtpx:TrackPointExtension>
        </extensions>
      </trkpt>
      <trkpt lat="38.83723106264936" lon="121.50641696823958">
        <ele>0</ele>
        <time>2025-04-11T01:29:41Z</time>
        <extensions>
          <gpxtpx:TrackPointExtension>
            <gpxtpx:hr>80</gpxtpx:hr>
          </gpxtpx:TrackPointExtension>
        </extensions>
      </trkpt>
      <trkpt lat="38.83723144345066" lon="121.50641722371073">
        <ele>0</ele>
        <time>2025-04-11T01:29:42Z</time>
        <extensions>
          <gpxtpx:TrackPointExtension>
            <gpxtpx:hr>80</gpxtpx:hr>
          </gpxtpx:TrackPointExtension>
        </extensions>
      </trkpt>
      <trkpt lat="38.837231831376506" lon="121.50641748332532">
        <ele>0</ele>
        <time>2025-04-11T01:29:43Z</time>
        <extensions>
          <gpxtpx:TrackPointExtension>
            <gpxtpx:hr>79</gpxtpx:hr>
          </gpxtpx:TrackPointExtension>
        </extensions>
      </trkpt>
      <trkpt lat="38.83723223050329" lon="121.50641768840713">
        <ele>0</ele>
        <time>2025-04-11T01:29:44Z</time>
        <extensions>
          <gpxtpx:TrackPointExtension>
            <gpxtpx:hr>79</gpxtpx:hr>
          </gpxtpx:TrackPointExtension>
        </extensions>
      </trkpt>
      <trkpt lat="38.837232662631116" lon="121.50641774759896">
        <ele>0</ele>
        <time>2025-04-11T01:29:45Z</time>
        <extensions>
          <gpxtpx:TrackPointExtension>
            <gpxtpx:hr>79</gpxtpx:hr>
          </gpxtpx:TrackPointExtension>
        </extensions>
      </trkpt>
      <trkpt lat="38.83723321910244" lon="121.50641748110114">
        <ele>0</ele>
        <time>2025-04-11T01:29:46Z</time>
        <extensions>
          <gpxtpx:TrackPointExtension>
            <gpxtpx:hr>79</gpxtpx:hr>
          </gpxtpx:TrackPointExtension>
        </extensions>
      </trkpt>
      <trkpt lat="38.83723406842017" lon="121.50641662672217">
        <ele>0</ele>
        <time>2025-04-11T01:29:47Z</time>
        <extensions>
          <gpxtpx:TrackPointExtension>
            <gpxtpx:hr>79</gpxtpx:hr>
          </gpxtpx:TrackPointExtension>
        </extensions>
      </trkpt>
      <trkpt lat="38.83723548112451" lon="121.5064148316184">
        <ele>0</ele>
        <time>2025-04-11T01:29:48Z</time>
        <extensions>
          <gpxtpx:TrackPointExtension>
            <gpxtpx:hr>78</gpxtpx:hr>
          </gpxtpx:TrackPointExtension>
        </extensions>
      </trkpt>
      <trkpt lat="38.837237780339855" lon="121.50641169103748">
        <ele>0</ele>
        <time>2025-04-11T01:29:49Z</time>
        <extensions>
          <gpxtpx:TrackPointExtension>
            <gpxtpx:hr>78</gpxtpx:hr>
          </gpxtpx:TrackPointExtension>
        </extensions>
      </trkpt>
      <trkpt lat="38.83724115988602" lon="121.50640689679878">
        <ele>0</ele>
        <time>2025-04-11T01:29:50Z</time>
        <extensions>
          <gpxtpx:TrackPointExtension>
            <gpxtpx:hr>78</gpxtpx:hr>
          </gpxtpx:TrackPointExtension>
        </extensions>
      </trkpt>
      <trkpt lat="38.83724521594397" lon="121.50640067492792">
        <ele>0</ele>
        <time>2025-04-11T01:29:51Z</time>
        <extensions>
          <gpxtpx:TrackPointExtension>
            <gpxtpx:hr>78</gpxtpx:hr>
          </gpxtpx:TrackPointExtension>
        </extensions>
      </trkpt>
      <trkpt lat="38.837249012533434" lon="121.50639352605836">
        <ele>0</ele>
        <time>2025-04-11T01:29:52Z</time>
        <extensions>
          <gpxtpx:TrackPointExtension>
            <gpxtpx:hr>78</gpxtpx:hr>
          </gpxtpx:TrackPointExtension>
        </extensions>
      </trkpt>
      <trkpt lat="38.837251829776186" lon="121.50638571555317">
        <ele>0</ele>
        <time>2025-04-11T01:29:53Z</time>
        <extensions>
          <gpxtpx:TrackPointExtension>
            <gpxtpx:hr>78</gpxtpx:hr>
          </gpxtpx:TrackPointExtension>
        </extensions>
      </trkpt>
      <trkpt lat="38.837253337339405" lon="121.50637750019627">
        <ele>0</ele>
        <time>2025-04-11T01:29:54Z</time>
        <extensions>
          <gpxtpx:TrackPointExtension>
            <gpxtpx:hr>79</gpxtpx:hr>
          </gpxtpx:TrackPointExtension>
        </extensions>
      </trkpt>
      <trkpt lat="38.837253502338996" lon="121.50636912349071">
        <ele>0</ele>
        <time>2025-04-11T01:29:55Z</time>
        <extensions>
          <gpxtpx:TrackPointExtension>
            <gpxtpx:hr>79</gpxtpx:hr>
          </gpxtpx:TrackPointExtension>
        </extensions>
      </trkpt>
      <trkpt lat="38.83725235164278" lon="121.50636075693757">
        <ele>0</ele>
        <time>2025-04-11T01:29:56Z</time>
        <extensions>
          <gpxtpx:TrackPointExtension>
            <gpxtpx:hr>79</gpxtpx:hr>
          </gpxtpx:TrackPointExtension>
        </extensions>
      </trkpt>
      <trkpt lat="38.83725010356474" lon="121.50635237186516">
        <ele>0</ele>
        <time>2025-04-11T01:29:57Z</time>
        <extensions>
          <gpxtpx:TrackPointExtension>
            <gpxtpx:hr>79</gpxtpx:hr>
          </gpxtpx:TrackPointExtension>
        </extensions>
      </trkpt>
      <trkpt lat="38.83724722503774" lon="121.50634360352294">
        <ele>0</ele>
        <time>2025-04-11T01:29:58Z</time>
        <extensions>
          <gpxtpx:TrackPointExtension>
            <gpxtpx:hr>79</gpxtpx:hr>
          </gpxtpx:TrackPointExtension>
        </extensions>
      </trkpt>
      <trkpt lat="38.837244278755186" lon="121.50633389950495">
        <ele>0</ele>
        <time>2025-04-11T01:29:59Z</time>
        <extensions>
          <gpxtpx:TrackPointExtension>
            <gpxtpx:hr>79</gpxtpx:hr>
          </gpxtpx:TrackPointExtension>
        </extensions>
      </trkpt>
      <trkpt lat="38.837241838229005" lon="121.50632297725015">
        <ele>0</ele>
        <time>2025-04-11T01:30:00Z</time>
        <extensions>
          <gpxtpx:TrackPointExtension>
            <gpxtpx:hr>79</gpxtpx:hr>
          </gpxtpx:TrackPointExtension>
        </extensions>
      </trkpt>
      <trkpt lat="38.83724042735083" lon="121.50631104264814">
        <ele>0</ele>
        <time>2025-04-11T01:30:01Z</time>
        <extensions>
          <gpxtpx:TrackPointExtension>
            <gpxtpx:hr>79</gpxtpx:hr>
          </gpxtpx:TrackPointExtension>
        </extensions>
      </trkpt>
      <trkpt lat="38.837240391280524" lon="121.50629856880508">
        <ele>0</ele>
        <time>2025-04-11T01:30:02Z</time>
        <extensions>
          <gpxtpx:TrackPointExtension>
            <gpxtpx:hr>79</gpxtpx:hr>
          </gpxtpx:TrackPointExtension>
        </extensions>
      </trkpt>
      <trkpt lat="38.83724182060367" lon="121.50628611575169">
        <ele>0</ele>
        <time>2025-04-11T01:30:03Z</time>
        <extensions>
          <gpxtpx:TrackPointExtension>
            <gpxtpx:hr>79</gpxtpx:hr>
          </gpxtpx:TrackPointExtension>
        </extensions>
      </trkpt>
      <trkpt lat="38.83724464229209" lon="121.50627421313492">
        <ele>0</ele>
        <time>2025-04-11T01:30:04Z</time>
        <extensions>
          <gpxtpx:TrackPointExtension>
            <gpxtpx:hr>79</gpxtpx:hr>
          </gpxtpx:TrackPointExtension>
        </extensions>
      </trkpt>
      <trkpt lat="38.83724861726451" lon="121.50626319930976">
        <ele>0</ele>
        <time>2025-04-11T01:30:05Z</time>
        <extensions>
          <gpxtpx:TrackPointExtension>
            <gpxtpx:hr>79</gpxtpx:hr>
          </gpxtpx:TrackPointExtension>
        </extensions>
      </trkpt>
      <trkpt lat="38.837253404012095" lon="121.50625308164562">
        <ele>0</ele>
        <time>2025-04-11T01:30:06Z</time>
        <extensions>
          <gpxtpx:TrackPointExtension>
            <gpxtpx:hr>79</gpxtpx:hr>
          </gpxtpx:TrackPointExtension>
        </extensions>
      </trkpt>
      <trkpt lat="38.83725873553606" lon="121.50624369446791">
        <ele>0</ele>
        <time>2025-04-11T01:30:07Z</time>
        <extensions>
          <gpxtpx:TrackPointExtension>
            <gpxtpx:hr>79</gpxtpx:hr>
          </gpxtpx:TrackPointExtension>
        </extensions>
      </trkpt>
      <trkpt lat="38.837264339162964" lon="121.50623478274326">
        <ele>0</ele>
        <time>2025-04-11T01:30:08Z</time>
        <extensions>
          <gpxtpx:TrackPointExtension>
            <gpxtpx:hr>79</gpxtpx:hr>
          </gpxtpx:TrackPointExtension>
        </extensions>
      </trkpt>
      <trkpt lat="38.83726989063632" lon="121.50622601051252">
        <ele>0</ele>
        <time>2025-04-11T01:30:09Z</time>
        <extensions>
          <gpxtpx:TrackPointExtension>
            <gpxtpx:hr>79</gpxtpx:hr>
          </gpxtpx:TrackPointExtension>
        </extensions>
      </trkpt>
      <trkpt lat="38.837275179927836" lon="121.50621713255406">
        <ele>0</ele>
        <time>2025-04-11T01:30:10Z</time>
        <extensions>
          <gpxtpx:TrackPointExtension>
            <gpxtpx:hr>79</gpxtpx:hr>
          </gpxtpx:TrackPointExtension>
        </extensions>
      </trkpt>
      <trkpt lat="38.837280069954474" lon="121.50620804576623">
        <ele>0</ele>
        <time>2025-04-11T01:30:11Z</time>
        <extensions>
          <gpxtpx:TrackPointExtension>
            <gpxtpx:hr>79</gpxtpx:hr>
          </gpxtpx:TrackPointExtension>
        </extensions>
      </trkpt>
      <trkpt lat="38.837284550295564" lon="121.50619873221314">
        <ele>0</ele>
        <time>2025-04-11T01:30:12Z</time>
        <extensions>
          <gpxtpx:TrackPointExtension>
            <gpxtpx:hr>79</gpxtpx:hr>
          </gpxtpx:TrackPointExtension>
        </extensions>
      </trkpt>
      <trkpt lat="38.83728873868179" lon="121.5061892620743">
        <ele>0</ele>
        <time>2025-04-11T01:30:13Z</time>
        <extensions>
          <gpxtpx:TrackPointExtension>
            <gpxtpx:hr>79</gpxtpx:hr>
          </gpxtpx:TrackPointExtension>
        </extensions>
      </trkpt>
      <trkpt lat="38.837292834138786" lon="121.50617991012899">
        <ele>0</ele>
        <time>2025-04-11T01:30:14Z</time>
        <extensions>
          <gpxtpx:TrackPointExtension>
            <gpxtpx:hr>79</gpxtpx:hr>
          </gpxtpx:TrackPointExtension>
        </extensions>
      </trkpt>
      <trkpt lat="38.8372971483936" lon="121.50617069043366">
        <ele>0</ele>
        <time>2025-04-11T01:30:15Z</time>
        <extensions>
          <gpxtpx:TrackPointExtension>
            <gpxtpx:hr>79</gpxtpx:hr>
          </gpxtpx:TrackPointExtension>
        </extensions>
      </trkpt>
      <trkpt lat="38.83730152226264" lon="121.50616218887757">
        <ele>0</ele>
        <time>2025-04-11T01:30:16Z</time>
        <extensions>
          <gpxtpx:TrackPointExtension>
            <gpxtpx:hr>76</gpxtpx:hr>
          </gpxtpx:TrackPointExtension>
        </extensions>
      </trkpt>
      <trkpt lat="38.8373060364604" lon="121.50615397667246">
        <ele>0</ele>
        <time>2025-04-11T01:30:17Z</time>
        <extensions>
          <gpxtpx:TrackPointExtension>
            <gpxtpx:hr>76</gpxtpx:hr>
          </gpxtpx:TrackPointExtension>
        </extensions>
      </trkpt>
      <trkpt lat="38.83731061696482" lon="121.50614579908134">
        <ele>0</ele>
        <time>2025-04-11T01:30:18Z</time>
        <extensions>
          <gpxtpx:TrackPointExtension>
            <gpxtpx:hr>76</gpxtpx:hr>
          </gpxtpx:TrackPointExtension>
        </extensions>
      </trkpt>
      <trkpt lat="38.83731535038434" lon="121.50613745132743">
        <ele>0</ele>
        <time>2025-04-11T01:30:19Z</time>
        <extensions>
          <gpxtpx:TrackPointExtension>
            <gpxtpx:hr>76</gpxtpx:hr>
          </gpxtpx:TrackPointExtension>
        </extensions>
      </trkpt>
      <trkpt lat="38.83732048819538" lon="121.50612876936744">
        <ele>0</ele>
        <time>2025-04-11T01:30:20Z</time>
        <extensions>
          <gpxtpx:TrackPointExtension>
            <gpxtpx:hr>76</gpxtpx:hr>
          </gpxtpx:TrackPointExtension>
        </extensions>
      </trkpt>
      <trkpt lat="38.83732621215965" lon="121.50611973411581">
        <ele>0</ele>
        <time>2025-04-11T01:30:21Z</time>
        <extensions>
          <gpxtpx:TrackPointExtension>
            <gpxtpx:hr>74</gpxtpx:hr>
          </gpxtpx:TrackPointExtension>
        </extensions>
      </trkpt>
      <trkpt lat="38.83733245811036" lon="121.50611074329511">
        <ele>0</ele>
        <time>2025-04-11T01:30:22Z</time>
        <extensions>
          <gpxtpx:TrackPointExtension>
            <gpxtpx:hr>74</gpxtpx:hr>
          </gpxtpx:TrackPointExtension>
        </extensions>
      </trkpt>
      <trkpt lat="38.837339096818646" lon="121.50610219934794">
        <ele>0</ele>
        <time>2025-04-11T01:30:23Z</time>
        <extensions>
          <gpxtpx:TrackPointExtension>
            <gpxtpx:hr>74</gpxtpx:hr>
          </gpxtpx:TrackPointExtension>
        </extensions>
      </trkpt>
      <trkpt lat="38.83734606370037" lon="121.50609419337233">
        <ele>0</ele>
        <time>2025-04-11T01:30:24Z</time>
        <extensions>
          <gpxtpx:TrackPointExtension>
            <gpxtpx:hr>74</gpxtpx:hr>
          </gpxtpx:TrackPointExtension>
        </extensions>
      </trkpt>
      <trkpt lat="38.837353190214706" lon="121.50608641318959">
        <ele>0</ele>
        <time>2025-04-11T01:30:25Z</time>
        <extensions>
          <gpxtpx:TrackPointExtension>
            <gpxtpx:hr>74</gpxtpx:hr>
          </gpxtpx:TrackPointExtension>
        </extensions>
      </trkpt>
      <trkpt lat="38.837360232819435" lon="121.50607846670935">
        <ele>0</ele>
        <time>2025-04-11T01:30:26Z</time>
        <extensions>
          <gpxtpx:TrackPointExtension>
            <gpxtpx:hr>74</gpxtpx:hr>
          </gpxtpx:TrackPointExtension>
        </extensions>
      </trkpt>
      <trkpt lat="38.837367019035774" lon="121.50607024630499">
        <ele>0</ele>
        <time>2025-04-11T01:30:27Z</time>
        <extensions>
          <gpxtpx:TrackPointExtension>
            <gpxtpx:hr>72</gpxtpx:hr>
          </gpxtpx:TrackPointExtension>
        </extensions>
      </trkpt>
      <trkpt lat="38.837373733788574" lon="121.5060618772124">
        <ele>0</ele>
        <time>2025-04-11T01:30:28Z</time>
        <extensions>
          <gpxtpx:TrackPointExtension>
            <gpxtpx:hr>72</gpxtpx:hr>
          </gpxtpx:TrackPointExtension>
        </extensions>
      </trkpt>
      <trkpt lat="38.837380421264854" lon="121.50605346649225">
        <ele>0</ele>
        <time>2025-04-11T01:30:29Z</time>
        <extensions>
          <gpxtpx:TrackPointExtension>
            <gpxtpx:hr>72</gpxtpx:hr>
          </gpxtpx:TrackPointExtension>
        </extensions>
      </trkpt>
      <trkpt lat="38.837387089521" lon="121.50604501761649">
        <ele>0</ele>
        <time>2025-04-11T01:30:30Z</time>
        <extensions>
          <gpxtpx:TrackPointExtension>
            <gpxtpx:hr>72</gpxtpx:hr>
          </gpxtpx:TrackPointExtension>
        </extensions>
      </trkpt>
      <trkpt lat="38.8373936469274" lon="121.50603646552652">
        <ele>0</ele>
        <time>2025-04-11T01:30:31Z</time>
        <extensions>
          <gpxtpx:TrackPointExtension>
            <gpxtpx:hr>72</gpxtpx:hr>
          </gpxtpx:TrackPointExtension>
        </extensions>
      </trkpt>
      <trkpt lat="38.837400001200145" lon="121.50602764575449">
        <ele>0</ele>
        <time>2025-04-11T01:30:32Z</time>
        <extensions>
          <gpxtpx:TrackPointExtension>
            <gpxtpx:hr>72</gpxtpx:hr>
          </gpxtpx:TrackPointExtension>
        </extensions>
      </trkpt>
      <trkpt lat="38.83740613066428" lon="121.50601840523687">
        <ele>0</ele>
        <time>2025-04-11T01:30:33Z</time>
        <extensions>
          <gpxtpx:TrackPointExtension>
            <gpxtpx:hr>72</gpxtpx:hr>
          </gpxtpx:TrackPointExtension>
        </extensions>
      </trkpt>
      <trkpt lat="38.837411985656175" lon="121.50600863338569">
        <ele>0</ele>
        <time>2025-04-11T01:30:34Z</time>
        <extensions>
          <gpxtpx:TrackPointExtension>
            <gpxtpx:hr>72</gpxtpx:hr>
          </gpxtpx:TrackPointExtension>
        </extensions>
      </trkpt>
      <trkpt lat="38.83741742421533" lon="121.50599826403676">
        <ele>0</ele>
        <time>2025-04-11T01:30:35Z</time>
        <extensions>
          <gpxtpx:TrackPointExtension>
            <gpxtpx:hr>71</gpxtpx:hr>
          </gpxtpx:TrackPointExtension>
        </extensions>
      </trkpt>
      <trkpt lat="38.837422515022034" lon="121.50598741899788">
        <ele>0</ele>
        <time>2025-04-11T01:30:36Z</time>
        <extensions>
          <gpxtpx:TrackPointExtension>
            <gpxtpx:hr>71</gpxtpx:hr>
          </gpxtpx:TrackPointExtension>
        </extensions>
      </trkpt>
      <trkpt lat="38.837427582328026" lon="121.50597634173178">
        <ele>0</ele>
        <time>2025-04-11T01:30:37Z</time>
        <extensions>
          <gpxtpx:TrackPointExtension>
            <gpxtpx:hr>71</gpxtpx:hr>
          </gpxtpx:TrackPointExtension>
        </extensions>
      </trkpt>
      <trkpt lat="38.83743260830971" lon="121.50596510887216">
        <ele>0</ele>
        <time>2025-04-11T01:30:38Z</time>
        <extensions>
          <gpxtpx:TrackPointExtension>
            <gpxtpx:hr>72</gpxtpx:hr>
          </gpxtpx:TrackPointExtension>
        </extensions>
      </trkpt>
      <trkpt lat="38.837437405643215" lon="121.50595358440404">
        <ele>0</ele>
        <time>2025-04-11T01:30:39Z</time>
        <extensions>
          <gpxtpx:TrackPointExtension>
            <gpxtpx:hr>72</gpxtpx:hr>
          </gpxtpx:TrackPointExtension>
        </extensions>
      </trkpt>
      <trkpt lat="38.837441997002216" lon="121.50594184935552">
        <ele>0</ele>
        <time>2025-04-11T01:30:40Z</time>
        <extensions>
          <gpxtpx:TrackPointExtension>
            <gpxtpx:hr>72</gpxtpx:hr>
          </gpxtpx:TrackPointExtension>
        </extensions>
      </trkpt>
      <trkpt lat="38.83744656428663" lon="121.50593017746198">
        <ele>0</ele>
        <time>2025-04-11T01:30:41Z</time>
        <extensions>
          <gpxtpx:TrackPointExtension>
            <gpxtpx:hr>72</gpxtpx:hr>
          </gpxtpx:TrackPointExtension>
        </extensions>
      </trkpt>
      <trkpt lat="38.837451141733965" lon="121.50591865464203">
        <ele>0</ele>
        <time>2025-04-11T01:30:42Z</time>
        <extensions>
          <gpxtpx:TrackPointExtension>
            <gpxtpx:hr>72</gpxtpx:hr>
          </gpxtpx:TrackPointExtension>
        </extensions>
      </trkpt>
      <trkpt lat="38.83745548110348" lon="121.50590715908754">
        <ele>0</ele>
        <time>2025-04-11T01:30:43Z</time>
        <extensions>
          <gpxtpx:TrackPointExtension>
            <gpxtpx:hr>72</gpxtpx:hr>
          </gpxtpx:TrackPointExtension>
        </extensions>
      </trkpt>
      <trkpt lat="38.83745984772638" lon="121.50589584863748">
        <ele>0</ele>
        <time>2025-04-11T01:30:44Z</time>
        <extensions>
          <gpxtpx:TrackPointExtension>
            <gpxtpx:hr>72</gpxtpx:hr>
          </gpxtpx:TrackPointExtension>
        </extensions>
      </trkpt>
      <trkpt lat="38.837464194847975" lon="121.50588473683835">
        <ele>0</ele>
        <time>2025-04-11T01:30:45Z</time>
        <extensions>
          <gpxtpx:TrackPointExtension>
            <gpxtpx:hr>73</gpxtpx:hr>
          </gpxtpx:TrackPointExtension>
        </extensions>
      </trkpt>
      <trkpt lat="38.837468653428914" lon="121.5058739060203">
        <ele>0</ele>
        <time>2025-04-11T01:30:46Z</time>
        <extensions>
          <gpxtpx:TrackPointExtension>
            <gpxtpx:hr>73</gpxtpx:hr>
          </gpxtpx:TrackPointExtension>
        </extensions>
      </trkpt>
      <trkpt lat="38.837473224115165" lon="121.50586340274518">
        <ele>0</ele>
        <time>2025-04-11T01:30:47Z</time>
        <extensions>
          <gpxtpx:TrackPointExtension>
            <gpxtpx:hr>73</gpxtpx:hr>
          </gpxtpx:TrackPointExtension>
        </extensions>
      </trkpt>
      <trkpt lat="38.83747801060262" lon="121.50585341386295">
        <ele>0</ele>
        <time>2025-04-11T01:30:48Z</time>
        <extensions>
          <gpxtpx:TrackPointExtension>
            <gpxtpx:hr>73</gpxtpx:hr>
          </gpxtpx:TrackPointExtension>
        </extensions>
      </trkpt>
      <trkpt lat="38.83748297565249" lon="121.50584387782004">
        <ele>0</ele>
        <time>2025-04-11T01:30:49Z</time>
        <extensions>
          <gpxtpx:TrackPointExtension>
            <gpxtpx:hr>73</gpxtpx:hr>
          </gpxtpx:TrackPointExtension>
        </extensions>
      </trkpt>
      <trkpt lat="38.83748822877631" lon="121.50583478435068">
        <ele>0</ele>
        <time>2025-04-11T01:30:50Z</time>
        <extensions>
          <gpxtpx:TrackPointExtension>
            <gpxtpx:hr>73</gpxtpx:hr>
          </gpxtpx:TrackPointExtension>
        </extensions>
      </trkpt>
      <trkpt lat="38.83749345542434" lon="121.50582570191318">
        <ele>0</ele>
        <time>2025-04-11T01:30:51Z</time>
        <extensions>
          <gpxtpx:TrackPointExtension>
            <gpxtpx:hr>73</gpxtpx:hr>
          </gpxtpx:TrackPointExtension>
        </extensions>
      </trkpt>
      <trkpt lat="38.83749865112009" lon="121.5058163549371">
        <ele>0</ele>
        <time>2025-04-11T01:30:52Z</time>
        <extensions>
          <gpxtpx:TrackPointExtension>
            <gpxtpx:hr>73</gpxtpx:hr>
          </gpxtpx:TrackPointExtension>
        </extensions>
      </trkpt>
      <trkpt lat="38.83750398114569" lon="121.50580678303893">
        <ele>0</ele>
        <time>2025-04-11T01:30:53Z</time>
        <extensions>
          <gpxtpx:TrackPointExtension>
            <gpxtpx:hr>73</gpxtpx:hr>
          </gpxtpx:TrackPointExtension>
        </extensions>
      </trkpt>
      <trkpt lat="38.83750948394458" lon="121.5057971020657">
        <ele>0</ele>
        <time>2025-04-11T01:30:54Z</time>
        <extensions>
          <gpxtpx:TrackPointExtension>
            <gpxtpx:hr>73</gpxtpx:hr>
          </gpxtpx:TrackPointExtension>
        </extensions>
      </trkpt>
      <trkpt lat="38.83751502773329" lon="121.5057872945476">
        <ele>0</ele>
        <time>2025-04-11T01:30:55Z</time>
        <extensions>
          <gpxtpx:TrackPointExtension>
            <gpxtpx:hr>73</gpxtpx:hr>
          </gpxtpx:TrackPointExtension>
        </extensions>
      </trkpt>
      <trkpt lat="38.83752072109332" lon="121.50577757001062">
        <ele>0</ele>
        <time>2025-04-11T01:30:56Z</time>
        <extensions>
          <gpxtpx:TrackPointExtension>
            <gpxtpx:hr>73</gpxtpx:hr>
          </gpxtpx:TrackPointExtension>
        </extensions>
      </trkpt>
      <trkpt lat="38.83752659738982" lon="121.50576797819241">
        <ele>0</ele>
        <time>2025-04-11T01:30:57Z</time>
        <extensions>
          <gpxtpx:TrackPointExtension>
            <gpxtpx:hr>73</gpxtpx:hr>
          </gpxtpx:TrackPointExtension>
        </extensions>
      </trkpt>
      <trkpt lat="38.83753247528385" lon="121.50575876415202">
        <ele>0</ele>
        <time>2025-04-11T01:30:58Z</time>
        <extensions>
          <gpxtpx:TrackPointExtension>
            <gpxtpx:hr>73</gpxtpx:hr>
          </gpxtpx:TrackPointExtension>
        </extensions>
      </trkpt>
      <trkpt lat="38.83753824021913" lon="121.50574951687705">
        <ele>0</ele>
        <time>2025-04-11T01:30:59Z</time>
        <extensions>
          <gpxtpx:TrackPointExtension>
            <gpxtpx:hr>73</gpxtpx:hr>
          </gpxtpx:TrackPointExtension>
        </extensions>
      </trkpt>
      <trkpt lat="38.83754364567991" lon="121.50574037991929">
        <ele>0</ele>
        <time>2025-04-11T01:31:00Z</time>
        <extensions>
          <gpxtpx:TrackPointExtension>
            <gpxtpx:hr>73</gpxtpx:hr>
          </gpxtpx:TrackPointExtension>
        </extensions>
      </trkpt>
      <trkpt lat="38.83754837565996" lon="121.50573145948164">
        <ele>0</ele>
        <time>2025-04-11T01:31:01Z</time>
        <extensions>
          <gpxtpx:TrackPointExtension>
            <gpxtpx:hr>73</gpxtpx:hr>
          </gpxtpx:TrackPointExtension>
        </extensions>
      </trkpt>
      <trkpt lat="38.83755294375703" lon="121.50572353369093">
        <ele>0</ele>
        <time>2025-04-11T01:31:02Z</time>
        <extensions>
          <gpxtpx:TrackPointExtension>
            <gpxtpx:hr>73</gpxtpx:hr>
          </gpxtpx:TrackPointExtension>
        </extensions>
      </trkpt>
      <trkpt lat="38.837557398603614" lon="121.50571602564757">
        <ele>0</ele>
        <time>2025-04-11T01:31:03Z</time>
        <extensions>
          <gpxtpx:TrackPointExtension>
            <gpxtpx:hr>73</gpxtpx:hr>
          </gpxtpx:TrackPointExtension>
        </extensions>
      </trkpt>
      <trkpt lat="38.83756190978155" lon="121.50570961020091">
        <ele>0</ele>
        <time>2025-04-11T01:31:04Z</time>
        <extensions>
          <gpxtpx:TrackPointExtension>
            <gpxtpx:hr>73</gpxtpx:hr>
          </gpxtpx:TrackPointExtension>
        </extensions>
      </trkpt>
      <trkpt lat="38.837566392100534" lon="121.50570453369839">
        <ele>0</ele>
        <time>2025-04-11T01:31:05Z</time>
        <extensions>
          <gpxtpx:TrackPointExtension>
            <gpxtpx:hr>73</gpxtpx:hr>
          </gpxtpx:TrackPointExtension>
        </extensions>
      </trkpt>
      <trkpt lat="38.837570672178046" lon="121.50570086332709">
        <ele>0</ele>
        <time>2025-04-11T01:31:06Z</time>
        <extensions>
          <gpxtpx:TrackPointExtension>
            <gpxtpx:hr>73</gpxtpx:hr>
          </gpxtpx:TrackPointExtension>
        </extensions>
      </trkpt>
      <trkpt lat="38.83757440593747" lon="121.50569827233232">
        <ele>0</ele>
        <time>2025-04-11T01:31:07Z</time>
        <extensions>
          <gpxtpx:TrackPointExtension>
            <gpxtpx:hr>73</gpxtpx:hr>
          </gpxtpx:TrackPointExtension>
        </extensions>
      </trkpt>
      <trkpt lat="38.837577630919874" lon="121.50569623963634">
        <ele>0</ele>
        <time>2025-04-11T01:31:08Z</time>
        <extensions>
          <gpxtpx:TrackPointExtension>
            <gpxtpx:hr>73</gpxtpx:hr>
          </gpxtpx:TrackPointExtension>
        </extensions>
      </trkpt>
      <trkpt lat="38.83758045922545" lon="121.50569423505974">
        <ele>0</ele>
        <time>2025-04-11T01:31:09Z</time>
        <extensions>
          <gpxtpx:TrackPointExtension>
            <gpxtpx:hr>73</gpxtpx:hr>
          </gpxtpx:TrackPointExtension>
        </extensions>
      </trkpt>
      <trkpt lat="38.837583254900046" lon="121.50569173389155">
        <ele>0</ele>
        <time>2025-04-11T01:31:10Z</time>
        <extensions>
          <gpxtpx:TrackPointExtension>
            <gpxtpx:hr>73</gpxtpx:hr>
          </gpxtpx:TrackPointExtension>
        </extensions>
      </trkpt>
      <trkpt lat="38.837586612856484" lon="121.50568821565093">
        <ele>0</ele>
        <time>2025-04-11T01:31:11Z</time>
        <extensions>
          <gpxtpx:TrackPointExtension>
            <gpxtpx:hr>73</gpxtpx:hr>
          </gpxtpx:TrackPointExtension>
        </extensions>
      </trkpt>
      <trkpt lat="38.83759070832346" lon="121.50568310219856">
        <ele>0</ele>
        <time>2025-04-11T01:31:12Z</time>
        <extensions>
          <gpxtpx:TrackPointExtension>
            <gpxtpx:hr>73</gpxtpx:hr>
          </gpxtpx:TrackPointExtension>
        </extensions>
      </trkpt>
      <trkpt lat="38.83759550660998" lon="121.50567657923857">
        <ele>0</ele>
        <time>2025-04-11T01:31:13Z</time>
        <extensions>
          <gpxtpx:TrackPointExtension>
            <gpxtpx:hr>73</gpxtpx:hr>
          </gpxtpx:TrackPointExtension>
        </extensions>
      </trkpt>
      <trkpt lat="38.83760060518637" lon="121.50566890970073">
        <ele>0</ele>
        <time>2025-04-11T01:31:14Z</time>
        <extensions>
          <gpxtpx:TrackPointExtension>
            <gpxtpx:hr>73</gpxtpx:hr>
          </gpxtpx:TrackPointExtension>
        </extensions>
      </trkpt>
      <trkpt lat="38.837605655320516" lon="121.50566022861194">
        <ele>0</ele>
        <time>2025-04-11T01:31:15Z</time>
        <extensions>
          <gpxtpx:TrackPointExtension>
            <gpxtpx:hr>73</gpxtpx:hr>
          </gpxtpx:TrackPointExtension>
        </extensions>
      </trkpt>
      <trkpt lat="38.837610763166495" lon="121.50565081352131">
        <ele>0</ele>
        <time>2025-04-11T01:31:16Z</time>
        <extensions>
          <gpxtpx:TrackPointExtension>
            <gpxtpx:hr>74</gpxtpx:hr>
          </gpxtpx:TrackPointExtension>
        </extensions>
      </trkpt>
      <trkpt lat="38.83761615868817" lon="121.50564106043697">
        <ele>0</ele>
        <time>2025-04-11T01:31:17Z</time>
        <extensions>
          <gpxtpx:TrackPointExtension>
            <gpxtpx:hr>74</gpxtpx:hr>
          </gpxtpx:TrackPointExtension>
        </extensions>
      </trkpt>
      <trkpt lat="38.83762178008718" lon="121.5056311606882">
        <ele>0</ele>
        <time>2025-04-11T01:31:18Z</time>
        <extensions>
          <gpxtpx:TrackPointExtension>
            <gpxtpx:hr>74</gpxtpx:hr>
          </gpxtpx:TrackPointExtension>
        </extensions>
      </trkpt>
      <trkpt lat="38.83762759176471" lon="121.50562125970603">
        <ele>0</ele>
        <time>2025-04-11T01:31:19Z</time>
        <extensions>
          <gpxtpx:TrackPointExtension>
            <gpxtpx:hr>74</gpxtpx:hr>
          </gpxtpx:TrackPointExtension>
        </extensions>
      </trkpt>
      <trkpt lat="38.83763360081929" lon="121.50561148273998">
        <ele>0</ele>
        <time>2025-04-11T01:31:20Z</time>
        <extensions>
          <gpxtpx:TrackPointExtension>
            <gpxtpx:hr>74</gpxtpx:hr>
          </gpxtpx:TrackPointExtension>
        </extensions>
      </trkpt>
      <trkpt lat="38.83763965251707" lon="121.50560184250249">
        <ele>0</ele>
        <time>2025-04-11T01:31:21Z</time>
        <extensions>
          <gpxtpx:TrackPointExtension>
            <gpxtpx:hr>74</gpxtpx:hr>
          </gpxtpx:TrackPointExtension>
        </extensions>
      </trkpt>
      <trkpt lat="38.837645898243984" lon="121.50559158417698">
        <ele>0</ele>
        <time>2025-04-11T01:31:22Z</time>
        <extensions>
          <gpxtpx:TrackPointExtension>
            <gpxtpx:hr>74</gpxtpx:hr>
          </gpxtpx:TrackPointExtension>
        </extensions>
      </trkpt>
      <trkpt lat="38.837651552742045" lon="121.505581572289">
        <ele>0</ele>
        <time>2025-04-11T01:31:23Z</time>
        <extensions>
          <gpxtpx:TrackPointExtension>
            <gpxtpx:hr>74</gpxtpx:hr>
          </gpxtpx:TrackPointExtension>
        </extensions>
      </trkpt>
      <trkpt lat="38.83765677332885" lon="121.50557148292995">
        <ele>0</ele>
        <time>2025-04-11T01:31:24Z</time>
        <extensions>
          <gpxtpx:TrackPointExtension>
            <gpxtpx:hr>74</gpxtpx:hr>
          </gpxtpx:TrackPointExtension>
        </extensions>
      </trkpt>
      <trkpt lat="38.83766170740869" lon="121.5055613849219">
        <ele>0</ele>
        <time>2025-04-11T01:31:25Z</time>
        <extensions>
          <gpxtpx:TrackPointExtension>
            <gpxtpx:hr>74</gpxtpx:hr>
          </gpxtpx:TrackPointExtension>
        </extensions>
      </trkpt>
      <trkpt lat="38.83766644313366" lon="121.50555139297825">
        <ele>0</ele>
        <time>2025-04-11T01:31:26Z</time>
        <extensions>
          <gpxtpx:TrackPointExtension>
            <gpxtpx:hr>74</gpxtpx:hr>
          </gpxtpx:TrackPointExtension>
        </extensions>
      </trkpt>
      <trkpt lat="38.837670623164044" lon="121.50554200389425">
        <ele>0</ele>
        <time>2025-04-11T01:31:27Z</time>
        <extensions>
          <gpxtpx:TrackPointExtension>
            <gpxtpx:hr>74</gpxtpx:hr>
          </gpxtpx:TrackPointExtension>
        </extensions>
      </trkpt>
      <trkpt lat="38.83767472359989" lon="121.50553262442114">
        <ele>0</ele>
        <time>2025-04-11T01:31:28Z</time>
        <extensions>
          <gpxtpx:TrackPointExtension>
            <gpxtpx:hr>74</gpxtpx:hr>
          </gpxtpx:TrackPointExtension>
        </extensions>
      </trkpt>
      <trkpt lat="38.83767895951092" lon="121.50552303592502">
        <ele>0</ele>
        <time>2025-04-11T01:31:29Z</time>
        <extensions>
          <gpxtpx:TrackPointExtension>
            <gpxtpx:hr>74</gpxtpx:hr>
          </gpxtpx:TrackPointExtension>
        </extensions>
      </trkpt>
      <trkpt lat="38.837682700506946" lon="121.5055143826948">
        <ele>0</ele>
        <time>2025-04-11T01:31:30Z</time>
        <extensions>
          <gpxtpx:TrackPointExtension>
            <gpxtpx:hr>75</gpxtpx:hr>
          </gpxtpx:TrackPointExtension>
        </extensions>
      </trkpt>
      <trkpt lat="38.837686159589666" lon="121.50550681234328">
        <ele>0</ele>
        <time>2025-04-11T01:31:31Z</time>
        <extensions>
          <gpxtpx:TrackPointExtension>
            <gpxtpx:hr>75</gpxtpx:hr>
          </gpxtpx:TrackPointExtension>
        </extensions>
      </trkpt>
      <trkpt lat="38.83768923135892" lon="121.50550077482512">
        <ele>0</ele>
        <time>2025-04-11T01:31:32Z</time>
        <extensions>
          <gpxtpx:TrackPointExtension>
            <gpxtpx:hr>75</gpxtpx:hr>
          </gpxtpx:TrackPointExtension>
        </extensions>
      </trkpt>
      <trkpt lat="38.83769204837303" lon="121.50549612178419">
        <ele>0</ele>
        <time>2025-04-11T01:31:33Z</time>
        <extensions>
          <gpxtpx:TrackPointExtension>
            <gpxtpx:hr>75</gpxtpx:hr>
          </gpxtpx:TrackPointExtension>
        </extensions>
      </trkpt>
      <trkpt lat="38.83769486388333" lon="121.50549225405537">
        <ele>0</ele>
        <time>2025-04-11T01:31:34Z</time>
        <extensions>
          <gpxtpx:TrackPointExtension>
            <gpxtpx:hr>75</gpxtpx:hr>
          </gpxtpx:TrackPointExtension>
        </extensions>
      </trkpt>
      <trkpt lat="38.83769775542141" lon="121.50548879756849">
        <ele>0</ele>
        <time>2025-04-11T01:31:35Z</time>
        <extensions>
          <gpxtpx:TrackPointExtension>
            <gpxtpx:hr>75</gpxtpx:hr>
          </gpxtpx:TrackPointExtension>
        </extensions>
      </trkpt>
      <trkpt lat="38.83770079704517" lon="121.50548543679346">
        <ele>0</ele>
        <time>2025-04-11T01:31:36Z</time>
        <extensions>
          <gpxtpx:TrackPointExtension>
            <gpxtpx:hr>75</gpxtpx:hr>
          </gpxtpx:TrackPointExtension>
        </extensions>
      </trkpt>
      <trkpt lat="38.83770382652549" lon="121.50548252346985">
        <ele>0</ele>
        <time>2025-04-11T01:31:36Z</time>
        <extensions>
          <gpxtpx:TrackPointExtension>
            <gpxtpx:hr>75</gpxtpx:hr>
          </gpxtpx:TrackPointExtension>
        </extensions>
      </trkpt>
      <trkpt lat="38.837707132054796" lon="121.5054793472914">
        <ele>0</ele>
        <time>2025-04-11T01:31:37Z</time>
        <extensions>
          <gpxtpx:TrackPointExtension>
            <gpxtpx:hr>76</gpxtpx:hr>
          </gpxtpx:TrackPointExtension>
        </extensions>
      </trkpt>
      <trkpt lat="38.83770982903065" lon="121.50547631207206">
        <ele>0</ele>
        <time>2025-04-11T01:31:38Z</time>
        <extensions>
          <gpxtpx:TrackPointExtension>
            <gpxtpx:hr>76</gpxtpx:hr>
          </gpxtpx:TrackPointExtension>
        </extensions>
      </trkpt>
      <trkpt lat="38.83771233933646" lon="121.50547384178701">
        <ele>0</ele>
        <time>2025-04-11T01:31:39Z</time>
        <extensions>
          <gpxtpx:TrackPointExtension>
            <gpxtpx:hr>76</gpxtpx:hr>
          </gpxtpx:TrackPointExtension>
        </extensions>
      </trkpt>
      <trkpt lat="38.837714959531795" lon="121.50547175158027">
        <ele>0</ele>
        <time>2025-04-11T01:31:40Z</time>
        <extensions>
          <gpxtpx:TrackPointExtension>
            <gpxtpx:hr>77</gpxtpx:hr>
          </gpxtpx:TrackPointExtension>
        </extensions>
      </trkpt>
      <trkpt lat="38.83771762013886" lon="121.50546958837175">
        <ele>0</ele>
        <time>2025-04-11T01:31:41Z</time>
        <extensions>
          <gpxtpx:TrackPointExtension>
            <gpxtpx:hr>77</gpxtpx:hr>
          </gpxtpx:TrackPointExtension>
        </extensions>
      </trkpt>
      <trkpt lat="38.83772038599823" lon="121.50546712274958">
        <ele>0</ele>
        <time>2025-04-11T01:31:42Z</time>
        <extensions>
          <gpxtpx:TrackPointExtension>
            <gpxtpx:hr>77</gpxtpx:hr>
          </gpxtpx:TrackPointExtension>
        </extensions>
      </trkpt>
      <trkpt lat="38.83772335025777" lon="121.50546412645038">
        <ele>0</ele>
        <time>2025-04-11T01:31:43Z</time>
        <extensions>
          <gpxtpx:TrackPointExtension>
            <gpxtpx:hr>76</gpxtpx:hr>
          </gpxtpx:TrackPointExtension>
        </extensions>
      </trkpt>
      <trkpt lat="38.83772663636849" lon="121.50546031060786">
        <ele>0</ele>
        <time>2025-04-11T01:31:44Z</time>
        <extensions>
          <gpxtpx:TrackPointExtension>
            <gpxtpx:hr>76</gpxtpx:hr>
          </gpxtpx:TrackPointExtension>
        </extensions>
      </trkpt>
      <trkpt lat="38.83773039603954" lon="121.50545541596301">
        <ele>0</ele>
        <time>2025-04-11T01:31:45Z</time>
        <extensions>
          <gpxtpx:TrackPointExtension>
            <gpxtpx:hr>76</gpxtpx:hr>
          </gpxtpx:TrackPointExtension>
        </extensions>
      </trkpt>
      <trkpt lat="38.8377347732943" lon="121.50544906443696">
        <ele>0</ele>
        <time>2025-04-11T01:31:46Z</time>
        <extensions>
          <gpxtpx:TrackPointExtension>
            <gpxtpx:hr>76</gpxtpx:hr>
          </gpxtpx:TrackPointExtension>
        </extensions>
      </trkpt>
      <trkpt lat="38.8377396861313" lon="121.50544145565864">
        <ele>0</ele>
        <time>2025-04-11T01:31:47Z</time>
        <extensions>
          <gpxtpx:TrackPointExtension>
            <gpxtpx:hr>76</gpxtpx:hr>
          </gpxtpx:TrackPointExtension>
        </extensions>
      </trkpt>
      <trkpt lat="38.83774518803932" lon="121.50543328647794">
        <ele>0</ele>
        <time>2025-04-11T01:31:48Z</time>
        <extensions>
          <gpxtpx:TrackPointExtension>
            <gpxtpx:hr>76</gpxtpx:hr>
          </gpxtpx:TrackPointExtension>
        </extensions>
      </trkpt>
      <trkpt lat="38.83775112076689" lon="121.50542475632078">
        <ele>0</ele>
        <time>2025-04-11T01:31:49Z</time>
        <extensions>
          <gpxtpx:TrackPointExtension>
            <gpxtpx:hr>76</gpxtpx:hr>
          </gpxtpx:TrackPointExtension>
        </extensions>
      </trkpt>
      <trkpt lat="38.83775727284959" lon="121.50541581424835">
        <ele>0</ele>
        <time>2025-04-11T01:31:50Z</time>
        <extensions>
          <gpxtpx:TrackPointExtension>
            <gpxtpx:hr>76</gpxtpx:hr>
          </gpxtpx:TrackPointExtension>
        </extensions>
      </trkpt>
      <trkpt lat="38.83776365056642" lon="121.50540642225555">
        <ele>0</ele>
        <time>2025-04-11T01:31:51Z</time>
        <extensions>
          <gpxtpx:TrackPointExtension>
            <gpxtpx:hr>76</gpxtpx:hr>
          </gpxtpx:TrackPointExtension>
        </extensions>
      </trkpt>
      <trkpt lat="38.83777018299349" lon="121.5053969238503">
        <ele>0</ele>
        <time>2025-04-11T01:31:52Z</time>
        <extensions>
          <gpxtpx:TrackPointExtension>
            <gpxtpx:hr>76</gpxtpx:hr>
          </gpxtpx:TrackPointExtension>
        </extensions>
      </trkpt>
      <trkpt lat="38.8377768659346" lon="121.50538756176142">
        <ele>0</ele>
        <time>2025-04-11T01:31:53Z</time>
        <extensions>
          <gpxtpx:TrackPointExtension>
            <gpxtpx:hr>76</gpxtpx:hr>
          </gpxtpx:TrackPointExtension>
        </extensions>
      </trkpt>
      <trkpt lat="38.837783572370014" lon="121.50537861358373">
        <ele>0</ele>
        <time>2025-04-11T01:31:54Z</time>
        <extensions>
          <gpxtpx:TrackPointExtension>
            <gpxtpx:hr>76</gpxtpx:hr>
          </gpxtpx:TrackPointExtension>
        </extensions>
      </trkpt>
      <trkpt lat="38.83779026916992" lon="121.50536993630861">
        <ele>0</ele>
        <time>2025-04-11T01:31:55Z</time>
        <extensions>
          <gpxtpx:TrackPointExtension>
            <gpxtpx:hr>76</gpxtpx:hr>
          </gpxtpx:TrackPointExtension>
        </extensions>
      </trkpt>
      <trkpt lat="38.83779687402814" lon="121.50536161318317">
        <ele>0</ele>
        <time>2025-04-11T01:31:56Z</time>
        <extensions>
          <gpxtpx:TrackPointExtension>
            <gpxtpx:hr>76</gpxtpx:hr>
          </gpxtpx:TrackPointExtension>
        </extensions>
      </trkpt>
      <trkpt lat="38.83780244247971" lon="121.50535466180948">
        <ele>0</ele>
        <time>2025-04-11T01:31:57Z</time>
        <extensions>
          <gpxtpx:TrackPointExtension>
            <gpxtpx:hr>76</gpxtpx:hr>
          </gpxtpx:TrackPointExtension>
        </extensions>
      </trkpt>
      <trkpt lat="38.837809430023846" lon="121.50534613704622">
        <ele>0</ele>
        <time>2025-04-11T01:31:58Z</time>
        <extensions>
          <gpxtpx:TrackPointExtension>
            <gpxtpx:hr>78</gpxtpx:hr>
          </gpxtpx:TrackPointExtension>
        </extensions>
      </trkpt>
      <trkpt lat="38.837815163178085" lon="121.50533914218308">
        <ele>0</ele>
        <time>2025-04-11T01:31:59Z</time>
        <extensions>
          <gpxtpx:TrackPointExtension>
            <gpxtpx:hr>78</gpxtpx:hr>
          </gpxtpx:TrackPointExtension>
        </extensions>
      </trkpt>
      <trkpt lat="38.83781954811006" lon="121.50533378957624">
        <ele>0</ele>
        <time>2025-04-11T01:32:00Z</time>
        <extensions>
          <gpxtpx:TrackPointExtension>
            <gpxtpx:hr>78</gpxtpx:hr>
          </gpxtpx:TrackPointExtension>
        </extensions>
      </trkpt>
      <trkpt lat="38.837825494929774" lon="121.50532636130782">
        <ele>0</ele>
        <time>2025-04-11T01:32:01Z</time>
        <extensions>
          <gpxtpx:TrackPointExtension>
            <gpxtpx:hr>78</gpxtpx:hr>
          </gpxtpx:TrackPointExtension>
        </extensions>
      </trkpt>
      <trkpt lat="38.83783021404775" lon="121.50532039521633">
        <ele>0</ele>
        <time>2025-04-11T01:32:02Z</time>
        <extensions>
          <gpxtpx:TrackPointExtension>
            <gpxtpx:hr>78</gpxtpx:hr>
          </gpxtpx:TrackPointExtension>
        </extensions>
      </trkpt>
      <trkpt lat="38.8378341524341" lon="121.50531558930946">
        <ele>0</ele>
        <time>2025-04-11T01:32:03Z</time>
        <extensions>
          <gpxtpx:TrackPointExtension>
            <gpxtpx:hr>78</gpxtpx:hr>
          </gpxtpx:TrackPointExtension>
        </extensions>
      </trkpt>
      <trkpt lat="38.837840653783935" lon="121.50530898713461">
        <ele>0</ele>
        <time>2025-04-11T01:32:04Z</time>
        <extensions>
          <gpxtpx:TrackPointExtension>
            <gpxtpx:hr>78</gpxtpx:hr>
          </gpxtpx:TrackPointExtension>
        </extensions>
      </trkpt>
      <trkpt lat="38.83784585028863" lon="121.50530504647077">
        <ele>0</ele>
        <time>2025-04-11T01:32:05Z</time>
        <extensions>
          <gpxtpx:TrackPointExtension>
            <gpxtpx:hr>78</gpxtpx:hr>
          </gpxtpx:TrackPointExtension>
        </extensions>
      </trkpt>
      <trkpt lat="38.83785295395441" lon="121.50530165065517">
        <ele>0</ele>
        <time>2025-04-11T01:32:06Z</time>
        <extensions>
          <gpxtpx:TrackPointExtension>
            <gpxtpx:hr>78</gpxtpx:hr>
          </gpxtpx:TrackPointExtension>
        </extensions>
      </trkpt>
      <trkpt lat="38.83786073583726" lon="121.50530036326879">
        <ele>0</ele>
        <time>2025-04-11T01:32:07Z</time>
        <extensions>
          <gpxtpx:TrackPointExtension>
            <gpxtpx:hr>78</gpxtpx:hr>
          </gpxtpx:TrackPointExtension>
        </extensions>
      </trkpt>
      <trkpt lat="38.83787002702426" lon="121.50530164572145">
        <ele>0</ele>
        <time>2025-04-11T01:32:08Z</time>
        <extensions>
          <gpxtpx:TrackPointExtension>
            <gpxtpx:hr>78</gpxtpx:hr>
          </gpxtpx:TrackPointExtension>
        </extensions>
      </trkpt>
      <trkpt lat="38.837876330236014" lon="121.50530386994653">
        <ele>0</ele>
        <time>2025-04-11T01:32:09Z</time>
        <extensions>
          <gpxtpx:TrackPointExtension>
            <gpxtpx:hr>77</gpxtpx:hr>
          </gpxtpx:TrackPointExtension>
        </extensions>
      </trkpt>
      <trkpt lat="38.83788455141042" lon="121.50530699460934">
        <ele>0</ele>
        <time>2025-04-11T01:32:10Z</time>
        <extensions>
          <gpxtpx:TrackPointExtension>
            <gpxtpx:hr>77</gpxtpx:hr>
          </gpxtpx:TrackPointExtension>
        </extensions>
      </trkpt>
      <trkpt lat="38.83789107014176" lon="121.50530830311628">
        <ele>0</ele>
        <time>2025-04-11T01:32:11Z</time>
        <extensions>
          <gpxtpx:TrackPointExtension>
            <gpxtpx:hr>77</gpxtpx:hr>
          </gpxtpx:TrackPointExtension>
        </extensions>
      </trkpt>
      <trkpt lat="38.83789634999834" lon="121.50530783734298">
        <ele>0</ele>
        <time>2025-04-11T01:32:12Z</time>
        <extensions>
          <gpxtpx:TrackPointExtension>
            <gpxtpx:hr>77</gpxtpx:hr>
          </gpxtpx:TrackPointExtension>
        </extensions>
      </trkpt>
      <trkpt lat="38.83790351663472" lon="121.50530483801602">
        <ele>0</ele>
        <time>2025-04-11T01:32:13Z</time>
        <extensions>
          <gpxtpx:TrackPointExtension>
            <gpxtpx:hr>77</gpxtpx:hr>
          </gpxtpx:TrackPointExtension>
        </extensions>
      </trkpt>
      <trkpt lat="38.83790944194179" lon="121.5053003190852">
        <ele>0</ele>
        <time>2025-04-11T01:32:14Z</time>
        <extensions>
          <gpxtpx:TrackPointExtension>
            <gpxtpx:hr>77</gpxtpx:hr>
          </gpxtpx:TrackPointExtension>
        </extensions>
      </trkpt>
      <trkpt lat="38.83791409862824" lon="121.50529544692844">
        <ele>0</ele>
        <time>2025-04-11T01:32:15Z</time>
        <extensions>
          <gpxtpx:TrackPointExtension>
            <gpxtpx:hr>78</gpxtpx:hr>
          </gpxtpx:TrackPointExtension>
        </extensions>
      </trkpt>
      <trkpt lat="38.83791951462747" lon="121.50528716299819">
        <ele>0</ele>
        <time>2025-04-11T01:32:16Z</time>
        <extensions>
          <gpxtpx:TrackPointExtension>
            <gpxtpx:hr>78</gpxtpx:hr>
          </gpxtpx:TrackPointExtension>
        </extensions>
      </trkpt>
      <trkpt lat="38.83792321000719" lon="121.50527870053473">
        <ele>0</ele>
        <time>2025-04-11T01:32:17Z</time>
        <extensions>
          <gpxtpx:TrackPointExtension>
            <gpxtpx:hr>78</gpxtpx:hr>
          </gpxtpx:TrackPointExtension>
        </extensions>
      </trkpt>
      <trkpt lat="38.837925863848646" lon="121.50527097243108">
        <ele>0</ele>
        <time>2025-04-11T01:32:18Z</time>
        <extensions>
          <gpxtpx:TrackPointExtension>
            <gpxtpx:hr>78</gpxtpx:hr>
          </gpxtpx:TrackPointExtension>
        </extensions>
      </trkpt>
      <trkpt lat="38.837928952974636" lon="121.50526001189525">
        <ele>0</ele>
        <time>2025-04-11T01:32:19Z</time>
        <extensions>
          <gpxtpx:TrackPointExtension>
            <gpxtpx:hr>78</gpxtpx:hr>
          </gpxtpx:TrackPointExtension>
        </extensions>
      </trkpt>
      <trkpt lat="38.83793129955905" lon="121.50525035618963">
        <ele>0</ele>
        <time>2025-04-11T01:32:20Z</time>
        <extensions>
          <gpxtpx:TrackPointExtension>
            <gpxtpx:hr>78</gpxtpx:hr>
          </gpxtpx:TrackPointExtension>
        </extensions>
      </trkpt>
      <trkpt lat="38.83793312817178" lon="121.5052422902746">
        <ele>0</ele>
        <time>2025-04-11T01:32:21Z</time>
        <extensions>
          <gpxtpx:TrackPointExtension>
            <gpxtpx:hr>78</gpxtpx:hr>
          </gpxtpx:TrackPointExtension>
        </extensions>
      </trkpt>
      <trkpt lat="38.83793504316919" lon="121.50523325533223">
        <ele>0</ele>
        <time>2025-04-11T01:32:22Z</time>
        <extensions>
          <gpxtpx:TrackPointExtension>
            <gpxtpx:hr>78</gpxtpx:hr>
          </gpxtpx:TrackPointExtension>
        </extensions>
      </trkpt>
      <trkpt lat="38.83793674837481" lon="121.50522467829286">
        <ele>0</ele>
        <time>2025-04-11T01:32:23Z</time>
        <extensions>
          <gpxtpx:TrackPointExtension>
            <gpxtpx:hr>78</gpxtpx:hr>
          </gpxtpx:TrackPointExtension>
        </extensions>
      </trkpt>
      <trkpt lat="38.8379382552533" lon="121.5052163877788">
        <ele>0</ele>
        <time>2025-04-11T01:32:24Z</time>
        <extensions>
          <gpxtpx:TrackPointExtension>
            <gpxtpx:hr>78</gpxtpx:hr>
          </gpxtpx:TrackPointExtension>
        </extensions>
      </trkpt>
      <trkpt lat="38.837939541481205" lon="121.50520822087199">
        <ele>0</ele>
        <time>2025-04-11T01:32:25Z</time>
        <extensions>
          <gpxtpx:TrackPointExtension>
            <gpxtpx:hr>78</gpxtpx:hr>
          </gpxtpx:TrackPointExtension>
        </extensions>
      </trkpt>
      <trkpt lat="38.837940401788735" lon="121.50520012651454">
        <ele>0</ele>
        <time>2025-04-11T01:32:26Z</time>
        <extensions>
          <gpxtpx:TrackPointExtension>
            <gpxtpx:hr>78</gpxtpx:hr>
          </gpxtpx:TrackPointExtension>
        </extensions>
      </trkpt>
      <trkpt lat="38.83794050991048" lon="121.5051921850943">
        <ele>0</ele>
        <time>2025-04-11T01:32:27Z</time>
        <extensions>
          <gpxtpx:TrackPointExtension>
            <gpxtpx:hr>78</gpxtpx:hr>
          </gpxtpx:TrackPointExtension>
        </extensions>
      </trkpt>
      <trkpt lat="38.83793969241161" lon="121.5051845361753">
        <ele>0</ele>
        <time>2025-04-11T01:32:28Z</time>
        <extensions>
          <gpxtpx:TrackPointExtension>
            <gpxtpx:hr>78</gpxtpx:hr>
          </gpxtpx:TrackPointExtension>
        </extensions>
      </trkpt>
      <trkpt lat="38.83793800528893" lon="121.5051772719279">
        <ele>0</ele>
        <time>2025-04-11T01:32:29Z</time>
        <extensions>
          <gpxtpx:TrackPointExtension>
            <gpxtpx:hr>78</gpxtpx:hr>
          </gpxtpx:TrackPointExtension>
        </extensions>
      </trkpt>
      <trkpt lat="38.83793561958677" lon="121.50517050977037">
        <ele>0</ele>
        <time>2025-04-11T01:32:30Z</time>
        <extensions>
          <gpxtpx:TrackPointExtension>
            <gpxtpx:hr>78</gpxtpx:hr>
          </gpxtpx:TrackPointExtension>
        </extensions>
      </trkpt>
      <trkpt lat="38.83793225698001" lon="121.5051636483797">
        <ele>0</ele>
        <time>2025-04-11T01:32:31Z</time>
        <extensions>
          <gpxtpx:TrackPointExtension>
            <gpxtpx:hr>78</gpxtpx:hr>
          </gpxtpx:TrackPointExtension>
        </extensions>
      </trkpt>
      <trkpt lat="38.837928767962595" lon="121.50515803532136">
        <ele>0</ele>
        <time>2025-04-11T01:32:32Z</time>
        <extensions>
          <gpxtpx:TrackPointExtension>
            <gpxtpx:hr>78</gpxtpx:hr>
          </gpxtpx:TrackPointExtension>
        </extensions>
      </trkpt>
      <trkpt lat="38.83792533882058" lon="121.50515328209264">
        <ele>0</ele>
        <time>2025-04-11T01:32:33Z</time>
        <extensions>
          <gpxtpx:TrackPointExtension>
            <gpxtpx:hr>79</gpxtpx:hr>
          </gpxtpx:TrackPointExtension>
        </extensions>
      </trkpt>
      <trkpt lat="38.83792042449379" lon="121.50514733129624">
        <ele>0</ele>
        <time>2025-04-11T01:32:34Z</time>
        <extensions>
          <gpxtpx:TrackPointExtension>
            <gpxtpx:hr>79</gpxtpx:hr>
          </gpxtpx:TrackPointExtension>
        </extensions>
      </trkpt>
      <trkpt lat="38.83791555093914" lon="121.50514197247419">
        <ele>0</ele>
        <time>2025-04-11T01:32:35Z</time>
        <extensions>
          <gpxtpx:TrackPointExtension>
            <gpxtpx:hr>79</gpxtpx:hr>
          </gpxtpx:TrackPointExtension>
        </extensions>
      </trkpt>
      <trkpt lat="38.83791101355121" lon="121.5051371646774">
        <ele>0</ele>
        <time>2025-04-11T01:32:36Z</time>
        <extensions>
          <gpxtpx:TrackPointExtension>
            <gpxtpx:hr>79</gpxtpx:hr>
          </gpxtpx:TrackPointExtension>
        </extensions>
      </trkpt>
      <trkpt lat="38.83790524925062" lon="121.505131006908">
        <ele>0</ele>
        <time>2025-04-11T01:32:37Z</time>
        <extensions>
          <gpxtpx:TrackPointExtension>
            <gpxtpx:hr>79</gpxtpx:hr>
          </gpxtpx:TrackPointExtension>
        </extensions>
      </trkpt>
      <trkpt lat="38.837900072355076" lon="121.50512525032217">
        <ele>0</ele>
        <time>2025-04-11T01:32:38Z</time>
        <extensions>
          <gpxtpx:TrackPointExtension>
            <gpxtpx:hr>79</gpxtpx:hr>
          </gpxtpx:TrackPointExtension>
        </extensions>
      </trkpt>
      <trkpt lat="38.837895424170846" lon="121.5051200282576">
        <ele>0</ele>
        <time>2025-04-11T01:32:39Z</time>
        <extensions>
          <gpxtpx:TrackPointExtension>
            <gpxtpx:hr>78</gpxtpx:hr>
          </gpxtpx:TrackPointExtension>
        </extensions>
      </trkpt>
      <trkpt lat="38.83788959047624" lon="121.50511362199285">
        <ele>0</ele>
        <time>2025-04-11T01:32:40Z</time>
        <extensions>
          <gpxtpx:TrackPointExtension>
            <gpxtpx:hr>78</gpxtpx:hr>
          </gpxtpx:TrackPointExtension>
        </extensions>
      </trkpt>
      <trkpt lat="38.83788422636875" lon="121.50510769473293">
        <ele>0</ele>
        <time>2025-04-11T01:32:41Z</time>
        <extensions>
          <gpxtpx:TrackPointExtension>
            <gpxtpx:hr>78</gpxtpx:hr>
          </gpxtpx:TrackPointExtension>
        </extensions>
      </trkpt>
      <trkpt lat="38.83787937822417" lon="121.50510207325317">
        <ele>0</ele>
        <time>2025-04-11T01:32:42Z</time>
        <extensions>
          <gpxtpx:TrackPointExtension>
            <gpxtpx:hr>78</gpxtpx:hr>
          </gpxtpx:TrackPointExtension>
        </extensions>
      </trkpt>
      <trkpt lat="38.83787343469062" lon="121.50509472988803">
        <ele>0</ele>
        <time>2025-04-11T01:32:43Z</time>
        <extensions>
          <gpxtpx:TrackPointExtension>
            <gpxtpx:hr>78</gpxtpx:hr>
          </gpxtpx:TrackPointExtension>
        </extensions>
      </trkpt>
      <trkpt lat="38.83786791796486" lon="121.50508755384195">
        <ele>0</ele>
        <time>2025-04-11T01:32:44Z</time>
        <extensions>
          <gpxtpx:TrackPointExtension>
            <gpxtpx:hr>78</gpxtpx:hr>
          </gpxtpx:TrackPointExtension>
        </extensions>
      </trkpt>
      <trkpt lat="38.83786281180954" lon="121.50508077458197">
        <ele>0</ele>
        <time>2025-04-11T01:32:45Z</time>
        <extensions>
          <gpxtpx:TrackPointExtension>
            <gpxtpx:hr>79</gpxtpx:hr>
          </gpxtpx:TrackPointExtension>
        </extensions>
      </trkpt>
      <trkpt lat="38.837856411224344" lon="121.50507266674649">
        <ele>0</ele>
        <time>2025-04-11T01:32:46Z</time>
        <extensions>
          <gpxtpx:TrackPointExtension>
            <gpxtpx:hr>79</gpxtpx:hr>
          </gpxtpx:TrackPointExtension>
        </extensions>
      </trkpt>
      <trkpt lat="38.83785021384477" lon="121.50506564374636">
        <ele>0</ele>
        <time>2025-04-11T01:32:47Z</time>
        <extensions>
          <gpxtpx:TrackPointExtension>
            <gpxtpx:hr>79</gpxtpx:hr>
          </gpxtpx:TrackPointExtension>
        </extensions>
      </trkpt>
      <trkpt lat="38.837844327781276" lon="121.50505964752183">
        <ele>0</ele>
        <time>2025-04-11T01:32:48Z</time>
        <extensions>
          <gpxtpx:TrackPointExtension>
            <gpxtpx:hr>79</gpxtpx:hr>
          </gpxtpx:TrackPointExtension>
        </extensions>
      </trkpt>
      <trkpt lat="38.83783715982111" lon="121.50505301389488">
        <ele>0</ele>
        <time>2025-04-11T01:32:49Z</time>
        <extensions>
          <gpxtpx:TrackPointExtension>
            <gpxtpx:hr>79</gpxtpx:hr>
          </gpxtpx:TrackPointExtension>
        </extensions>
      </trkpt>
      <trkpt lat="38.83783046540813" lon="121.50504716750385">
        <ele>0</ele>
        <time>2025-04-11T01:32:50Z</time>
        <extensions>
          <gpxtpx:TrackPointExtension>
            <gpxtpx:hr>78</gpxtpx:hr>
          </gpxtpx:TrackPointExtension>
        </extensions>
      </trkpt>
      <trkpt lat="38.83782424314654" lon="121.50504208146953">
        <ele>0</ele>
        <time>2025-04-11T01:32:51Z</time>
        <extensions>
          <gpxtpx:TrackPointExtension>
            <gpxtpx:hr>78</gpxtpx:hr>
          </gpxtpx:TrackPointExtension>
        </extensions>
      </trkpt>
      <trkpt lat="38.83781697968903" lon="121.50503639132083">
        <ele>0</ele>
        <time>2025-04-11T01:32:52Z</time>
        <extensions>
          <gpxtpx:TrackPointExtension>
            <gpxtpx:hr>78</gpxtpx:hr>
          </gpxtpx:TrackPointExtension>
        </extensions>
      </trkpt>
      <trkpt lat="38.83781017646885" lon="121.50503134888484">
        <ele>0</ele>
        <time>2025-04-11T01:32:53Z</time>
        <extensions>
          <gpxtpx:TrackPointExtension>
            <gpxtpx:hr>78</gpxtpx:hr>
          </gpxtpx:TrackPointExtension>
        </extensions>
      </trkpt>
      <trkpt lat="38.8378037822736" lon="121.5050267313368">
        <ele>0</ele>
        <time>2025-04-11T01:32:54Z</time>
        <extensions>
          <gpxtpx:TrackPointExtension>
            <gpxtpx:hr>78</gpxtpx:hr>
          </gpxtpx:TrackPointExtension>
        </extensions>
      </trkpt>
      <trkpt lat="38.83779625475289" lon="121.50502131344926">
        <ele>0</ele>
        <time>2025-04-11T01:32:55Z</time>
        <extensions>
          <gpxtpx:TrackPointExtension>
            <gpxtpx:hr>78</gpxtpx:hr>
          </gpxtpx:TrackPointExtension>
        </extensions>
      </trkpt>
      <trkpt lat="38.83778894465268" lon="121.50501618643327">
        <ele>0</ele>
        <time>2025-04-11T01:32:56Z</time>
        <extensions>
          <gpxtpx:TrackPointExtension>
            <gpxtpx:hr>78</gpxtpx:hr>
          </gpxtpx:TrackPointExtension>
        </extensions>
      </trkpt>
      <trkpt lat="38.837782089748195" lon="121.5050112654196">
        <ele>0</ele>
        <time>2025-04-11T01:32:57Z</time>
        <extensions>
          <gpxtpx:TrackPointExtension>
            <gpxtpx:hr>78</gpxtpx:hr>
          </gpxtpx:TrackPointExtension>
        </extensions>
      </trkpt>
      <trkpt lat="38.83777450934787" lon="121.50500536113415">
        <ele>0</ele>
        <time>2025-04-11T01:32:58Z</time>
        <extensions>
          <gpxtpx:TrackPointExtension>
            <gpxtpx:hr>78</gpxtpx:hr>
          </gpxtpx:TrackPointExtension>
        </extensions>
      </trkpt>
      <trkpt lat="38.83776759609059" lon="121.50499960525255">
        <ele>0</ele>
        <time>2025-04-11T01:32:59Z</time>
        <extensions>
          <gpxtpx:TrackPointExtension>
            <gpxtpx:hr>78</gpxtpx:hr>
          </gpxtpx:TrackPointExtension>
        </extensions>
      </trkpt>
      <trkpt lat="38.83776143324829" lon="121.50499395200582">
        <ele>0</ele>
        <time>2025-04-11T01:33:00Z</time>
        <extensions>
          <gpxtpx:TrackPointExtension>
            <gpxtpx:hr>78</gpxtpx:hr>
          </gpxtpx:TrackPointExtension>
        </extensions>
      </trkpt>
      <trkpt lat="38.83775511560275" lon="121.50498709188146">
        <ele>0</ele>
        <time>2025-04-11T01:33:01Z</time>
        <extensions>
          <gpxtpx:TrackPointExtension>
            <gpxtpx:hr>78</gpxtpx:hr>
          </gpxtpx:TrackPointExtension>
        </extensions>
      </trkpt>
      <trkpt lat="38.83774977063591" lon="121.50498003582679">
        <ele>0</ele>
        <time>2025-04-11T01:33:02Z</time>
        <extensions>
          <gpxtpx:TrackPointExtension>
            <gpxtpx:hr>78</gpxtpx:hr>
          </gpxtpx:TrackPointExtension>
        </extensions>
      </trkpt>
      <trkpt lat="38.837745148713324" lon="121.5049730355716">
        <ele>0</ele>
        <time>2025-04-11T01:33:03Z</time>
        <extensions>
          <gpxtpx:TrackPointExtension>
            <gpxtpx:hr>79</gpxtpx:hr>
          </gpxtpx:TrackPointExtension>
        </extensions>
      </trkpt>
      <trkpt lat="38.837740785408386" lon="121.50496483363483">
        <ele>0</ele>
        <time>2025-04-11T01:33:04Z</time>
        <extensions>
          <gpxtpx:TrackPointExtension>
            <gpxtpx:hr>79</gpxtpx:hr>
          </gpxtpx:TrackPointExtension>
        </extensions>
      </trkpt>
      <trkpt lat="38.83773760532918" lon="121.50495632803484">
        <ele>0</ele>
        <time>2025-04-11T01:33:05Z</time>
        <extensions>
          <gpxtpx:TrackPointExtension>
            <gpxtpx:hr>79</gpxtpx:hr>
          </gpxtpx:TrackPointExtension>
        </extensions>
      </trkpt>
      <trkpt lat="38.83773548833332" lon="121.50494746949718">
        <ele>0</ele>
        <time>2025-04-11T01:33:06Z</time>
        <extensions>
          <gpxtpx:TrackPointExtension>
            <gpxtpx:hr>79</gpxtpx:hr>
          </gpxtpx:TrackPointExtension>
        </extensions>
      </trkpt>
      <trkpt lat="38.83773372624124" lon="121.50493710545022">
        <ele>0</ele>
        <time>2025-04-11T01:33:07Z</time>
        <extensions>
          <gpxtpx:TrackPointExtension>
            <gpxtpx:hr>79</gpxtpx:hr>
          </gpxtpx:TrackPointExtension>
        </extensions>
      </trkpt>
      <trkpt lat="38.83773210732752" lon="121.5049267177855">
        <ele>0</ele>
        <time>2025-04-11T01:33:08Z</time>
        <extensions>
          <gpxtpx:TrackPointExtension>
            <gpxtpx:hr>79</gpxtpx:hr>
          </gpxtpx:TrackPointExtension>
        </extensions>
      </trkpt>
      <trkpt lat="38.83773043882114" lon="121.50491656605293">
        <ele>0</ele>
        <time>2025-04-11T01:33:09Z</time>
        <extensions>
          <gpxtpx:TrackPointExtension>
            <gpxtpx:hr>79</gpxtpx:hr>
          </gpxtpx:TrackPointExtension>
        </extensions>
      </trkpt>
      <trkpt lat="38.837728399420996" lon="121.50490575130107">
        <ele>0</ele>
        <time>2025-04-11T01:33:10Z</time>
        <extensions>
          <gpxtpx:TrackPointExtension>
            <gpxtpx:hr>77</gpxtpx:hr>
          </gpxtpx:TrackPointExtension>
        </extensions>
      </trkpt>
      <trkpt lat="38.83772600849593" lon="121.50489567184133">
        <ele>0</ele>
        <time>2025-04-11T01:33:11Z</time>
        <extensions>
          <gpxtpx:TrackPointExtension>
            <gpxtpx:hr>77</gpxtpx:hr>
          </gpxtpx:TrackPointExtension>
        </extensions>
      </trkpt>
      <trkpt lat="38.837723315138746" lon="121.50488643014178">
        <ele>0</ele>
        <time>2025-04-11T01:33:12Z</time>
        <extensions>
          <gpxtpx:TrackPointExtension>
            <gpxtpx:hr>77</gpxtpx:hr>
          </gpxtpx:TrackPointExtension>
        </extensions>
      </trkpt>
      <trkpt lat="38.83772017784998" lon="121.50487709198354">
        <ele>0</ele>
        <time>2025-04-11T01:33:13Z</time>
        <extensions>
          <gpxtpx:TrackPointExtension>
            <gpxtpx:hr>77</gpxtpx:hr>
          </gpxtpx:TrackPointExtension>
        </extensions>
      </trkpt>
      <trkpt lat="38.837717008539656" lon="121.50486827546801">
        <ele>0</ele>
        <time>2025-04-11T01:33:14Z</time>
        <extensions>
          <gpxtpx:TrackPointExtension>
            <gpxtpx:hr>77</gpxtpx:hr>
          </gpxtpx:TrackPointExtension>
        </extensions>
      </trkpt>
      <trkpt lat="38.837713700570184" lon="121.5048598170856">
        <ele>0</ele>
        <time>2025-04-11T01:33:15Z</time>
        <extensions>
          <gpxtpx:TrackPointExtension>
            <gpxtpx:hr>77</gpxtpx:hr>
          </gpxtpx:TrackPointExtension>
        </extensions>
      </trkpt>
      <trkpt lat="38.83770980809275" lon="121.50485113686196">
        <ele>0</ele>
        <time>2025-04-11T01:33:16Z</time>
        <extensions>
          <gpxtpx:TrackPointExtension>
            <gpxtpx:hr>77</gpxtpx:hr>
          </gpxtpx:TrackPointExtension>
        </extensions>
      </trkpt>
      <trkpt lat="38.83770557886253" lon="121.50484276653681">
        <ele>0</ele>
        <time>2025-04-11T01:33:17Z</time>
        <extensions>
          <gpxtpx:TrackPointExtension>
            <gpxtpx:hr>77</gpxtpx:hr>
          </gpxtpx:TrackPointExtension>
        </extensions>
      </trkpt>
      <trkpt lat="38.837701048732306" lon="121.50483470046798">
        <ele>0</ele>
        <time>2025-04-11T01:33:18Z</time>
        <extensions>
          <gpxtpx:TrackPointExtension>
            <gpxtpx:hr>77</gpxtpx:hr>
          </gpxtpx:TrackPointExtension>
        </extensions>
      </trkpt>
      <trkpt lat="38.83769602263559" lon="121.5048264875811">
        <ele>0</ele>
        <time>2025-04-11T01:33:19Z</time>
        <extensions>
          <gpxtpx:TrackPointExtension>
            <gpxtpx:hr>77</gpxtpx:hr>
          </gpxtpx:TrackPointExtension>
        </extensions>
      </trkpt>
      <trkpt lat="38.83769072361664" lon="121.50481849192855">
        <ele>0</ele>
        <time>2025-04-11T01:33:20Z</time>
        <extensions>
          <gpxtpx:TrackPointExtension>
            <gpxtpx:hr>76</gpxtpx:hr>
          </gpxtpx:TrackPointExtension>
        </extensions>
      </trkpt>
      <trkpt lat="38.83768505393647" lon="121.50481062261453">
        <ele>0</ele>
        <time>2025-04-11T01:33:21Z</time>
        <extensions>
          <gpxtpx:TrackPointExtension>
            <gpxtpx:hr>76</gpxtpx:hr>
          </gpxtpx:TrackPointExtension>
        </extensions>
      </trkpt>
      <trkpt lat="38.837678835146285" lon="121.50480245011258">
        <ele>0</ele>
        <time>2025-04-11T01:33:22Z</time>
        <extensions>
          <gpxtpx:TrackPointExtension>
            <gpxtpx:hr>76</gpxtpx:hr>
          </gpxtpx:TrackPointExtension>
        </extensions>
      </trkpt>
      <trkpt lat="38.83767239530061" lon="121.50479407942224">
        <ele>0</ele>
        <time>2025-04-11T01:33:23Z</time>
        <extensions>
          <gpxtpx:TrackPointExtension>
            <gpxtpx:hr>76</gpxtpx:hr>
          </gpxtpx:TrackPointExtension>
        </extensions>
      </trkpt>
      <trkpt lat="38.83766581463551" lon="121.5047855429383">
        <ele>0</ele>
        <time>2025-04-11T01:33:24Z</time>
        <extensions>
          <gpxtpx:TrackPointExtension>
            <gpxtpx:hr>76</gpxtpx:hr>
          </gpxtpx:TrackPointExtension>
        </extensions>
      </trkpt>
      <trkpt lat="38.83765901742652" lon="121.50477697525939">
        <ele>0</ele>
        <time>2025-04-11T01:33:25Z</time>
        <extensions>
          <gpxtpx:TrackPointExtension>
            <gpxtpx:hr>76</gpxtpx:hr>
          </gpxtpx:TrackPointExtension>
        </extensions>
      </trkpt>
      <trkpt lat="38.83765216881892" lon="121.50476840779764">
        <ele>0</ele>
        <time>2025-04-11T01:33:26Z</time>
        <extensions>
          <gpxtpx:TrackPointExtension>
            <gpxtpx:hr>76</gpxtpx:hr>
          </gpxtpx:TrackPointExtension>
        </extensions>
      </trkpt>
      <trkpt lat="38.8376453923276" lon="121.50475978499206">
        <ele>0</ele>
        <time>2025-04-11T01:33:27Z</time>
        <extensions>
          <gpxtpx:TrackPointExtension>
            <gpxtpx:hr>76</gpxtpx:hr>
          </gpxtpx:TrackPointExtension>
        </extensions>
      </trkpt>
      <trkpt lat="38.83763873880842" lon="121.50475107468746">
        <ele>0</ele>
        <time>2025-04-11T01:33:28Z</time>
        <extensions>
          <gpxtpx:TrackPointExtension>
            <gpxtpx:hr>76</gpxtpx:hr>
          </gpxtpx:TrackPointExtension>
        </extensions>
      </trkpt>
      <trkpt lat="38.83763228399065" lon="121.50474239938382">
        <ele>0</ele>
        <time>2025-04-11T01:33:29Z</time>
        <extensions>
          <gpxtpx:TrackPointExtension>
            <gpxtpx:hr>76</gpxtpx:hr>
          </gpxtpx:TrackPointExtension>
        </extensions>
      </trkpt>
      <trkpt lat="38.837625953377795" lon="121.5047339583412">
        <ele>0</ele>
        <time>2025-04-11T01:33:30Z</time>
        <extensions>
          <gpxtpx:TrackPointExtension>
            <gpxtpx:hr>76</gpxtpx:hr>
          </gpxtpx:TrackPointExtension>
        </extensions>
      </trkpt>
      <trkpt lat="38.837619530594075" lon="121.5047258675212">
        <ele>0</ele>
        <time>2025-04-11T01:33:31Z</time>
        <extensions>
          <gpxtpx:TrackPointExtension>
            <gpxtpx:hr>76</gpxtpx:hr>
          </gpxtpx:TrackPointExtension>
        </extensions>
      </trkpt>
      <trkpt lat="38.83761292282073" lon="121.50471821696343">
        <ele>0</ele>
        <time>2025-04-11T01:33:32Z</time>
        <extensions>
          <gpxtpx:TrackPointExtension>
            <gpxtpx:hr>76</gpxtpx:hr>
          </gpxtpx:TrackPointExtension>
        </extensions>
      </trkpt>
      <trkpt lat="38.83760618103565" lon="121.50471080652686">
        <ele>0</ele>
        <time>2025-04-11T01:33:33Z</time>
        <extensions>
          <gpxtpx:TrackPointExtension>
            <gpxtpx:hr>76</gpxtpx:hr>
          </gpxtpx:TrackPointExtension>
        </extensions>
      </trkpt>
      <trkpt lat="38.83759937138816" lon="121.50470321953986">
        <ele>0</ele>
        <time>2025-04-11T01:33:34Z</time>
        <extensions>
          <gpxtpx:TrackPointExtension>
            <gpxtpx:hr>76</gpxtpx:hr>
          </gpxtpx:TrackPointExtension>
        </extensions>
      </trkpt>
      <trkpt lat="38.83759251197792" lon="121.50469505730241">
        <ele>0</ele>
        <time>2025-04-11T01:33:35Z</time>
        <extensions>
          <gpxtpx:TrackPointExtension>
            <gpxtpx:hr>76</gpxtpx:hr>
          </gpxtpx:TrackPointExtension>
        </extensions>
      </trkpt>
      <trkpt lat="38.83758568512655" lon="121.50468610529218">
        <ele>0</ele>
        <time>2025-04-11T01:33:36Z</time>
        <extensions>
          <gpxtpx:TrackPointExtension>
            <gpxtpx:hr>76</gpxtpx:hr>
          </gpxtpx:TrackPointExtension>
        </extensions>
      </trkpt>
      <trkpt lat="38.83757902642088" lon="121.50467627079034">
        <ele>0</ele>
        <time>2025-04-11T01:33:37Z</time>
        <extensions>
          <gpxtpx:TrackPointExtension>
            <gpxtpx:hr>76</gpxtpx:hr>
          </gpxtpx:TrackPointExtension>
        </extensions>
      </trkpt>
      <trkpt lat="38.83757275238507" lon="121.50466552906195">
        <ele>0</ele>
        <time>2025-04-11T01:33:38Z</time>
        <extensions>
          <gpxtpx:TrackPointExtension>
            <gpxtpx:hr>76</gpxtpx:hr>
          </gpxtpx:TrackPointExtension>
        </extensions>
      </trkpt>
      <trkpt lat="38.837567034005225" lon="121.50465405582102">
        <ele>0</ele>
        <time>2025-04-11T01:33:39Z</time>
        <extensions>
          <gpxtpx:TrackPointExtension>
            <gpxtpx:hr>76</gpxtpx:hr>
          </gpxtpx:TrackPointExtension>
        </extensions>
      </trkpt>
      <trkpt lat="38.83756204841904" lon="121.50464216740208">
        <ele>0</ele>
        <time>2025-04-11T01:33:40Z</time>
        <extensions>
          <gpxtpx:TrackPointExtension>
            <gpxtpx:hr>76</gpxtpx:hr>
          </gpxtpx:TrackPointExtension>
        </extensions>
      </trkpt>
      <trkpt lat="38.837557923459514" lon="121.50463004587732">
        <ele>0</ele>
        <time>2025-04-11T01:33:41Z</time>
        <extensions>
          <gpxtpx:TrackPointExtension>
            <gpxtpx:hr>76</gpxtpx:hr>
          </gpxtpx:TrackPointExtension>
        </extensions>
      </trkpt>
      <trkpt lat="38.83755458344402" lon="121.50461766842821">
        <ele>0</ele>
        <time>2025-04-11T01:33:42Z</time>
        <extensions>
          <gpxtpx:TrackPointExtension>
            <gpxtpx:hr>76</gpxtpx:hr>
          </gpxtpx:TrackPointExtension>
        </extensions>
      </trkpt>
      <trkpt lat="38.83755195928687" lon="121.50460509813381">
        <ele>0</ele>
        <time>2025-04-11T01:33:43Z</time>
        <extensions>
          <gpxtpx:TrackPointExtension>
            <gpxtpx:hr>76</gpxtpx:hr>
          </gpxtpx:TrackPointExtension>
        </extensions>
      </trkpt>
      <trkpt lat="38.837550002365745" lon="121.50459274650487">
        <ele>0</ele>
        <time>2025-04-11T01:33:44Z</time>
        <extensions>
          <gpxtpx:TrackPointExtension>
            <gpxtpx:hr>76</gpxtpx:hr>
          </gpxtpx:TrackPointExtension>
        </extensions>
      </trkpt>
      <trkpt lat="38.83754857358403" lon="121.5045813448868">
        <ele>0</ele>
        <time>2025-04-11T01:33:45Z</time>
        <extensions>
          <gpxtpx:TrackPointExtension>
            <gpxtpx:hr>76</gpxtpx:hr>
          </gpxtpx:TrackPointExtension>
        </extensions>
      </trkpt>
      <trkpt lat="38.837547275087026" lon="121.50457203782516">
        <ele>0</ele>
        <time>2025-04-11T01:33:46Z</time>
        <extensions>
          <gpxtpx:TrackPointExtension>
            <gpxtpx:hr>76</gpxtpx:hr>
          </gpxtpx:TrackPointExtension>
        </extensions>
      </trkpt>
      <trkpt lat="38.83754611332234" lon="121.50456556309616">
        <ele>0</ele>
        <time>2025-04-11T01:33:47Z</time>
        <extensions>
          <gpxtpx:TrackPointExtension>
            <gpxtpx:hr>76</gpxtpx:hr>
          </gpxtpx:TrackPointExtension>
        </extensions>
      </trkpt>
      <trkpt lat="38.83754524942921" lon="121.50456165289282">
        <ele>0</ele>
        <time>2025-04-11T01:33:48Z</time>
        <extensions>
          <gpxtpx:TrackPointExtension>
            <gpxtpx:hr>76</gpxtpx:hr>
          </gpxtpx:TrackPointExtension>
        </extensions>
      </trkpt>
      <trkpt lat="38.83754455754907" lon="121.50455945365536">
        <ele>0</ele>
        <time>2025-04-11T01:33:49Z</time>
        <extensions>
          <gpxtpx:TrackPointExtension>
            <gpxtpx:hr>76</gpxtpx:hr>
          </gpxtpx:TrackPointExtension>
        </extensions>
      </trkpt>
      <trkpt lat="38.837543976519214" lon="121.50455795845953">
        <ele>0</ele>
        <time>2025-04-11T01:33:50Z</time>
        <extensions>
          <gpxtpx:TrackPointExtension>
            <gpxtpx:hr>76</gpxtpx:hr>
          </gpxtpx:TrackPointExtension>
        </extensions>
      </trkpt>
      <trkpt lat="38.837543281664395" lon="121.50455629537767">
        <ele>0</ele>
        <time>2025-04-11T01:33:51Z</time>
        <extensions>
          <gpxtpx:TrackPointExtension>
            <gpxtpx:hr>76</gpxtpx:hr>
          </gpxtpx:TrackPointExtension>
        </extensions>
      </trkpt>
      <trkpt lat="38.83754240606332" lon="121.50455372883702">
        <ele>0</ele>
        <time>2025-04-11T01:33:52Z</time>
        <extensions>
          <gpxtpx:TrackPointExtension>
            <gpxtpx:hr>76</gpxtpx:hr>
          </gpxtpx:TrackPointExtension>
        </extensions>
      </trkpt>
      <trkpt lat="38.837541294759255" lon="121.50454950869955">
        <ele>0</ele>
        <time>2025-04-11T01:33:53Z</time>
        <extensions>
          <gpxtpx:TrackPointExtension>
            <gpxtpx:hr>77</gpxtpx:hr>
          </gpxtpx:TrackPointExtension>
        </extensions>
      </trkpt>
      <trkpt lat="38.83753985899297" lon="121.50454313467182">
        <ele>0</ele>
        <time>2025-04-11T01:33:54Z</time>
        <extensions>
          <gpxtpx:TrackPointExtension>
            <gpxtpx:hr>77</gpxtpx:hr>
          </gpxtpx:TrackPointExtension>
        </extensions>
      </trkpt>
      <trkpt lat="38.8375381450941" lon="121.50453491204868">
        <ele>0</ele>
        <time>2025-04-11T01:33:55Z</time>
        <extensions>
          <gpxtpx:TrackPointExtension>
            <gpxtpx:hr>77</gpxtpx:hr>
          </gpxtpx:TrackPointExtension>
        </extensions>
      </trkpt>
      <trkpt lat="38.83753625633541" lon="121.5045256182225">
        <ele>0</ele>
        <time>2025-04-11T01:33:56Z</time>
        <extensions>
          <gpxtpx:TrackPointExtension>
            <gpxtpx:hr>77</gpxtpx:hr>
          </gpxtpx:TrackPointExtension>
        </extensions>
      </trkpt>
      <trkpt lat="38.837534332140486" lon="121.50451575272892">
        <ele>0</ele>
        <time>2025-04-11T01:33:57Z</time>
        <extensions>
          <gpxtpx:TrackPointExtension>
            <gpxtpx:hr>77</gpxtpx:hr>
          </gpxtpx:TrackPointExtension>
        </extensions>
      </trkpt>
      <trkpt lat="38.83753269275672" lon="121.50450585236322">
        <ele>0</ele>
        <time>2025-04-11T01:33:58Z</time>
        <extensions>
          <gpxtpx:TrackPointExtension>
            <gpxtpx:hr>77</gpxtpx:hr>
          </gpxtpx:TrackPointExtension>
        </extensions>
      </trkpt>
      <trkpt lat="38.837531596356904" lon="121.50449648115024">
        <ele>0</ele>
        <time>2025-04-11T01:33:59Z</time>
        <extensions>
          <gpxtpx:TrackPointExtension>
            <gpxtpx:hr>77</gpxtpx:hr>
          </gpxtpx:TrackPointExtension>
        </extensions>
      </trkpt>
      <trkpt lat="38.83753100862657" lon="121.50448797534646">
        <ele>0</ele>
        <time>2025-04-11T01:34:00Z</time>
        <extensions>
          <gpxtpx:TrackPointExtension>
            <gpxtpx:hr>77</gpxtpx:hr>
          </gpxtpx:TrackPointExtension>
        </extensions>
      </trkpt>
      <trkpt lat="38.83753084971132" lon="121.5044804598092">
        <ele>0</ele>
        <time>2025-04-11T01:34:01Z</time>
        <extensions>
          <gpxtpx:TrackPointExtension>
            <gpxtpx:hr>77</gpxtpx:hr>
          </gpxtpx:TrackPointExtension>
        </extensions>
      </trkpt>
      <trkpt lat="38.83753109979041" lon="121.50447392386123">
        <ele>0</ele>
        <time>2025-04-11T01:34:02Z</time>
        <extensions>
          <gpxtpx:TrackPointExtension>
            <gpxtpx:hr>77</gpxtpx:hr>
          </gpxtpx:TrackPointExtension>
        </extensions>
      </trkpt>
      <trkpt lat="38.837531775413005" lon="121.50446848476513">
        <ele>0</ele>
        <time>2025-04-11T01:34:03Z</time>
        <extensions>
          <gpxtpx:TrackPointExtension>
            <gpxtpx:hr>77</gpxtpx:hr>
          </gpxtpx:TrackPointExtension>
        </extensions>
      </trkpt>
      <trkpt lat="38.83753288086696" lon="121.50446418065957">
        <ele>0</ele>
        <time>2025-04-11T01:34:04Z</time>
        <extensions>
          <gpxtpx:TrackPointExtension>
            <gpxtpx:hr>77</gpxtpx:hr>
          </gpxtpx:TrackPointExtension>
        </extensions>
      </trkpt>
      <trkpt lat="38.837534428605" lon="121.50446065726727">
        <ele>0</ele>
        <time>2025-04-11T01:34:05Z</time>
        <extensions>
          <gpxtpx:TrackPointExtension>
            <gpxtpx:hr>77</gpxtpx:hr>
          </gpxtpx:TrackPointExtension>
        </extensions>
      </trkpt>
      <trkpt lat="38.837536620460945" lon="121.50445751609212">
        <ele>0</ele>
        <time>2025-04-11T01:34:06Z</time>
        <extensions>
          <gpxtpx:TrackPointExtension>
            <gpxtpx:hr>77</gpxtpx:hr>
          </gpxtpx:TrackPointExtension>
        </extensions>
      </trkpt>
      <trkpt lat="38.83753952294927" lon="121.50445445936087">
        <ele>0</ele>
        <time>2025-04-11T01:34:07Z</time>
        <extensions>
          <gpxtpx:TrackPointExtension>
            <gpxtpx:hr>77</gpxtpx:hr>
          </gpxtpx:TrackPointExtension>
        </extensions>
      </trkpt>
      <trkpt lat="38.83754311138629" lon="121.50445117260978">
        <ele>0</ele>
        <time>2025-04-11T01:34:08Z</time>
        <extensions>
          <gpxtpx:TrackPointExtension>
            <gpxtpx:hr>77</gpxtpx:hr>
          </gpxtpx:TrackPointExtension>
        </extensions>
      </trkpt>
      <trkpt lat="38.837547535561036" lon="121.5044473564077">
        <ele>0</ele>
        <time>2025-04-11T01:34:09Z</time>
        <extensions>
          <gpxtpx:TrackPointExtension>
            <gpxtpx:hr>77</gpxtpx:hr>
          </gpxtpx:TrackPointExtension>
        </extensions>
      </trkpt>
      <trkpt lat="38.83755269896028" lon="121.5044428978616">
        <ele>0</ele>
        <time>2025-04-11T01:34:10Z</time>
        <extensions>
          <gpxtpx:TrackPointExtension>
            <gpxtpx:hr>77</gpxtpx:hr>
          </gpxtpx:TrackPointExtension>
        </extensions>
      </trkpt>
      <trkpt lat="38.83755836667301" lon="121.50443773615018">
        <ele>0</ele>
        <time>2025-04-11T01:34:11Z</time>
        <extensions>
          <gpxtpx:TrackPointExtension>
            <gpxtpx:hr>77</gpxtpx:hr>
          </gpxtpx:TrackPointExtension>
        </extensions>
      </trkpt>
      <trkpt lat="38.83756448193759" lon="121.50443195781257">
        <ele>0</ele>
        <time>2025-04-11T01:34:12Z</time>
        <extensions>
          <gpxtpx:TrackPointExtension>
            <gpxtpx:hr>77</gpxtpx:hr>
          </gpxtpx:TrackPointExtension>
        </extensions>
      </trkpt>
      <trkpt lat="38.837570884204666" lon="121.50442588841089">
        <ele>0</ele>
        <time>2025-04-11T01:34:13Z</time>
        <extensions>
          <gpxtpx:TrackPointExtension>
            <gpxtpx:hr>77</gpxtpx:hr>
          </gpxtpx:TrackPointExtension>
        </extensions>
      </trkpt>
      <trkpt lat="38.83757746439563" lon="121.50441997032716">
        <ele>0</ele>
        <time>2025-04-11T01:34:14Z</time>
        <extensions>
          <gpxtpx:TrackPointExtension>
            <gpxtpx:hr>77</gpxtpx:hr>
          </gpxtpx:TrackPointExtension>
        </extensions>
      </trkpt>
      <trkpt lat="38.83758436560635" lon="121.504414484372">
        <ele>0</ele>
        <time>2025-04-11T01:34:15Z</time>
        <extensions>
          <gpxtpx:TrackPointExtension>
            <gpxtpx:hr>77</gpxtpx:hr>
          </gpxtpx:TrackPointExtension>
        </extensions>
      </trkpt>
      <trkpt lat="38.83759148546998" lon="121.50440971225099">
        <ele>0</ele>
        <time>2025-04-11T01:34:16Z</time>
        <extensions>
          <gpxtpx:TrackPointExtension>
            <gpxtpx:hr>77</gpxtpx:hr>
          </gpxtpx:TrackPointExtension>
        </extensions>
      </trkpt>
      <trkpt lat="38.83759870826147" lon="121.50440583123255">
        <ele>0</ele>
        <time>2025-04-11T01:34:17Z</time>
        <extensions>
          <gpxtpx:TrackPointExtension>
            <gpxtpx:hr>77</gpxtpx:hr>
          </gpxtpx:TrackPointExtension>
        </extensions>
      </trkpt>
      <trkpt lat="38.83760627239008" lon="121.50440274236487">
        <ele>0</ele>
        <time>2025-04-11T01:34:18Z</time>
        <extensions>
          <gpxtpx:TrackPointExtension>
            <gpxtpx:hr>77</gpxtpx:hr>
          </gpxtpx:TrackPointExtension>
        </extensions>
      </trkpt>
      <trkpt lat="38.837614179286724" lon="121.50440037458233">
        <ele>0</ele>
        <time>2025-04-11T01:34:19Z</time>
        <extensions>
          <gpxtpx:TrackPointExtension>
            <gpxtpx:hr>77</gpxtpx:hr>
          </gpxtpx:TrackPointExtension>
        </extensions>
      </trkpt>
      <trkpt lat="38.837622303475314" lon="121.50439870896983">
        <ele>0</ele>
        <time>2025-04-11T01:34:20Z</time>
        <extensions>
          <gpxtpx:TrackPointExtension>
            <gpxtpx:hr>77</gpxtpx:hr>
          </gpxtpx:TrackPointExtension>
        </extensions>
      </trkpt>
      <trkpt lat="38.83763078639141" lon="121.50439743534044">
        <ele>0</ele>
        <time>2025-04-11T01:34:21Z</time>
        <extensions>
          <gpxtpx:TrackPointExtension>
            <gpxtpx:hr>77</gpxtpx:hr>
          </gpxtpx:TrackPointExtension>
        </extensions>
      </trkpt>
      <trkpt lat="38.83763941648989" lon="121.50439631698869">
        <ele>0</ele>
        <time>2025-04-11T01:34:22Z</time>
        <extensions>
          <gpxtpx:TrackPointExtension>
            <gpxtpx:hr>77</gpxtpx:hr>
          </gpxtpx:TrackPointExtension>
        </extensions>
      </trkpt>
      <trkpt lat="38.83764800667126" lon="121.50439510738298">
        <ele>0</ele>
        <time>2025-04-11T01:34:23Z</time>
        <extensions>
          <gpxtpx:TrackPointExtension>
            <gpxtpx:hr>78</gpxtpx:hr>
          </gpxtpx:TrackPointExtension>
        </extensions>
      </trkpt>
      <trkpt lat="38.8376567794793" lon="121.50439332965988">
        <ele>0</ele>
        <time>2025-04-11T01:34:24Z</time>
        <extensions>
          <gpxtpx:TrackPointExtension>
            <gpxtpx:hr>78</gpxtpx:hr>
          </gpxtpx:TrackPointExtension>
        </extensions>
      </trkpt>
      <trkpt lat="38.83766553218187" lon="121.50439099201644">
        <ele>0</ele>
        <time>2025-04-11T01:34:25Z</time>
        <extensions>
          <gpxtpx:TrackPointExtension>
            <gpxtpx:hr>78</gpxtpx:hr>
          </gpxtpx:TrackPointExtension>
        </extensions>
      </trkpt>
      <trkpt lat="38.8376740629293" lon="121.50438808160106">
        <ele>0</ele>
        <time>2025-04-11T01:34:26Z</time>
        <extensions>
          <gpxtpx:TrackPointExtension>
            <gpxtpx:hr>78</gpxtpx:hr>
          </gpxtpx:TrackPointExtension>
        </extensions>
      </trkpt>
      <trkpt lat="38.837682654067976" lon="121.50438425132162">
        <ele>0</ele>
        <time>2025-04-11T01:34:27Z</time>
        <extensions>
          <gpxtpx:TrackPointExtension>
            <gpxtpx:hr>78</gpxtpx:hr>
          </gpxtpx:TrackPointExtension>
        </extensions>
      </trkpt>
      <trkpt lat="38.837691159851296" lon="121.50437947807515">
        <ele>0</ele>
        <time>2025-04-11T01:34:28Z</time>
        <extensions>
          <gpxtpx:TrackPointExtension>
            <gpxtpx:hr>78</gpxtpx:hr>
          </gpxtpx:TrackPointExtension>
        </extensions>
      </trkpt>
      <trkpt lat="38.83769943680438" lon="121.50437375051847">
        <ele>0</ele>
        <time>2025-04-11T01:34:29Z</time>
        <extensions>
          <gpxtpx:TrackPointExtension>
            <gpxtpx:hr>78</gpxtpx:hr>
          </gpxtpx:TrackPointExtension>
        </extensions>
      </trkpt>
      <trkpt lat="38.837707750252754" lon="121.50436680916364">
        <ele>0</ele>
        <time>2025-04-11T01:34:30Z</time>
        <extensions>
          <gpxtpx:TrackPointExtension>
            <gpxtpx:hr>78</gpxtpx:hr>
          </gpxtpx:TrackPointExtension>
        </extensions>
      </trkpt>
      <trkpt lat="38.837715940004806" lon="121.50435874199098">
        <ele>0</ele>
        <time>2025-04-11T01:34:31Z</time>
        <extensions>
          <gpxtpx:TrackPointExtension>
            <gpxtpx:hr>78</gpxtpx:hr>
          </gpxtpx:TrackPointExtension>
        </extensions>
      </trkpt>
      <trkpt lat="38.837723975108815" lon="121.50434988398905">
        <ele>0</ele>
        <time>2025-04-11T01:34:32Z</time>
        <extensions>
          <gpxtpx:TrackPointExtension>
            <gpxtpx:hr>78</gpxtpx:hr>
          </gpxtpx:TrackPointExtension>
        </extensions>
      </trkpt>
      <trkpt lat="38.837732031904046" lon="121.50434028962503">
        <ele>0</ele>
        <time>2025-04-11T01:34:33Z</time>
        <extensions>
          <gpxtpx:TrackPointExtension>
            <gpxtpx:hr>78</gpxtpx:hr>
          </gpxtpx:TrackPointExtension>
        </extensions>
      </trkpt>
      <trkpt lat="38.837739931149656" lon="121.50433036540079">
        <ele>0</ele>
        <time>2025-04-11T01:34:34Z</time>
        <extensions>
          <gpxtpx:TrackPointExtension>
            <gpxtpx:hr>78</gpxtpx:hr>
          </gpxtpx:TrackPointExtension>
        </extensions>
      </trkpt>
      <trkpt lat="38.837747563177004" lon="121.50432035111282">
        <ele>0</ele>
        <time>2025-04-11T01:34:35Z</time>
        <extensions>
          <gpxtpx:TrackPointExtension>
            <gpxtpx:hr>78</gpxtpx:hr>
          </gpxtpx:TrackPointExtension>
        </extensions>
      </trkpt>
      <trkpt lat="38.83775544318288" lon="121.50431019239666">
        <ele>0</ele>
        <time>2025-04-11T01:34:36Z</time>
        <extensions>
          <gpxtpx:TrackPointExtension>
            <gpxtpx:hr>78</gpxtpx:hr>
          </gpxtpx:TrackPointExtension>
        </extensions>
      </trkpt>
      <trkpt lat="38.83776355120304" lon="121.5043002222821">
        <ele>0</ele>
        <time>2025-04-11T01:34:37Z</time>
        <extensions>
          <gpxtpx:TrackPointExtension>
            <gpxtpx:hr>78</gpxtpx:hr>
          </gpxtpx:TrackPointExtension>
        </extensions>
      </trkpt>
      <trkpt lat="38.83777161851914" lon="121.50429069872884">
        <ele>0</ele>
        <time>2025-04-11T01:34:38Z</time>
        <extensions>
          <gpxtpx:TrackPointExtension>
            <gpxtpx:hr>78</gpxtpx:hr>
          </gpxtpx:TrackPointExtension>
        </extensions>
      </trkpt>
      <trkpt lat="38.83777967456426" lon="121.5042814580357">
        <ele>0</ele>
        <time>2025-04-11T01:34:39Z</time>
        <extensions>
          <gpxtpx:TrackPointExtension>
            <gpxtpx:hr>78</gpxtpx:hr>
          </gpxtpx:TrackPointExtension>
        </extensions>
      </trkpt>
      <trkpt lat="38.83778736397035" lon="121.50427241351937">
        <ele>0</ele>
        <time>2025-04-11T01:34:40Z</time>
        <extensions>
          <gpxtpx:TrackPointExtension>
            <gpxtpx:hr>78</gpxtpx:hr>
          </gpxtpx:TrackPointExtension>
        </extensions>
      </trkpt>
      <trkpt lat="38.837794349806664" lon="121.50426334217252">
        <ele>0</ele>
        <time>2025-04-11T01:34:41Z</time>
        <extensions>
          <gpxtpx:TrackPointExtension>
            <gpxtpx:hr>78</gpxtpx:hr>
          </gpxtpx:TrackPointExtension>
        </extensions>
      </trkpt>
      <trkpt lat="38.83780073195776" lon="121.5042539156656">
        <ele>0</ele>
        <time>2025-04-11T01:34:42Z</time>
        <extensions>
          <gpxtpx:TrackPointExtension>
            <gpxtpx:hr>78</gpxtpx:hr>
          </gpxtpx:TrackPointExtension>
        </extensions>
      </trkpt>
      <trkpt lat="38.83780671638805" lon="121.50424431025262">
        <ele>0</ele>
        <time>2025-04-11T01:34:43Z</time>
        <extensions>
          <gpxtpx:TrackPointExtension>
            <gpxtpx:hr>78</gpxtpx:hr>
          </gpxtpx:TrackPointExtension>
        </extensions>
      </trkpt>
      <trkpt lat="38.83781280167025" lon="121.50423490061416">
        <ele>0</ele>
        <time>2025-04-11T01:34:44Z</time>
        <extensions>
          <gpxtpx:TrackPointExtension>
            <gpxtpx:hr>78</gpxtpx:hr>
          </gpxtpx:TrackPointExtension>
        </extensions>
      </trkpt>
      <trkpt lat="38.83781939800831" lon="121.50422594445011">
        <ele>0</ele>
        <time>2025-04-11T01:34:45Z</time>
        <extensions>
          <gpxtpx:TrackPointExtension>
            <gpxtpx:hr>77</gpxtpx:hr>
          </gpxtpx:TrackPointExtension>
        </extensions>
      </trkpt>
      <trkpt lat="38.837826459179645" lon="121.5042176342858">
        <ele>0</ele>
        <time>2025-04-11T01:34:46Z</time>
        <extensions>
          <gpxtpx:TrackPointExtension>
            <gpxtpx:hr>77</gpxtpx:hr>
          </gpxtpx:TrackPointExtension>
        </extensions>
      </trkpt>
      <trkpt lat="38.83783394818832" lon="121.50420971282651">
        <ele>0</ele>
        <time>2025-04-11T01:34:47Z</time>
        <extensions>
          <gpxtpx:TrackPointExtension>
            <gpxtpx:hr>77</gpxtpx:hr>
          </gpxtpx:TrackPointExtension>
        </extensions>
      </trkpt>
      <trkpt lat="38.83784142961933" lon="121.50420218750315">
        <ele>0</ele>
        <time>2025-04-11T01:34:48Z</time>
        <extensions>
          <gpxtpx:TrackPointExtension>
            <gpxtpx:hr>77</gpxtpx:hr>
          </gpxtpx:TrackPointExtension>
        </extensions>
      </trkpt>
      <trkpt lat="38.83784912489554" lon="121.50419493298456">
        <ele>0</ele>
        <time>2025-04-11T01:34:49Z</time>
        <extensions>
          <gpxtpx:TrackPointExtension>
            <gpxtpx:hr>77</gpxtpx:hr>
          </gpxtpx:TrackPointExtension>
        </extensions>
      </trkpt>
      <trkpt lat="38.8378570408713" lon="121.50418798903077">
        <ele>0</ele>
        <time>2025-04-11T01:34:50Z</time>
        <extensions>
          <gpxtpx:TrackPointExtension>
            <gpxtpx:hr>77</gpxtpx:hr>
          </gpxtpx:TrackPointExtension>
        </extensions>
      </trkpt>
      <trkpt lat="38.83786562504492" lon="121.50418114995057">
        <ele>0</ele>
        <time>2025-04-11T01:34:51Z</time>
        <extensions>
          <gpxtpx:TrackPointExtension>
            <gpxtpx:hr>76</gpxtpx:hr>
          </gpxtpx:TrackPointExtension>
        </extensions>
      </trkpt>
      <trkpt lat="38.837874030924496" lon="121.50417460131017">
        <ele>0</ele>
        <time>2025-04-11T01:34:52Z</time>
        <extensions>
          <gpxtpx:TrackPointExtension>
            <gpxtpx:hr>76</gpxtpx:hr>
          </gpxtpx:TrackPointExtension>
        </extensions>
      </trkpt>
      <trkpt lat="38.83788241910394" lon="121.50416847098612">
        <ele>0</ele>
        <time>2025-04-11T01:34:53Z</time>
        <extensions>
          <gpxtpx:TrackPointExtension>
            <gpxtpx:hr>76</gpxtpx:hr>
          </gpxtpx:TrackPointExtension>
        </extensions>
      </trkpt>
      <trkpt lat="38.83789072150806" lon="121.50416275079465">
        <ele>0</ele>
        <time>2025-04-11T01:34:54Z</time>
        <extensions>
          <gpxtpx:TrackPointExtension>
            <gpxtpx:hr>77</gpxtpx:hr>
          </gpxtpx:TrackPointExtension>
        </extensions>
      </trkpt>
      <trkpt lat="38.83789918144523" lon="121.50415772131424">
        <ele>0</ele>
        <time>2025-04-11T01:34:55Z</time>
        <extensions>
          <gpxtpx:TrackPointExtension>
            <gpxtpx:hr>77</gpxtpx:hr>
          </gpxtpx:TrackPointExtension>
        </extensions>
      </trkpt>
      <trkpt lat="38.83790681548457" lon="121.50415333434825">
        <ele>0</ele>
        <time>2025-04-11T01:34:56Z</time>
        <extensions>
          <gpxtpx:TrackPointExtension>
            <gpxtpx:hr>77</gpxtpx:hr>
          </gpxtpx:TrackPointExtension>
        </extensions>
      </trkpt>
      <trkpt lat="38.837908200006346" lon="121.50415250882709">
        <ele>0</ele>
        <time>2025-04-11T01:34:56Z</time>
        <extensions>
          <gpxtpx:TrackPointExtension>
            <gpxtpx:hr>77</gpxtpx:hr>
          </gpxtpx:TrackPointExtension>
        </extensions>
      </trkpt>
      <trkpt lat="38.83791580271864" lon="121.50414903066512">
        <ele>0</ele>
        <time>2025-04-11T01:34:57Z</time>
        <extensions>
          <gpxtpx:TrackPointExtension>
            <gpxtpx:hr>77</gpxtpx:hr>
          </gpxtpx:TrackPointExtension>
        </extensions>
      </trkpt>
      <trkpt lat="38.83792390375573" lon="121.50414648563876">
        <ele>0</ele>
        <time>2025-04-11T01:34:58Z</time>
        <extensions>
          <gpxtpx:TrackPointExtension>
            <gpxtpx:hr>77</gpxtpx:hr>
          </gpxtpx:TrackPointExtension>
        </extensions>
      </trkpt>
      <trkpt lat="38.837931485718656" lon="121.50414497530777">
        <ele>0</ele>
        <time>2025-04-11T01:34:59Z</time>
        <extensions>
          <gpxtpx:TrackPointExtension>
            <gpxtpx:hr>77</gpxtpx:hr>
          </gpxtpx:TrackPointExtension>
        </extensions>
      </trkpt>
      <trkpt lat="38.83793142685186" lon="121.50414493699313">
        <ele>0</ele>
        <time>2025-04-11T01:34:59Z</time>
        <extensions>
          <gpxtpx:TrackPointExtension>
            <gpxtpx:hr>77</gpxtpx:hr>
          </gpxtpx:TrackPointExtension>
        </extensions>
      </trkpt>
      <trkpt lat="38.83793895035088" lon="121.50414471860493">
        <ele>0</ele>
        <time>2025-04-11T01:35:00Z</time>
        <extensions>
          <gpxtpx:TrackPointExtension>
            <gpxtpx:hr>77</gpxtpx:hr>
          </gpxtpx:TrackPointExtension>
        </extensions>
      </trkpt>
      <trkpt lat="38.837946886474576" lon="121.50414565256803">
        <ele>0</ele>
        <time>2025-04-11T01:35:01Z</time>
        <extensions>
          <gpxtpx:TrackPointExtension>
            <gpxtpx:hr>77</gpxtpx:hr>
          </gpxtpx:TrackPointExtension>
        </extensions>
      </trkpt>
      <trkpt lat="38.83795454685753" lon="121.50414725405341">
        <ele>0</ele>
        <time>2025-04-11T01:35:02Z</time>
        <extensions>
          <gpxtpx:TrackPointExtension>
            <gpxtpx:hr>77</gpxtpx:hr>
          </gpxtpx:TrackPointExtension>
        </extensions>
      </trkpt>
      <trkpt lat="38.83795453582902" lon="121.50414727604307">
        <ele>0</ele>
        <time>2025-04-11T01:35:02Z</time>
        <extensions>
          <gpxtpx:TrackPointExtension>
            <gpxtpx:hr>77</gpxtpx:hr>
          </gpxtpx:TrackPointExtension>
        </extensions>
      </trkpt>
      <trkpt lat="38.83796240767153" lon="121.50414942576381">
        <ele>0</ele>
        <time>2025-04-11T01:35:03Z</time>
        <extensions>
          <gpxtpx:TrackPointExtension>
            <gpxtpx:hr>77</gpxtpx:hr>
          </gpxtpx:TrackPointExtension>
        </extensions>
      </trkpt>
      <trkpt lat="38.83797085182133" lon="121.50415200944546">
        <ele>0</ele>
        <time>2025-04-11T01:35:04Z</time>
        <extensions>
          <gpxtpx:TrackPointExtension>
            <gpxtpx:hr>77</gpxtpx:hr>
          </gpxtpx:TrackPointExtension>
        </extensions>
      </trkpt>
      <trkpt lat="38.83797892906078" lon="121.50415467412331">
        <ele>0</ele>
        <time>2025-04-11T01:35:05Z</time>
        <extensions>
          <gpxtpx:TrackPointExtension>
            <gpxtpx:hr>77</gpxtpx:hr>
          </gpxtpx:TrackPointExtension>
        </extensions>
      </trkpt>
      <trkpt lat="38.83797887379622" lon="121.50415466368338">
        <ele>0</ele>
        <time>2025-04-11T01:35:05Z</time>
        <extensions>
          <gpxtpx:TrackPointExtension>
            <gpxtpx:hr>77</gpxtpx:hr>
          </gpxtpx:TrackPointExtension>
        </extensions>
      </trkpt>
      <trkpt lat="38.837987050421006" lon="121.50415744066467">
        <ele>0</ele>
        <time>2025-04-11T01:35:06Z</time>
        <extensions>
          <gpxtpx:TrackPointExtension>
            <gpxtpx:hr>77</gpxtpx:hr>
          </gpxtpx:TrackPointExtension>
        </extensions>
      </trkpt>
      <trkpt lat="38.83799511974275" lon="121.50416013706067">
        <ele>0</ele>
        <time>2025-04-11T01:35:07Z</time>
        <extensions>
          <gpxtpx:TrackPointExtension>
            <gpxtpx:hr>77</gpxtpx:hr>
          </gpxtpx:TrackPointExtension>
        </extensions>
      </trkpt>
      <trkpt lat="38.83800270685646" lon="121.50416252039425">
        <ele>0</ele>
        <time>2025-04-11T01:35:08Z</time>
        <extensions>
          <gpxtpx:TrackPointExtension>
            <gpxtpx:hr>77</gpxtpx:hr>
          </gpxtpx:TrackPointExtension>
        </extensions>
      </trkpt>
      <trkpt lat="38.8380027008503" lon="121.50416250355612">
        <ele>0</ele>
        <time>2025-04-11T01:35:08Z</time>
        <extensions>
          <gpxtpx:TrackPointExtension>
            <gpxtpx:hr>77</gpxtpx:hr>
          </gpxtpx:TrackPointExtension>
        </extensions>
      </trkpt>
      <trkpt lat="38.83801009325364" lon="121.50416464669904">
        <ele>0</ele>
        <time>2025-04-11T01:35:09Z</time>
        <extensions>
          <gpxtpx:TrackPointExtension>
            <gpxtpx:hr>77</gpxtpx:hr>
          </gpxtpx:TrackPointExtension>
        </extensions>
      </trkpt>
      <trkpt lat="38.83801713316967" lon="121.50416669278086">
        <ele>0</ele>
        <time>2025-04-11T01:35:10Z</time>
        <extensions>
          <gpxtpx:TrackPointExtension>
            <gpxtpx:hr>77</gpxtpx:hr>
          </gpxtpx:TrackPointExtension>
        </extensions>
      </trkpt>
      <trkpt lat="38.83802391112568" lon="121.50416883598726">
        <ele>0</ele>
        <time>2025-04-11T01:35:11Z</time>
        <extensions>
          <gpxtpx:TrackPointExtension>
            <gpxtpx:hr>77</gpxtpx:hr>
          </gpxtpx:TrackPointExtension>
        </extensions>
      </trkpt>
      <trkpt lat="38.83802394137674" lon="121.50416904283215">
        <ele>0</ele>
        <time>2025-04-11T01:35:11Z</time>
        <extensions>
          <gpxtpx:TrackPointExtension>
            <gpxtpx:hr>77</gpxtpx:hr>
          </gpxtpx:TrackPointExtension>
        </extensions>
      </trkpt>
      <trkpt lat="38.83803075264111" lon="121.50417185303874">
        <ele>0</ele>
        <time>2025-04-11T01:35:12Z</time>
        <extensions>
          <gpxtpx:TrackPointExtension>
            <gpxtpx:hr>77</gpxtpx:hr>
          </gpxtpx:TrackPointExtension>
        </extensions>
      </trkpt>
      <trkpt lat="38.83803758396672" lon="121.5041749546844">
        <ele>0</ele>
        <time>2025-04-11T01:35:13Z</time>
        <extensions>
          <gpxtpx:TrackPointExtension>
            <gpxtpx:hr>77</gpxtpx:hr>
          </gpxtpx:TrackPointExtension>
        </extensions>
      </trkpt>
      <trkpt lat="38.838043955679076" lon="121.50417842570945">
        <ele>0</ele>
        <time>2025-04-11T01:35:14Z</time>
        <extensions>
          <gpxtpx:TrackPointExtension>
            <gpxtpx:hr>77</gpxtpx:hr>
          </gpxtpx:TrackPointExtension>
        </extensions>
      </trkpt>
      <trkpt lat="38.83805001825317" lon="121.5041822593812">
        <ele>0</ele>
        <time>2025-04-11T01:35:15Z</time>
        <extensions>
          <gpxtpx:TrackPointExtension>
            <gpxtpx:hr>77</gpxtpx:hr>
          </gpxtpx:TrackPointExtension>
        </extensions>
      </trkpt>
      <trkpt lat="38.83805609651589" lon="121.50418632234911">
        <ele>0</ele>
        <time>2025-04-11T01:35:16Z</time>
        <extensions>
          <gpxtpx:TrackPointExtension>
            <gpxtpx:hr>76</gpxtpx:hr>
          </gpxtpx:TrackPointExtension>
        </extensions>
      </trkpt>
      <trkpt lat="38.83806201025541" lon="121.50419020693735">
        <ele>0</ele>
        <time>2025-04-11T01:35:17Z</time>
        <extensions>
          <gpxtpx:TrackPointExtension>
            <gpxtpx:hr>76</gpxtpx:hr>
          </gpxtpx:TrackPointExtension>
        </extensions>
      </trkpt>
      <trkpt lat="38.83806201026714" lon="121.5041902069448">
        <ele>0</ele>
        <time>2025-04-11T01:35:17Z</time>
        <extensions>
          <gpxtpx:TrackPointExtension>
            <gpxtpx:hr>76</gpxtpx:hr>
          </gpxtpx:TrackPointExtension>
        </extensions>
      </trkpt>
      <trkpt lat="38.838075959373136" lon="121.5041944416879">
        <ele>10.735934937372804</ele>
        <time>2025-04-11T01:35:19Z</time>
        <extensions>
          <gpxtpx:TrackPointExtension>
            <gpxtpx:hr>76</gpxtpx:hr>
          </gpxtpx:TrackPointExtension>
        </extensions>
      </trkpt>
      <trkpt lat="38.83808411238009" lon="121.50419493842013">
        <ele>10.060054623521864</ele>
        <time>2025-04-11T01:35:20Z</time>
        <extensions>
          <gpxtpx:TrackPointExtension>
            <gpxtpx:hr>76</gpxtpx:hr>
          </gpxtpx:TrackPointExtension>
        </extensions>
      </trkpt>
      <trkpt lat="38.83809209230229" lon="121.50419578026315">
        <ele>9.399630445055664</ele>
        <time>2025-04-11T01:35:21Z</time>
        <extensions>
          <gpxtpx:TrackPointExtension>
            <gpxtpx:hr>76</gpxtpx:hr>
          </gpxtpx:TrackPointExtension>
        </extensions>
      </trkpt>
      <trkpt lat="38.83809887230082" lon="121.50419978793927">
        <ele>8.74812189489603</ele>
        <time>2025-04-11T01:35:22Z</time>
        <extensions>
          <gpxtpx:TrackPointExtension>
            <gpxtpx:hr>75</gpxtpx:hr>
          </gpxtpx:TrackPointExtension>
        </extensions>
      </trkpt>
    </trkseg>
  </trk>
</gpx>