<?xml version="1.0" encoding="UTF-8"?>
<gpx xmlns="http://www.topografix.com/GPX/1/1" xmlns:gpxtpx="http://www.garmin.com/xmlschemas/TrackPointExtension/v1" xmlns:xsi="http://www.w3.org/2001/XMLSchema-instance" xsi:schemaLocation="http://www.topografix.com/GPX/1/1 http://www.topografix.com/GPX/1/1/gpx.xsd" version="1.1" creator="gpx.py -- https://github.com/tkrajina/gpxpy">
  <trk>
    <name>gpx from keep</name>
    <type>Run</type>
    <trkseg>
      <trkpt lat="38.83601675656452" lon="121.50652329986804">
        <ele>8.655684121065434</ele>
        <time>2024-10-17T04:48:23Z</time>
        <extensions>
          <gpxtpx:TrackPointExtension>
            <gpxtpx:hr>141</gpxtpx:hr>
          </gpxtpx:TrackPointExtension>
        </extensions>
      </trkpt>
      <trkpt lat="38.83509955248001" lon="121.50646746995895">
        <ele>6.452448944510262</ele>
        <time>2024-10-17T04:48:23Z</time>
        <extensions>
          <gpxtpx:TrackPointExtension>
            <gpxtpx:hr>141</gpxtpx:hr>
          </gpxtpx:TrackPointExtension>
        </extensions>
      </trkpt>
      <trkpt lat="38.835061869195485" lon="121.50642269702695">
        <ele>7.618707516033222</ele>
        <time>2024-10-17T04:48:26Z</time>
        <extensions>
          <gpxtpx:TrackPointExtension>
            <gpxtpx:hr>141</gpxtpx:hr>
          </gpxtpx:TrackPointExtension>
        </extensions>
      </trkpt>
      <trkpt lat="38.83498127135253" lon="121.50636946102676">
        <ele>7.719880455664805</ele>
        <time>2024-10-17T04:48:30Z</time>
        <extensions>
          <gpxtpx:TrackPointExtension>
            <gpxtpx:hr>141</gpxtpx:hr>
          </gpxtpx:TrackPointExtension>
        </extensions>
      </trkpt>
      <trkpt lat="38.83491145267338" lon="121.50634491028752">
        <ele>7.551037434787734</ele>
        <time>2024-10-17T04:48:34Z</time>
        <extensions>
          <gpxtpx:TrackPointExtension>
            <gpxtpx:hr>141</gpxtpx:hr>
          </gpxtpx:TrackPointExtension>
        </extensions>
      </trkpt>
      <trkpt lat="38.834855128573544" lon="121.506423950599">
        <ele>7.372954971157014</ele>
        <time>2024-10-17T04:48:38Z</time>
        <extensions>
          <gpxtpx:TrackPointExtension>
            <gpxtpx:hr>141</gpxtpx:hr>
          </gpxtpx:TrackPointExtension>
        </extensions>
      </trkpt>
      <trkpt lat="38.83483211619374" lon="121.50651740113145">
        <ele>7.853144924156368</ele>
        <time>2024-10-17T04:48:42Z</time>
        <extensions>
          <gpxtpx:TrackPointExtension>
            <gpxtpx:hr>110</gpxtpx:hr>
          </gpxtpx:TrackPointExtension>
        </extensions>
      </trkpt>
      <trkpt lat="38.83480263447624" lon="121.5066276449944">
        <ele>8.338051612488925</ele>
        <time>2024-10-17T04:48:46Z</time>
        <extensions>
          <gpxtpx:TrackPointExtension>
            <gpxtpx:hr>110</gpxtpx:hr>
          </gpxtpx:TrackPointExtension>
        </extensions>
      </trkpt>
      <trkpt lat="38.834769343341875" lon="121.50671558957104">
        <ele>9.044448852539062</ele>
        <time>2024-10-17T04:48:50Z</time>
        <extensions>
          <gpxtpx:TrackPointExtension>
            <gpxtpx:hr>110</gpxtpx:hr>
          </gpxtpx:TrackPointExtension>
        </extensions>
      </trkpt>
      <trkpt lat="38.83474372988836" lon="121.50680751560502">
        <ele>9.559206455945969</ele>
        <time>2024-10-17T04:48:54Z</time>
        <extensions>
          <gpxtpx:TrackPointExtension>
            <gpxtpx:hr>110</gpxtpx:hr>
          </gpxtpx:TrackPointExtension>
        </extensions>
      </trkpt>
      <trkpt lat="38.834741221958325" lon="121.50693774523407">
        <ele>11.13284469768405</ele>
        <time>2024-10-17T04:48:58Z</time>
        <extensions>
          <gpxtpx:TrackPointExtension>
            <gpxtpx:hr>112</gpxtpx:hr>
          </gpxtpx:TrackPointExtension>
        </extensions>
      </trkpt>
      <trkpt lat="38.83470828676589" lon="121.50704174809793">
        <ele>10.53642083145678</ele>
        <time>2024-10-17T04:49:02Z</time>
        <extensions>
          <gpxtpx:TrackPointExtension>
            <gpxtpx:hr>113</gpxtpx:hr>
          </gpxtpx:TrackPointExtension>
        </extensions>
      </trkpt>
      <trkpt lat="38.83466910389072" lon="121.5071344696033">
        <ele>10.28828966896981</ele>
        <time>2024-10-17T04:49:06Z</time>
        <extensions>
          <gpxtpx:TrackPointExtension>
            <gpxtpx:hr>115</gpxtpx:hr>
          </gpxtpx:TrackPointExtension>
        </extensions>
      </trkpt>
      <trkpt lat="38.834652165080776" lon="121.5072111526525">
        <ele>10.158518640324473</ele>
        <time>2024-10-17T04:49:09Z</time>
        <extensions>
          <gpxtpx:TrackPointExtension>
            <gpxtpx:hr>115</gpxtpx:hr>
          </gpxtpx:TrackPointExtension>
        </extensions>
      </trkpt>
      <trkpt lat="38.834620126575466" lon="121.50730247308397">
        <ele>10.36889542452991</ele>
        <time>2024-10-17T04:49:13Z</time>
        <extensions>
          <gpxtpx:TrackPointExtension>
            <gpxtpx:hr>116</gpxtpx:hr>
          </gpxtpx:TrackPointExtension>
        </extensions>
      </trkpt>
      <trkpt lat="38.83458567791553" lon="121.50740650560353">
        <ele>10.418787674047053</ele>
        <time>2024-10-17T04:49:17Z</time>
        <extensions>
          <gpxtpx:TrackPointExtension>
            <gpxtpx:hr>114</gpxtpx:hr>
          </gpxtpx:TrackPointExtension>
        </extensions>
      </trkpt>
      <trkpt lat="38.83454706335083" lon="121.50750171423991">
        <ele>10.315763222053647</ele>
        <time>2024-10-17T04:49:21Z</time>
        <extensions>
          <gpxtpx:TrackPointExtension>
            <gpxtpx:hr>114</gpxtpx:hr>
          </gpxtpx:TrackPointExtension>
        </extensions>
      </trkpt>
      <trkpt lat="38.8345179006789" lon="121.50760227359734">
        <ele>10.208699862472713</ele>
        <time>2024-10-17T04:49:25Z</time>
        <extensions>
          <gpxtpx:TrackPointExtension>
            <gpxtpx:hr>115</gpxtpx:hr>
          </gpxtpx:TrackPointExtension>
        </extensions>
      </trkpt>
      <trkpt lat="38.834480496032924" lon="121.50768834052843">
        <ele>9.785747355781496</ele>
        <time>2024-10-17T04:49:29Z</time>
        <extensions>
          <gpxtpx:TrackPointExtension>
            <gpxtpx:hr>117</gpxtpx:hr>
          </gpxtpx:TrackPointExtension>
        </extensions>
      </trkpt>
      <trkpt lat="38.834447356083935" lon="121.50778768238241">
        <ele>9.336398581042886</ele>
        <time>2024-10-17T04:49:33Z</time>
        <extensions>
          <gpxtpx:TrackPointExtension>
            <gpxtpx:hr>122</gpxtpx:hr>
          </gpxtpx:TrackPointExtension>
        </extensions>
      </trkpt>
      <trkpt lat="38.83443055256277" lon="121.50788949706417">
        <ele>9.603619462810457</ele>
        <time>2024-10-17T04:49:37Z</time>
        <extensions>
          <gpxtpx:TrackPointExtension>
            <gpxtpx:hr>124</gpxtpx:hr>
          </gpxtpx:TrackPointExtension>
        </extensions>
      </trkpt>
      <trkpt lat="38.83439075901171" lon="121.50798373646248">
        <ele>10.214919573627412</ele>
        <time>2024-10-17T04:49:41Z</time>
        <extensions>
          <gpxtpx:TrackPointExtension>
            <gpxtpx:hr>124</gpxtpx:hr>
          </gpxtpx:TrackPointExtension>
        </extensions>
      </trkpt>
      <trkpt lat="38.83435961925856" lon="121.50808089439599">
        <ele>10.218078404664993</ele>
        <time>2024-10-17T04:49:45Z</time>
        <extensions>
          <gpxtpx:TrackPointExtension>
            <gpxtpx:hr>122</gpxtpx:hr>
          </gpxtpx:TrackPointExtension>
        </extensions>
      </trkpt>
      <trkpt lat="38.834320209749066" lon="121.50816978017919">
        <ele>10.343763147480786</ele>
        <time>2024-10-17T04:49:49Z</time>
        <extensions>
          <gpxtpx:TrackPointExtension>
            <gpxtpx:hr>124</gpxtpx:hr>
          </gpxtpx:TrackPointExtension>
        </extensions>
      </trkpt>
      <trkpt lat="38.83428458659777" lon="121.50823386896764">
        <ele>9.29141596518457</ele>
        <time>2024-10-17T04:49:52Z</time>
        <extensions>
          <gpxtpx:TrackPointExtension>
            <gpxtpx:hr>125</gpxtpx:hr>
          </gpxtpx:TrackPointExtension>
        </extensions>
      </trkpt>
      <trkpt lat="38.83425483757889" lon="121.50833400136106">
        <ele>8.565178511664271</ele>
        <time>2024-10-17T04:49:56Z</time>
        <extensions>
          <gpxtpx:TrackPointExtension>
            <gpxtpx:hr>125</gpxtpx:hr>
          </gpxtpx:TrackPointExtension>
        </extensions>
      </trkpt>
      <trkpt lat="38.834224768432186" lon="121.50844099522502">
        <ele>9.556502541527152</ele>
        <time>2024-10-17T04:50:00Z</time>
        <extensions>
          <gpxtpx:TrackPointExtension>
            <gpxtpx:hr>124</gpxtpx:hr>
          </gpxtpx:TrackPointExtension>
        </extensions>
      </trkpt>
      <trkpt lat="38.83416922286589" lon="121.50852235532511">
        <ele>9.402000430971384</ele>
        <time>2024-10-17T04:50:04Z</time>
        <extensions>
          <gpxtpx:TrackPointExtension>
            <gpxtpx:hr>122</gpxtpx:hr>
          </gpxtpx:TrackPointExtension>
        </extensions>
      </trkpt>
      <trkpt lat="38.8340808875596" lon="121.50855970295243">
        <ele>8.954142751172185</ele>
        <time>2024-10-17T04:50:08Z</time>
        <extensions>
          <gpxtpx:TrackPointExtension>
            <gpxtpx:hr>124</gpxtpx:hr>
          </gpxtpx:TrackPointExtension>
        </extensions>
      </trkpt>
      <trkpt lat="38.83399931438676" lon="121.50851012455324">
        <ele>9.670657249167562</ele>
        <time>2024-10-17T04:50:12Z</time>
        <extensions>
          <gpxtpx:TrackPointExtension>
            <gpxtpx:hr>124</gpxtpx:hr>
          </gpxtpx:TrackPointExtension>
        </extensions>
      </trkpt>
      <trkpt lat="38.8339425841472" lon="121.5084711656904">
        <ele>10.287093066610396</ele>
        <time>2024-10-17T04:50:15Z</time>
        <extensions>
          <gpxtpx:TrackPointExtension>
            <gpxtpx:hr>124</gpxtpx:hr>
          </gpxtpx:TrackPointExtension>
        </extensions>
      </trkpt>
      <trkpt lat="38.833865020903865" lon="121.50840342512703">
        <ele>8.840058716014028</ele>
        <time>2024-10-17T04:50:19Z</time>
        <extensions>
          <gpxtpx:TrackPointExtension>
            <gpxtpx:hr>125</gpxtpx:hr>
          </gpxtpx:TrackPointExtension>
        </extensions>
      </trkpt>
      <trkpt lat="38.83381116163741" lon="121.5083665767887">
        <ele>8.94039149582386</ele>
        <time>2024-10-17T04:50:22Z</time>
        <extensions>
          <gpxtpx:TrackPointExtension>
            <gpxtpx:hr>125</gpxtpx:hr>
          </gpxtpx:TrackPointExtension>
        </extensions>
      </trkpt>
      <trkpt lat="38.83372274110182" lon="121.50831938054334">
        <ele>9.198748227208853</ele>
        <time>2024-10-17T04:50:26Z</time>
        <extensions>
          <gpxtpx:TrackPointExtension>
            <gpxtpx:hr>125</gpxtpx:hr>
          </gpxtpx:TrackPointExtension>
        </extensions>
      </trkpt>
      <trkpt lat="38.833648501457816" lon="121.50826963508122">
        <ele>6.721624709665775</ele>
        <time>2024-10-17T04:50:30Z</time>
        <extensions>
          <gpxtpx:TrackPointExtension>
            <gpxtpx:hr>124</gpxtpx:hr>
          </gpxtpx:TrackPointExtension>
        </extensions>
      </trkpt>
      <trkpt lat="38.83357487366571" lon="121.5082107423707">
        <ele>7.166165638715029</ele>
        <time>2024-10-17T04:50:34Z</time>
        <extensions>
          <gpxtpx:TrackPointExtension>
            <gpxtpx:hr>125</gpxtpx:hr>
          </gpxtpx:TrackPointExtension>
        </extensions>
      </trkpt>
      <trkpt lat="38.83350358184871" lon="121.50814757745266">
        <ele>7.034691614098847</ele>
        <time>2024-10-17T04:50:38Z</time>
        <extensions>
          <gpxtpx:TrackPointExtension>
            <gpxtpx:hr>126</gpxtpx:hr>
          </gpxtpx:TrackPointExtension>
        </extensions>
      </trkpt>
      <trkpt lat="38.833426436401766" lon="121.50807520557439">
        <ele>6.438554001040757</ele>
        <time>2024-10-17T04:50:42Z</time>
        <extensions>
          <gpxtpx:TrackPointExtension>
            <gpxtpx:hr>128</gpxtpx:hr>
          </gpxtpx:TrackPointExtension>
        </extensions>
      </trkpt>
      <trkpt lat="38.83336495468215" lon="121.50803713398838">
        <ele>6.076042130589485</ele>
        <time>2024-10-17T04:50:45Z</time>
        <extensions>
          <gpxtpx:TrackPointExtension>
            <gpxtpx:hr>128</gpxtpx:hr>
          </gpxtpx:TrackPointExtension>
        </extensions>
      </trkpt>
      <trkpt lat="38.833292311232206" lon="121.50798993309132">
        <ele>6.119636947289109</ele>
        <time>2024-10-17T04:50:49Z</time>
        <extensions>
          <gpxtpx:TrackPointExtension>
            <gpxtpx:hr>129</gpxtpx:hr>
          </gpxtpx:TrackPointExtension>
        </extensions>
      </trkpt>
      <trkpt lat="38.83324848036641" lon="121.50793071642731">
        <ele>5.766990900970995</ele>
        <time>2024-10-17T04:50:52Z</time>
        <extensions>
          <gpxtpx:TrackPointExtension>
            <gpxtpx:hr>130</gpxtpx:hr>
          </gpxtpx:TrackPointExtension>
        </extensions>
      </trkpt>
      <trkpt lat="38.833257974136885" lon="121.50782117087529">
        <ele>5.741378880105913</ele>
        <time>2024-10-17T04:50:55Z</time>
        <extensions>
          <gpxtpx:TrackPointExtension>
            <gpxtpx:hr>130</gpxtpx:hr>
          </gpxtpx:TrackPointExtension>
        </extensions>
      </trkpt>
      <trkpt lat="38.83329002960986" lon="121.50774071444306">
        <ele>5.942544545046985</ele>
        <time>2024-10-17T04:50:58Z</time>
        <extensions>
          <gpxtpx:TrackPointExtension>
            <gpxtpx:hr>129</gpxtpx:hr>
          </gpxtpx:TrackPointExtension>
        </extensions>
      </trkpt>
      <trkpt lat="38.83326500251584" lon="121.50765064291575">
        <ele>6.472865623421967</ele>
        <time>2024-10-17T04:51:01Z</time>
        <extensions>
          <gpxtpx:TrackPointExtension>
            <gpxtpx:hr>129</gpxtpx:hr>
          </gpxtpx:TrackPointExtension>
        </extensions>
      </trkpt>
      <trkpt lat="38.833271519134904" lon="121.50758256978263">
        <ele>5.581170502118766</ele>
        <time>2024-10-17T04:51:04Z</time>
        <extensions>
          <gpxtpx:TrackPointExtension>
            <gpxtpx:hr>129</gpxtpx:hr>
          </gpxtpx:TrackPointExtension>
        </extensions>
      </trkpt>
      <trkpt lat="38.833261987210236" lon="121.50749803041178">
        <ele>5.535245259292424</ele>
        <time>2024-10-17T04:51:07Z</time>
        <extensions>
          <gpxtpx:TrackPointExtension>
            <gpxtpx:hr>129</gpxtpx:hr>
          </gpxtpx:TrackPointExtension>
        </extensions>
      </trkpt>
      <trkpt lat="38.833252290233936" lon="121.50741821860161">
        <ele>5.239885373041034</ele>
        <time>2024-10-17T04:51:10Z</time>
        <extensions>
          <gpxtpx:TrackPointExtension>
            <gpxtpx:hr>129</gpxtpx:hr>
          </gpxtpx:TrackPointExtension>
        </extensions>
      </trkpt>
      <trkpt lat="38.83324406026499" lon="121.50732582374853">
        <ele>4.666392131708562</ele>
        <time>2024-10-17T04:51:13Z</time>
        <extensions>
          <gpxtpx:TrackPointExtension>
            <gpxtpx:hr>127</gpxtpx:hr>
          </gpxtpx:TrackPointExtension>
        </extensions>
      </trkpt>
      <trkpt lat="38.833228342521195" lon="121.50722001822218">
        <ele>5.248308011330664</ele>
        <time>2024-10-17T04:51:17Z</time>
        <extensions>
          <gpxtpx:TrackPointExtension>
            <gpxtpx:hr>127</gpxtpx:hr>
          </gpxtpx:TrackPointExtension>
        </extensions>
      </trkpt>
      <trkpt lat="38.83320403583674" lon="121.50711459336026">
        <ele>6.246078526601195</ele>
        <time>2024-10-17T04:51:21Z</time>
        <extensions>
          <gpxtpx:TrackPointExtension>
            <gpxtpx:hr>127</gpxtpx:hr>
          </gpxtpx:TrackPointExtension>
        </extensions>
      </trkpt>
      <trkpt lat="38.83317796161658" lon="121.50704877609621">
        <ele>5.226953097619116</ele>
        <time>2024-10-17T04:51:24Z</time>
        <extensions>
          <gpxtpx:TrackPointExtension>
            <gpxtpx:hr>127</gpxtpx:hr>
          </gpxtpx:TrackPointExtension>
        </extensions>
      </trkpt>
      <trkpt lat="38.8331216110267" lon="121.50695113720505">
        <ele>6.507204927504063</ele>
        <time>2024-10-17T04:51:28Z</time>
        <extensions>
          <gpxtpx:TrackPointExtension>
            <gpxtpx:hr>128</gpxtpx:hr>
          </gpxtpx:TrackPointExtension>
        </extensions>
      </trkpt>
      <trkpt lat="38.83307358562475" lon="121.50686440132003">
        <ele>5.090825077146292</ele>
        <time>2024-10-17T04:51:32Z</time>
        <extensions>
          <gpxtpx:TrackPointExtension>
            <gpxtpx:hr>129</gpxtpx:hr>
          </gpxtpx:TrackPointExtension>
        </extensions>
      </trkpt>
      <trkpt lat="38.83300781431829" lon="121.50678439451022">
        <ele>5.593790085986257</ele>
        <time>2024-10-17T04:51:36Z</time>
        <extensions>
          <gpxtpx:TrackPointExtension>
            <gpxtpx:hr>129</gpxtpx:hr>
          </gpxtpx:TrackPointExtension>
        </extensions>
      </trkpt>
      <trkpt lat="38.83296265303167" lon="121.50672397204438">
        <ele>5.4901469657197595</ele>
        <time>2024-10-17T04:51:39Z</time>
        <extensions>
          <gpxtpx:TrackPointExtension>
            <gpxtpx:hr>130</gpxtpx:hr>
          </gpxtpx:TrackPointExtension>
        </extensions>
      </trkpt>
      <trkpt lat="38.832919674488906" lon="121.50667843813925">
        <ele>4.5629183584824204</ele>
        <time>2024-10-17T04:51:42Z</time>
        <extensions>
          <gpxtpx:TrackPointExtension>
            <gpxtpx:hr>129</gpxtpx:hr>
          </gpxtpx:TrackPointExtension>
        </extensions>
      </trkpt>
      <trkpt lat="38.832851581013465" lon="121.50662592585316">
        <ele>4.134140884503722</ele>
        <time>2024-10-17T04:51:46Z</time>
        <extensions>
          <gpxtpx:TrackPointExtension>
            <gpxtpx:hr>129</gpxtpx:hr>
          </gpxtpx:TrackPointExtension>
        </extensions>
      </trkpt>
      <trkpt lat="38.83277460991153" lon="121.50657641695989">
        <ele>4.410050888545811</ele>
        <time>2024-10-17T04:51:50Z</time>
        <extensions>
          <gpxtpx:TrackPointExtension>
            <gpxtpx:hr>128</gpxtpx:hr>
          </gpxtpx:TrackPointExtension>
        </extensions>
      </trkpt>
      <trkpt lat="38.83269342295768" lon="121.50654794312585">
        <ele>5.046906937845051</ele>
        <time>2024-10-17T04:51:54Z</time>
        <extensions>
          <gpxtpx:TrackPointExtension>
            <gpxtpx:hr>128</gpxtpx:hr>
          </gpxtpx:TrackPointExtension>
        </extensions>
      </trkpt>
      <trkpt lat="38.83261721437435" lon="121.5065212914574">
        <ele>3.569278761744499</ele>
        <time>2024-10-17T04:51:58Z</time>
        <extensions>
          <gpxtpx:TrackPointExtension>
            <gpxtpx:hr>130</gpxtpx:hr>
          </gpxtpx:TrackPointExtension>
        </extensions>
      </trkpt>
      <trkpt lat="38.8325502383827" lon="121.5065138038819">
        <ele>4.080440873280168</ele>
        <time>2024-10-17T04:52:01Z</time>
        <extensions>
          <gpxtpx:TrackPointExtension>
            <gpxtpx:hr>130</gpxtpx:hr>
          </gpxtpx:TrackPointExtension>
        </extensions>
      </trkpt>
      <trkpt lat="38.83246666004095" lon="121.50647965713657">
        <ele>5.21558753401041</ele>
        <time>2024-10-17T04:52:05Z</time>
        <extensions>
          <gpxtpx:TrackPointExtension>
            <gpxtpx:hr>131</gpxtpx:hr>
          </gpxtpx:TrackPointExtension>
        </extensions>
      </trkpt>
      <trkpt lat="38.83238073420747" lon="121.50645217343131">
        <ele>5.110104099847376</ele>
        <time>2024-10-17T04:52:09Z</time>
        <extensions>
          <gpxtpx:TrackPointExtension>
            <gpxtpx:hr>131</gpxtpx:hr>
          </gpxtpx:TrackPointExtension>
        </extensions>
      </trkpt>
      <trkpt lat="38.83231281283807" lon="121.5064046602">
        <ele>4.20249189529568</ele>
        <time>2024-10-17T04:52:13Z</time>
        <extensions>
          <gpxtpx:TrackPointExtension>
            <gpxtpx:hr>131</gpxtpx:hr>
          </gpxtpx:TrackPointExtension>
        </extensions>
      </trkpt>
      <trkpt lat="38.832229192443044" lon="121.50635155082004">
        <ele>2.951661546714604</ele>
        <time>2024-10-17T04:52:17Z</time>
        <extensions>
          <gpxtpx:TrackPointExtension>
            <gpxtpx:hr>133</gpxtpx:hr>
          </gpxtpx:TrackPointExtension>
        </extensions>
      </trkpt>
      <trkpt lat="38.83217419083272" lon="121.50630553095333">
        <ele>2.91668239235878</ele>
        <time>2024-10-17T04:52:20Z</time>
        <extensions>
          <gpxtpx:TrackPointExtension>
            <gpxtpx:hr>133</gpxtpx:hr>
          </gpxtpx:TrackPointExtension>
        </extensions>
      </trkpt>
      <trkpt lat="38.832110444389535" lon="121.5062240528342">
        <ele>4.200719153508544</ele>
        <time>2024-10-17T04:52:24Z</time>
        <extensions>
          <gpxtpx:TrackPointExtension>
            <gpxtpx:hr>133</gpxtpx:hr>
          </gpxtpx:TrackPointExtension>
        </extensions>
      </trkpt>
      <trkpt lat="38.83207254419245" lon="121.50615898560649">
        <ele>5.084619267843664</ele>
        <time>2024-10-17T04:52:27Z</time>
        <extensions>
          <gpxtpx:TrackPointExtension>
            <gpxtpx:hr>132</gpxtpx:hr>
          </gpxtpx:TrackPointExtension>
        </extensions>
      </trkpt>
      <trkpt lat="38.8320416245992" lon="121.50608532425794">
        <ele>5.048286189325154</ele>
        <time>2024-10-17T04:52:30Z</time>
        <extensions>
          <gpxtpx:TrackPointExtension>
            <gpxtpx:hr>132</gpxtpx:hr>
          </gpxtpx:TrackPointExtension>
        </extensions>
      </trkpt>
      <trkpt lat="38.832013129267715" lon="121.50600506258401">
        <ele>6.037624031305313</ele>
        <time>2024-10-17T04:52:33Z</time>
        <extensions>
          <gpxtpx:TrackPointExtension>
            <gpxtpx:hr>133</gpxtpx:hr>
          </gpxtpx:TrackPointExtension>
        </extensions>
      </trkpt>
      <trkpt lat="38.831981099579664" lon="121.50590167472394">
        <ele>5.617369409650564</ele>
        <time>2024-10-17T04:52:37Z</time>
        <extensions>
          <gpxtpx:TrackPointExtension>
            <gpxtpx:hr>133</gpxtpx:hr>
          </gpxtpx:TrackPointExtension>
        </extensions>
      </trkpt>
      <trkpt lat="38.83194860994345" lon="121.50579944961264">
        <ele>5.302689735777676</ele>
        <time>2024-10-17T04:52:41Z</time>
        <extensions>
          <gpxtpx:TrackPointExtension>
            <gpxtpx:hr>133</gpxtpx:hr>
          </gpxtpx:TrackPointExtension>
        </extensions>
      </trkpt>
      <trkpt lat="38.83189829392277" lon="121.50570238789103">
        <ele>5.988780968822539</ele>
        <time>2024-10-17T04:52:45Z</time>
        <extensions>
          <gpxtpx:TrackPointExtension>
            <gpxtpx:hr>132</gpxtpx:hr>
          </gpxtpx:TrackPointExtension>
        </extensions>
      </trkpt>
      <trkpt lat="38.831846786071765" lon="121.50560392088319">
        <ele>5.792133062146604</ele>
        <time>2024-10-17T04:52:49Z</time>
        <extensions>
          <gpxtpx:TrackPointExtension>
            <gpxtpx:hr>129</gpxtpx:hr>
          </gpxtpx:TrackPointExtension>
        </extensions>
      </trkpt>
      <trkpt lat="38.83178451822288" lon="121.50553706924309">
        <ele>5.845056016929448</ele>
        <time>2024-10-17T04:52:53Z</time>
        <extensions>
          <gpxtpx:TrackPointExtension>
            <gpxtpx:hr>130</gpxtpx:hr>
          </gpxtpx:TrackPointExtension>
        </extensions>
      </trkpt>
      <trkpt lat="38.83173179076087" lon="121.50548184724222">
        <ele>5.197708832100034</ele>
        <time>2024-10-17T04:52:56Z</time>
        <extensions>
          <gpxtpx:TrackPointExtension>
            <gpxtpx:hr>130</gpxtpx:hr>
          </gpxtpx:TrackPointExtension>
        </extensions>
      </trkpt>
      <trkpt lat="38.831650982289936" lon="121.50542694396243">
        <ele>6.004079726524651</ele>
        <time>2024-10-17T04:53:00Z</time>
        <extensions>
          <gpxtpx:TrackPointExtension>
            <gpxtpx:hr>136</gpxtpx:hr>
          </gpxtpx:TrackPointExtension>
        </extensions>
      </trkpt>
      <trkpt lat="38.83157265400109" lon="121.50537687208542">
        <ele>5.164523363113403</ele>
        <time>2024-10-17T04:53:04Z</time>
        <extensions>
          <gpxtpx:TrackPointExtension>
            <gpxtpx:hr>137</gpxtpx:hr>
          </gpxtpx:TrackPointExtension>
        </extensions>
      </trkpt>
      <trkpt lat="38.83148614357286" lon="121.50533481554376">
        <ele>6.370007116347551</ele>
        <time>2024-10-17T04:53:08Z</time>
        <extensions>
          <gpxtpx:TrackPointExtension>
            <gpxtpx:hr>135</gpxtpx:hr>
          </gpxtpx:TrackPointExtension>
        </extensions>
      </trkpt>
      <trkpt lat="38.83140244897181" lon="121.50531634745771">
        <ele>6.041519554331899</ele>
        <time>2024-10-17T04:53:12Z</time>
        <extensions>
          <gpxtpx:TrackPointExtension>
            <gpxtpx:hr>135</gpxtpx:hr>
          </gpxtpx:TrackPointExtension>
        </extensions>
      </trkpt>
      <trkpt lat="38.83131554281039" lon="121.50527912868871">
        <ele>4.88419955316931</ele>
        <time>2024-10-17T04:53:16Z</time>
        <extensions>
          <gpxtpx:TrackPointExtension>
            <gpxtpx:hr>135</gpxtpx:hr>
          </gpxtpx:TrackPointExtension>
        </extensions>
      </trkpt>
      <trkpt lat="38.83122862020168" lon="121.50527477329074">
        <ele>5.504710924811661</ele>
        <time>2024-10-17T04:53:20Z</time>
        <extensions>
          <gpxtpx:TrackPointExtension>
            <gpxtpx:hr>135</gpxtpx:hr>
          </gpxtpx:TrackPointExtension>
        </extensions>
      </trkpt>
      <trkpt lat="38.83113717963602" lon="121.50529371872761">
        <ele>4.359130525961518</ele>
        <time>2024-10-17T04:53:24Z</time>
        <extensions>
          <gpxtpx:TrackPointExtension>
            <gpxtpx:hr>136</gpxtpx:hr>
          </gpxtpx:TrackPointExtension>
        </extensions>
      </trkpt>
      <trkpt lat="38.831046667095194" lon="121.50532338308345">
        <ele>2.916001122444868</ele>
        <time>2024-10-17T04:53:28Z</time>
        <extensions>
          <gpxtpx:TrackPointExtension>
            <gpxtpx:hr>137</gpxtpx:hr>
          </gpxtpx:TrackPointExtension>
        </extensions>
      </trkpt>
      <trkpt lat="38.830952981298616" lon="121.5052865041841">
        <ele>4.8382203774526715</ele>
        <time>2024-10-17T04:53:32Z</time>
        <extensions>
          <gpxtpx:TrackPointExtension>
            <gpxtpx:hr>137</gpxtpx:hr>
          </gpxtpx:TrackPointExtension>
        </extensions>
      </trkpt>
      <trkpt lat="38.83085807915019" lon="121.50525263604763">
        <ele>4.634929666295648</ele>
        <time>2024-10-17T04:53:36Z</time>
        <extensions>
          <gpxtpx:TrackPointExtension>
            <gpxtpx:hr>137</gpxtpx:hr>
          </gpxtpx:TrackPointExtension>
        </extensions>
      </trkpt>
      <trkpt lat="38.83077048060721" lon="121.50519846947493">
        <ele>4.270345693454146</ele>
        <time>2024-10-17T04:53:40Z</time>
        <extensions>
          <gpxtpx:TrackPointExtension>
            <gpxtpx:hr>137</gpxtpx:hr>
          </gpxtpx:TrackPointExtension>
        </extensions>
      </trkpt>
      <trkpt lat="38.83071700784611" lon="121.50513946902144">
        <ele>3.908748500980437</ele>
        <time>2024-10-17T04:53:43Z</time>
        <extensions>
          <gpxtpx:TrackPointExtension>
            <gpxtpx:hr>137</gpxtpx:hr>
          </gpxtpx:TrackPointExtension>
        </extensions>
      </trkpt>
      <trkpt lat="38.83063259456882" lon="121.50508699466178">
        <ele>4.419033128768206</ele>
        <time>2024-10-17T04:53:47Z</time>
        <extensions>
          <gpxtpx:TrackPointExtension>
            <gpxtpx:hr>140</gpxtpx:hr>
          </gpxtpx:TrackPointExtension>
        </extensions>
      </trkpt>
      <trkpt lat="38.83056119348673" lon="121.50501915947906">
        <ele>4.253988119773567</ele>
        <time>2024-10-17T04:53:51Z</time>
        <extensions>
          <gpxtpx:TrackPointExtension>
            <gpxtpx:hr>140</gpxtpx:hr>
          </gpxtpx:TrackPointExtension>
        </extensions>
      </trkpt>
      <trkpt lat="38.83048111260597" lon="121.50496309337154">
        <ele>5.844386707060039</ele>
        <time>2024-10-17T04:53:55Z</time>
        <extensions>
          <gpxtpx:TrackPointExtension>
            <gpxtpx:hr>142</gpxtpx:hr>
          </gpxtpx:TrackPointExtension>
        </extensions>
      </trkpt>
      <trkpt lat="38.830421446616185" lon="121.50492778853123">
        <ele>5.688151874579489</ele>
        <time>2024-10-17T04:53:58Z</time>
        <extensions>
          <gpxtpx:TrackPointExtension>
            <gpxtpx:hr>141</gpxtpx:hr>
          </gpxtpx:TrackPointExtension>
        </extensions>
      </trkpt>
      <trkpt lat="38.83034132284692" lon="121.5048817154329">
        <ele>5.007643613964319</ele>
        <time>2024-10-17T04:54:02Z</time>
        <extensions>
          <gpxtpx:TrackPointExtension>
            <gpxtpx:hr>142</gpxtpx:hr>
          </gpxtpx:TrackPointExtension>
        </extensions>
      </trkpt>
      <trkpt lat="38.830256516317476" lon="121.50483808217797">
        <ele>4.709268871694803</ele>
        <time>2024-10-17T04:54:06Z</time>
        <extensions>
          <gpxtpx:TrackPointExtension>
            <gpxtpx:hr>142</gpxtpx:hr>
          </gpxtpx:TrackPointExtension>
        </extensions>
      </trkpt>
      <trkpt lat="38.83017401181359" lon="121.50478947008065">
        <ele>4.8074323842301965</ele>
        <time>2024-10-17T04:54:10Z</time>
        <extensions>
          <gpxtpx:TrackPointExtension>
            <gpxtpx:hr>144</gpxtpx:hr>
          </gpxtpx:TrackPointExtension>
        </extensions>
      </trkpt>
      <trkpt lat="38.83010213342532" lon="121.50473465356826">
        <ele>4.683026570826769</ele>
        <time>2024-10-17T04:54:14Z</time>
        <extensions>
          <gpxtpx:TrackPointExtension>
            <gpxtpx:hr>145</gpxtpx:hr>
          </gpxtpx:TrackPointExtension>
        </extensions>
      </trkpt>
      <trkpt lat="38.83002908320663" lon="121.50473358159473">
        <ele>3.78348096832633</ele>
        <time>2024-10-17T04:54:17Z</time>
        <extensions>
          <gpxtpx:TrackPointExtension>
            <gpxtpx:hr>145</gpxtpx:hr>
          </gpxtpx:TrackPointExtension>
        </extensions>
      </trkpt>
      <trkpt lat="38.82996037839901" lon="121.50464900739186">
        <ele>4.474691549316049</ele>
        <time>2024-10-17T04:54:21Z</time>
        <extensions>
          <gpxtpx:TrackPointExtension>
            <gpxtpx:hr>145</gpxtpx:hr>
          </gpxtpx:TrackPointExtension>
        </extensions>
      </trkpt>
      <trkpt lat="38.829915196246915" lon="121.50459128695735">
        <ele>4.826664791442454</ele>
        <time>2024-10-17T04:54:24Z</time>
        <extensions>
          <gpxtpx:TrackPointExtension>
            <gpxtpx:hr>145</gpxtpx:hr>
          </gpxtpx:TrackPointExtension>
        </extensions>
      </trkpt>
      <trkpt lat="38.8298483811267" lon="121.50451238034772">
        <ele>4.28305787127465</ele>
        <time>2024-10-17T04:54:28Z</time>
        <extensions>
          <gpxtpx:TrackPointExtension>
            <gpxtpx:hr>145</gpxtpx:hr>
          </gpxtpx:TrackPointExtension>
        </extensions>
      </trkpt>
      <trkpt lat="38.829782382017015" lon="121.50443720888823">
        <ele>4.1155958184972405</ele>
        <time>2024-10-17T04:54:32Z</time>
        <extensions>
          <gpxtpx:TrackPointExtension>
            <gpxtpx:hr>145</gpxtpx:hr>
          </gpxtpx:TrackPointExtension>
        </extensions>
      </trkpt>
      <trkpt lat="38.82974008986673" lon="121.5043663049842">
        <ele>4.54603719804436</ele>
        <time>2024-10-17T04:54:35Z</time>
        <extensions>
          <gpxtpx:TrackPointExtension>
            <gpxtpx:hr>145</gpxtpx:hr>
          </gpxtpx:TrackPointExtension>
        </extensions>
      </trkpt>
      <trkpt lat="38.829689785121225" lon="121.50431753238401">
        <ele>4.39583193231374</ele>
        <time>2024-10-17T04:54:38Z</time>
        <extensions>
          <gpxtpx:TrackPointExtension>
            <gpxtpx:hr>145</gpxtpx:hr>
          </gpxtpx:TrackPointExtension>
        </extensions>
      </trkpt>
      <trkpt lat="38.82961128455112" lon="121.50424108419749">
        <ele>4.831364716403186</ele>
        <time>2024-10-17T04:54:42Z</time>
        <extensions>
          <gpxtpx:TrackPointExtension>
            <gpxtpx:hr>146</gpxtpx:hr>
          </gpxtpx:TrackPointExtension>
        </extensions>
      </trkpt>
      <trkpt lat="38.829564930185356" lon="121.50418708472375">
        <ele>4.589506498537958</ele>
        <time>2024-10-17T04:54:45Z</time>
        <extensions>
          <gpxtpx:TrackPointExtension>
            <gpxtpx:hr>146</gpxtpx:hr>
          </gpxtpx:TrackPointExtension>
        </extensions>
      </trkpt>
      <trkpt lat="38.82949066417482" lon="121.50413146284119">
        <ele>4.297165598720312</ele>
        <time>2024-10-17T04:54:49Z</time>
        <extensions>
          <gpxtpx:TrackPointExtension>
            <gpxtpx:hr>145</gpxtpx:hr>
          </gpxtpx:TrackPointExtension>
        </extensions>
      </trkpt>
      <trkpt lat="38.829425031215656" lon="121.50411401113705">
        <ele>4.62368640769273</ele>
        <time>2024-10-17T04:54:52Z</time>
        <extensions>
          <gpxtpx:TrackPointExtension>
            <gpxtpx:hr>143</gpxtpx:hr>
          </gpxtpx:TrackPointExtension>
        </extensions>
      </trkpt>
      <trkpt lat="38.82936605956503" lon="121.50409664437348">
        <ele>3.4652947150170803</ele>
        <time>2024-10-17T04:54:55Z</time>
        <extensions>
          <gpxtpx:TrackPointExtension>
            <gpxtpx:hr>143</gpxtpx:hr>
          </gpxtpx:TrackPointExtension>
        </extensions>
      </trkpt>
      <trkpt lat="38.829311068808146" lon="121.50406774871514">
        <ele>4.046720867045224</ele>
        <time>2024-10-17T04:54:58Z</time>
        <extensions>
          <gpxtpx:TrackPointExtension>
            <gpxtpx:hr>143</gpxtpx:hr>
          </gpxtpx:TrackPointExtension>
        </extensions>
      </trkpt>
      <trkpt lat="38.8292160936594" lon="121.5040425167387">
        <ele>5.522677876055241</ele>
        <time>2024-10-17T04:55:02Z</time>
        <extensions>
          <gpxtpx:TrackPointExtension>
            <gpxtpx:hr>142</gpxtpx:hr>
          </gpxtpx:TrackPointExtension>
        </extensions>
      </trkpt>
      <trkpt lat="38.82912481182783" lon="121.50399356578423">
        <ele>4.907636325806379</ele>
        <time>2024-10-17T04:55:06Z</time>
        <extensions>
          <gpxtpx:TrackPointExtension>
            <gpxtpx:hr>142</gpxtpx:hr>
          </gpxtpx:TrackPointExtension>
        </extensions>
      </trkpt>
      <trkpt lat="38.82904927709925" lon="121.50399555897349">
        <ele>6.245391103439033</ele>
        <time>2024-10-17T04:55:10Z</time>
        <extensions>
          <gpxtpx:TrackPointExtension>
            <gpxtpx:hr>142</gpxtpx:hr>
          </gpxtpx:TrackPointExtension>
        </extensions>
      </trkpt>
      <trkpt lat="38.82895600275208" lon="121.50399071294117">
        <ele>4.57126412820071</ele>
        <time>2024-10-17T04:55:14Z</time>
        <extensions>
          <gpxtpx:TrackPointExtension>
            <gpxtpx:hr>142</gpxtpx:hr>
          </gpxtpx:TrackPointExtension>
        </extensions>
      </trkpt>
      <trkpt lat="38.82886691150557" lon="121.50399900690209">
        <ele>4.872085977345705</ele>
        <time>2024-10-17T04:55:18Z</time>
        <extensions>
          <gpxtpx:TrackPointExtension>
            <gpxtpx:hr>143</gpxtpx:hr>
          </gpxtpx:TrackPointExtension>
        </extensions>
      </trkpt>
      <trkpt lat="38.828781918193705" lon="121.50399068520622">
        <ele>4.346632446162403</ele>
        <time>2024-10-17T04:55:22Z</time>
        <extensions>
          <gpxtpx:TrackPointExtension>
            <gpxtpx:hr>143</gpxtpx:hr>
          </gpxtpx:TrackPointExtension>
        </extensions>
      </trkpt>
      <trkpt lat="38.82869842658382" lon="121.50400813555436">
        <ele>5.78696602396667</ele>
        <time>2024-10-17T04:55:26Z</time>
        <extensions>
          <gpxtpx:TrackPointExtension>
            <gpxtpx:hr>143</gpxtpx:hr>
          </gpxtpx:TrackPointExtension>
        </extensions>
      </trkpt>
      <trkpt lat="38.828610211924605" lon="121.50402087662609">
        <ele>3.712263910099864</ele>
        <time>2024-10-17T04:55:30Z</time>
        <extensions>
          <gpxtpx:TrackPointExtension>
            <gpxtpx:hr>143</gpxtpx:hr>
          </gpxtpx:TrackPointExtension>
        </extensions>
      </trkpt>
      <trkpt lat="38.828524837896246" lon="121.50404146596237">
        <ele>4.341328692622483</ele>
        <time>2024-10-17T04:55:34Z</time>
        <extensions>
          <gpxtpx:TrackPointExtension>
            <gpxtpx:hr>144</gpxtpx:hr>
          </gpxtpx:TrackPointExtension>
        </extensions>
      </trkpt>
      <trkpt lat="38.82844496563222" lon="121.50403966027059">
        <ele>4.30495775770396</ele>
        <time>2024-10-17T04:55:38Z</time>
        <extensions>
          <gpxtpx:TrackPointExtension>
            <gpxtpx:hr>143</gpxtpx:hr>
          </gpxtpx:TrackPointExtension>
        </extensions>
      </trkpt>
      <trkpt lat="38.82835278228656" lon="121.504037194149">
        <ele>4.360422722995281</ele>
        <time>2024-10-17T04:55:42Z</time>
        <extensions>
          <gpxtpx:TrackPointExtension>
            <gpxtpx:hr>144</gpxtpx:hr>
          </gpxtpx:TrackPointExtension>
        </extensions>
      </trkpt>
      <trkpt lat="38.82825822673101" lon="121.5039982191134">
        <ele>4.8206840651109815</ele>
        <time>2024-10-17T04:55:46Z</time>
        <extensions>
          <gpxtpx:TrackPointExtension>
            <gpxtpx:hr>144</gpxtpx:hr>
          </gpxtpx:TrackPointExtension>
        </extensions>
      </trkpt>
      <trkpt lat="38.82817730598479" lon="121.50396151663695">
        <ele>4.047558422200382</ele>
        <time>2024-10-17T04:55:50Z</time>
        <extensions>
          <gpxtpx:TrackPointExtension>
            <gpxtpx:hr>144</gpxtpx:hr>
          </gpxtpx:TrackPointExtension>
        </extensions>
      </trkpt>
      <trkpt lat="38.82810135628198" lon="121.50388753268275">
        <ele>4.149622106924653</ele>
        <time>2024-10-17T04:55:54Z</time>
        <extensions>
          <gpxtpx:TrackPointExtension>
            <gpxtpx:hr>145</gpxtpx:hr>
          </gpxtpx:TrackPointExtension>
        </extensions>
      </trkpt>
      <trkpt lat="38.82804681031674" lon="121.50379967762319">
        <ele>4.0466092228889465</ele>
        <time>2024-10-17T04:55:58Z</time>
        <extensions>
          <gpxtpx:TrackPointExtension>
            <gpxtpx:hr>145</gpxtpx:hr>
          </gpxtpx:TrackPointExtension>
        </extensions>
      </trkpt>
      <trkpt lat="38.82799924365773" lon="121.5036975424969">
        <ele>4.545043052174151</ele>
        <time>2024-10-17T04:56:02Z</time>
        <extensions>
          <gpxtpx:TrackPointExtension>
            <gpxtpx:hr>144</gpxtpx:hr>
          </gpxtpx:TrackPointExtension>
        </extensions>
      </trkpt>
      <trkpt lat="38.82795598634078" lon="121.50360136220804">
        <ele>4.556659674271941</ele>
        <time>2024-10-17T04:56:06Z</time>
        <extensions>
          <gpxtpx:TrackPointExtension>
            <gpxtpx:hr>144</gpxtpx:hr>
          </gpxtpx:TrackPointExtension>
        </extensions>
      </trkpt>
      <trkpt lat="38.82792117230901" lon="121.50348219824922">
        <ele>4.469320707954466</ele>
        <time>2024-10-17T04:56:10Z</time>
        <extensions>
          <gpxtpx:TrackPointExtension>
            <gpxtpx:hr>144</gpxtpx:hr>
          </gpxtpx:TrackPointExtension>
        </extensions>
      </trkpt>
      <trkpt lat="38.827898149983376" lon="121.50337903824571">
        <ele>3.3654959881678224</ele>
        <time>2024-10-17T04:56:14Z</time>
        <extensions>
          <gpxtpx:TrackPointExtension>
            <gpxtpx:hr>145</gpxtpx:hr>
          </gpxtpx:TrackPointExtension>
        </extensions>
      </trkpt>
      <trkpt lat="38.82784219791544" lon="121.50329516709229">
        <ele>3.815834273584187</ele>
        <time>2024-10-17T04:56:18Z</time>
        <extensions>
          <gpxtpx:TrackPointExtension>
            <gpxtpx:hr>146</gpxtpx:hr>
          </gpxtpx:TrackPointExtension>
        </extensions>
      </trkpt>
      <trkpt lat="38.82778680050428" lon="121.50320485004696">
        <ele>4.241932461969554</ele>
        <time>2024-10-17T04:56:22Z</time>
        <extensions>
          <gpxtpx:TrackPointExtension>
            <gpxtpx:hr>146</gpxtpx:hr>
          </gpxtpx:TrackPointExtension>
        </extensions>
      </trkpt>
      <trkpt lat="38.8277159315905" lon="121.50312463516566">
        <ele>3.492676650173962</ele>
        <time>2024-10-17T04:56:26Z</time>
        <extensions>
          <gpxtpx:TrackPointExtension>
            <gpxtpx:hr>146</gpxtpx:hr>
          </gpxtpx:TrackPointExtension>
        </extensions>
      </trkpt>
      <trkpt lat="38.82765357844473" lon="121.5030730676877">
        <ele>3.588273875415325</ele>
        <time>2024-10-17T04:56:30Z</time>
        <extensions>
          <gpxtpx:TrackPointExtension>
            <gpxtpx:hr>146</gpxtpx:hr>
          </gpxtpx:TrackPointExtension>
        </extensions>
      </trkpt>
      <trkpt lat="38.82759492526146" lon="121.50303493904231">
        <ele>3.9662958439439535</ele>
        <time>2024-10-17T04:56:33Z</time>
        <extensions>
          <gpxtpx:TrackPointExtension>
            <gpxtpx:hr>144</gpxtpx:hr>
          </gpxtpx:TrackPointExtension>
        </extensions>
      </trkpt>
      <trkpt lat="38.827517052804694" lon="121.50299016372529">
        <ele>4.562698210589588</ele>
        <time>2024-10-17T04:56:37Z</time>
        <extensions>
          <gpxtpx:TrackPointExtension>
            <gpxtpx:hr>143</gpxtpx:hr>
          </gpxtpx:TrackPointExtension>
        </extensions>
      </trkpt>
      <trkpt lat="38.82742492249644" lon="121.50296504386029">
        <ele>4.836312960833311</ele>
        <time>2024-10-17T04:56:41Z</time>
        <extensions>
          <gpxtpx:TrackPointExtension>
            <gpxtpx:hr>143</gpxtpx:hr>
          </gpxtpx:TrackPointExtension>
        </extensions>
      </trkpt>
      <trkpt lat="38.82735881519797" lon="121.50294294180779">
        <ele>4.610683949664235</ele>
        <time>2024-10-17T04:56:44Z</time>
        <extensions>
          <gpxtpx:TrackPointExtension>
            <gpxtpx:hr>143</gpxtpx:hr>
          </gpxtpx:TrackPointExtension>
        </extensions>
      </trkpt>
      <trkpt lat="38.82727657082403" lon="121.50294743065237">
        <ele>4.065792714245617</ele>
        <time>2024-10-17T04:56:48Z</time>
        <extensions>
          <gpxtpx:TrackPointExtension>
            <gpxtpx:hr>143</gpxtpx:hr>
          </gpxtpx:TrackPointExtension>
        </extensions>
      </trkpt>
      <trkpt lat="38.82720548097172" lon="121.50298270361871">
        <ele>4.353605272248387</ele>
        <time>2024-10-17T04:56:52Z</time>
        <extensions>
          <gpxtpx:TrackPointExtension>
            <gpxtpx:hr>143</gpxtpx:hr>
          </gpxtpx:TrackPointExtension>
        </extensions>
      </trkpt>
      <trkpt lat="38.82713934495073" lon="121.50299671056608">
        <ele>4.542813760228455</ele>
        <time>2024-10-17T04:56:55Z</time>
        <extensions>
          <gpxtpx:TrackPointExtension>
            <gpxtpx:hr>143</gpxtpx:hr>
          </gpxtpx:TrackPointExtension>
        </extensions>
      </trkpt>
      <trkpt lat="38.82708361415064" lon="121.5030328036048">
        <ele>4.424106040038168</ele>
        <time>2024-10-17T04:56:58Z</time>
        <extensions>
          <gpxtpx:TrackPointExtension>
            <gpxtpx:hr>145</gpxtpx:hr>
          </gpxtpx:TrackPointExtension>
        </extensions>
      </trkpt>
      <trkpt lat="38.82704108274869" lon="121.50306967924459">
        <ele>3.67777668684721</ele>
        <time>2024-10-17T04:57:01Z</time>
        <extensions>
          <gpxtpx:TrackPointExtension>
            <gpxtpx:hr>145</gpxtpx:hr>
          </gpxtpx:TrackPointExtension>
        </extensions>
      </trkpt>
      <trkpt lat="38.82698845582143" lon="121.50312338795297">
        <ele>4.570085546001792</ele>
        <time>2024-10-17T04:57:04Z</time>
        <extensions>
          <gpxtpx:TrackPointExtension>
            <gpxtpx:hr>145</gpxtpx:hr>
          </gpxtpx:TrackPointExtension>
        </extensions>
      </trkpt>
      <trkpt lat="38.826951200642945" lon="121.5031808905668">
        <ele>4.888667485676706</ele>
        <time>2024-10-17T04:57:07Z</time>
        <extensions>
          <gpxtpx:TrackPointExtension>
            <gpxtpx:hr>145</gpxtpx:hr>
          </gpxtpx:TrackPointExtension>
        </extensions>
      </trkpt>
      <trkpt lat="38.82690433189575" lon="121.5032377850952">
        <ele>5.013069562613964</ele>
        <time>2024-10-17T04:57:10Z</time>
        <extensions>
          <gpxtpx:TrackPointExtension>
            <gpxtpx:hr>145</gpxtpx:hr>
          </gpxtpx:TrackPointExtension>
        </extensions>
      </trkpt>
      <trkpt lat="38.82686010786372" lon="121.50329161018507">
        <ele>5.002786000259221</ele>
        <time>2024-10-17T04:57:13Z</time>
        <extensions>
          <gpxtpx:TrackPointExtension>
            <gpxtpx:hr>144</gpxtpx:hr>
          </gpxtpx:TrackPointExtension>
        </extensions>
      </trkpt>
      <trkpt lat="38.82680912890276" lon="121.50334972730391">
        <ele>4.264243328012526</ele>
        <time>2024-10-17T04:57:16Z</time>
        <extensions>
          <gpxtpx:TrackPointExtension>
            <gpxtpx:hr>144</gpxtpx:hr>
          </gpxtpx:TrackPointExtension>
        </extensions>
      </trkpt>
      <trkpt lat="38.82676029470499" lon="121.50340281719473">
        <ele>4.019657086580992</ele>
        <time>2024-10-17T04:57:19Z</time>
        <extensions>
          <gpxtpx:TrackPointExtension>
            <gpxtpx:hr>144</gpxtpx:hr>
          </gpxtpx:TrackPointExtension>
        </extensions>
      </trkpt>
      <trkpt lat="38.826712654791784" lon="121.50346494086786">
        <ele>3.8549953689798713</ele>
        <time>2024-10-17T04:57:22Z</time>
        <extensions>
          <gpxtpx:TrackPointExtension>
            <gpxtpx:hr>145</gpxtpx:hr>
          </gpxtpx:TrackPointExtension>
        </extensions>
      </trkpt>
      <trkpt lat="38.826665124733644" lon="121.50352685625309">
        <ele>4.797688527032733</ele>
        <time>2024-10-17T04:57:25Z</time>
        <extensions>
          <gpxtpx:TrackPointExtension>
            <gpxtpx:hr>145</gpxtpx:hr>
          </gpxtpx:TrackPointExtension>
        </extensions>
      </trkpt>
      <trkpt lat="38.826630904024995" lon="121.5036087899429">
        <ele>4.40250685159117</ele>
        <time>2024-10-17T04:57:28Z</time>
        <extensions>
          <gpxtpx:TrackPointExtension>
            <gpxtpx:hr>146</gpxtpx:hr>
          </gpxtpx:TrackPointExtension>
        </extensions>
      </trkpt>
      <trkpt lat="38.82660090248623" lon="121.5036889743387">
        <ele>3.9189907051622868</ele>
        <time>2024-10-17T04:57:31Z</time>
        <extensions>
          <gpxtpx:TrackPointExtension>
            <gpxtpx:hr>146</gpxtpx:hr>
          </gpxtpx:TrackPointExtension>
        </extensions>
      </trkpt>
      <trkpt lat="38.8265822396541" lon="121.50376828758652">
        <ele>4.127960623241961</ele>
        <time>2024-10-17T04:57:34Z</time>
        <extensions>
          <gpxtpx:TrackPointExtension>
            <gpxtpx:hr>145</gpxtpx:hr>
          </gpxtpx:TrackPointExtension>
        </extensions>
      </trkpt>
      <trkpt lat="38.82656755864542" lon="121.50385700684502">
        <ele>4.163799992762506</ele>
        <time>2024-10-17T04:57:37Z</time>
        <extensions>
          <gpxtpx:TrackPointExtension>
            <gpxtpx:hr>146</gpxtpx:hr>
          </gpxtpx:TrackPointExtension>
        </extensions>
      </trkpt>
      <trkpt lat="38.82655395952753" lon="121.50394049128256">
        <ele>4.463406155817211</ele>
        <time>2024-10-17T04:57:40Z</time>
        <extensions>
          <gpxtpx:TrackPointExtension>
            <gpxtpx:hr>146</gpxtpx:hr>
          </gpxtpx:TrackPointExtension>
        </extensions>
      </trkpt>
      <trkpt lat="38.82655334139887" lon="121.50402191420801">
        <ele>4.399403905496001</ele>
        <time>2024-10-17T04:57:43Z</time>
        <extensions>
          <gpxtpx:TrackPointExtension>
            <gpxtpx:hr>146</gpxtpx:hr>
          </gpxtpx:TrackPointExtension>
        </extensions>
      </trkpt>
      <trkpt lat="38.8265561044325" lon="121.5041098826323">
        <ele>4.920173238962889</ele>
        <time>2024-10-17T04:57:46Z</time>
        <extensions>
          <gpxtpx:TrackPointExtension>
            <gpxtpx:hr>146</gpxtpx:hr>
          </gpxtpx:TrackPointExtension>
        </extensions>
      </trkpt>
      <trkpt lat="38.82656072295309" lon="121.50420148359932">
        <ele>4.353782057762146</ele>
        <time>2024-10-17T04:57:49Z</time>
        <extensions>
          <gpxtpx:TrackPointExtension>
            <gpxtpx:hr>146</gpxtpx:hr>
          </gpxtpx:TrackPointExtension>
        </extensions>
      </trkpt>
      <trkpt lat="38.82655642369715" lon="121.50428389424452">
        <ele>3.9417415307834744</ele>
        <time>2024-10-17T04:57:52Z</time>
        <extensions>
          <gpxtpx:TrackPointExtension>
            <gpxtpx:hr>146</gpxtpx:hr>
          </gpxtpx:TrackPointExtension>
        </extensions>
      </trkpt>
      <trkpt lat="38.82654424665469" lon="121.50437019689478">
        <ele>4.584536598995328</ele>
        <time>2024-10-17T04:57:55Z</time>
        <extensions>
          <gpxtpx:TrackPointExtension>
            <gpxtpx:hr>146</gpxtpx:hr>
          </gpxtpx:TrackPointExtension>
        </extensions>
      </trkpt>
      <trkpt lat="38.826533563903396" lon="121.50445119015596">
        <ele>3.7015359411016107</ele>
        <time>2024-10-17T04:57:58Z</time>
        <extensions>
          <gpxtpx:TrackPointExtension>
            <gpxtpx:hr>146</gpxtpx:hr>
          </gpxtpx:TrackPointExtension>
        </extensions>
      </trkpt>
      <trkpt lat="38.826506516916126" lon="121.5045629156817">
        <ele>4.20435915607959</ele>
        <time>2024-10-17T04:58:02Z</time>
        <extensions>
          <gpxtpx:TrackPointExtension>
            <gpxtpx:hr>146</gpxtpx:hr>
          </gpxtpx:TrackPointExtension>
        </extensions>
      </trkpt>
      <trkpt lat="38.826473004271605" lon="121.50463642516257">
        <ele>3.1185051454231143</ele>
        <time>2024-10-17T04:58:05Z</time>
        <extensions>
          <gpxtpx:TrackPointExtension>
            <gpxtpx:hr>147</gpxtpx:hr>
          </gpxtpx:TrackPointExtension>
        </extensions>
      </trkpt>
      <trkpt lat="38.82643812666951" lon="121.50471168640635">
        <ele>3.61261342279613</ele>
        <time>2024-10-17T04:58:08Z</time>
        <extensions>
          <gpxtpx:TrackPointExtension>
            <gpxtpx:hr>147</gpxtpx:hr>
          </gpxtpx:TrackPointExtension>
        </extensions>
      </trkpt>
      <trkpt lat="38.826393226114384" lon="121.50477010336216">
        <ele>3.9528408898040652</ele>
        <time>2024-10-17T04:58:11Z</time>
        <extensions>
          <gpxtpx:TrackPointExtension>
            <gpxtpx:hr>147</gpxtpx:hr>
          </gpxtpx:TrackPointExtension>
        </extensions>
      </trkpt>
      <trkpt lat="38.82632956129389" lon="121.50482350608816">
        <ele>4.110733754001558</ele>
        <time>2024-10-17T04:58:14Z</time>
        <extensions>
          <gpxtpx:TrackPointExtension>
            <gpxtpx:hr>147</gpxtpx:hr>
          </gpxtpx:TrackPointExtension>
        </extensions>
      </trkpt>
      <trkpt lat="38.826288971963166" lon="121.50488318104503">
        <ele>4.470581088215113</ele>
        <time>2024-10-17T04:58:17Z</time>
        <extensions>
          <gpxtpx:TrackPointExtension>
            <gpxtpx:hr>147</gpxtpx:hr>
          </gpxtpx:TrackPointExtension>
        </extensions>
      </trkpt>
      <trkpt lat="38.82620314725518" lon="121.50492402130763">
        <ele>3.5795031804591417</ele>
        <time>2024-10-17T04:58:21Z</time>
        <extensions>
          <gpxtpx:TrackPointExtension>
            <gpxtpx:hr>147</gpxtpx:hr>
          </gpxtpx:TrackPointExtension>
        </extensions>
      </trkpt>
      <trkpt lat="38.82611290602841" lon="121.50494660887915">
        <ele>2.833991472609341</ele>
        <time>2024-10-17T04:58:25Z</time>
        <extensions>
          <gpxtpx:TrackPointExtension>
            <gpxtpx:hr>146</gpxtpx:hr>
          </gpxtpx:TrackPointExtension>
        </extensions>
      </trkpt>
      <trkpt lat="38.82604299854185" lon="121.5049411906578">
        <ele>2.3522957898676395</ele>
        <time>2024-10-17T04:58:28Z</time>
        <extensions>
          <gpxtpx:TrackPointExtension>
            <gpxtpx:hr>146</gpxtpx:hr>
          </gpxtpx:TrackPointExtension>
        </extensions>
      </trkpt>
      <trkpt lat="38.82596329473138" lon="121.50493629208664">
        <ele>4.030717937275767</ele>
        <time>2024-10-17T04:58:32Z</time>
        <extensions>
          <gpxtpx:TrackPointExtension>
            <gpxtpx:hr>146</gpxtpx:hr>
          </gpxtpx:TrackPointExtension>
        </extensions>
      </trkpt>
      <trkpt lat="38.82590204949834" lon="121.50494301725416">
        <ele>3.80365660879761</ele>
        <time>2024-10-17T04:58:35Z</time>
        <extensions>
          <gpxtpx:TrackPointExtension>
            <gpxtpx:hr>147</gpxtpx:hr>
          </gpxtpx:TrackPointExtension>
        </extensions>
      </trkpt>
      <trkpt lat="38.82582726594576" lon="121.50496764247094">
        <ele>4.001730584539473</ele>
        <time>2024-10-17T04:58:39Z</time>
        <extensions>
          <gpxtpx:TrackPointExtension>
            <gpxtpx:hr>146</gpxtpx:hr>
          </gpxtpx:TrackPointExtension>
        </extensions>
      </trkpt>
      <trkpt lat="38.82576195072137" lon="121.50502240713207">
        <ele>3.537681824527681</ele>
        <time>2024-10-17T04:58:43Z</time>
        <extensions>
          <gpxtpx:TrackPointExtension>
            <gpxtpx:hr>146</gpxtpx:hr>
          </gpxtpx:TrackPointExtension>
        </extensions>
      </trkpt>
      <trkpt lat="38.825683577408114" lon="121.50503372502033">
        <ele>3.097207775339484</ele>
        <time>2024-10-17T04:58:47Z</time>
        <extensions>
          <gpxtpx:TrackPointExtension>
            <gpxtpx:hr>146</gpxtpx:hr>
          </gpxtpx:TrackPointExtension>
        </extensions>
      </trkpt>
      <trkpt lat="38.82559215038172" lon="121.50505546099397">
        <ele>2.537933027371764</ele>
        <time>2024-10-17T04:58:51Z</time>
        <extensions>
          <gpxtpx:TrackPointExtension>
            <gpxtpx:hr>146</gpxtpx:hr>
          </gpxtpx:TrackPointExtension>
        </extensions>
      </trkpt>
      <trkpt lat="38.82550643298777" lon="121.50504430165417">
        <ele>2.143624817021191</ele>
        <time>2024-10-17T04:58:55Z</time>
        <extensions>
          <gpxtpx:TrackPointExtension>
            <gpxtpx:hr>146</gpxtpx:hr>
          </gpxtpx:TrackPointExtension>
        </extensions>
      </trkpt>
      <trkpt lat="38.825492455908815" lon="121.50492027191888">
        <ele>3.9916401524096727</ele>
        <time>2024-10-17T04:58:59Z</time>
        <extensions>
          <gpxtpx:TrackPointExtension>
            <gpxtpx:hr>146</gpxtpx:hr>
          </gpxtpx:TrackPointExtension>
        </extensions>
      </trkpt>
      <trkpt lat="38.82557681398267" lon="121.50488720067445">
        <ele>3.5400347374379635</ele>
        <time>2024-10-17T04:59:02Z</time>
        <extensions>
          <gpxtpx:TrackPointExtension>
            <gpxtpx:hr>146</gpxtpx:hr>
          </gpxtpx:TrackPointExtension>
        </extensions>
      </trkpt>
      <trkpt lat="38.82566258809612" lon="121.50490230630596">
        <ele>3.623856008052826</ele>
        <time>2024-10-17T04:59:06Z</time>
        <extensions>
          <gpxtpx:TrackPointExtension>
            <gpxtpx:hr>146</gpxtpx:hr>
          </gpxtpx:TrackPointExtension>
        </extensions>
      </trkpt>
      <trkpt lat="38.82572804487152" lon="121.50491373614454">
        <ele>3.540235389955342</ele>
        <time>2024-10-17T04:59:09Z</time>
        <extensions>
          <gpxtpx:TrackPointExtension>
            <gpxtpx:hr>146</gpxtpx:hr>
          </gpxtpx:TrackPointExtension>
        </extensions>
      </trkpt>
      <trkpt lat="38.82579717694936" lon="121.50492714293459">
        <ele>3.387352030724287</ele>
        <time>2024-10-17T04:59:12Z</time>
        <extensions>
          <gpxtpx:TrackPointExtension>
            <gpxtpx:hr>146</gpxtpx:hr>
          </gpxtpx:TrackPointExtension>
        </extensions>
      </trkpt>
      <trkpt lat="38.82586075197802" lon="121.50491787751962">
        <ele>3.8521346328780055</ele>
        <time>2024-10-17T04:59:15Z</time>
        <extensions>
          <gpxtpx:TrackPointExtension>
            <gpxtpx:hr>146</gpxtpx:hr>
          </gpxtpx:TrackPointExtension>
        </extensions>
      </trkpt>
      <trkpt lat="38.82592787522088" lon="121.50491968166773">
        <ele>3.7217426989227533</ele>
        <time>2024-10-17T04:59:18Z</time>
        <extensions>
          <gpxtpx:TrackPointExtension>
            <gpxtpx:hr>148</gpxtpx:hr>
          </gpxtpx:TrackPointExtension>
        </extensions>
      </trkpt>
      <trkpt lat="38.82599317761044" lon="121.50493073184612">
        <ele>3.4783188039436936</ele>
        <time>2024-10-17T04:59:21Z</time>
        <extensions>
          <gpxtpx:TrackPointExtension>
            <gpxtpx:hr>148</gpxtpx:hr>
          </gpxtpx:TrackPointExtension>
        </extensions>
      </trkpt>
      <trkpt lat="38.82605888277985" lon="121.50491519546023">
        <ele>3.2836357364431024</ele>
        <time>2024-10-17T04:59:24Z</time>
        <extensions>
          <gpxtpx:TrackPointExtension>
            <gpxtpx:hr>150</gpxtpx:hr>
          </gpxtpx:TrackPointExtension>
        </extensions>
      </trkpt>
      <trkpt lat="38.82612452411761" lon="121.5049124220812">
        <ele>3.260224526748061</ele>
        <time>2024-10-17T04:59:27Z</time>
        <extensions>
          <gpxtpx:TrackPointExtension>
            <gpxtpx:hr>150</gpxtpx:hr>
          </gpxtpx:TrackPointExtension>
        </extensions>
      </trkpt>
      <trkpt lat="38.82619209606562" lon="121.50490803948246">
        <ele>3.5361018292605877</ele>
        <time>2024-10-17T04:59:30Z</time>
        <extensions>
          <gpxtpx:TrackPointExtension>
            <gpxtpx:hr>150</gpxtpx:hr>
          </gpxtpx:TrackPointExtension>
        </extensions>
      </trkpt>
      <trkpt lat="38.82625841414889" lon="121.50487410477557">
        <ele>3.365422743372619</ele>
        <time>2024-10-17T04:59:33Z</time>
        <extensions>
          <gpxtpx:TrackPointExtension>
            <gpxtpx:hr>147</gpxtpx:hr>
          </gpxtpx:TrackPointExtension>
        </extensions>
      </trkpt>
      <trkpt lat="38.826308146001615" lon="121.5048205360013">
        <ele>3.763604291714728</ele>
        <time>2024-10-17T04:59:36Z</time>
        <extensions>
          <gpxtpx:TrackPointExtension>
            <gpxtpx:hr>147</gpxtpx:hr>
          </gpxtpx:TrackPointExtension>
        </extensions>
      </trkpt>
      <trkpt lat="38.826357207051736" lon="121.50476807029209">
        <ele>3.490310519002378</ele>
        <time>2024-10-17T04:59:39Z</time>
        <extensions>
          <gpxtpx:TrackPointExtension>
            <gpxtpx:hr>147</gpxtpx:hr>
          </gpxtpx:TrackPointExtension>
        </extensions>
      </trkpt>
      <trkpt lat="38.82640495839827" lon="121.50470507923723">
        <ele>3.8921473445370793</ele>
        <time>2024-10-17T04:59:42Z</time>
        <extensions>
          <gpxtpx:TrackPointExtension>
            <gpxtpx:hr>146</gpxtpx:hr>
          </gpxtpx:TrackPointExtension>
        </extensions>
      </trkpt>
      <trkpt lat="38.826435944549026" lon="121.50463879780057">
        <ele>3.912104031071067</ele>
        <time>2024-10-17T04:59:45Z</time>
        <extensions>
          <gpxtpx:TrackPointExtension>
            <gpxtpx:hr>146</gpxtpx:hr>
          </gpxtpx:TrackPointExtension>
        </extensions>
      </trkpt>
      <trkpt lat="38.82646089288685" lon="121.50456827484547">
        <ele>3.862558690831065</ele>
        <time>2024-10-17T04:59:48Z</time>
        <extensions>
          <gpxtpx:TrackPointExtension>
            <gpxtpx:hr>145</gpxtpx:hr>
          </gpxtpx:TrackPointExtension>
        </extensions>
      </trkpt>
      <trkpt lat="38.82648464114639" lon="121.50448717951866">
        <ele>3.642337130382657</ele>
        <time>2024-10-17T04:59:51Z</time>
        <extensions>
          <gpxtpx:TrackPointExtension>
            <gpxtpx:hr>145</gpxtpx:hr>
          </gpxtpx:TrackPointExtension>
        </extensions>
      </trkpt>
      <trkpt lat="38.82651056746644" lon="121.50438790124674">
        <ele>2.7206810917705297</ele>
        <time>2024-10-17T04:59:55Z</time>
        <extensions>
          <gpxtpx:TrackPointExtension>
            <gpxtpx:hr>147</gpxtpx:hr>
          </gpxtpx:TrackPointExtension>
        </extensions>
      </trkpt>
      <trkpt lat="38.82652541908509" lon="121.5043070135513">
        <ele>3.6366989808157086</ele>
        <time>2024-10-17T04:59:58Z</time>
        <extensions>
          <gpxtpx:TrackPointExtension>
            <gpxtpx:hr>146</gpxtpx:hr>
          </gpxtpx:TrackPointExtension>
        </extensions>
      </trkpt>
      <trkpt lat="38.82652622223667" lon="121.50423125126083">
        <ele>3.3485761526972055</ele>
        <time>2024-10-17T05:00:01Z</time>
        <extensions>
          <gpxtpx:TrackPointExtension>
            <gpxtpx:hr>146</gpxtpx:hr>
          </gpxtpx:TrackPointExtension>
        </extensions>
      </trkpt>
      <trkpt lat="38.82652454105094" lon="121.50414771068967">
        <ele>3.1315249213948846</ele>
        <time>2024-10-17T05:00:04Z</time>
        <extensions>
          <gpxtpx:TrackPointExtension>
            <gpxtpx:hr>146</gpxtpx:hr>
          </gpxtpx:TrackPointExtension>
        </extensions>
      </trkpt>
      <trkpt lat="38.8265151267083" lon="121.50406745326637">
        <ele>2.968360266648233</ele>
        <time>2024-10-17T05:00:07Z</time>
        <extensions>
          <gpxtpx:TrackPointExtension>
            <gpxtpx:hr>146</gpxtpx:hr>
          </gpxtpx:TrackPointExtension>
        </extensions>
      </trkpt>
      <trkpt lat="38.82652058430004" lon="121.50398591046134">
        <ele>3.328640004619956</ele>
        <time>2024-10-17T05:00:10Z</time>
        <extensions>
          <gpxtpx:TrackPointExtension>
            <gpxtpx:hr>145</gpxtpx:hr>
          </gpxtpx:TrackPointExtension>
        </extensions>
      </trkpt>
      <trkpt lat="38.82652602345323" lon="121.50390236220915">
        <ele>3.0646210834383965</ele>
        <time>2024-10-17T05:00:13Z</time>
        <extensions>
          <gpxtpx:TrackPointExtension>
            <gpxtpx:hr>145</gpxtpx:hr>
          </gpxtpx:TrackPointExtension>
        </extensions>
      </trkpt>
      <trkpt lat="38.82653768758543" lon="121.50381963332346">
        <ele>3.28667283244431</ele>
        <time>2024-10-17T05:00:16Z</time>
        <extensions>
          <gpxtpx:TrackPointExtension>
            <gpxtpx:hr>145</gpxtpx:hr>
          </gpxtpx:TrackPointExtension>
        </extensions>
      </trkpt>
      <trkpt lat="38.82655460469574" lon="121.50370917989096">
        <ele>3.712709584273398</ele>
        <time>2024-10-17T05:00:20Z</time>
        <extensions>
          <gpxtpx:TrackPointExtension>
            <gpxtpx:hr>145</gpxtpx:hr>
          </gpxtpx:TrackPointExtension>
        </extensions>
      </trkpt>
      <trkpt lat="38.82658930869894" lon="121.50360608005053">
        <ele>3.750568063929677</ele>
        <time>2024-10-17T05:00:24Z</time>
        <extensions>
          <gpxtpx:TrackPointExtension>
            <gpxtpx:hr>146</gpxtpx:hr>
          </gpxtpx:TrackPointExtension>
        </extensions>
      </trkpt>
      <trkpt lat="38.82662961975687" lon="121.50353921721339">
        <ele>4.263050339184701</ele>
        <time>2024-10-17T05:00:27Z</time>
        <extensions>
          <gpxtpx:TrackPointExtension>
            <gpxtpx:hr>146</gpxtpx:hr>
          </gpxtpx:TrackPointExtension>
        </extensions>
      </trkpt>
      <trkpt lat="38.82666469507461" lon="121.50347472771237">
        <ele>3.999165441840887</ele>
        <time>2024-10-17T05:00:30Z</time>
        <extensions>
          <gpxtpx:TrackPointExtension>
            <gpxtpx:hr>147</gpxtpx:hr>
          </gpxtpx:TrackPointExtension>
        </extensions>
      </trkpt>
      <trkpt lat="38.826716824560705" lon="121.50341199209448">
        <ele>3.8246150510385633</ele>
        <time>2024-10-17T05:00:33Z</time>
        <extensions>
          <gpxtpx:TrackPointExtension>
            <gpxtpx:hr>147</gpxtpx:hr>
          </gpxtpx:TrackPointExtension>
        </extensions>
      </trkpt>
      <trkpt lat="38.82677689280106" lon="121.50333026384685">
        <ele>3.8185853455215693</ele>
        <time>2024-10-17T05:00:37Z</time>
        <extensions>
          <gpxtpx:TrackPointExtension>
            <gpxtpx:hr>147</gpxtpx:hr>
          </gpxtpx:TrackPointExtension>
        </extensions>
      </trkpt>
      <trkpt lat="38.826831654632194" lon="121.50325476318363">
        <ele>3.268031654879451</ele>
        <time>2024-10-17T05:00:41Z</time>
        <extensions>
          <gpxtpx:TrackPointExtension>
            <gpxtpx:hr>147</gpxtpx:hr>
          </gpxtpx:TrackPointExtension>
        </extensions>
      </trkpt>
      <trkpt lat="38.826905968543485" lon="121.50318214650294">
        <ele>3.6790259536355734</ele>
        <time>2024-10-17T05:00:45Z</time>
        <extensions>
          <gpxtpx:TrackPointExtension>
            <gpxtpx:hr>147</gpxtpx:hr>
          </gpxtpx:TrackPointExtension>
        </extensions>
      </trkpt>
      <trkpt lat="38.82695343009288" lon="121.50311442870543">
        <ele>4.187319113872945</ele>
        <time>2024-10-17T05:00:48Z</time>
        <extensions>
          <gpxtpx:TrackPointExtension>
            <gpxtpx:hr>148</gpxtpx:hr>
          </gpxtpx:TrackPointExtension>
        </extensions>
      </trkpt>
      <trkpt lat="38.8270186317221" lon="121.50304786377829">
        <ele>4.3342228988185525</ele>
        <time>2024-10-17T05:00:52Z</time>
        <extensions>
          <gpxtpx:TrackPointExtension>
            <gpxtpx:hr>148</gpxtpx:hr>
          </gpxtpx:TrackPointExtension>
        </extensions>
      </trkpt>
      <trkpt lat="38.82707852892945" lon="121.50297451454124">
        <ele>5.024803381413221</ele>
        <time>2024-10-17T05:00:56Z</time>
        <extensions>
          <gpxtpx:TrackPointExtension>
            <gpxtpx:hr>147</gpxtpx:hr>
          </gpxtpx:TrackPointExtension>
        </extensions>
      </trkpt>
      <trkpt lat="38.82714137040347" lon="121.50295657785695">
        <ele>4.995217544957995</ele>
        <time>2024-10-17T05:00:59Z</time>
        <extensions>
          <gpxtpx:TrackPointExtension>
            <gpxtpx:hr>147</gpxtpx:hr>
          </gpxtpx:TrackPointExtension>
        </extensions>
      </trkpt>
      <trkpt lat="38.82722328889023" lon="121.50292047300266">
        <ele>5.242219550535083</ele>
        <time>2024-10-17T05:01:03Z</time>
        <extensions>
          <gpxtpx:TrackPointExtension>
            <gpxtpx:hr>147</gpxtpx:hr>
          </gpxtpx:TrackPointExtension>
        </extensions>
      </trkpt>
      <trkpt lat="38.827289042354714" lon="121.50291150752034">
        <ele>5.38730429019779</ele>
        <time>2024-10-17T05:01:06Z</time>
        <extensions>
          <gpxtpx:TrackPointExtension>
            <gpxtpx:hr>147</gpxtpx:hr>
          </gpxtpx:TrackPointExtension>
        </extensions>
      </trkpt>
      <trkpt lat="38.82738447808429" lon="121.50293051282401">
        <ele>5.17395053897053</ele>
        <time>2024-10-17T05:01:10Z</time>
        <extensions>
          <gpxtpx:TrackPointExtension>
            <gpxtpx:hr>146</gpxtpx:hr>
          </gpxtpx:TrackPointExtension>
        </extensions>
      </trkpt>
      <trkpt lat="38.827472837197696" lon="121.50295495702595">
        <ele>4.774437287822366</ele>
        <time>2024-10-17T05:01:14Z</time>
        <extensions>
          <gpxtpx:TrackPointExtension>
            <gpxtpx:hr>146</gpxtpx:hr>
          </gpxtpx:TrackPointExtension>
        </extensions>
      </trkpt>
      <trkpt lat="38.82755094174616" lon="121.50298892310475">
        <ele>4.510552931576967</ele>
        <time>2024-10-17T05:01:18Z</time>
        <extensions>
          <gpxtpx:TrackPointExtension>
            <gpxtpx:hr>147</gpxtpx:hr>
          </gpxtpx:TrackPointExtension>
        </extensions>
      </trkpt>
      <trkpt lat="38.827616688470656" lon="121.50303580580133">
        <ele>4.348613022826612</ele>
        <time>2024-10-17T05:01:21Z</time>
        <extensions>
          <gpxtpx:TrackPointExtension>
            <gpxtpx:hr>147</gpxtpx:hr>
          </gpxtpx:TrackPointExtension>
        </extensions>
      </trkpt>
      <trkpt lat="38.82767721642962" lon="121.50307124769127">
        <ele>4.115911599248648</ele>
        <time>2024-10-17T05:01:24Z</time>
        <extensions>
          <gpxtpx:TrackPointExtension>
            <gpxtpx:hr>148</gpxtpx:hr>
          </gpxtpx:TrackPointExtension>
        </extensions>
      </trkpt>
      <trkpt lat="38.82772609060255" lon="121.50311522538429">
        <ele>3.7792930556461215</ele>
        <time>2024-10-17T05:01:27Z</time>
        <extensions>
          <gpxtpx:TrackPointExtension>
            <gpxtpx:hr>148</gpxtpx:hr>
          </gpxtpx:TrackPointExtension>
        </extensions>
      </trkpt>
      <trkpt lat="38.827766349492904" lon="121.50317210385685">
        <ele>3.088572047650814</ele>
        <time>2024-10-17T05:01:30Z</time>
        <extensions>
          <gpxtpx:TrackPointExtension>
            <gpxtpx:hr>149</gpxtpx:hr>
          </gpxtpx:TrackPointExtension>
        </extensions>
      </trkpt>
      <trkpt lat="38.82780454201644" lon="121.50324202826765">
        <ele>3.5079231299459934</ele>
        <time>2024-10-17T05:01:33Z</time>
        <extensions>
          <gpxtpx:TrackPointExtension>
            <gpxtpx:hr>149</gpxtpx:hr>
          </gpxtpx:TrackPointExtension>
        </extensions>
      </trkpt>
      <trkpt lat="38.82785263964666" lon="121.50331998992569">
        <ele>3.184853927232325</ele>
        <time>2024-10-17T05:01:36Z</time>
        <extensions>
          <gpxtpx:TrackPointExtension>
            <gpxtpx:hr>149</gpxtpx:hr>
          </gpxtpx:TrackPointExtension>
        </extensions>
      </trkpt>
      <trkpt lat="38.827916842090694" lon="121.50341590526757">
        <ele>3.3668414121493697</ele>
        <time>2024-10-17T05:01:40Z</time>
        <extensions>
          <gpxtpx:TrackPointExtension>
            <gpxtpx:hr>150</gpxtpx:hr>
          </gpxtpx:TrackPointExtension>
        </extensions>
      </trkpt>
      <trkpt lat="38.82793620912344" lon="121.50350227692931">
        <ele>4.417238817550242</ele>
        <time>2024-10-17T05:01:43Z</time>
        <extensions>
          <gpxtpx:TrackPointExtension>
            <gpxtpx:hr>150</gpxtpx:hr>
          </gpxtpx:TrackPointExtension>
        </extensions>
      </trkpt>
      <trkpt lat="38.82796145081775" lon="121.50358382012536">
        <ele>4.214191052131355</ele>
        <time>2024-10-17T05:01:46Z</time>
        <extensions>
          <gpxtpx:TrackPointExtension>
            <gpxtpx:hr>150</gpxtpx:hr>
          </gpxtpx:TrackPointExtension>
        </extensions>
      </trkpt>
      <trkpt lat="38.82799990098709" lon="121.50368367684794">
        <ele>3.5321591570973396</ele>
        <time>2024-10-17T05:01:50Z</time>
        <extensions>
          <gpxtpx:TrackPointExtension>
            <gpxtpx:hr>151</gpxtpx:hr>
          </gpxtpx:TrackPointExtension>
        </extensions>
      </trkpt>
      <trkpt lat="38.82803827304805" lon="121.50375490702973">
        <ele>3.5660912450402975</ele>
        <time>2024-10-17T05:01:53Z</time>
        <extensions>
          <gpxtpx:TrackPointExtension>
            <gpxtpx:hr>151</gpxtpx:hr>
          </gpxtpx:TrackPointExtension>
        </extensions>
      </trkpt>
      <trkpt lat="38.82806472851251" lon="121.50381563392683">
        <ele>3.5739008942618966</ele>
        <time>2024-10-17T05:01:56Z</time>
        <extensions>
          <gpxtpx:TrackPointExtension>
            <gpxtpx:hr>151</gpxtpx:hr>
          </gpxtpx:TrackPointExtension>
        </extensions>
      </trkpt>
      <trkpt lat="38.82813681148763" lon="121.50389621220549">
        <ele>3.7435661675408483</ele>
        <time>2024-10-17T05:02:00Z</time>
        <extensions>
          <gpxtpx:TrackPointExtension>
            <gpxtpx:hr>151</gpxtpx:hr>
          </gpxtpx:TrackPointExtension>
        </extensions>
      </trkpt>
      <trkpt lat="38.82819038549463" lon="121.50393496607616">
        <ele>4.2086633536964655</ele>
        <time>2024-10-17T05:02:03Z</time>
        <extensions>
          <gpxtpx:TrackPointExtension>
            <gpxtpx:hr>151</gpxtpx:hr>
          </gpxtpx:TrackPointExtension>
        </extensions>
      </trkpt>
      <trkpt lat="38.82824524719182" lon="121.50396953606001">
        <ele>4.109580961987376</ele>
        <time>2024-10-17T05:02:06Z</time>
        <extensions>
          <gpxtpx:TrackPointExtension>
            <gpxtpx:hr>151</gpxtpx:hr>
          </gpxtpx:TrackPointExtension>
        </extensions>
      </trkpt>
      <trkpt lat="38.828318781999634" lon="121.50399682417329">
        <ele>3.7204074943438172</ele>
        <time>2024-10-17T05:02:09Z</time>
        <extensions>
          <gpxtpx:TrackPointExtension>
            <gpxtpx:hr>151</gpxtpx:hr>
          </gpxtpx:TrackPointExtension>
        </extensions>
      </trkpt>
      <trkpt lat="38.82837905963722" lon="121.50402930273204">
        <ele>3.949417743831873</ele>
        <time>2024-10-17T05:02:12Z</time>
        <extensions>
          <gpxtpx:TrackPointExtension>
            <gpxtpx:hr>151</gpxtpx:hr>
          </gpxtpx:TrackPointExtension>
        </extensions>
      </trkpt>
      <trkpt lat="38.828464114199036" lon="121.50404446559492">
        <ele>3.547570990398526</ele>
        <time>2024-10-17T05:02:16Z</time>
        <extensions>
          <gpxtpx:TrackPointExtension>
            <gpxtpx:hr>150</gpxtpx:hr>
          </gpxtpx:TrackPointExtension>
        </extensions>
      </trkpt>
      <trkpt lat="38.828530985217014" lon="121.50404530787988">
        <ele>3.9103269716724753</ele>
        <time>2024-10-17T05:02:19Z</time>
        <extensions>
          <gpxtpx:TrackPointExtension>
            <gpxtpx:hr>150</gpxtpx:hr>
          </gpxtpx:TrackPointExtension>
        </extensions>
      </trkpt>
      <trkpt lat="38.82859957116373" lon="121.50402622026674">
        <ele>5.1143828155472875</ele>
        <time>2024-10-17T05:02:22Z</time>
        <extensions>
          <gpxtpx:TrackPointExtension>
            <gpxtpx:hr>150</gpxtpx:hr>
          </gpxtpx:TrackPointExtension>
        </extensions>
      </trkpt>
      <trkpt lat="38.82865796827989" lon="121.50398552585006">
        <ele>5.285128068178892</ele>
        <time>2024-10-17T05:02:25Z</time>
        <extensions>
          <gpxtpx:TrackPointExtension>
            <gpxtpx:hr>150</gpxtpx:hr>
          </gpxtpx:TrackPointExtension>
        </extensions>
      </trkpt>
      <trkpt lat="38.82874266635713" lon="121.50396718594983">
        <ele>4.092534159310162</ele>
        <time>2024-10-17T05:02:29Z</time>
        <extensions>
          <gpxtpx:TrackPointExtension>
            <gpxtpx:hr>150</gpxtpx:hr>
          </gpxtpx:TrackPointExtension>
        </extensions>
      </trkpt>
      <trkpt lat="38.82883529551385" lon="121.50395687576341">
        <ele>4.553391510620713</ele>
        <time>2024-10-17T05:02:33Z</time>
        <extensions>
          <gpxtpx:TrackPointExtension>
            <gpxtpx:hr>151</gpxtpx:hr>
          </gpxtpx:TrackPointExtension>
        </extensions>
      </trkpt>
      <trkpt lat="38.8288996943346" lon="121.50396166347129">
        <ele>3.9199414337053895</ele>
        <time>2024-10-17T05:02:36Z</time>
        <extensions>
          <gpxtpx:TrackPointExtension>
            <gpxtpx:hr>151</gpxtpx:hr>
          </gpxtpx:TrackPointExtension>
        </extensions>
      </trkpt>
      <trkpt lat="38.828969237007406" lon="121.50396267248783">
        <ele>4.014720884151757</ele>
        <time>2024-10-17T05:02:39Z</time>
        <extensions>
          <gpxtpx:TrackPointExtension>
            <gpxtpx:hr>151</gpxtpx:hr>
          </gpxtpx:TrackPointExtension>
        </extensions>
      </trkpt>
      <trkpt lat="38.82903297223915" lon="121.50396801536924">
        <ele>3.9990881700068712</ele>
        <time>2024-10-17T05:02:42Z</time>
        <extensions>
          <gpxtpx:TrackPointExtension>
            <gpxtpx:hr>151</gpxtpx:hr>
          </gpxtpx:TrackPointExtension>
        </extensions>
      </trkpt>
      <trkpt lat="38.82909783164441" lon="121.5039709138813">
        <ele>4.513768943026662</ele>
        <time>2024-10-17T05:02:45Z</time>
        <extensions>
          <gpxtpx:TrackPointExtension>
            <gpxtpx:hr>152</gpxtpx:hr>
          </gpxtpx:TrackPointExtension>
        </extensions>
      </trkpt>
      <trkpt lat="38.829160589945474" lon="121.50398435673301">
        <ele>4.9064538748934865</ele>
        <time>2024-10-17T05:02:48Z</time>
        <extensions>
          <gpxtpx:TrackPointExtension>
            <gpxtpx:hr>151</gpxtpx:hr>
          </gpxtpx:TrackPointExtension>
        </extensions>
      </trkpt>
      <trkpt lat="38.82925346554977" lon="121.50401339503398">
        <ele>4.400741943158209</ele>
        <time>2024-10-17T05:02:52Z</time>
        <extensions>
          <gpxtpx:TrackPointExtension>
            <gpxtpx:hr>151</gpxtpx:hr>
          </gpxtpx:TrackPointExtension>
        </extensions>
      </trkpt>
      <trkpt lat="38.82933225629622" lon="121.50405402759418">
        <ele>5.378788525238633</ele>
        <time>2024-10-17T05:02:56Z</time>
        <extensions>
          <gpxtpx:TrackPointExtension>
            <gpxtpx:hr>151</gpxtpx:hr>
          </gpxtpx:TrackPointExtension>
        </extensions>
      </trkpt>
      <trkpt lat="38.829396203268615" lon="121.50407363631514">
        <ele>4.992726820521057</ele>
        <time>2024-10-17T05:02:59Z</time>
        <extensions>
          <gpxtpx:TrackPointExtension>
            <gpxtpx:hr>151</gpxtpx:hr>
          </gpxtpx:TrackPointExtension>
        </extensions>
      </trkpt>
      <trkpt lat="38.82946800673013" lon="121.50409308873512">
        <ele>4.7363623501732945</ele>
        <time>2024-10-17T05:03:02Z</time>
        <extensions>
          <gpxtpx:TrackPointExtension>
            <gpxtpx:hr>151</gpxtpx:hr>
          </gpxtpx:TrackPointExtension>
        </extensions>
      </trkpt>
      <trkpt lat="38.82952990284435" lon="121.50412526628845">
        <ele>4.807168264873326</ele>
        <time>2024-10-17T05:03:05Z</time>
        <extensions>
          <gpxtpx:TrackPointExtension>
            <gpxtpx:hr>152</gpxtpx:hr>
          </gpxtpx:TrackPointExtension>
        </extensions>
      </trkpt>
      <trkpt lat="38.82958841968654" lon="121.5041577223848">
        <ele>4.805686278268695</ele>
        <time>2024-10-17T05:03:08Z</time>
        <extensions>
          <gpxtpx:TrackPointExtension>
            <gpxtpx:hr>152</gpxtpx:hr>
          </gpxtpx:TrackPointExtension>
        </extensions>
      </trkpt>
      <trkpt lat="38.82965405626521" lon="121.5042231728023">
        <ele>4.837299450300634</ele>
        <time>2024-10-17T05:03:12Z</time>
        <extensions>
          <gpxtpx:TrackPointExtension>
            <gpxtpx:hr>152</gpxtpx:hr>
          </gpxtpx:TrackPointExtension>
        </extensions>
      </trkpt>
      <trkpt lat="38.82973120795239" lon="121.50428536062863">
        <ele>4.7054626336321235</ele>
        <time>2024-10-17T05:03:16Z</time>
        <extensions>
          <gpxtpx:TrackPointExtension>
            <gpxtpx:hr>151</gpxtpx:hr>
          </gpxtpx:TrackPointExtension>
        </extensions>
      </trkpt>
      <trkpt lat="38.829791144550086" lon="121.50436727689741">
        <ele>4.25623245537281</ele>
        <time>2024-10-17T05:03:20Z</time>
        <extensions>
          <gpxtpx:TrackPointExtension>
            <gpxtpx:hr>151</gpxtpx:hr>
          </gpxtpx:TrackPointExtension>
        </extensions>
      </trkpt>
      <trkpt lat="38.82984214131392" lon="121.50442573778699">
        <ele>3.950466087087989</ele>
        <time>2024-10-17T05:03:23Z</time>
        <extensions>
          <gpxtpx:TrackPointExtension>
            <gpxtpx:hr>151</gpxtpx:hr>
          </gpxtpx:TrackPointExtension>
        </extensions>
      </trkpt>
      <trkpt lat="38.829896709495536" lon="121.50450992873692">
        <ele>3.92715532053262</ele>
        <time>2024-10-17T05:03:27Z</time>
        <extensions>
          <gpxtpx:TrackPointExtension>
            <gpxtpx:hr>151</gpxtpx:hr>
          </gpxtpx:TrackPointExtension>
        </extensions>
      </trkpt>
      <trkpt lat="38.82996116335637" lon="121.50459383366682">
        <ele>3.5919436709955335</ele>
        <time>2024-10-17T05:03:31Z</time>
        <extensions>
          <gpxtpx:TrackPointExtension>
            <gpxtpx:hr>154</gpxtpx:hr>
          </gpxtpx:TrackPointExtension>
        </extensions>
      </trkpt>
      <trkpt lat="38.830030883974366" lon="121.50466792389967">
        <ele>3.55448517203331</ele>
        <time>2024-10-17T05:03:35Z</time>
        <extensions>
          <gpxtpx:TrackPointExtension>
            <gpxtpx:hr>154</gpxtpx:hr>
          </gpxtpx:TrackPointExtension>
        </extensions>
      </trkpt>
      <trkpt lat="38.830104960601965" lon="121.50472127509313">
        <ele>3.9902589386329055</ele>
        <time>2024-10-17T05:03:39Z</time>
        <extensions>
          <gpxtpx:TrackPointExtension>
            <gpxtpx:hr>154</gpxtpx:hr>
          </gpxtpx:TrackPointExtension>
        </extensions>
      </trkpt>
      <trkpt lat="38.83018961394194" lon="121.50477012672846">
        <ele>3.9030286762863398</ele>
        <time>2024-10-17T05:03:43Z</time>
        <extensions>
          <gpxtpx:TrackPointExtension>
            <gpxtpx:hr>147</gpxtpx:hr>
          </gpxtpx:TrackPointExtension>
        </extensions>
      </trkpt>
      <trkpt lat="38.830270849026014" lon="121.50481581798182">
        <ele>3.9925049655139446</ele>
        <time>2024-10-17T05:03:47Z</time>
        <extensions>
          <gpxtpx:TrackPointExtension>
            <gpxtpx:hr>147</gpxtpx:hr>
          </gpxtpx:TrackPointExtension>
        </extensions>
      </trkpt>
      <trkpt lat="38.83034287066228" lon="121.50485750133043">
        <ele>3.9896297585219145</ele>
        <time>2024-10-17T05:03:51Z</time>
        <extensions>
          <gpxtpx:TrackPointExtension>
            <gpxtpx:hr>146</gpxtpx:hr>
          </gpxtpx:TrackPointExtension>
        </extensions>
      </trkpt>
      <trkpt lat="38.83041709454416" lon="121.50489777768504">
        <ele>3.528165544383228</ele>
        <time>2024-10-17T05:03:55Z</time>
        <extensions>
          <gpxtpx:TrackPointExtension>
            <gpxtpx:hr>149</gpxtpx:hr>
          </gpxtpx:TrackPointExtension>
        </extensions>
      </trkpt>
      <trkpt lat="38.83049237408617" lon="121.50493851104045">
        <ele>4.2851650742813945</ele>
        <time>2024-10-17T05:03:59Z</time>
        <extensions>
          <gpxtpx:TrackPointExtension>
            <gpxtpx:hr>150</gpxtpx:hr>
          </gpxtpx:TrackPointExtension>
        </extensions>
      </trkpt>
      <trkpt lat="38.83057848792809" lon="121.50497457794204">
        <ele>5.184544133022428</ele>
        <time>2024-10-17T05:04:03Z</time>
        <extensions>
          <gpxtpx:TrackPointExtension>
            <gpxtpx:hr>151</gpxtpx:hr>
          </gpxtpx:TrackPointExtension>
        </extensions>
      </trkpt>
      <trkpt lat="38.83064248885383" lon="121.50503444555218">
        <ele>5.449993844144046</ele>
        <time>2024-10-17T05:04:07Z</time>
        <extensions>
          <gpxtpx:TrackPointExtension>
            <gpxtpx:hr>151</gpxtpx:hr>
          </gpxtpx:TrackPointExtension>
        </extensions>
      </trkpt>
      <trkpt lat="38.83069995968181" lon="121.50508501202837">
        <ele>5.286466966383159</ele>
        <time>2024-10-17T05:04:10Z</time>
        <extensions>
          <gpxtpx:TrackPointExtension>
            <gpxtpx:hr>152</gpxtpx:hr>
          </gpxtpx:TrackPointExtension>
        </extensions>
      </trkpt>
      <trkpt lat="38.83077321075962" lon="121.50513833001779">
        <ele>4.9303442649543285</ele>
        <time>2024-10-17T05:04:14Z</time>
        <extensions>
          <gpxtpx:TrackPointExtension>
            <gpxtpx:hr>152</gpxtpx:hr>
          </gpxtpx:TrackPointExtension>
        </extensions>
      </trkpt>
      <trkpt lat="38.83083413530554" lon="121.50518294998291">
        <ele>5.244062423706055</ele>
        <time>2024-10-17T05:04:17Z</time>
        <extensions>
          <gpxtpx:TrackPointExtension>
            <gpxtpx:hr>152</gpxtpx:hr>
          </gpxtpx:TrackPointExtension>
        </extensions>
      </trkpt>
      <trkpt lat="38.83088020881113" lon="121.50523981868533">
        <ele>4.482825392857194</ele>
        <time>2024-10-17T05:04:20Z</time>
        <extensions>
          <gpxtpx:TrackPointExtension>
            <gpxtpx:hr>151</gpxtpx:hr>
          </gpxtpx:TrackPointExtension>
        </extensions>
      </trkpt>
      <trkpt lat="38.830947891090574" lon="121.5051803700053">
        <ele>4.810038465075195</ele>
        <time>2024-10-17T05:04:23Z</time>
        <extensions>
          <gpxtpx:TrackPointExtension>
            <gpxtpx:hr>151</gpxtpx:hr>
          </gpxtpx:TrackPointExtension>
        </extensions>
      </trkpt>
      <trkpt lat="38.831011216244924" lon="121.50516455768404">
        <ele>5.171672440133989</ele>
        <time>2024-10-17T05:04:26Z</time>
        <extensions>
          <gpxtpx:TrackPointExtension>
            <gpxtpx:hr>151</gpxtpx:hr>
          </gpxtpx:TrackPointExtension>
        </extensions>
      </trkpt>
      <trkpt lat="38.83109099637148" lon="121.50517666075275">
        <ele>5.443987362086773</ele>
        <time>2024-10-17T05:04:30Z</time>
        <extensions>
          <gpxtpx:TrackPointExtension>
            <gpxtpx:hr>149</gpxtpx:hr>
          </gpxtpx:TrackPointExtension>
        </extensions>
      </trkpt>
      <trkpt lat="38.83115443485027" lon="121.50518195999736">
        <ele>5.565764888189733</ele>
        <time>2024-10-17T05:04:33Z</time>
        <extensions>
          <gpxtpx:TrackPointExtension>
            <gpxtpx:hr>150</gpxtpx:hr>
          </gpxtpx:TrackPointExtension>
        </extensions>
      </trkpt>
      <trkpt lat="38.831242043934644" lon="121.50517505564122">
        <ele>5.9281301675364375</ele>
        <time>2024-10-17T05:04:37Z</time>
        <extensions>
          <gpxtpx:TrackPointExtension>
            <gpxtpx:hr>150</gpxtpx:hr>
          </gpxtpx:TrackPointExtension>
        </extensions>
      </trkpt>
      <trkpt lat="38.831306798983384" lon="121.50517236504608">
        <ele>5.873474856838584</ele>
        <time>2024-10-17T05:04:40Z</time>
        <extensions>
          <gpxtpx:TrackPointExtension>
            <gpxtpx:hr>151</gpxtpx:hr>
          </gpxtpx:TrackPointExtension>
        </extensions>
      </trkpt>
      <trkpt lat="38.831369693912215" lon="121.50517126269553">
        <ele>5.436151000671089</ele>
        <time>2024-10-17T05:04:43Z</time>
        <extensions>
          <gpxtpx:TrackPointExtension>
            <gpxtpx:hr>151</gpxtpx:hr>
          </gpxtpx:TrackPointExtension>
        </extensions>
      </trkpt>
      <trkpt lat="38.831436843019766" lon="121.50519237278247">
        <ele>5.113766021095216</ele>
        <time>2024-10-17T05:04:46Z</time>
        <extensions>
          <gpxtpx:TrackPointExtension>
            <gpxtpx:hr>151</gpxtpx:hr>
          </gpxtpx:TrackPointExtension>
        </extensions>
      </trkpt>
      <trkpt lat="38.831501041852576" lon="121.50521722336619">
        <ele>4.7247473327443</ele>
        <time>2024-10-17T05:04:49Z</time>
        <extensions>
          <gpxtpx:TrackPointExtension>
            <gpxtpx:hr>151</gpxtpx:hr>
          </gpxtpx:TrackPointExtension>
        </extensions>
      </trkpt>
      <trkpt lat="38.831558181136586" lon="121.50524235885212">
        <ele>5.010304793715477</ele>
        <time>2024-10-17T05:04:52Z</time>
        <extensions>
          <gpxtpx:TrackPointExtension>
            <gpxtpx:hr>151</gpxtpx:hr>
          </gpxtpx:TrackPointExtension>
        </extensions>
      </trkpt>
      <trkpt lat="38.83161894120551" lon="121.50526815381967">
        <ele>5.023237301968038</ele>
        <time>2024-10-17T05:04:55Z</time>
        <extensions>
          <gpxtpx:TrackPointExtension>
            <gpxtpx:hr>151</gpxtpx:hr>
          </gpxtpx:TrackPointExtension>
        </extensions>
      </trkpt>
      <trkpt lat="38.83170469856817" lon="121.50527498145877">
        <ele>5.23273403570056</ele>
        <time>2024-10-17T05:04:59Z</time>
        <extensions>
          <gpxtpx:TrackPointExtension>
            <gpxtpx:hr>151</gpxtpx:hr>
          </gpxtpx:TrackPointExtension>
        </extensions>
      </trkpt>
      <trkpt lat="38.8317414507405" lon="121.50519989632055">
        <ele>6.400377902202308</ele>
        <time>2024-10-17T05:05:02Z</time>
        <extensions>
          <gpxtpx:TrackPointExtension>
            <gpxtpx:hr>151</gpxtpx:hr>
          </gpxtpx:TrackPointExtension>
        </extensions>
      </trkpt>
      <trkpt lat="38.83177600208405" lon="121.50511822672358">
        <ele>7.398853613063693</ele>
        <time>2024-10-17T05:05:06Z</time>
        <extensions>
          <gpxtpx:TrackPointExtension>
            <gpxtpx:hr>152</gpxtpx:hr>
          </gpxtpx:TrackPointExtension>
        </extensions>
      </trkpt>
      <trkpt lat="38.8317976604265" lon="121.5050515295133">
        <ele>7.093888175673783</ele>
        <time>2024-10-17T05:05:09Z</time>
        <extensions>
          <gpxtpx:TrackPointExtension>
            <gpxtpx:hr>151</gpxtpx:hr>
          </gpxtpx:TrackPointExtension>
        </extensions>
      </trkpt>
      <trkpt lat="38.831820384847205" lon="121.50498191650497">
        <ele>7.542159320786595</ele>
        <time>2024-10-17T05:05:12Z</time>
        <extensions>
          <gpxtpx:TrackPointExtension>
            <gpxtpx:hr>151</gpxtpx:hr>
          </gpxtpx:TrackPointExtension>
        </extensions>
      </trkpt>
      <trkpt lat="38.83186518988236" lon="121.50488658198056">
        <ele>7.528601300902665</ele>
        <time>2024-10-17T05:05:16Z</time>
        <extensions>
          <gpxtpx:TrackPointExtension>
            <gpxtpx:hr>152</gpxtpx:hr>
          </gpxtpx:TrackPointExtension>
        </extensions>
      </trkpt>
      <trkpt lat="38.83189270249503" lon="121.5048164345183">
        <ele>7.842692092061043</ele>
        <time>2024-10-17T05:05:19Z</time>
        <extensions>
          <gpxtpx:TrackPointExtension>
            <gpxtpx:hr>154</gpxtpx:hr>
          </gpxtpx:TrackPointExtension>
        </extensions>
      </trkpt>
      <trkpt lat="38.831924835468" lon="121.50474589867787">
        <ele>7.705179274082184</ele>
        <time>2024-10-17T05:05:22Z</time>
        <extensions>
          <gpxtpx:TrackPointExtension>
            <gpxtpx:hr>154</gpxtpx:hr>
          </gpxtpx:TrackPointExtension>
        </extensions>
      </trkpt>
      <trkpt lat="38.83196970232" lon="121.50466149716439">
        <ele>8.300458239391446</ele>
        <time>2024-10-17T05:05:26Z</time>
        <extensions>
          <gpxtpx:TrackPointExtension>
            <gpxtpx:hr>154</gpxtpx:hr>
          </gpxtpx:TrackPointExtension>
        </extensions>
      </trkpt>
      <trkpt lat="38.83200964685751" lon="121.50458822262122">
        <ele>8.529159842990339</ele>
        <time>2024-10-17T05:05:29Z</time>
        <extensions>
          <gpxtpx:TrackPointExtension>
            <gpxtpx:hr>154</gpxtpx:hr>
          </gpxtpx:TrackPointExtension>
        </extensions>
      </trkpt>
      <trkpt lat="38.832102490247486" lon="121.50454325133866">
        <ele>9.533206028863788</ele>
        <time>2024-10-17T05:05:33Z</time>
        <extensions>
          <gpxtpx:TrackPointExtension>
            <gpxtpx:hr>155</gpxtpx:hr>
          </gpxtpx:TrackPointExtension>
        </extensions>
      </trkpt>
      <trkpt lat="38.832188947598944" lon="121.50452960414269">
        <ele>10.04034508112818</ele>
        <time>2024-10-17T05:05:37Z</time>
        <extensions>
          <gpxtpx:TrackPointExtension>
            <gpxtpx:hr>154</gpxtpx:hr>
          </gpxtpx:TrackPointExtension>
        </extensions>
      </trkpt>
      <trkpt lat="38.832261482627665" lon="121.50452708589563">
        <ele>9.945956938900054</ele>
        <time>2024-10-17T05:05:41Z</time>
        <extensions>
          <gpxtpx:TrackPointExtension>
            <gpxtpx:hr>154</gpxtpx:hr>
          </gpxtpx:TrackPointExtension>
        </extensions>
      </trkpt>
      <trkpt lat="38.83234127653385" lon="121.50454943258471">
        <ele>9.215506559237838</ele>
        <time>2024-10-17T05:05:45Z</time>
        <extensions>
          <gpxtpx:TrackPointExtension>
            <gpxtpx:hr>154</gpxtpx:hr>
          </gpxtpx:TrackPointExtension>
        </extensions>
      </trkpt>
      <trkpt lat="38.832424369336046" lon="121.5045684043246">
        <ele>9.057535850442946</ele>
        <time>2024-10-17T05:05:49Z</time>
        <extensions>
          <gpxtpx:TrackPointExtension>
            <gpxtpx:hr>154</gpxtpx:hr>
          </gpxtpx:TrackPointExtension>
        </extensions>
      </trkpt>
      <trkpt lat="38.83251150223512" lon="121.50460308910168">
        <ele>8.525321601890028</ele>
        <time>2024-10-17T05:05:53Z</time>
        <extensions>
          <gpxtpx:TrackPointExtension>
            <gpxtpx:hr>154</gpxtpx:hr>
          </gpxtpx:TrackPointExtension>
        </extensions>
      </trkpt>
      <trkpt lat="38.8325724515008" lon="121.50461451500516">
        <ele>8.177586892619729</ele>
        <time>2024-10-17T05:05:56Z</time>
        <extensions>
          <gpxtpx:TrackPointExtension>
            <gpxtpx:hr>154</gpxtpx:hr>
          </gpxtpx:TrackPointExtension>
        </extensions>
      </trkpt>
      <trkpt lat="38.832651161470054" lon="121.50465699917126">
        <ele>7.365883014164865</ele>
        <time>2024-10-17T05:06:00Z</time>
        <extensions>
          <gpxtpx:TrackPointExtension>
            <gpxtpx:hr>155</gpxtpx:hr>
          </gpxtpx:TrackPointExtension>
        </extensions>
      </trkpt>
      <trkpt lat="38.832720043033184" lon="121.50469729597908">
        <ele>7.1328791081905365</ele>
        <time>2024-10-17T05:06:04Z</time>
        <extensions>
          <gpxtpx:TrackPointExtension>
            <gpxtpx:hr>155</gpxtpx:hr>
          </gpxtpx:TrackPointExtension>
        </extensions>
      </trkpt>
      <trkpt lat="38.83277433746786" lon="121.50473756883294">
        <ele>7.504928068257868</ele>
        <time>2024-10-17T05:06:07Z</time>
        <extensions>
          <gpxtpx:TrackPointExtension>
            <gpxtpx:hr>155</gpxtpx:hr>
          </gpxtpx:TrackPointExtension>
        </extensions>
      </trkpt>
      <trkpt lat="38.83284623057012" lon="121.50475015894679">
        <ele>8.60783937573433</ele>
        <time>2024-10-17T05:06:11Z</time>
        <extensions>
          <gpxtpx:TrackPointExtension>
            <gpxtpx:hr>155</gpxtpx:hr>
          </gpxtpx:TrackPointExtension>
        </extensions>
      </trkpt>
      <trkpt lat="38.83290590105891" lon="121.50477416433502">
        <ele>8.168033433146775</ele>
        <time>2024-10-17T05:06:14Z</time>
        <extensions>
          <gpxtpx:TrackPointExtension>
            <gpxtpx:hr>155</gpxtpx:hr>
          </gpxtpx:TrackPointExtension>
        </extensions>
      </trkpt>
      <trkpt lat="38.83298625139408" lon="121.50478441646534">
        <ele>8.408823633566499</ele>
        <time>2024-10-17T05:06:18Z</time>
        <extensions>
          <gpxtpx:TrackPointExtension>
            <gpxtpx:hr>155</gpxtpx:hr>
          </gpxtpx:TrackPointExtension>
        </extensions>
      </trkpt>
      <trkpt lat="38.83306362800329" lon="121.50479534890773">
        <ele>9.198591220192611</ele>
        <time>2024-10-17T05:06:22Z</time>
        <extensions>
          <gpxtpx:TrackPointExtension>
            <gpxtpx:hr>155</gpxtpx:hr>
          </gpxtpx:TrackPointExtension>
        </extensions>
      </trkpt>
      <trkpt lat="38.8331547508724" lon="121.50484025265823">
        <ele>8.183677331544459</ele>
        <time>2024-10-17T05:06:26Z</time>
        <extensions>
          <gpxtpx:TrackPointExtension>
            <gpxtpx:hr>154</gpxtpx:hr>
          </gpxtpx:TrackPointExtension>
        </extensions>
      </trkpt>
      <trkpt lat="38.83322688763206" lon="121.50486603730732">
        <ele>8.591200033202767</ele>
        <time>2024-10-17T05:06:29Z</time>
        <extensions>
          <gpxtpx:TrackPointExtension>
            <gpxtpx:hr>153</gpxtpx:hr>
          </gpxtpx:TrackPointExtension>
        </extensions>
      </trkpt>
      <trkpt lat="38.833316692499864" lon="121.50489977586724">
        <ele>9.006140299141407</ele>
        <time>2024-10-17T05:06:33Z</time>
        <extensions>
          <gpxtpx:TrackPointExtension>
            <gpxtpx:hr>153</gpxtpx:hr>
          </gpxtpx:TrackPointExtension>
        </extensions>
      </trkpt>
      <trkpt lat="38.833399053023854" lon="121.50493372983381">
        <ele>9.54084332101047</ele>
        <time>2024-10-17T05:06:37Z</time>
        <extensions>
          <gpxtpx:TrackPointExtension>
            <gpxtpx:hr>153</gpxtpx:hr>
          </gpxtpx:TrackPointExtension>
        </extensions>
      </trkpt>
      <trkpt lat="38.83345731635459" lon="121.50498354930912">
        <ele>8.817680326290429</ele>
        <time>2024-10-17T05:06:40Z</time>
        <extensions>
          <gpxtpx:TrackPointExtension>
            <gpxtpx:hr>154</gpxtpx:hr>
          </gpxtpx:TrackPointExtension>
        </extensions>
      </trkpt>
      <trkpt lat="38.833548236735" lon="121.50501137160403">
        <ele>8.993318993598223</ele>
        <time>2024-10-17T05:06:44Z</time>
        <extensions>
          <gpxtpx:TrackPointExtension>
            <gpxtpx:hr>154</gpxtpx:hr>
          </gpxtpx:TrackPointExtension>
        </extensions>
      </trkpt>
      <trkpt lat="38.833605819476226" lon="121.50505600028569">
        <ele>7.505476398393512</ele>
        <time>2024-10-17T05:06:47Z</time>
        <extensions>
          <gpxtpx:TrackPointExtension>
            <gpxtpx:hr>154</gpxtpx:hr>
          </gpxtpx:TrackPointExtension>
        </extensions>
      </trkpt>
      <trkpt lat="38.83367370804285" lon="121.50510905553112">
        <ele>7.505753899924457</ele>
        <time>2024-10-17T05:06:50Z</time>
        <extensions>
          <gpxtpx:TrackPointExtension>
            <gpxtpx:hr>154</gpxtpx:hr>
          </gpxtpx:TrackPointExtension>
        </extensions>
      </trkpt>
      <trkpt lat="38.83373204132619" lon="121.50516692289112">
        <ele>7.526769071817398</ele>
        <time>2024-10-17T05:06:53Z</time>
        <extensions>
          <gpxtpx:TrackPointExtension>
            <gpxtpx:hr>154</gpxtpx:hr>
          </gpxtpx:TrackPointExtension>
        </extensions>
      </trkpt>
      <trkpt lat="38.8337752838993" lon="121.50522969512498">
        <ele>7.3630972588434815</ele>
        <time>2024-10-17T05:06:56Z</time>
        <extensions>
          <gpxtpx:TrackPointExtension>
            <gpxtpx:hr>154</gpxtpx:hr>
          </gpxtpx:TrackPointExtension>
        </extensions>
      </trkpt>
      <trkpt lat="38.8338421726863" lon="121.50528211160739">
        <ele>7.3690591445192695</ele>
        <time>2024-10-17T05:07:00Z</time>
        <extensions>
          <gpxtpx:TrackPointExtension>
            <gpxtpx:hr>155</gpxtpx:hr>
          </gpxtpx:TrackPointExtension>
        </extensions>
      </trkpt>
      <trkpt lat="38.83392103885548" lon="121.50533409984484">
        <ele>7.5791050950065255</ele>
        <time>2024-10-17T05:07:04Z</time>
        <extensions>
          <gpxtpx:TrackPointExtension>
            <gpxtpx:hr>155</gpxtpx:hr>
          </gpxtpx:TrackPointExtension>
        </extensions>
      </trkpt>
      <trkpt lat="38.83397901397444" lon="121.50536557974598">
        <ele>8.335714172571898</ele>
        <time>2024-10-17T05:07:07Z</time>
        <extensions>
          <gpxtpx:TrackPointExtension>
            <gpxtpx:hr>155</gpxtpx:hr>
          </gpxtpx:TrackPointExtension>
        </extensions>
      </trkpt>
      <trkpt lat="38.834029426418454" lon="121.50539781348115">
        <ele>8.09350104443729</ele>
        <time>2024-10-17T05:07:10Z</time>
        <extensions>
          <gpxtpx:TrackPointExtension>
            <gpxtpx:hr>155</gpxtpx:hr>
          </gpxtpx:TrackPointExtension>
        </extensions>
      </trkpt>
      <trkpt lat="38.83409149393425" lon="121.5054186407186">
        <ele>7.697419190779328</ele>
        <time>2024-10-17T05:07:13Z</time>
        <extensions>
          <gpxtpx:TrackPointExtension>
            <gpxtpx:hr>154</gpxtpx:hr>
          </gpxtpx:TrackPointExtension>
        </extensions>
      </trkpt>
      <trkpt lat="38.83414310672438" lon="121.505478837403">
        <ele>8.006205881945789</ele>
        <time>2024-10-17T05:07:16Z</time>
        <extensions>
          <gpxtpx:TrackPointExtension>
            <gpxtpx:hr>154</gpxtpx:hr>
          </gpxtpx:TrackPointExtension>
        </extensions>
      </trkpt>
      <trkpt lat="38.83421166387079" lon="121.50556504641433">
        <ele>8.355414932593703</ele>
        <time>2024-10-17T05:07:20Z</time>
        <extensions>
          <gpxtpx:TrackPointExtension>
            <gpxtpx:hr>155</gpxtpx:hr>
          </gpxtpx:TrackPointExtension>
        </extensions>
      </trkpt>
      <trkpt lat="38.83429259445314" lon="121.5056306652581">
        <ele>7.759783393703401</ele>
        <time>2024-10-17T05:07:24Z</time>
        <extensions>
          <gpxtpx:TrackPointExtension>
            <gpxtpx:hr>154</gpxtpx:hr>
          </gpxtpx:TrackPointExtension>
        </extensions>
      </trkpt>
      <trkpt lat="38.83435129826604" lon="121.50566619166482">
        <ele>7.464160365052521</ele>
        <time>2024-10-17T05:07:27Z</time>
        <extensions>
          <gpxtpx:TrackPointExtension>
            <gpxtpx:hr>155</gpxtpx:hr>
          </gpxtpx:TrackPointExtension>
        </extensions>
      </trkpt>
      <trkpt lat="38.834413700065326" lon="121.50569026201367">
        <ele>7.486013397574425</ele>
        <time>2024-10-17T05:07:30Z</time>
        <extensions>
          <gpxtpx:TrackPointExtension>
            <gpxtpx:hr>155</gpxtpx:hr>
          </gpxtpx:TrackPointExtension>
        </extensions>
      </trkpt>
      <trkpt lat="38.83447655939665" lon="121.50572285299138">
        <ele>6.738897838629782</ele>
        <time>2024-10-17T05:07:33Z</time>
        <extensions>
          <gpxtpx:TrackPointExtension>
            <gpxtpx:hr>154</gpxtpx:hr>
          </gpxtpx:TrackPointExtension>
        </extensions>
      </trkpt>
      <trkpt lat="38.834540345455466" lon="121.50575282795471">
        <ele>6.499578184448183</ele>
        <time>2024-10-17T05:07:36Z</time>
        <extensions>
          <gpxtpx:TrackPointExtension>
            <gpxtpx:hr>154</gpxtpx:hr>
          </gpxtpx:TrackPointExtension>
        </extensions>
      </trkpt>
      <trkpt lat="38.83459198867597" lon="121.5058242592812">
        <ele>7.220666549168527</ele>
        <time>2024-10-17T05:07:39Z</time>
        <extensions>
          <gpxtpx:TrackPointExtension>
            <gpxtpx:hr>154</gpxtpx:hr>
          </gpxtpx:TrackPointExtension>
        </extensions>
      </trkpt>
      <trkpt lat="38.834645769690965" lon="121.50589069932218">
        <ele>7.118770032189786</ele>
        <time>2024-10-17T05:07:42Z</time>
        <extensions>
          <gpxtpx:TrackPointExtension>
            <gpxtpx:hr>154</gpxtpx:hr>
          </gpxtpx:TrackPointExtension>
        </extensions>
      </trkpt>
      <trkpt lat="38.83469845929624" lon="121.5059186417025">
        <ele>7.227012500166893</ele>
        <time>2024-10-17T05:07:45Z</time>
        <extensions>
          <gpxtpx:TrackPointExtension>
            <gpxtpx:hr>155</gpxtpx:hr>
          </gpxtpx:TrackPointExtension>
        </extensions>
      </trkpt>
      <trkpt lat="38.83475344288623" lon="121.50595154580408">
        <ele>6.550799522548914</ele>
        <time>2024-10-17T05:07:48Z</time>
        <extensions>
          <gpxtpx:TrackPointExtension>
            <gpxtpx:hr>155</gpxtpx:hr>
          </gpxtpx:TrackPointExtension>
        </extensions>
      </trkpt>
      <trkpt lat="38.83479946328939" lon="121.50597999900073">
        <ele>7.051173345185816</ele>
        <time>2024-10-17T05:07:51Z</time>
        <extensions>
          <gpxtpx:TrackPointExtension>
            <gpxtpx:hr>155</gpxtpx:hr>
          </gpxtpx:TrackPointExtension>
        </extensions>
      </trkpt>
      <trkpt lat="38.834862923128874" lon="121.50600936548886">
        <ele>7.142898284830153</ele>
        <time>2024-10-17T05:07:54Z</time>
        <extensions>
          <gpxtpx:TrackPointExtension>
            <gpxtpx:hr>155</gpxtpx:hr>
          </gpxtpx:TrackPointExtension>
        </extensions>
      </trkpt>
      <trkpt lat="38.83492613936592" lon="121.50602278006313">
        <ele>6.368736817501485</ele>
        <time>2024-10-17T05:07:57Z</time>
        <extensions>
          <gpxtpx:TrackPointExtension>
            <gpxtpx:hr>155</gpxtpx:hr>
          </gpxtpx:TrackPointExtension>
        </extensions>
      </trkpt>
      <trkpt lat="38.8349847568289" lon="121.50607419007395">
        <ele>6.186294258572161</ele>
        <time>2024-10-17T05:08:00Z</time>
        <extensions>
          <gpxtpx:TrackPointExtension>
            <gpxtpx:hr>156</gpxtpx:hr>
          </gpxtpx:TrackPointExtension>
        </extensions>
      </trkpt>
      <trkpt lat="38.83504288839668" lon="121.50613247608206">
        <ele>6.530910073779523</ele>
        <time>2024-10-17T05:08:03Z</time>
        <extensions>
          <gpxtpx:TrackPointExtension>
            <gpxtpx:hr>156</gpxtpx:hr>
          </gpxtpx:TrackPointExtension>
        </extensions>
      </trkpt>
      <trkpt lat="38.83508763262163" lon="121.50617682816618">
        <ele>6.464827869087458</ele>
        <time>2024-10-17T05:08:06Z</time>
        <extensions>
          <gpxtpx:TrackPointExtension>
            <gpxtpx:hr>156</gpxtpx:hr>
          </gpxtpx:TrackPointExtension>
        </extensions>
      </trkpt>
      <trkpt lat="38.83514664597046" lon="121.5062057126906">
        <ele>7.378199739381671</ele>
        <time>2024-10-17T05:08:09Z</time>
        <extensions>
          <gpxtpx:TrackPointExtension>
            <gpxtpx:hr>156</gpxtpx:hr>
          </gpxtpx:TrackPointExtension>
        </extensions>
      </trkpt>
      <trkpt lat="38.83520189929833" lon="121.50626879695773">
        <ele>8.202576913870871</ele>
        <time>2024-10-17T05:08:12Z</time>
        <extensions>
          <gpxtpx:TrackPointExtension>
            <gpxtpx:hr>156</gpxtpx:hr>
          </gpxtpx:TrackPointExtension>
        </extensions>
      </trkpt>
      <trkpt lat="38.83525231136557" lon="121.50633428132048">
        <ele>8.683044799603522</ele>
        <time>2024-10-17T05:08:15Z</time>
        <extensions>
          <gpxtpx:TrackPointExtension>
            <gpxtpx:hr>155</gpxtpx:hr>
          </gpxtpx:TrackPointExtension>
        </extensions>
      </trkpt>
      <trkpt lat="38.83530397998982" lon="121.50639131954188">
        <ele>7.630372573621571</ele>
        <time>2024-10-17T05:08:18Z</time>
        <extensions>
          <gpxtpx:TrackPointExtension>
            <gpxtpx:hr>154</gpxtpx:hr>
          </gpxtpx:TrackPointExtension>
        </extensions>
      </trkpt>
      <trkpt lat="38.835346254096336" lon="121.5064423148882">
        <ele>7.853533964604139</ele>
        <time>2024-10-17T05:08:21Z</time>
        <extensions>
          <gpxtpx:TrackPointExtension>
            <gpxtpx:hr>154</gpxtpx:hr>
          </gpxtpx:TrackPointExtension>
        </extensions>
      </trkpt>
      <trkpt lat="38.83540537765776" lon="121.50646018004424">
        <ele>8.676187051460147</ele>
        <time>2024-10-17T05:08:24Z</time>
        <extensions>
          <gpxtpx:TrackPointExtension>
            <gpxtpx:hr>152</gpxtpx:hr>
          </gpxtpx:TrackPointExtension>
        </extensions>
      </trkpt>
      <trkpt lat="38.835468821085975" lon="121.50649809294907">
        <ele>8.383059199899435</ele>
        <time>2024-10-17T05:08:27Z</time>
        <extensions>
          <gpxtpx:TrackPointExtension>
            <gpxtpx:hr>152</gpxtpx:hr>
          </gpxtpx:TrackPointExtension>
        </extensions>
      </trkpt>
      <trkpt lat="38.83551593636849" lon="121.50646729674003">
        <ele>8.586835346184671</ele>
        <time>2024-10-17T05:08:30Z</time>
        <extensions>
          <gpxtpx:TrackPointExtension>
            <gpxtpx:hr>153</gpxtpx:hr>
          </gpxtpx:TrackPointExtension>
        </extensions>
      </trkpt>
      <trkpt lat="38.835571539597346" lon="121.50642927391243">
        <ele>9.60839540604502</ele>
        <time>2024-10-17T05:08:33Z</time>
        <extensions>
          <gpxtpx:TrackPointExtension>
            <gpxtpx:hr>153</gpxtpx:hr>
          </gpxtpx:TrackPointExtension>
        </extensions>
      </trkpt>
      <trkpt lat="38.83562026959919" lon="121.5063948239395">
        <ele>9.867223900742829</ele>
        <time>2024-10-17T05:08:36Z</time>
        <extensions>
          <gpxtpx:TrackPointExtension>
            <gpxtpx:hr>153</gpxtpx:hr>
          </gpxtpx:TrackPointExtension>
        </extensions>
      </trkpt>
      <trkpt lat="38.83561827558602" lon="121.50636826616125">
        <ele>9.427952699363232</ele>
        <time>2024-10-17T05:08:40Z</time>
        <extensions>
          <gpxtpx:TrackPointExtension>
            <gpxtpx:hr>152</gpxtpx:hr>
          </gpxtpx:TrackPointExtension>
        </extensions>
      </trkpt>
      <trkpt lat="38.835628287841324" lon="121.50635044022827">
        <ele>9.043320499360561</ele>
        <time>2024-10-17T05:08:43Z</time>
        <extensions>
          <gpxtpx:TrackPointExtension>
            <gpxtpx:hr>151</gpxtpx:hr>
          </gpxtpx:TrackPointExtension>
        </extensions>
      </trkpt>
      <trkpt lat="38.8356336960098" lon="121.506325361315">
        <ele>9.376713809557259</ele>
        <time>2024-10-17T05:08:46Z</time>
        <extensions>
          <gpxtpx:TrackPointExtension>
            <gpxtpx:hr>151</gpxtpx:hr>
          </gpxtpx:TrackPointExtension>
        </extensions>
      </trkpt>
      <trkpt lat="38.835646635398625" lon="121.5063127726102">
        <ele>8.863772303797305</ele>
        <time>2024-10-17T05:08:49Z</time>
        <extensions>
          <gpxtpx:TrackPointExtension>
            <gpxtpx:hr>149</gpxtpx:hr>
          </gpxtpx:TrackPointExtension>
        </extensions>
      </trkpt>
      <trkpt lat="38.835683328509006" lon="121.50622578516372">
        <ele>8.276571885682642</ele>
        <time>2024-10-17T05:09:00Z</time>
        <extensions>
          <gpxtpx:TrackPointExtension>
            <gpxtpx:hr>149</gpxtpx:hr>
          </gpxtpx:TrackPointExtension>
        </extensions>
      </trkpt>
      <trkpt lat="38.83568546111193" lon="121.50617424582643">
        <ele>8.686412382870913</ele>
        <time>2024-10-17T05:09:03Z</time>
        <extensions>
          <gpxtpx:TrackPointExtension>
            <gpxtpx:hr>140</gpxtpx:hr>
          </gpxtpx:TrackPointExtension>
        </extensions>
      </trkpt>
      <trkpt lat="38.835694382468354" lon="121.50613258747815">
        <ele>8.253746576607227</ele>
        <time>2024-10-17T05:09:07Z</time>
        <extensions>
          <gpxtpx:TrackPointExtension>
            <gpxtpx:hr>140</gpxtpx:hr>
          </gpxtpx:TrackPointExtension>
        </extensions>
      </trkpt>
      <trkpt lat="38.83570528794349" lon="121.50610711405965">
        <ele>8.34694889280945</ele>
        <time>2024-10-17T05:09:10Z</time>
        <extensions>
          <gpxtpx:TrackPointExtension>
            <gpxtpx:hr>140</gpxtpx:hr>
          </gpxtpx:TrackPointExtension>
        </extensions>
      </trkpt>
      <trkpt lat="38.83571361525255" lon="121.50607319471717">
        <ele>8.188548287376761</ele>
        <time>2024-10-17T05:09:13Z</time>
        <extensions>
          <gpxtpx:TrackPointExtension>
            <gpxtpx:hr>135</gpxtpx:hr>
          </gpxtpx:TrackPointExtension>
        </extensions>
      </trkpt>
      <trkpt lat="38.83572384291823" lon="121.50603160214898">
        <ele>7.570773429237306</ele>
        <time>2024-10-17T05:09:17Z</time>
        <extensions>
          <gpxtpx:TrackPointExtension>
            <gpxtpx:hr>135</gpxtpx:hr>
          </gpxtpx:TrackPointExtension>
        </extensions>
      </trkpt>
      <trkpt lat="38.83573338490342" lon="121.50601373775483">
        <ele>7.134461197070777</ele>
        <time>2024-10-17T05:09:20Z</time>
        <extensions>
          <gpxtpx:TrackPointExtension>
            <gpxtpx:hr>135</gpxtpx:hr>
          </gpxtpx:TrackPointExtension>
        </extensions>
      </trkpt>
      <trkpt lat="38.83575572123762" lon="121.50597791692913">
        <ele>7.082622265443206</ele>
        <time>2024-10-17T05:09:23Z</time>
        <extensions>
          <gpxtpx:TrackPointExtension>
            <gpxtpx:hr>135</gpxtpx:hr>
          </gpxtpx:TrackPointExtension>
        </extensions>
      </trkpt>
      <trkpt lat="38.83576175343678" lon="121.5059288838436">
        <ele>7.287293028086424</ele>
        <time>2024-10-17T05:09:27Z</time>
      </trkpt>
      <trkpt lat="38.835765642955636" lon="121.50588813225293">
        <ele>7.340895955450833</ele>
        <time>2024-10-17T05:09:31Z</time>
      </trkpt>
      <trkpt lat="38.83577294617778" lon="121.50583712859454">
        <ele>6.487397345714271</ele>
        <time>2024-10-17T05:09:35Z</time>
      </trkpt>
      <trkpt lat="38.83575906400743" lon="121.50580067685974">
        <ele>7.329777108505368</ele>
        <time>2024-10-17T05:09:39Z</time>
      </trkpt>
      <trkpt lat="38.83577183139048" lon="121.50575818033452">
        <ele>6.097150057554245</ele>
        <time>2024-10-17T05:09:43Z</time>
      </trkpt>
      <trkpt lat="38.835782785685886" lon="121.50573067172274">
        <ele>5.607527516782284</ele>
        <time>2024-10-17T05:09:46Z</time>
      </trkpt>
      <trkpt lat="38.835801824219025" lon="121.5056942982546">
        <ele>6.420390460640192</ele>
        <time>2024-10-17T05:09:49Z</time>
      </trkpt>
      <trkpt lat="38.835794192343826" lon="121.50567206659478">
        <ele>6.361000352539122</ele>
        <time>2024-10-17T05:09:52Z</time>
      </trkpt>
      <trkpt lat="38.835819434636555" lon="121.50564406710069">
        <ele>6.445960693992674</ele>
        <time>2024-10-17T05:09:55Z</time>
      </trkpt>
      <trkpt lat="38.83583936223663" lon="121.5055983165308">
        <ele>6.267378098331392</ele>
        <time>2024-10-17T05:09:59Z</time>
      </trkpt>
      <trkpt lat="38.83586064119447" lon="121.50557403786442">
        <ele>6.223889562301338</ele>
        <time>2024-10-17T05:10:02Z</time>
      </trkpt>
    </trkseg>
  </trk>
</gpx>